"LME","Year","class","catch"
1,1950,"U",270077.840082697
1,1950,"V",10539.8376751426
1,1951,"U",304892.334252183
1,1951,"V",8890.9429994867
1,1952,"U",342729.958327678
1,1952,"V",9582.93304027953
1,1953,"U",342162.846475519
1,1953,"V",9750.82815371988
1,1954,"U",334234.830599809
1,1954,"V",13449.2477049199
1,1955,"U",301457.148597214
1,1955,"V",12249.5501803746
1,1956,"U",339831.891303397
1,1956,"V",14568.6192443231
1,1957,"U",351942.136109484
1,1957,"V",15794.8801187643
1,1958,"U",360500.89117505
1,1958,"V",20912.0482352861
1,1959,"U",365602.551599698
1,1959,"V",30415.3355109601
1,1960,"U",412062.099914053
1,1960,"V",37212.6020619466
1,1961,"U",462914.246153678
1,1961,"V",44273.0169311836
1,1962,"U",493135.242235649
1,1962,"V",48028.8973385927
1,1963,"U",553914.010323413
1,1963,"V",58503.5142094483
1,1964,"U",641695.862199868
1,1964,"V",65441.9105616308
1,1965,"U",851171.399366797
1,1965,"V",93629.3476274105
1,1966,"U",831920.200723187
1,1966,"V",104130.436611079
1,1967,"U",850639.503763617
1,1967,"V",93963.0463123687
1,1968,"U",986054.836833683
1,1968,"V",89311.0260479391
1,1969,"U",1000768.6470408
1,1969,"V",82213.0778090679
1,1970,"U",1286031.22709059
1,1970,"V",84673.1540908561
1,1971,"U",1405940.9536908
1,1971,"V",73258.4043699802
1,1972,"U",1442968.88919757
1,1972,"V",88535.2086120652
1,1973,"U",1559962.63038039
1,1973,"V",84537.1950908016
1,1974,"U",1548292.09204271
1,1974,"V",74682.7443754639
1,1975,"U",1536457.30700301
1,1975,"V",70219.893161612
1,1976,"U",1741895.24321582
1,1976,"V",85484.27308395
1,1977,"U",1610823.08716238
1,1977,"V",81940.0238156511
1,1978,"U",1417908.11328616
1,1978,"V",93317.0091554531
1,1979,"U",1347675.21850511
1,1979,"V",90073.7433702888
1,1980,"U",1449250.78989379
1,1980,"V",100901.483000195
1,1981,"U",1071867.20521581
1,1981,"V",79815.4465507769
1,1982,"U",1741942.01329442
1,1982,"V",68382.5731736831
1,1983,"U",1884048.29621533
1,1983,"V",51441.2861520954
1,1984,"U",2252034.71003426
1,1984,"V",53643.2869209092
1,1985,"U",2495994.24341178
1,1985,"V",92116.7506221623
1,1986,"U",2637290.72747889
1,1986,"V",98080.5909698867
1,1987,"U",2578890.86159919
1,1987,"V",116603.900928684
1,1988,"U",2260441.13244977
1,1988,"V",126380.435703813
1,1989,"U",1916261.94028097
1,1989,"V",72088.5443319923
1,1990,"U",1263324.98827688
1,1990,"V",78475.2563423366
1,1991,"U",1611131.43297677
1,1991,"V",105067.682807887
1,1992,"U",1210951.34980784
1,1992,"V",110842.373551704
1,1993,"U",1267115.71871861
1,1993,"V",104592.887495248
1,1994,"U",1205424.80967678
1,1994,"V",66084.6319538706
1,1995,"U",1206907.11175359
1,1995,"V",51277.7037082991
1,1996,"U",1674004.42759712
1,1996,"V",56128.8692549896
1,1997,"U",1145837.06772822
1,1997,"V",54649.904040373
1,1998,"U",1161481.58778973
1,1998,"V",60034.2081220684
1,1999,"U",1047691.82904866
1,1999,"V",55287.0130820577
1,2000,"U",1084698.73782352
1,2000,"V",38189.6329270167
1,2001,"U",1140576.73242069
1,2001,"V",32470.5259486402
1,2002,"U",1289527.82714879
1,2002,"V",39335.9968369157
1,2003,"U",1244876.61854699
1,2003,"V",38091.4047364905
1,2004,"U",1124036.30009288
1,2004,"V",42059.6080820776
1,2005,"U",1280623.65348335
1,2005,"V",42538.7791622151
1,2006,"U",1145460.98222152
1,2006,"V",40186.8368113803
1,2007,"U",1129626.59998396
1,2007,"V",41537.1088227963
1,2008,"U",1075483.03000977
1,2008,"V",50477.1660585526
1,2009,"U",987473.345413948
1,2009,"V",49329.3762428301
1,2010,"U",962519.51316022
1,2010,"V",47886.4488445548
1,2011,"U",1145535.36801929
1,2011,"V",53356.2560747733
1,2012,"U",1131193.39300836
1,2012,"V",53098.5542477156
1,2013,"U",1247486.27916681
1,2013,"V",65790.8154809522
1,2014,"U",1166375.15852704
1,2014,"V",61625.449955839
1,2015,"U",1263297.23223628
1,2015,"V",57417.9427484823
1,2016,"U",1307674.4094574
1,2016,"V",41803.4879294443
1,2017,"U",1365116.87243959
1,2017,"V",29672.6162139919
2,1880,"U",26076.7123
2,1889,"U",25739.2542
2,1890,"U",26850.9539
2,1891,"U",26109.6983
2,1892,"U",25233.6857
2,1905,"U",30588.8258
2,1906,"U",31262.4285
2,1907,"U",29476.8087
2,1908,"U",31363.1484
2,1911,"U",93720.9982
2,1912,"U",118302.9748
2,1913,"U",138769.7456
2,1914,"U",154901.6231
2,1915,"U",139862.2918
2,1916,"U",134202.5639
2,1917,"U",308888.8506
2,1918,"U",151374.493
2,1919,"U",162168.0005
2,1920,"U",154560.0632
2,1921,"U",158965.908
2,1922,"U",215542.6203
2,1923,"U",221167.893
2,1924,"U",256529.2361
2,1925,"U",269410.47
2,1926,"U",281043.4013
2,1927,"U",252822.2585
2,1928,"U",304684.9391
2,1929,"U",245104.1648
2,1930,"U",292418.2234
2,1931,"U",217447.1372
2,1932,"U",193406.6166
2,1933,"U",211872.8132
2,1934,"U",231334.1106
2,1935,"U",250903.7565
2,1936,"U",307067.8916
2,1937,"U",292906.4687
2,1938,"U",265234.1641
2,1939,"U",290593.3143
2,1940,"U",341538.7591
2,1941,"U",305524.6302
2,1942,"U",299491.6976
2,1943,"U",249821.2252
2,1944,"U",247477.5758
2,1945,"U",331202.017
2,1946,"U",292475.0173
2,1947,"U",324904.4282
2,1948,"U",390546.6723
2,1949,"U",360290.0125
2,1950,"U",820024.615729492
2,1950,"V",22096.1468686516
2,1951,"U",821418.690388569
2,1951,"V",23804.6453162336
2,1952,"U",705176.370520082
2,1952,"V",32235.4715574324
2,1953,"U",764804.819265365
2,1953,"V",24862.3211291645
2,1954,"U",804074.511377413
2,1954,"V",23050.7335142255
2,1955,"U",561498.660735325
2,1955,"V",30294.6398365397
2,1956,"U",646163.129820797
2,1956,"V",29165.5044811767
2,1957,"U",594596.450770366
2,1957,"V",25719.577062475
2,1958,"U",790475.295216324
2,1958,"V",30510.9840115953
2,1959,"U",596047.185369431
2,1959,"V",44657.7089095171
2,1960,"U",642703.589640756
2,1960,"V",71453.7477846169
2,1961,"U",769490.296197738
2,1961,"V",76579.6699271886
2,1962,"U",811001.791153772
2,1962,"V",86066.4133298964
2,1963,"U",853416.788231676
2,1963,"V",111043.244711544
2,1964,"U",1038833.71544412
2,1964,"V",117860.965553692
2,1965,"U",911163.700373335
2,1965,"V",143498.87555228
2,1966,"U",1015394.59836349
2,1966,"V",163718.372015525
2,1967,"U",969118.522407813
2,1967,"V",148817.285230715
2,1968,"U",1094311.76994835
2,1968,"V",103208.344088367
2,1969,"U",1079440.32140334
2,1969,"V",86896.8085137857
2,1970,"U",1408516.63807755
2,1970,"V",106633.786926519
2,1971,"U",1401110.29869894
2,1971,"V",95787.9176569691
2,1972,"U",1423932.85136914
2,1972,"V",110935.764469471
2,1973,"U",1583336.65539016
2,1973,"V",95173.7965967033
2,1974,"U",1592294.05321889
2,1974,"V",95897.0957403741
2,1975,"U",1536808.14168651
2,1975,"V",73281.4715977344
2,1976,"U",1717900.73905164
2,1976,"V",94399.3289868893
2,1977,"U",1389998.08524202
2,1977,"V",97569.8057959076
2,1978,"U",1320152.09049797
2,1978,"V",108022.702965094
2,1979,"U",1450485.16006601
2,1979,"V",120558.955902002
2,1980,"U",1474510.06670643
2,1980,"V",132780.241618416
2,1981,"U",1202276.18277351
2,1981,"V",99084.1320168708
2,1982,"U",1714900.26271138
2,1982,"V",85820.5410483618
2,1983,"U",1855712.81515033
2,1983,"V",71810.7773678348
2,1984,"U",2100137.52993608
2,1984,"V",83657.5838170317
2,1985,"U",2397952.34333276
2,1985,"V",86613.3521966885
2,1986,"U",2591878.80334377
2,1986,"V",102550.75316029
2,1987,"U",2599402.8855096
2,1987,"V",113490.040121099
2,1988,"U",2345451.64300749
2,1988,"V",125835.698162113
2,1989,"U",2451564.13517448
2,1989,"V",131003.288248762
2,1990,"U",1625063.57795702
2,1990,"V",131829.077720772
2,1991,"U",2003502.78480493
2,1991,"V",156372.033681549
2,1992,"U",1501162.2011673
2,1992,"V",164641.69907794
2,1993,"U",1615245.16373451
2,1993,"V",154663.127983606
2,1994,"U",1381181.9808203
2,1994,"V",116042.288631835
2,1995,"U",1226152.22088261
2,1995,"V",102841.300592116
2,1996,"U",1626279.65140623
2,1996,"V",105563.831950109
2,1997,"U",1213955.68027196
2,1997,"V",105925.527627688
2,1998,"U",1144839.9331373
2,1998,"V",133421.719622308
2,1999,"U",1077043.05710566
2,1999,"V",107004.8329632
2,2000,"U",970280.24332665
2,2000,"V",60871.5248264794
2,2001,"U",1102532.43393987
2,2001,"V",62721.598056542
2,2002,"U",1242507.38438336
2,2002,"V",75805.6605565588
2,2003,"U",1139469.22036275
2,2003,"V",81377.5863689649
2,2004,"U",1228505.46651463
2,2004,"V",81815.9291884461
2,2005,"U",1269545.75705489
2,2005,"V",83025.7056150978
2,2006,"U",1258895.51128759
2,2006,"V",101665.563250923
2,2007,"U",1297456.90024252
2,2007,"V",80683.2445455701
2,2008,"U",1147799.61876449
2,2008,"V",87398.4867854133
2,2009,"U",1066410.38983771
2,2009,"V",73259.6573255614
2,2010,"U",1070625.1914543
2,2010,"V",87854.3108209559
2,2011,"U",1401392.32683954
2,2011,"V",93682.6822415466
2,2012,"U",1305991.04682197
2,2012,"V",85940.9049835088
2,2013,"U",1454663.24674786
2,2013,"V",102406.046120285
2,2014,"U",1395542.13056441
2,2014,"V",89133.6148942185
2,2015,"U",1444308.51496458
2,2015,"V",73600.7008767664
2,2016,"U",1472215.81775496
2,2016,"V",66869.0933667972
2,2017,"U",1535209.40457807
2,2017,"V",48595.0681849614
3,1880,"U",269496.4755
3,1889,"U",266009.0713
3,1890,"U",277498.2429
3,1891,"U",269837.5628
3,1892,"U",260784.1952
3,1905,"U",316128.7052
3,1906,"U",323090.2804
3,1907,"U",304636.3357
3,1908,"U",324131.2886
3,1917,"U",422631.7395
3,1921,"U",356123.9081
3,1922,"U",415144.2532
3,1923,"U",434227.0332
3,1924,"U",391258.9972
3,1925,"U",461511.0987
3,1926,"U",457974.1571
3,1927,"U",449457.2832
3,1928,"U",489081.1462
3,1929,"U",555755.3636
3,1930,"U",513230.0919
3,1931,"U",418400.7185
3,1932,"U",415604.2408
3,1933,"U",475355.8712
3,1934,"U",652771.2481
3,1935,"U",657220.0722
3,1936,"U",766110.041
3,1937,"U",691650.817
3,1938,"U",679070.8222
3,1939,"U",723996.6265
3,1940,"U",665774.3987
3,1941,"U",793875.6935
3,1942,"U",632827.7107
3,1943,"U",680692.7626
3,1944,"U",714796.2411
3,1945,"U",724987.9901
3,1946,"U",703788.4255
3,1947,"U",706136.3377
3,1948,"U",736123.6123
3,1949,"U",777997.819
3,1950,"U",693174.804316386
3,1950,"V",19077.819164619
3,1951,"U",420861.095309119
3,1951,"V",21700.1860640068
3,1952,"U",408071.321607694
3,1952,"V",19291.4573749962
3,1953,"U",294439.985004921
3,1953,"V",21335.2362286824
3,1954,"U",293921.610889873
3,1954,"V",21908.7089981522
3,1955,"U",324329.268053439
3,1955,"V",27241.4248497181
3,1956,"U",391723.964368509
3,1956,"V",33078.2007867389
3,1957,"U",378268.597570568
3,1957,"V",39955.5132491979
3,1958,"U",354345.144816829
3,1958,"V",41615.1791305328
3,1959,"U",323480.127048755
3,1959,"V",50365.8302158644
3,1960,"U",323515.348893376
3,1960,"V",46007.6137208788
3,1961,"U",405538.617455601
3,1961,"V",50541.9730684103
3,1962,"U",383506.777536007
3,1962,"V",46493.2666075145
3,1963,"U",406949.959379678
3,1963,"V",55023.1144739415
3,1964,"U",406219.951687739
3,1964,"V",43444.9666489006
3,1965,"U",374644.324836787
3,1965,"V",42848.2219442122
3,1966,"U",473537.143786749
3,1966,"V",42410.6094390677
3,1967,"U",514152.015880216
3,1967,"V",44644.3778122262
3,1968,"U",393445.564566964
3,1968,"V",42555.3107150268
3,1969,"U",447588.317768812
3,1969,"V",36798.2925456741
3,1970,"U",485531.606467842
3,1970,"V",44295.0775686835
3,1971,"U",476504.509405053
3,1971,"V",40431.959345319
3,1972,"U",452832.926525485
3,1972,"V",28563.9960764461
3,1973,"U",506084.464862754
3,1973,"V",31201.4969450231
3,1974,"U",514441.573490026
3,1974,"V",28636.3833502556
3,1975,"U",552970.573729817
3,1975,"V",28205.5879555025
3,1976,"U",541177.577093443
3,1976,"V",26966.7628551638
3,1977,"U",518685.900460132
3,1977,"V",32940.2795181637
3,1978,"U",467698.200102129
3,1978,"V",42862.9470843879
3,1979,"U",568020.159783319
3,1979,"V",43258.6497131212
3,1980,"U",671641.673762554
3,1980,"V",42368.437152661
3,1981,"U",780735.596491059
3,1981,"V",40751.5372853985
3,1982,"U",700750.064534322
3,1982,"V",36386.9620836003
3,1983,"U",492908.750864633
3,1983,"V",32528.0410315554
3,1984,"U",538595.709322722
3,1984,"V",31161.7188462053
3,1985,"U",608993.373463435
3,1985,"V",37534.2455293117
3,1986,"U",747386.292796243
3,1986,"V",36372.5502435072
3,1987,"U",825984.233951393
3,1987,"V",37291.7119652659
3,1988,"U",679258.016550518
3,1988,"V",46846.4729304505
3,1989,"U",730864.501688692
3,1989,"V",55879.2743160799
3,1990,"U",554976.657216544
3,1990,"V",48755.6611715372
3,1991,"U",435171.833882751
3,1991,"V",49966.9206223741
3,1992,"U",393358.359596638
3,1992,"V",46513.5212078282
3,1993,"U",445962.754120213
3,1993,"V",48914.2263204393
3,1994,"U",627963.64554109
3,1994,"V",50722.5261991895
3,1995,"U",598846.484395579
3,1995,"V",35149.288222404
3,1996,"U",722710.723229157
3,1996,"V",44595.0402462584
3,1997,"U",653682.263183832
3,1997,"V",37233.1511340979
3,1998,"U",536554.158442953
3,1998,"V",37112.5952550705
3,1999,"U",636800.553967952
3,1999,"V",35028.8125379148
3,2000,"U",717577.388306276
3,2000,"V",33206.7604206261
3,2001,"U",735191.982228569
3,2001,"V",34309.5914190746
3,2002,"U",758759.416025297
3,2002,"V",35406.4011050466
3,2003,"U",634811.979683256
3,2003,"V",42686.4485666255
3,2004,"U",684003.302510544
3,2004,"V",29793.1228298108
3,2005,"U",746032.123540641
3,2005,"V",39518.4784202162
3,2006,"U",791825.220697105
3,2006,"V",44758.6014009765
3,2007,"U",781913.38641836
3,2007,"V",48208.4515035375
3,2008,"U",771437.668530256
3,2008,"V",47582.3487479127
3,2009,"U",687420.371144789
3,2009,"V",45534.6914019302
3,2010,"U",765891.691508019
3,2010,"V",51046.212119028
3,2011,"U",822364.90481631
3,2011,"V",100302.653093876
3,2012,"U",839554.869215906
3,2012,"V",42403.1301167327
3,2013,"U",890030.662317651
3,2013,"V",50221.3960565205
3,2014,"U",751566.491325788
3,2014,"V",47312.8127668964
3,2015,"U",492667.983043867
3,2015,"V",45999.9767272031
3,2016,"U",569208.687568297
3,2016,"V",94050.4462522031
3,2017,"U",734284.637192247
3,2017,"V",63143.877793817
4,1922,"U",756.9687
4,1923,"U",1892.4798
4,1924,"U",1324.7789
4,1925,"U",2460.3923
4,1926,"U",2271.2186
4,1927,"U",3028.4179
4,1928,"U",2839.2716
4,1929,"U",2271.5303
4,1930,"U",2082.3504
4,1931,"U",1514.5289
4,1932,"U",1514.6308
4,1933,"U",1136.059
4,1934,"U",2272.3106
4,1935,"U",2083.1513
4,1936,"U",2083.3803
4,1937,"U",2273.0652
4,1938,"U",3599.5517
4,1939,"U",10800.5382
4,1940,"U",11939.933
4,1941,"U",9857.6996
4,1942,"U",10240.1068
4,1943,"U",11572.2667
4,1947,"U",10288.8354
4,1948,"U",13004.9824
4,1949,"U",13148.8052
4,1950,"U",8454.51855425264
4,1950,"V",21878.6834546271
4,1951,"U",7835.78387375108
4,1951,"V",22997.9439008854
4,1952,"U",4968.42150394311
4,1952,"V",17610.1957813448
4,1953,"U",8518.24808644291
4,1953,"V",24750.1697087214
4,1954,"U",13626.8100794428
4,1954,"V",21640.3638193893
4,1955,"U",12991.8671212039
4,1955,"V",28047.794303706
4,1956,"U",16757.3719669725
4,1956,"V",28958.9608296555
4,1957,"U",14049.4169008407
4,1957,"V",28415.0288642957
4,1958,"U",21835.7622369784
4,1958,"V",39041.9443330012
4,1959,"U",32620.2279631206
4,1959,"V",36183.189255165
4,1960,"U",28338.6328826142
4,1960,"V",38841.5091285201
4,1961,"U",31213.0024046518
4,1961,"V",43890.6242626162
4,1962,"U",23939.1140216379
4,1962,"V",47008.5581922155
4,1963,"U",25525.5754721225
4,1963,"V",41854.2863048916
4,1964,"U",36517.8865303687
4,1964,"V",30474.4208477207
4,1965,"U",51145.3902306291
4,1965,"V",28795.4925629486
4,1966,"U",57254.9706493227
4,1966,"V",27256.6010771588
4,1967,"U",55327.853571645
4,1967,"V",29959.1796951484
4,1968,"U",149120.824743303
4,1968,"V",26875.7703467409
4,1969,"U",160757.218264504
4,1969,"V",24251.246493011
4,1970,"U",147993.080371237
4,1970,"V",26473.6853204204
4,1971,"U",152682.670887906
4,1971,"V",27672.6502514999
4,1972,"U",166628.409708298
4,1972,"V",18518.2347047386
4,1973,"U",171649.552736035
4,1973,"V",19017.2018326145
4,1974,"U",182803.509332899
4,1974,"V",18206.1332004943
4,1975,"U",213151.255451618
4,1975,"V",22328.7814783777
4,1976,"U",161234.224336692
4,1976,"V",14278.8915382588
4,1977,"U",201307.830517855
4,1977,"V",21695.6323286133
4,1978,"U",215845.093084224
4,1978,"V",27792.0896387992
4,1979,"U",262063.285152147
4,1979,"V",33630.2805496026
4,1980,"U",351050.974074933
4,1980,"V",29846.2065528229
4,1981,"U",414557.913637652
4,1981,"V",28119.4533509838
4,1982,"U",443650.629050077
4,1982,"V",38687.4287163067
4,1983,"U",278373.415705364
4,1983,"V",32867.3738909761
4,1984,"U",254671.572856226
4,1984,"V",32900.818492396
4,1985,"U",302885.47665672
4,1985,"V",34173.0595939471
4,1986,"U",307115.828178932
4,1986,"V",35939.0914638287
4,1987,"U",327985.855199326
4,1987,"V",42389.7865920147
4,1988,"U",287699.141455534
4,1988,"V",39327.9704662492
4,1989,"U",344242.031180138
4,1989,"V",50869.4862834613
4,1990,"U",197739.94880249
4,1990,"V",52015.7246616212
4,1991,"U",267274.621948259
4,1991,"V",47331.7303547121
4,1992,"U",298529.620485839
4,1992,"V",34981.1260055006
4,1993,"U",201776.730386473
4,1993,"V",40818.7206831759
4,1994,"U",216671.485976629
4,1994,"V",36585.8845127259
4,1995,"U",291917.013734563
4,1995,"V",37772.1753784288
4,1996,"U",311400.295920857
4,1996,"V",48243.6450912105
4,1997,"U",351207.414598457
4,1997,"V",40620.73229694
4,1998,"U",234860.876390388
4,1998,"V",33019.4817275397
4,1999,"U",286984.113835559
4,1999,"V",35572.6613083604
4,2000,"U",297492.0366161
4,2000,"V",39387.2719559787
4,2001,"U",330781.733751422
4,2001,"V",34382.2236020089
4,2002,"U",378535.259370391
4,2002,"V",35018.322959092
4,2003,"U",345339.157884479
4,2003,"V",40359.23839675
4,2004,"U",291184.008439308
4,2004,"V",35170.6662144356
4,2005,"U",341483.541819635
4,2005,"V",48793.7505754526
4,2006,"U",357283.355779351
4,2006,"V",48893.2587680906
4,2007,"U",369968.182346993
4,2007,"V",56077.6370537396
4,2008,"U",478047.571214024
4,2008,"V",51905.6866247467
4,2009,"U",486618.724695686
4,2009,"V",56952.4401038548
4,2010,"U",398815.076081093
4,2010,"V",54257.1104589909
4,2011,"U",394622.486078173
4,2011,"V",98269.8964949554
4,2012,"U",459155.891039872
4,2012,"V",53364.2412851858
4,2013,"U",480767.911104549
4,2013,"V",48705.9220139539
4,2014,"U",394356.698167563
4,2014,"V",55593.4568496009
4,2015,"U",297245.411338466
4,2015,"V",75049.8162453602
4,2016,"U",281486.362164545
4,2016,"V",79951.2992330857
4,2017,"U",339640.731185517
4,2017,"V",78952.9106025774
5,1880,"U",29138.0414
5,1889,"U",28772.9047
5,1890,"U",30017.2441
5,1891,"U",29190.2019
5,1892,"U",28212.4566
5,1905,"U",34233.2789
5,1906,"U",34990.6095999999
5,1907,"U",32995.4751
5,1908,"U",35110.8092
5,1917,"U",45838.9998999999
5,1921,"U",38657.1484
5,1922,"U",44902.4559
5,1923,"U",46728.1852000001
5,1924,"U",42202.6404000001
5,1925,"U",49590.9298
5,1926,"U",49265.7367
5,1927,"U",48184.624
5,1928,"U",52556.7894
5,1929,"U",59964.56
5,1930,"U",55405.4956
5,1931,"U",45233.2408
5,1932,"U",44954.2551
5,1933,"U",51586.3271
5,1934,"U",70727.7993
5,1935,"U",71314.4806
5,1936,"U",83286.0905999999
5,1937,"U",75182.0172000001
5,1938,"U",73593.0738
5,1939,"U",76979.543
5,1940,"U",70452.9806
5,1941,"U",85198.7822
5,1942,"U",67548.4134000001
5,1943,"U",72779.8112
5,1944,"U",79598.9806999999
5,1945,"U",81247.3075
5,1946,"U",79618.9315
5,1947,"U",78684.2467999999
5,1948,"U",84010.4637
5,1949,"U",96950.5116
5,1950,"U",448322.068999921
5,1950,"V",514761.518829348
5,1951,"U",516460.750995613
5,1951,"V",517235.493063959
5,1952,"U",641427.894339685
5,1952,"V",546923.126214607
5,1953,"U",669964.363206592
5,1953,"V",591337.522493143
5,1954,"U",667393.203086757
5,1954,"V",585726.765667401
5,1955,"U",722402.898594814
5,1955,"V",528337.247107567
5,1956,"U",838182.10787422
5,1956,"V",429352.77959236
5,1957,"U",689204.845233693
5,1957,"V",469319.167675745
5,1958,"U",706323.035070745
5,1958,"V",413119.222600956
5,1959,"U",857720.474014212
5,1959,"V",417772.046601921
5,1960,"U",672433.036234715
5,1960,"V",203686.452080903
5,1961,"U",802779.89146458
5,1961,"V",180477.979362162
5,1962,"U",795636.075523505
5,1962,"V",175508.132393619
5,1963,"U",949593.472962472
5,1963,"V",371463.196742494
5,1964,"U",855310.924934231
5,1964,"V",453251.493145478
5,1965,"U",966988.169285051
5,1965,"V",467723.657985524
5,1966,"U",787170.507168484
5,1966,"V",388812.610926713
5,1967,"U",739780.038859481
5,1967,"V",477041.48691268
5,1968,"U",883306.029652928
5,1968,"V",488166.552570123
5,1969,"U",949435.662595802
5,1969,"V",565928.043145792
5,1970,"U",913182.010617145
5,1970,"V",498015.662024097
5,1971,"U",1139653.02266575
5,1971,"V",554309.557854758
5,1972,"U",964763.962877035
5,1972,"V",534468.859326916
5,1973,"U",947737.04849272
5,1973,"V",442488.725374288
5,1974,"U",943407.6291686
5,1974,"V",302869.894733307
5,1975,"U",877847.893238296
5,1975,"V",496578.403260828
5,1976,"U",940487.566707601
5,1976,"V",507652.753358256
5,1977,"U",748477.148959896
5,1977,"V",460105.108698497
5,1978,"U",1248504.19092209
5,1978,"V",557624.087690077
5,1979,"U",1235340.30065864
5,1979,"V",763182.632426793
5,1980,"U",1215672.67941904
5,1980,"V",739911.869055325
5,1981,"U",1168877.60430569
5,1981,"V",721483.139306244
5,1982,"U",1324012.09615433
5,1982,"V",534286.612941056
5,1983,"U",1406767.01311127
5,1983,"V",728766.636545113
5,1984,"U",1384914.97633389
5,1984,"V",813511.837158082
5,1985,"U",1307404.93475151
5,1985,"V",632577.4334602
5,1986,"U",1194012.22032618
5,1986,"V",463489.572026458
5,1987,"U",1299181.40452965
5,1987,"V",367314.142867926
5,1988,"U",985432.396537255
5,1988,"V",447995.301416929
5,1989,"U",977301.814520736
5,1989,"V",431782.908867738
5,1990,"U",965139.249909826
5,1990,"V",388553.256737092
5,1991,"U",1101651.55705248
5,1991,"V",344712.670148361
5,1992,"U",860148.60588458
5,1992,"V",390115.157581116
5,1993,"U",1017321.64630993
5,1993,"V",418370.791552724
5,1994,"U",1247470.3566809
5,1994,"V",404906.328227613
5,1995,"U",761675.060250226
5,1995,"V",367469.119199614
5,1996,"U",844633.882700917
5,1996,"V",386803.774659249
5,1997,"U",922584.652808517
5,1997,"V",400552.400267242
5,1998,"U",802070.595473528
5,1998,"V",389282.468031342
5,1999,"U",933892.555679401
5,1999,"V",423938.720358194
5,2000,"U",900765.837783454
5,2000,"V",393271.364400952
5,2001,"U",855951.876939411
5,2001,"V",377960.752945833
5,2002,"U",892153.501002143
5,2002,"V",335117.396002813
5,2003,"U",797871.399031756
5,2003,"V",333168.840739047
5,2004,"U",799351.421291032
5,2004,"V",313178.998821966
5,2005,"U",621293.279584423
5,2005,"V",274987.39621448
5,2006,"U",746841.25810212
5,2006,"V",321864.838113631
5,2007,"U",616119.108679884
5,2007,"V",304791.299146698
5,2008,"U",575689.740439101
5,2008,"V",275870.572448321
5,2009,"U",651448.916811919
5,2009,"V",305760.462123606
5,2010,"U",545787.097354187
5,2010,"V",197139.300030273
5,2011,"U",809676.81480267
5,2011,"V",311093.399370255
5,2012,"U",712687.437444721
5,2012,"V",283135.573217609
5,2013,"U",633181.760292489
5,2013,"V",255361.743374693
5,2014,"U",574999.241841287
5,2014,"V",269242.198248188
5,2015,"U",729533.052810284
5,2015,"V",359755.922284214
5,2016,"U",833942.999816156
5,2016,"V",274413.753546864
5,2017,"U",673083.456609225
5,2017,"V",691272.416143299
6,1880,"U",81642.8869
6,1889,"U",80587.3827
6,1890,"U",84068.1592
6,1891,"U",81747.4893
6,1892,"U",79004.8999000001
6,1905,"U",95774.374
6,1906,"U",97883.7424
6,1907,"U",92293.2023
6,1908,"U",98199.7477
6,1917,"U",128046.5828
6,1921,"U",107899.0492
6,1922,"U",125301.4992
6,1923,"U",130363.49
6,1924,"U",117706.1643
6,1925,"U",138272.2432
6,1926,"U",137322.0821
6,1927,"U",134262.4667
6,1928,"U",146390.2742
6,1929,"U",166955.1736
6,1930,"U",154192.1161
6,1931,"U",125820.2744
6,1932,"U",124975.0766
6,1933,"U",143323.9582
6,1934,"U",196368.8395
6,1935,"U",197841.9722
6,1936,"U",230846.3547
6,1937,"U",208168.3914
6,1938,"U",203523.1068
6,1939,"U",212585.5197
6,1940,"U",194230.248
6,1941,"U",234394.4144
6,1942,"U",185354.1728
6,1943,"U",199046.3671
6,1944,"U",216737.3459
6,1945,"U",219870.3696
6,1946,"U",213503.2835
6,1947,"U",207848.5183
6,1948,"U",215500.3106
6,1949,"U",228941.1588
6,1950,"U",139530.808165865
6,1950,"V",256336.463541204
6,1951,"U",146213.485392549
6,1951,"V",244037.920815736
6,1952,"U",157491.489390376
6,1952,"V",179711.973737847
6,1953,"U",186000.291864198
6,1953,"V",170921.441855664
6,1954,"U",212276.887081596
6,1954,"V",260189.100656674
6,1955,"U",262730.705205806
6,1955,"V",176905.259012357
6,1956,"U",294502.8611621
6,1956,"V",193600.228713145
6,1957,"U",227569.987864384
6,1957,"V",199133.117101407
6,1958,"U",211800.710883272
6,1958,"V",193000.675787738
6,1959,"U",217369.464924337
6,1959,"V",191505.582775919
6,1960,"U",141070.143343031
6,1960,"V",61350.9683384305
6,1961,"U",137648.230278716
6,1961,"V",54493.0767566016
6,1962,"U",126174.93819369
6,1962,"V",59177.8593208857
6,1963,"U",202163.277199759
6,1963,"V",139475.377360016
6,1964,"U",216411.438035571
6,1964,"V",156965.23854173
6,1965,"U",205785.95193897
6,1965,"V",148366.625950507
6,1966,"U",171261.215210243
6,1966,"V",110966.515947552
6,1967,"U",167725.114267522
6,1967,"V",129623.50446694
6,1968,"U",139808.05161309
6,1968,"V",145250.579351459
6,1969,"U",143419.210169939
6,1969,"V",111989.448628593
6,1970,"U",165328.524757498
6,1970,"V",192327.505280309
6,1971,"U",150012.098963491
6,1971,"V",93118.0860187404
6,1972,"U",180293.838322042
6,1972,"V",111525.792873562
6,1973,"U",167947.451597462
6,1973,"V",113906.341552432
6,1974,"U",161636.025616483
6,1974,"V",184235.488097875
6,1975,"U",116289.666807498
6,1975,"V",143168.874798189
6,1976,"U",135501.247261588
6,1976,"V",88360.9669057563
6,1977,"U",76441.9602548634
6,1977,"V",124947.631293454
6,1978,"U",139604.099246177
6,1978,"V",99622.126899068
6,1979,"U",147249.114321266
6,1979,"V",81636.9861598406
6,1980,"U",176139.243222491
6,1980,"V",114306.434722323
6,1981,"U",217961.691358365
6,1981,"V",137935.5035059
6,1982,"U",132574.467213049
6,1982,"V",157655.847283642
6,1983,"U",120119.944316991
6,1983,"V",150157.762807368
6,1984,"U",112463.334847564
6,1984,"V",268500.834427185
6,1985,"U",139539.809055648
6,1985,"V",176679.236465014
6,1986,"U",87089.9751362838
6,1986,"V",166109.886503303
6,1987,"U",122031.359875478
6,1987,"V",142542.005923891
6,1988,"U",119318.44715722
6,1988,"V",148006.828230284
6,1989,"U",59646.6271885767
6,1989,"V",128837.228231264
6,1990,"U",109845.961765951
6,1990,"V",118030.00012575
6,1991,"U",105743.593223363
6,1991,"V",137673.774111879
6,1992,"U",156468.043291687
6,1992,"V",96610.6554787724
6,1993,"U",139388.250393946
6,1993,"V",92754.6370838525
6,1994,"U",90128.1623307454
6,1994,"V",125305.58631086
6,1995,"U",43151.0371101332
6,1995,"V",113251.904357501
6,1996,"U",32987.9386482992
6,1996,"V",108400.733873821
6,1997,"U",26306.454746347
6,1997,"V",120024.641185987
6,1998,"U",28142.9269515217
6,1998,"V",110741.255941404
6,1999,"U",24508.5251357657
6,1999,"V",126636.502503304
6,2000,"U",47674.1657166061
6,2000,"V",115308.833247535
6,2001,"U",73077.0969656581
6,2001,"V",96601.3261108697
6,2002,"U",44698.0413380626
6,2002,"V",90951.3706621862
6,2003,"U",54665.1335887389
6,2003,"V",106304.367172228
6,2004,"U",75879.8879169534
6,2004,"V",80474.5321057674
6,2005,"U",73838.1912757859
6,2005,"V",61600.9718906515
6,2006,"U",70897.0687372733
6,2006,"V",75050.7341644281
6,2007,"U",14295.1432170744
6,2007,"V",84004.1580799981
6,2008,"U",15915.5353453336
6,2008,"V",74321.6784580774
6,2009,"U",25737.8359510733
6,2009,"V",69498.2459778402
6,2010,"U",26032.9971377681
6,2010,"V",34570.8007025093
6,2011,"U",19990.4423865627
6,2011,"V",90237.024353068
6,2012,"U",30847.2348597799
6,2012,"V",72080.7914850716
6,2013,"U",26991.9475318861
6,2013,"V",78589.1981604178
6,2014,"U",19974.1430975141
6,2014,"V",65451.6433994517
6,2015,"U",13347.0983841399
6,2015,"V",70170.0338403713
6,2016,"U",13628.8619568628
6,2016,"V",47121.3883342311
6,2017,"U",13608.7507758477
6,2017,"V",367693.709936318
7,1880,"U",387117.234
7,1889,"U",382110.8793
7,1890,"U",398615.0131
7,1891,"U",387611.181
7,1892,"U",374606.793
7,1905,"U",454115.8709
7,1906,"U",464117.0151
7,1907,"U",437608.9424
7,1908,"U",465614.3658
7,1917,"U",607125.4412
7,1921,"U",511592.8594
7,1922,"U",594103.4412
7,1923,"U",618102.7101
7,1924,"U",558087.9624
7,1925,"U",655597.273
7,1926,"U",651090.0864
7,1927,"U",636581.1539
7,1928,"U",694080.2462
7,1929,"U",791581.228000001
7,1930,"U",731064.5665
7,1931,"U",596543.2577
7,1932,"U",592532.5639
7,1933,"U",679524.009800001
7,1934,"U",931012.3434
7,1935,"U",937988.970800001
7,1936,"U",1094455.8414
7,1937,"U",986927.6262
7,1938,"U",964892.112799999
7,1939,"U",1007841.4813
7,1940,"U",920804.9317
7,1941,"U",1111190.5078
7,1942,"U",878682.0438
7,1943,"U",943557.4936
7,1944,"U",1027371.4906
7,1945,"U",1042154.1911
7,1946,"U",1011875.6201
7,1947,"U",984914.217
7,1948,"U",1020839.4287
7,1949,"U",1083452.0083
7,1950,"U",574983.23960387
7,1950,"V",703511.888544912
7,1951,"U",539895.071570624
7,1951,"V",700943.571951951
7,1952,"U",669796.367127277
7,1952,"V",815756.139298292
7,1953,"U",737058.946989475
7,1953,"V",811514.395925635
7,1954,"U",808195.437722582
7,1954,"V",672681.534000097
7,1955,"U",806846.571924804
7,1955,"V",758481.90426186
7,1956,"U",867488.440182516
7,1956,"V",817111.566589153
7,1957,"U",890428.08613528
7,1957,"V",767624.838112692
7,1958,"U",917801.801043362
7,1958,"V",704739.637297273
7,1959,"U",978433.43264968
7,1959,"V",769252.590097285
7,1960,"U",361453.274517972
7,1960,"V",278482.36990694
7,1961,"U",423581.313508421
7,1961,"V",293808.010340177
7,1962,"U",505896.674619954
7,1962,"V",286161.91450884
7,1963,"U",1086367.75963105
7,1963,"V",1026578.46343236
7,1964,"U",1143225.25366063
7,1964,"V",931114.062304758
7,1965,"U",1321204.26085469
7,1965,"V",983832.662670876
7,1966,"U",1372992.72559304
7,1966,"V",1051669.01375106
7,1967,"U",1157742.38170667
7,1967,"V",1019695.54715445
7,1968,"U",1269320.82369747
7,1968,"V",893697.946135526
7,1969,"U",1400454.51183681
7,1969,"V",879134.714050342
7,1970,"U",1050044.06427695
7,1970,"V",849675.757750175
7,1971,"U",1091031.66695101
7,1971,"V",742052.673840687
7,1972,"U",1114731.43401211
7,1972,"V",558656.051092952
7,1973,"U",1336847.84792793
7,1973,"V",771619.761982902
7,1974,"U",1065090.30483065
7,1974,"V",753586.334630567
7,1975,"U",850134.78841336
7,1975,"V",502896.273128747
7,1976,"U",697652.432097248
7,1976,"V",466108.575159762
7,1977,"U",706837.865628656
7,1977,"V",529234.231877164
7,1978,"U",569052.392272151
7,1978,"V",749261.229325429
7,1979,"U",632616.212410455
7,1979,"V",563948.617140165
7,1980,"U",621807.445047112
7,1980,"V",624961.21734648
7,1981,"U",568798.961530122
7,1981,"V",791021.518122965
7,1982,"U",503485.982090111
7,1982,"V",877239.153786863
7,1983,"U",437010.663813513
7,1983,"V",714862.829032327
7,1984,"U",447941.141169439
7,1984,"V",774797.418424833
7,1985,"U",406362.613732492
7,1985,"V",730966.926805224
7,1986,"U",379203.830890017
7,1986,"V",699136.036373293
7,1987,"U",399915.450066105
7,1987,"V",733066.519156852
7,1988,"U",387616.061245715
7,1988,"V",760109.623677517
7,1989,"U",402606.414153643
7,1989,"V",905921.508125659
7,1990,"U",425551.956990046
7,1990,"V",892007.70481831
7,1991,"U",394334.307650058
7,1991,"V",878108.740674475
7,1992,"U",356038.486423314
7,1992,"V",895342.236740889
7,1993,"U",360474.261961766
7,1993,"V",776630.279297814
7,1994,"U",265113.129840444
7,1994,"V",573159.240609695
7,1995,"U",517258.380882191
7,1995,"V",605583.107617226
7,1996,"U",474644.015139147
7,1996,"V",573988.699967133
7,1997,"U",435859.51276395
7,1997,"V",526343.655964839
7,1998,"U",433402.945906205
7,1998,"V",494003.461546962
7,1999,"U",374649.219316881
7,1999,"V",563458.58941786
7,2000,"U",280529.187607992
7,2000,"V",597628.920189821
7,2001,"U",269049.101199673
7,2001,"V",701387.939164724
7,2002,"U",213793.371139272
7,2002,"V",731816.863114669
7,2003,"U",249169.514641008
7,2003,"V",670319.451341749
7,2004,"U",319951.524022128
7,2004,"V",679292.960610849
7,2005,"U",231770.406628555
7,2005,"V",535589.29341083
7,2006,"U",238901.159557947
7,2006,"V",634158.218259828
7,2007,"U",365873.627846762
7,2007,"V",696430.788813339
7,2008,"U",335120.09249902
7,2008,"V",622649.543772079
7,2009,"U",195032.919252373
7,2009,"V",753855.798946998
7,2010,"U",175550.377174966
7,2010,"V",708814.88992104
7,2011,"U",366497.72591934
7,2011,"V",774509.81622622
7,2012,"U",182651.916690626
7,2012,"V",760976.639067934
7,2013,"U",303360.224123471
7,2013,"V",558373.407519856
7,2014,"U",285797.2956566
7,2014,"V",543895.477345474
7,2015,"U",311546.617049245
7,2015,"V",473973.516303243
7,2016,"U",277428.993183503
7,2016,"V",1546384.68162829
7,2017,"U",303000.338394796
7,2017,"V",1042467.50233559
8,1950,"U",231594.287806763
8,1950,"V",87774.0875787682
8,1951,"U",225293.212606728
8,1951,"V",78942.9111943031
8,1952,"U",277706.063631058
8,1952,"V",73674.9364282363
8,1953,"U",253486.735564507
8,1953,"V",71376.6472001819
8,1954,"U",286179.603815818
8,1954,"V",62994.5175215809
8,1955,"U",297027.333531392
8,1955,"V",75197.7867131572
8,1956,"U",351505.712816814
8,1956,"V",67256.0462627334
8,1957,"U",321330.819091235
8,1957,"V",64465.9836855778
8,1958,"U",347118.209298842
8,1958,"V",71513.9226904703
8,1959,"U",350181.598918335
8,1959,"V",77456.1085176623
8,1960,"U",507730.858237284
8,1960,"V",90419.1171389635
8,1961,"U",547546.472306195
8,1961,"V",61620.8827884976
8,1962,"U",639435.000540294
8,1962,"V",95975.2810794478
8,1963,"U",813392.576481605
8,1963,"V",116990.207253931
8,1964,"U",810090.560511535
8,1964,"V",110751.172033046
8,1965,"U",952403.90934611
8,1965,"V",113255.275708307
8,1966,"U",744371.060595736
8,1966,"V",143576.738677312
8,1967,"U",646454.389319678
8,1967,"V",88171.6757875378
8,1968,"U",706225.858658162
8,1968,"V",121243.332561789
8,1969,"U",776168.676367548
8,1969,"V",92859.1293671424
8,1970,"U",801388.114470512
8,1970,"V",85303.5808729712
8,1971,"U",790525.729984869
8,1971,"V",89613.4820439248
8,1972,"U",845220.7481229
8,1972,"V",79683.390959647
8,1973,"U",802154.972936179
8,1973,"V",79273.1222376163
8,1974,"U",661571.189725596
8,1974,"V",79585.6158307168
8,1975,"U",577815.601115875
8,1975,"V",88349.6266046388
8,1976,"U",531765.418860874
8,1976,"V",107688.770717683
8,1977,"U",418695.211161621
8,1977,"V",123274.159124697
8,1978,"U",497406.9598177
8,1978,"V",139199.371244747
8,1979,"U",548311.568413889
8,1979,"V",147747.10933275
8,1980,"U",499582.349205495
8,1980,"V",161359.631484294
8,1981,"U",447765.350477638
8,1981,"V",153355.582828561
8,1982,"U",403816.805750922
8,1982,"V",140815.762956935
8,1983,"U",426529.012639373
8,1983,"V",144377.929569194
8,1984,"U",428956.119011107
8,1984,"V",113308.10358352
8,1985,"U",440712.885365024
8,1985,"V",157681.593434335
8,1986,"U",476375.370828948
8,1986,"V",162653.464912773
8,1987,"U",493039.348739568
8,1987,"V",141271.029769495
8,1988,"U",464292.826420045
8,1988,"V",155978.172154875
8,1989,"U",446258.657175711
8,1989,"V",173693.586827942
8,1990,"U",445343.161377869
8,1990,"V",180795.444916848
8,1991,"U",398265.466312332
8,1991,"V",199973.5393826
8,1992,"U",349334.930217675
8,1992,"V",210643.207511444
8,1993,"U",276148.363420877
8,1993,"V",241652.857199391
8,1994,"U",184264.437917814
8,1994,"V",253757.537549636
8,1995,"U",175335.75640001
8,1995,"V",197617.704101174
8,1996,"U",184719.428151141
8,1996,"V",239675.063746702
8,1997,"U",213559.664123452
8,1997,"V",237974.355614125
8,1998,"U",203446.79099764
8,1998,"V",243652.668752197
8,1999,"U",235066.584059119
8,1999,"V",262238.121708034
8,2000,"U",166069.524896434
8,2000,"V",295148.988577788
8,2001,"U",165801.103121376
8,2001,"V",295611.192668804
8,2002,"U",158980.734195253
8,2002,"V",322803.17087022
8,2003,"U",128571.600304414
8,2003,"V",246216.624453499
8,2004,"U",172406.391013814
8,2004,"V",291823.292137233
8,2005,"U",158422.266279465
8,2005,"V",222148.313765592
8,2006,"U",96152.3858039419
8,2006,"V",201472.622652983
8,2007,"U",139262.309653656
8,2007,"V",254152.422945662
8,2008,"U",98005.8354224145
8,2008,"V",268277.453617193
8,2009,"U",87090.8203635589
8,2009,"V",173021.167005935
8,2010,"U",101590.307272983
8,2010,"V",171451.984627339
8,2011,"U",75958.7537697297
8,2011,"V",96962.7987106378
8,2012,"U",90579.1807733251
8,2012,"V",196973.818680955
8,2013,"U",93915.6674097251
8,2013,"V",218798.629545775
8,2014,"U",73321.5582730474
8,2014,"V",231741.188421424
8,2015,"U",65485.2231029475
8,2015,"V",82759.6452130229
8,2016,"U",61542.1981402357
8,2016,"V",51907.442563005
8,2017,"U",67958.1806409594
8,2017,"V",14545.6720782157
9,1869,"U",76881.3688
9,1870,"U",86625.8895
9,1871,"U",101030.0058
9,1872,"U",123469.3578
9,1873,"U",131916.9369
9,1874,"U",119493.6715
9,1875,"U",112139.8522
9,1876,"U",124431.3239
9,1877,"U",122066.0798
9,1878,"U",135159.7775
9,1879,"U",159868.5213
9,1880,"U",185382.503
9,1881,"U",184594.2542
9,1882,"U",170932.9653
9,1883,"U",195557.3405
9,1884,"U",196446.4328
9,1885,"U",198493.673
9,1886,"U",204482.6589
9,1887,"U",204612.9486
9,1888,"U",204751.7291
9,1889,"U",160578.8908
9,1890,"U",155013.7322
9,1891,"U",157095.9234
9,1892,"U",167965.1554
9,1893,"U",159649.8584
9,1894,"U",167411.0231
9,1895,"U",144659.1698
9,1896,"U",145279.682
9,1897,"U",166502.4805
9,1898,"U",135802.7398
9,1899,"U",170157.1475
9,1900,"U",158689.861
9,1901,"U",179914.1336
9,1902,"U",171913.3372
9,1903,"U",144551.8102
9,1904,"U",142528.526
9,1905,"U",139405.9896
9,1906,"U",125532.5302
9,1907,"U",182635.7725
9,1908,"U",132873.8538
9,1909,"U",208456.2319
9,1910,"U",162073.4564
9,1911,"U",283636.6021
9,1911,"V",32651.3478
9,1912,"U",248755.9518
9,1912,"V",33217.4324
9,1913,"U",215659.3509
9,1913,"V",31300.4134
9,1914,"U",200530.3482
9,1914,"V",29017.4688
9,1915,"U",218666.832
9,1915,"V",23050.4645
9,1916,"U",233502.6705
9,1916,"V",25193.8458
9,1917,"U",413954.6414
9,1917,"V",54094.496
9,1918,"U",220616.1148
9,1918,"V",15050.6928
9,1919,"U",221278.6505
9,1919,"V",19673.0972
9,1920,"U",185040.2296
9,1920,"V",22605.7882
9,1921,"U",160302.615
9,1921,"V",22256.15
9,1922,"U",193884.5107
9,1922,"V",20657.0801
9,1923,"U",151822.1958
9,1923,"V",21695.293
9,1924,"U",177697.1398
9,1924,"V",15480.4439
9,1925,"U",192308.4267
9,1925,"V",19444.0633
9,1926,"U",229799.2429
9,1926,"V",19443.4048
9,1927,"U",183632.1902
9,1927,"V",18358.4091
9,1928,"U",199495.9342
9,1928,"V",18516.6724
9,1929,"U",197663.3892
9,1929,"V",21249.748
9,1930,"U",165147.7979
9,1930,"V",23201.1734
9,1931,"U",143524.2702
9,1931,"V",24705.2033
9,1932,"U",136849.7985
9,1932,"V",27560.0296
9,1933,"U",151438.7353
9,1933,"V",21691.2799
9,1934,"U",173758.6356
9,1934,"V",20985.2831
9,1935,"U",164153.9847
9,1935,"V",18893.1314
9,1936,"U",188080.8969
9,1936,"V",17199.474
9,1937,"U",164410.2985
9,1937,"V",18651.9415
9,1938,"U",179322.6425
9,1938,"V",18338.0047
9,1939,"U",188634.6437
9,1939,"V",18058.8185
9,1940,"U",198285.42
9,1940,"V",15535.5626
9,1941,"U",206974.4276
9,1941,"V",16177.2266
9,1942,"U",204316.6285
9,1942,"V",16249.2122
9,1943,"U",229927.8508
9,1943,"V",17343.6102
9,1944,"U",236652.0839
9,1944,"V",19189.5366
9,1945,"U",259247.8932
9,1945,"V",21579.3504
9,1946,"U",303366.9094
9,1946,"V",22162.1659
9,1947,"U",250355.4647
9,1947,"V",18573.4763
9,1948,"U",269409.6482
9,1948,"V",20656.1338
9,1949,"U",239856.1649
9,1949,"V",21820.0715
9,1950,"U",518672.245175089
9,1950,"V",130460.354633522
9,1951,"U",511345.905296956
9,1951,"V",108703.196393088
9,1952,"U",644821.504429303
9,1952,"V",108511.817646051
9,1953,"U",643750.513885696
9,1953,"V",102007.344011454
9,1954,"U",700353.481647081
9,1954,"V",93154.3900589348
9,1955,"U",747194.850036082
9,1955,"V",91071.8953222704
9,1956,"U",862776.882810678
9,1956,"V",93333.8363436285
9,1957,"U",816480.147893261
9,1957,"V",82102.457504276
9,1958,"U",831930.638079647
9,1958,"V",96392.7381506107
9,1959,"U",926213.789197913
9,1959,"V",95394.620931529
9,1960,"U",1245052.36157074
9,1960,"V",75216.03229276
9,1961,"U",1166830.6970046
9,1961,"V",77881.1970212254
9,1962,"U",1075893.0463528
9,1962,"V",71060.040413953
9,1963,"U",1224520.48093118
9,1963,"V",82695.7174333381
9,1964,"U",1419351.72444812
9,1964,"V",100144.780467536
9,1965,"U",1382415.24055531
9,1965,"V",73882.1937537722
9,1966,"U",1370219.11929465
9,1966,"V",68385.1346256654
9,1967,"U",1421086.47945306
9,1967,"V",61066.0236360258
9,1968,"U",1597528.783621
9,1968,"V",69334.6510072086
9,1969,"U",1512057.49443903
9,1969,"V",87468.8230313235
9,1970,"U",1333084.39024527
9,1970,"V",81986.3613947241
9,1971,"U",1312191.04449037
9,1971,"V",71927.0733311687
9,1972,"U",1373153.9675448
9,1972,"V",67226.2973898195
9,1973,"U",1289535.32732277
9,1973,"V",64589.379208386
9,1974,"U",1248965.07874501
9,1974,"V",77208.6503366094
9,1975,"U",1174122.75564562
9,1975,"V",89192.9318394097
9,1976,"U",1096632.46485294
9,1976,"V",87555.9890351389
9,1977,"U",943484.092278228
9,1977,"V",112612.9532393
9,1978,"U",976636.598513133
9,1978,"V",117774.526104993
9,1979,"U",993756.429815395
9,1979,"V",149256.043276314
9,1980,"U",964955.532105228
9,1980,"V",88435.1861975298
9,1981,"U",946932.674435265
9,1981,"V",121570.487331528
9,1982,"U",936131.675251112
9,1982,"V",115913.540240599
9,1983,"U",857067.61681158
9,1983,"V",110888.54916774
9,1984,"U",940435.719452494
9,1984,"V",134359.794180143
9,1985,"U",997059.560690096
9,1985,"V",138229.928542236
9,1986,"U",1027430.9622043
9,1986,"V",143729.22312825
9,1987,"U",988732.472720605
9,1987,"V",189688.676641861
9,1988,"U",984032.374627891
9,1988,"V",176527.75498593
9,1989,"U",930695.74814836
9,1989,"V",209039.04455829
9,1990,"U",919422.470873636
9,1990,"V",218416.165422455
9,1991,"U",726996.283264194
9,1991,"V",199110.930165678
9,1992,"U",589439.779681451
9,1992,"V",184855.344972525
9,1993,"U",456214.028149801
9,1993,"V",224498.394213898
9,1994,"U",332618.666588632
9,1994,"V",253243.479094777
9,1995,"U",251879.557991494
9,1995,"V",293016.896121792
9,1996,"U",271554.890404852
9,1996,"V",246154.812819589
9,1997,"U",277456.807413663
9,1997,"V",287670.129233785
9,1998,"U",350837.985625612
9,1998,"V",294973.50351103
9,1999,"U",281739.845805567
9,1999,"V",322398.0213514
9,2000,"U",297545.878216589
9,2000,"V",352152.324959344
9,2001,"U",321146.612904736
9,2001,"V",335486.687785703
9,2002,"U",329442.203518103
9,2002,"V",340216.561159248
9,2003,"U",261412.325518006
9,2003,"V",339376.788448976
9,2004,"U",300146.431093731
9,2004,"V",414177.512022206
9,2005,"U",304961.908578068
9,2005,"V",406828.946231542
9,2006,"U",208910.996657419
9,2006,"V",394778.578899424
9,2007,"U",284725.929773961
9,2007,"V",343166.96423382
9,2008,"U",216556.908657493
9,2008,"V",333251.566902396
9,2009,"U",238985.651555737
9,2009,"V",261472.850167218
9,2010,"U",245232.002275821
9,2010,"V",264086.221860962
9,2011,"U",226306.017503473
9,2011,"V",234301.720825738
9,2012,"U",205911.270771507
9,2012,"V",237725.310252924
9,2013,"U",253490.274804185
9,2013,"V",279630.289274181
9,2014,"U",211018.679680526
9,2014,"V",289208.753058945
9,2015,"U",211793.06515613
9,2015,"V",157996.016591392
9,2016,"U",182405.283245076
9,2016,"V",174779.949882379
9,2017,"U",214079.459350465
9,2017,"V",117259.452075829
10,1950,"U",43347.0764950725
10,1950,"V",1967.09543217409
10,1951,"U",25619.9278461392
10,1951,"V",2224.07622491289
10,1952,"U",48958.3075900535
10,1952,"V",2581.62886808882
10,1953,"U",38820.9825132811
10,1953,"V",2225.89049606857
10,1954,"U",41820.8905450035
10,1954,"V",2420.540965317
10,1955,"U",38252.4545267342
10,1955,"V",3664.50457111589
10,1956,"U",59401.8873658601
10,1956,"V",8193.84985191465
10,1957,"U",44332.3879742209
10,1957,"V",11556.4513436309
10,1958,"U",49072.1521201234
10,1958,"V",9729.81809066168
10,1959,"U",60740.8349351545
10,1959,"V",11321.6345969317
10,1960,"U",53065.1338915336
10,1960,"V",9168.8949845134
10,1961,"U",74419.7125792529
10,1961,"V",9299.45402395185
10,1962,"U",89820.7878231686
10,1962,"V",10088.4638554802
10,1963,"U",91533.912680921
10,1963,"V",10205.855955263
10,1964,"U",74021.4291942996
10,1964,"V",11333.3093727824
10,1965,"U",61037.9384274655
10,1965,"V",9388.0869208595
10,1966,"U",73938.3347079204
10,1966,"V",9010.40567166911
10,1967,"U",69466.0006209629
10,1967,"V",7740.61351787673
10,1968,"U",69320.4338732553
10,1968,"V",9320.0260879026
10,1969,"U",66374.6502746625
10,1969,"V",9653.04158349604
10,1970,"U",90262.889285613
10,1970,"V",10654.6236178085
10,1971,"U",53617.679256295
10,1971,"V",10225.1832490189
10,1972,"U",62366.5380961783
10,1972,"V",8476.59560702899
10,1973,"U",56087.7846972866
10,1973,"V",9765.06976696704
10,1974,"U",54056.229203085
10,1974,"V",9710.81233505402
10,1975,"U",62770.5424805671
10,1975,"V",9108.09970301998
10,1976,"U",58041.2684621786
10,1976,"V",9064.9778622715
10,1977,"U",58178.7805555316
10,1977,"V",10405.473304513
10,1978,"U",62089.1481432535
10,1978,"V",13733.1265266522
10,1979,"U",73237.4048429202
10,1979,"V",14666.4434048112
10,1980,"U",87236.8361478379
10,1980,"V",13617.3769107977
10,1981,"U",109580.439486797
10,1981,"V",12010.3265943049
10,1982,"U",72676.4936558653
10,1982,"V",4469.77633392676
10,1983,"U",80043.7177662514
10,1983,"V",4678.01396620112
10,1984,"U",70464.2569913812
10,1984,"V",5564.97659438689
10,1985,"U",113739.291832753
10,1985,"V",13048.9662547973
10,1986,"U",114425.915457751
10,1986,"V",10436.1653178579
10,1987,"U",165180.243543978
10,1987,"V",19844.5899060573
10,1988,"U",67655.9987674616
10,1988,"V",19822.1752909185
10,1989,"U",21353.7381344034
10,1989,"V",8188.53961076405
10,1990,"U",33833.4750713732
10,1990,"V",4271.6987049686
10,1991,"U",16868.8008296838
10,1991,"V",3601.18694981926
10,1992,"U",18123.7299525851
10,1992,"V",7878.71129209524
10,1993,"U",18798.6566914861
10,1993,"V",9651.5761112364
10,1994,"U",19173.8621922068
10,1994,"V",5960.10712594956
10,1995,"U",12277.4545332067
10,1995,"V",441.467759953802
10,1996,"U",9449.88806286185
10,1996,"V",475.788598720347
10,1997,"U",7178.5810267767
10,1997,"V",706.555329501386
10,1998,"U",13103.0102924385
10,1998,"V",389.309715621843
10,1999,"U",9778.57956413614
10,1999,"V",168.884090530068
10,2000,"U",8740.91965306799
10,2000,"V",136.008259275386
10,2001,"U",9054.16490032033
10,2001,"V",165.034409217188
10,2002,"U",11076.5114319332
10,2002,"V",408.053231066365
10,2003,"U",31193.4177756582
10,2003,"V",705.37923912982
10,2004,"U",8782.69583472762
10,2004,"V",352.537980356294
10,2005,"U",16777.8258514843
10,2005,"V",408.24439104418
10,2006,"U",20825.3078203558
10,2006,"V",479.156813321017
10,2007,"U",5954.55106799397
10,2007,"V",392.536719248739
10,2008,"U",10677.3716399839
10,2008,"V",484.007859660782
10,2009,"U",30465.1284657613
10,2009,"V",254.804331052325
10,2010,"U",35130.9804829112
10,2010,"V",285.236559856745
10,2011,"U",15148.1801827218
10,2011,"V",461.447171394978
10,2012,"U",40638.6943728841
10,2012,"V",438.908011421426
10,2013,"U",41158.9644289463
10,2013,"V",466.999617970909
10,2014,"U",12090.8159132452
10,2014,"V",545.527180539277
10,2015,"U",10193.2172263317
10,2015,"V",286.819229557681
10,2016,"U",8707.77810771522
10,2016,"V",465.777972126059
10,2017,"U",9416.43507078712
10,2017,"V",198.193648985856
11,1922,"U",1799.6075
11,1923,"U",4499.0364
11,1924,"U",3149.339
11,1925,"U",5848.7987
11,1926,"U",5398.9172
11,1927,"U",7198.5945
11,1928,"U",6748.7216
11,1929,"U",5399.0116
11,1930,"U",4949.1282
11,1931,"U",3599.3938
11,1932,"U",3599.4246
11,1933,"U",2699.5943
11,1934,"U",5399.247
11,1935,"U",4949.3704
11,1936,"U",4949.4393
11,1937,"U",5399.475
11,1938,"U",10896.416
11,1939,"U",27995.7286
11,1940,"U",28612.203
11,1941,"U",23926.4569
11,1942,"U",25222.9009
11,1943,"U",28638.9456
11,1944,"U",1319.7536
11,1945,"U",1410.1483
11,1946,"U",1148.6787
11,1947,"U",29149.4728
11,1948,"U",39723.6868
11,1949,"U",38061.0888
11,1950,"U",33923.7655884993
11,1950,"V",20511.1025821944
11,1951,"U",69735.9784518774
11,1951,"V",20511.7066435661
11,1952,"U",26309.9699137239
11,1952,"V",16988.85528164
11,1953,"U",25657.0486851553
11,1953,"V",22749.9729560659
11,1954,"U",53264.9055943482
11,1954,"V",22720.9668939859
11,1955,"U",50689.5353509293
11,1955,"V",26280.0697464734
11,1956,"U",67017.2238152687
11,1956,"V",34016.7764130033
11,1957,"U",64177.0732097553
11,1957,"V",31855.3029048272
11,1958,"U",122785.903980175
11,1958,"V",36401.5063705818
11,1959,"U",196731.562143338
11,1959,"V",38869.492699026
11,1960,"U",371027.500299543
11,1960,"V",47422.8918288632
11,1961,"U",522644.108512444
11,1961,"V",47936.7536751709
11,1962,"U",779918.986720609
11,1962,"V",49665.7767082244
11,1963,"U",386850.1755802
11,1963,"V",52765.0665738182
11,1964,"U",1537730.27054814
11,1964,"V",48092.1254797891
11,1965,"U",1036734.9105137
11,1965,"V",45221.5572739751
11,1966,"U",974304.702382585
11,1966,"V",45256.1676695394
11,1967,"U",1082882.9294173
11,1967,"V",46029.0159587946
11,1968,"U",1146682.98621715
11,1968,"V",42689.6914353611
11,1969,"U",1237528.97625492
11,1969,"V",40095.9823179146
11,1970,"U",1538644.35028827
11,1970,"V",57383.831439518
11,1971,"U",1037381.50009659
11,1971,"V",51570.8141044291
11,1972,"U",621862.185490011
11,1972,"V",40924.7264713817
11,1973,"U",407853.592414195
11,1973,"V",46880.8517923489
11,1974,"U",819317.178086556
11,1974,"V",42137.9451337309
11,1975,"U",456394.495547162
11,1975,"V",38308.472222643
11,1976,"U",877298.455994775
11,1976,"V",43868.7182621633
11,1977,"U",673010.612839734
11,1977,"V",46147.338367921
11,1978,"U",628432.57780129
11,1978,"V",49401.9905723382
11,1979,"U",785176.084319223
11,1979,"V",53022.8020954057
11,1980,"U",726740.526731087
11,1980,"V",59697.4814059757
11,1981,"U",880574.707917915
11,1981,"V",69260.3170996132
11,1982,"U",970870.960796112
11,1982,"V",73465.1571154205
11,1983,"U",777066.227779793
11,1983,"V",60519.1726669165
11,1984,"U",1124008.07436376
11,1984,"V",70626.6600029141
11,1985,"U",1687743.7640672
11,1985,"V",72779.7143464167
11,1986,"U",1735615.58244758
11,1986,"V",78166.2136915005
11,1987,"U",1195545.02717377
11,1987,"V",71876.1483601452
11,1988,"U",1407436.94870386
11,1988,"V",60245.6277649729
11,1989,"U",1588681.34624196
11,1989,"V",69553.5842890376
11,1990,"U",2246808.85432947
11,1990,"V",68444.2931942484
11,1991,"U",2500661.817368
11,1991,"V",56010.7520216716
11,1992,"U",2250781.21273163
11,1992,"V",55563.859557167
11,1993,"U",3236073.17772265
11,1993,"V",58915.7437719101
11,1994,"U",3265086.92654202
11,1994,"V",61601.6177931806
11,1995,"U",2461145.75925095
11,1995,"V",72424.6027102905
11,1996,"U",2047035.46663908
11,1996,"V",74151.9777029243
11,1997,"U",1608031.03757355
11,1997,"V",68301.4622071812
11,1998,"U",1151851.74305545
11,1998,"V",63273.5849969132
11,1999,"U",1406450.1464251
11,1999,"V",64499.8749450705
11,2000,"U",1928913.52949073
11,2000,"V",55618.1498186905
11,2001,"U",2044519.96792484
11,2001,"V",52602.6764040652
11,2002,"U",1887947.51376716
11,2002,"V",63329.094459377
11,2003,"U",1653080.6963625
11,2003,"V",74961.805649568
11,2004,"U",1486573.32062135
11,2004,"V",66928.9392669122
11,2005,"U",1463726.97983205
11,2005,"V",77957.5385427217
11,2006,"U",1588462.94330459
11,2006,"V",74099.8293935222
11,2007,"U",1384271.46185623
11,2007,"V",88875.2249447413
11,2008,"U",1572083.35547759
11,2008,"V",74603.0265183469
11,2009,"U",1570530.67491336
11,2009,"V",75328.9025478878
11,2010,"U",1150895.98932205
11,2010,"V",83904.0592794288
11,2011,"U",1628998.32077873
11,2011,"V",119821.701189094
11,2012,"U",1029488.89197539
11,2012,"V",62931.6385155321
11,2013,"U",1536972.99794545
11,2013,"V",80410.7244071952
11,2014,"U",901154.355982974
11,2014,"V",76686.3553851991
11,2015,"U",1552376.83248064
11,2015,"V",85714.9752558334
11,2016,"U",1096792.13426959
11,2016,"V",75739.0603177523
11,2017,"U",1045944.89239935
11,2017,"V",77163.5928929241
12,1880,"U",0.1045
12,1889,"U",0.1185
12,1890,"U",0.126
12,1891,"U",0.1245
12,1892,"U",0.1223
12,1905,"U",0.191
12,1906,"U",0.1997
12,1907,"U",0.1927
12,1908,"U",0.2099
12,1917,"U",0.3485
12,1921,"U",0.3338
12,1922,"U",0.4017
12,1923,"U",0.4334
12,1924,"U",0.4065
12,1925,"U",0.4963
12,1926,"U",0.5132
12,1927,"U",0.5236
12,1928,"U",0.5972
12,1929,"U",0.7134
12,1930,"U",0.6917
12,1931,"U",0.5941
12,1932,"U",0.6229
12,1933,"U",0.7563
12,1934,"U",1.1011
12,1935,"U",7050.8505
12,1936,"U",7051.146
12,1937,"U",8058.1983
12,1938,"U",8058.2834
12,1939,"U",29200.733
12,1940,"U",40274.3993
12,1941,"U",49333.8656
12,1942,"U",41277.3726
12,1943,"U",63421.1297
12,1944,"U",70463.4208
12,1945,"U",73476.1705
12,1946,"U",82522.0404
12,1947,"U",85524.7086
12,1948,"U",112353.2555
12,1949,"U",83367.0524
12,1950,"U",150105.351530199
12,1950,"V",15452.2805854018
12,1951,"U",137956.349693712
12,1951,"V",15497.2120072245
12,1952,"U",142088.703324274
12,1952,"V",12689.3248285017
12,1953,"U",136783.852928424
12,1953,"V",14492.6179552918
12,1954,"U",133973.568658315
12,1954,"V",15560.4665336507
12,1955,"U",176768.520104304
12,1955,"V",19281.1394381382
12,1956,"U",195021.445005995
12,1956,"V",21868.1317185484
12,1957,"U",222495.783311127
12,1957,"V",29226.1876409823
12,1958,"U",237166.8863983
12,1958,"V",31866.6693422731
12,1959,"U",252606.851853095
12,1959,"V",34669.5629690491
12,1960,"U",247495.018238716
12,1960,"V",37941.4304061892
12,1961,"U",295913.195767928
12,1961,"V",40523.3932771059
12,1962,"U",312878.728277928
12,1962,"V",41977.0431133129
12,1963,"U",341113.577739417
12,1963,"V",37050.048813979
12,1964,"U",351952.647425391
12,1964,"V",46836.8823483992
12,1965,"U",388070.611091905
12,1965,"V",54247.7124007472
12,1966,"U",381378.848224462
12,1966,"V",51119.1798227001
12,1967,"U",413819.775473315
12,1967,"V",53919.6351799493
12,1968,"U",830745.106698648
12,1968,"V",57263.0766405369
12,1969,"U",425305.748517783
12,1969,"V",58694.3022786386
12,1970,"U",480087.548125242
12,1970,"V",212031.743636114
12,1971,"U",500984.89712334
12,1971,"V",239781.364677735
12,1972,"U",691913.061280926
12,1972,"V",228964.49690168
12,1973,"U",704035.463470197
12,1973,"V",279648.595432849
12,1974,"U",574395.589223904
12,1974,"V",341616.314496946
12,1975,"U",635730.600788515
12,1975,"V",142985.497128529
12,1976,"U",619794.885692113
12,1976,"V",172990.624913872
12,1977,"U",428081.816389874
12,1977,"V",246207.23138149
12,1978,"U",406770.351242189
12,1978,"V",210921.928453822
12,1979,"U",430005.153951866
12,1979,"V",148883.987269382
12,1980,"U",385707.340869575
12,1980,"V",111719.482893758
12,1981,"U",418427.889338459
12,1981,"V",126254.02473333
12,1982,"U",455868.202093995
12,1982,"V",172410.114288722
12,1983,"U",507599.892946821
12,1983,"V",188024.562016613
12,1984,"U",452893.549956141
12,1984,"V",161037.96900349
12,1985,"U",475477.202529607
12,1985,"V",176220.181905352
12,1986,"U",524683.685322131
12,1986,"V",163576.249885048
12,1987,"U",541616.566343895
12,1987,"V",161773.214891688
12,1988,"U",502849.778491501
12,1988,"V",181198.623278201
12,1989,"U",569333.19525089
12,1989,"V",237789.633791395
12,1990,"U",651509.551190217
12,1990,"V",216842.152286449
12,1991,"U",507224.549105382
12,1991,"V",210594.895248885
12,1992,"U",471224.619447795
12,1992,"V",182638.070753559
12,1993,"U",446980.87638984
12,1993,"V",223969.893926131
12,1994,"U",533019.205131762
12,1994,"V",259930.156831673
12,1995,"U",570881.133907607
12,1995,"V",239862.032317097
12,1996,"U",733879.563353684
12,1996,"V",291609.571767746
12,1997,"U",690780.221234204
12,1997,"V",323890.999541743
12,1998,"U",742407.925240108
12,1998,"V",294679.846629127
12,1999,"U",487498.352646307
12,1999,"V",214537.915484418
12,2000,"U",437091.150600449
12,2000,"V",192787.203999217
12,2001,"U",526546.314576907
12,2001,"V",219270.533097703
12,2002,"U",544184.905191352
12,2002,"V",221093.219302852
12,2003,"U",512022.436635453
12,2003,"V",207561.434026156
12,2004,"U",622439.887068911
12,2004,"V",177518.712264897
12,2005,"U",525606.116284448
12,2005,"V",156431.15990695
12,2006,"U",424444.041297899
12,2006,"V",166855.132059749
12,2007,"U",408806.264086134
12,2007,"V",211370.965420157
12,2008,"U",381373.439042572
12,2008,"V",206951.145447479
12,2009,"U",429214.369791681
12,2009,"V",192984.323559653
12,2010,"U",358442.398065778
12,2010,"V",145705.138054724
12,2011,"U",354292.212605602
12,2011,"V",131607.640727944
12,2012,"U",352803.863888083
12,2012,"V",125574.784153961
12,2013,"U",349838.898932152
12,2013,"V",126789.64254492
12,2014,"U",356092.13718721
12,2014,"V",119032.747693901
12,2015,"U",373744.454452857
12,2015,"V",135439.640160556
12,2016,"U",435734.044173364
12,2016,"V",134602.877641037
12,2017,"U",441195.276591693
12,2017,"V",140299.611080142
13,1931,"U",18088.6082
13,1932,"U",24472.8218
13,1933,"U",28728.9663
13,1934,"U",27664.9309
13,1935,"U",30857.0376
13,1936,"U",37241.2516
13,1937,"U",39369.3238
13,1938,"U",39950.7595
13,1939,"U",45270.8522
13,1940,"U",47515.0693
13,1941,"U",53532.4397
13,1942,"U",58833.9394
13,1943,"U",75490.54
13,1944,"U",77965.4504
13,1945,"U",87771.5575
13,1946,"U",95584.7705
13,1947,"U",108557.238
13,1948,"U",125772.8218
13,1949,"U",134953.4826
13,1950,"U",304771.146772988
13,1950,"V",80280.0823547646
13,1951,"U",328334.966128
13,1951,"V",89677.5161211014
13,1952,"U",215518.857631465
13,1952,"V",106485.862805018
13,1953,"U",220512.639457714
13,1953,"V",74993.7478153392
13,1954,"U",266156.410018045
13,1954,"V",158855.684118403
13,1955,"U",384931.693696882
13,1955,"V",177361.592874484
13,1956,"U",431266.374669388
13,1956,"V",176394.179489078
13,1957,"U",666321.108659033
13,1957,"V",198285.479409766
13,1958,"U",1178749.94757053
13,1958,"V",187891.919535738
13,1959,"U",2665141.03753451
13,1959,"V",178546.385298464
13,1960,"U",4180544.72602816
13,1960,"V",113375.99227247
13,1961,"U",6187920.54383628
13,1961,"V",146044.806786555
13,1962,"U",8272515.66765923
13,1962,"V",180381.431978382
13,1963,"U",8515907.46602369
13,1963,"V",188504.219669233
13,1964,"U",10628337.7140728
13,1964,"V",214986.00335072
13,1965,"U",8813629.31848326
13,1965,"V",205194.796052757
13,1966,"U",11371073.8763553
13,1966,"V",218468.76993748
13,1967,"U",12467756.6331519
13,1967,"V",266458.745949018
13,1968,"U",12932810.8553222
13,1968,"V",243828.013242762
13,1969,"U",11262177.135341
13,1969,"V",232609.022109828
13,1970,"U",15091415.6443527
13,1970,"V",265931.864502298
13,1971,"U",13539926.9306292
13,1971,"V",294530.621866855
13,1972,"U",6063427.32061645
13,1972,"V",321703.888094883
13,1973,"U",3098711.80179632
13,1973,"V",299145.840209217
13,1974,"U",5381951.31887742
13,1974,"V",264268.402383678
13,1975,"U",4727079.80520643
13,1975,"V",278565.032304684
13,1976,"U",5937512.87771346
13,1976,"V",410635.979641365
13,1977,"U",3748446.35141381
13,1977,"V",283348.449626712
13,1978,"U",5617753.37598923
13,1978,"V",320176.553734857
13,1979,"U",7066444.25425789
13,1979,"V",367552.590024418
13,1980,"U",6475290.20189151
13,1980,"V",365940.843530683
13,1981,"U",7244075.93837995
13,1981,"V",305830.403081348
13,1982,"U",8442314.53331868
13,1982,"V",281667.877753554
13,1983,"U",6678770.32113896
13,1983,"V",296524.469609634
13,1984,"U",9027359.0366518
13,1984,"V",377143.063273792
13,1985,"U",10348130.8466982
13,1985,"V",416655.375349899
13,1986,"U",12921838.4568774
13,1986,"V",426287.49209242
13,1987,"U",11028137.1503624
13,1987,"V",403769.389871312
13,1988,"U",13999025.3098759
13,1988,"V",405957.193968042
13,1989,"U",16369937.0807757
13,1989,"V",484876.604451956
13,1990,"U",12422426.9443931
13,1990,"V",415355.175917704
13,1991,"U",12784428.3283376
13,1991,"V",346545.218183198
13,1992,"U",14089818.1234567
13,1992,"V",416562.910656131
13,1993,"U",14607581.0906833
13,1993,"V",337943.540626627
13,1994,"U",20479987.6428703
13,1994,"V",371939.603165872
13,1995,"U",16788091.7027691
13,1995,"V",382580.379469149
13,1996,"U",17089613.3635434
13,1996,"V",363046.357830805
13,1997,"U",14408035.0655981
13,1997,"V",378606.961046915
13,1998,"U",7386633.6160902
13,1998,"V",469135.486270422
13,1999,"U",14082948.0988211
13,1999,"V",471084.945289704
13,2000,"U",16059173.8951645
13,2000,"V",385109.006201627
13,2001,"U",11756247.7245792
13,2001,"V",373564.30644267
13,2002,"U",13558954.1115954
13,2002,"V",340362.713844214
13,2003,"U",9536662.96869666
13,2003,"V",297052.249957749
13,2004,"U",15064405.1048089
13,2004,"V",327765.503825141
13,2005,"U",14591373.3825401
13,2005,"V",289906.799667525
13,2006,"U",11413570.9585327
13,2006,"V",272219.490292757
13,2007,"U",11453389.4010643
13,2007,"V",367650.842196666
13,2008,"U",11486364.5403013
13,2008,"V",304440.157788131
13,2009,"U",10955052.9178207
13,2009,"V",315050.685920563
13,2010,"U",7345187.40095637
13,2010,"V",379575.469992655
13,2011,"U",12596351.8715659
13,2011,"V",444412.69935851
13,2012,"U",8820019.99102298
13,2012,"V",288137.844093144
13,2013,"U",8591212.84302392
13,2013,"V",261369.046697098
13,2014,"U",7110696.59836797
13,2014,"V",350800.973735667
13,2015,"U",7462433.65856874
13,2015,"V",298590.743252198
13,2016,"U",6100757.81453684
13,2016,"V",287132.561044395
13,2017,"U",6952231.45517094
13,2017,"V",270103.449207627
14,1930,"U",46694.2295
14,1931,"U",36081.9048
14,1932,"U",35020.6722
14,1933,"U",30775.7423
14,1934,"U",36081.9048
14,1935,"U",47755.4621
14,1936,"U",49877.927
14,1937,"U",53061.6244
14,1938,"U",58367.7869
14,1939,"U",58367.7869
14,1940,"U",58367.7869
14,1941,"U",63673.9494
14,1942,"U",61551.4843
14,1943,"U",65796.4141
14,1944,"U",60490.2518
14,1945,"U",57306.5544
14,1946,"U",60490.2518
14,1947,"U",68980.1116
14,1948,"U",75347.5068
14,1949,"U",68980.1116
14,1950,"U",46016.6603031801
14,1950,"V",23055.7401947071
14,1951,"U",65047.7461463657
14,1951,"V",18514.8564783083
14,1952,"U",71853.4364079567
14,1952,"V",15394.5683178788
14,1953,"U",72309.7106777301
14,1953,"V",16827.4132358074
14,1954,"U",78043.9506984068
14,1954,"V",14677.077848575
14,1955,"U",78642.9136957202
14,1955,"V",18488.958500599
14,1956,"U",76102.7451983312
14,1956,"V",25801.2768109721
14,1957,"U",83977.0781416195
14,1957,"V",21918.7997229809
14,1958,"U",82684.0105192762
14,1958,"V",17358.2071109179
14,1959,"U",90791.5883315853
14,1959,"V",21943.24332588
14,1960,"U",103019.731157584
14,1960,"V",29917.849194593
14,1961,"U",93400.8523166671
14,1961,"V",34233.0010404397
14,1962,"U",101000.150149013
14,1962,"V",33565.3370777654
14,1963,"U",129766.760659798
14,1963,"V",35751.740218385
14,1964,"U",221807.638547673
14,1964,"V",43634.8864862701
14,1965,"U",269481.563901945
14,1965,"V",47532.5863464495
14,1966,"U",356208.209686266
14,1966,"V",47447.3616566482
14,1967,"U",662244.943738137
14,1967,"V",76564.7287180553
14,1968,"U",348460.949004379
14,1968,"V",83524.0434758611
14,1969,"U",192178.449897235
14,1969,"V",89833.6469159041
14,1970,"U",210338.974863787
14,1970,"V",79942.1458509656
14,1971,"U",223671.632074425
14,1971,"V",62679.7456355945
14,1972,"U",253522.214769957
14,1972,"V",39013.0731881031
14,1973,"U",308758.503360064
14,1973,"V",31696.9989296295
14,1974,"U",341171.100757308
14,1974,"V",23855.6683626194
14,1975,"U",247135.329914711
14,1975,"V",31315.0822863831
14,1976,"U",399927.02795525
14,1976,"V",34704.6457343435
14,1977,"U",497402.914185419
14,1977,"V",29979.1612752198
14,1978,"U",870377.161925109
14,1978,"V",25737.1310593595
14,1979,"U",971944.36521482
14,1979,"V",24653.031119364
14,1980,"U",708820.281114084
14,1980,"V",15577.8412268627
14,1981,"U",658384.280624268
14,1981,"V",13290.8975224972
14,1982,"U",984321.456817071
14,1982,"V",20294.1227935507
14,1983,"U",1090292.46573795
14,1983,"V",38267.1294314793
14,1984,"U",840396.794855238
14,1984,"V",43012.7886732194
14,1985,"U",1014942.35055677
14,1985,"V",25744.1558409651
14,1986,"U",1304727.19598855
14,1986,"V",21533.0536725791
14,1987,"U",1747770.09741109
14,1987,"V",14123.9040130021
14,1988,"U",1960983.79152851
14,1988,"V",50851.5297851445
14,1989,"U",2005387.94286146
14,1989,"V",68484.6501715452
14,1990,"U",1488237.43135208
14,1990,"V",47069.8447265446
14,1991,"U",1641325.48375103
14,1991,"V",28470.0735071836
14,1992,"U",1591285.13709017
14,1992,"V",45030.786629751
14,1993,"U",1724273.77929493
14,1993,"V",38935.1996347229
14,1994,"U",1654095.89078701
14,1994,"V",45756.3758080707
14,1995,"U",1943354.90301239
14,1995,"V",42559.4239389242
14,1996,"U",2148239.1455358
14,1996,"V",67998.1222131452
14,1997,"U",2277084.35449244
14,1997,"V",75876.3422225498
14,1998,"U",1956845.56142142
14,1998,"V",97777.1144146299
14,1999,"U",2111475.46157551
14,1999,"V",129552.992118793
14,2000,"U",1807876.06185322
14,2000,"V",139572.205472909
14,2001,"U",1546458.10278781
14,2001,"V",202018.349095445
14,2002,"U",1422381.84600023
14,2002,"V",172171.636013815
14,2003,"U",1386137.21711338
14,2003,"V",181577.488086711
14,2004,"U",1216378.79558405
14,2004,"V",128716.405420713
14,2005,"U",1291004.47516313
14,2005,"V",96953.9588824903
14,2006,"U",1638218.17754565
14,2006,"V",216646.331141373
14,2007,"U",1619707.06180698
14,2007,"V",173553.993158139
14,2008,"U",1531361.73680581
14,2008,"V",179245.697729896
14,2009,"U",1080468.08314712
14,2009,"V",227831.761395971
14,2010,"U",1048925.00178115
14,2010,"V",197877.696673964
14,2011,"U",980789.400430692
14,2011,"V",208603.04199239
14,2012,"U",1012729.89849197
14,2012,"V",184026.122626567
14,2013,"U",1148643.14398837
14,2013,"V",221456.242309878
14,2014,"U",1597562.54682279
14,2014,"V",241393.963096301
14,2015,"U",1665545.67030649
14,2015,"V",258999.76477663
14,2016,"U",913221.470715279
14,2016,"V",311937.946553438
14,2017,"U",1056928.44729616
14,2017,"V",407456.065072131
15,1939,"U",24116.0302
15,1940,"U",26002.3951
15,1941,"U",27190.609
15,1942,"U",28150.0788
15,1943,"U",28882.5846
15,1944,"U",27039.7925
15,1945,"U",28738.5979
15,1946,"U",28817.5396
15,1947,"U",33219.0286
15,1948,"U",34471.3723
15,1949,"U",37553.6548
15,1950,"U",121205.438866456
15,1950,"V",12019.3360417056
15,1951,"U",132531.365668784
15,1951,"V",11583.9877103845
15,1952,"U",119124.294066045
15,1952,"V",14916.0416256531
15,1953,"U",134789.590756485
15,1953,"V",11225.5712310613
15,1954,"U",135909.881786623
15,1954,"V",13888.914707845
15,1955,"U",134203.060769766
15,1955,"V",16475.8177291875
15,1956,"U",132017.164722871
15,1956,"V",20728.6089630251
15,1957,"U",120837.404605503
15,1957,"V",23350.3727937717
15,1958,"U",118480.692807978
15,1958,"V",24548.354668703
15,1959,"U",61362.9276050277
15,1959,"V",11126.229529408
15,1960,"U",61223.1454700629
15,1960,"V",13403.616414602
15,1961,"U",68193.5609065231
15,1961,"V",17869.6615900105
15,1962,"U",105967.157200388
15,1962,"V",21838.4428394365
15,1963,"U",95476.8872328397
15,1963,"V",20298.3770865294
15,1964,"U",108992.962658826
15,1964,"V",19780.1218917
15,1965,"U",116685.815229032
15,1965,"V",24233.7459954678
15,1966,"U",134714.866950908
15,1966,"V",24977.6622196957
15,1967,"U",296974.90623694
15,1967,"V",17375.2256594523
15,1968,"U",206531.491933429
15,1968,"V",21183.6516140112
15,1969,"U",170776.511970408
15,1969,"V",20102.191257351
15,1970,"U",159175.35199056
15,1970,"V",28940.9448728897
15,1971,"U",163807.916712412
15,1971,"V",30510.8051770202
15,1972,"U",183558.079527
15,1972,"V",38766.5601687388
15,1973,"U",246613.464676695
15,1973,"V",37855.423580163
15,1974,"U",174669.07119858
15,1974,"V",30833.4036143832
15,1975,"U",175267.413236235
15,1975,"V",28627.4526124819
15,1976,"U",181821.853684581
15,1976,"V",25886.8241032289
15,1977,"U",193975.433551903
15,1977,"V",35723.6339269834
15,1978,"U",191295.693587941
15,1978,"V",38383.2122170862
15,1979,"U",215150.253187757
15,1979,"V",41359.1534407792
15,1980,"U",208088.85591979
15,1980,"V",37594.3805816748
15,1981,"U",210310.387288452
15,1981,"V",34949.6520340332
15,1982,"U",195289.942630889
15,1982,"V",37572.9856463651
15,1983,"U",210564.781549403
15,1983,"V",35465.6513509917
15,1984,"U",221941.752549032
15,1984,"V",42892.4170784854
15,1985,"U",225288.685259347
15,1985,"V",46678.6220033876
15,1986,"U",258626.387226356
15,1986,"V",38809.606704801
15,1987,"U",227536.447767474
15,1987,"V",40864.7706356875
15,1988,"U",215567.044776318
15,1988,"V",33792.5924240951
15,1989,"U",212574.662536276
15,1989,"V",37692.0950540294
15,1990,"U",154076.409460852
15,1990,"V",35366.4776521603
15,1991,"U",152055.846240485
15,1991,"V",30942.1482029736
15,1992,"U",219341.524278833
15,1992,"V",32006.5056137567
15,1993,"U",252227.982249956
15,1993,"V",30340.5910733417
15,1994,"U",160028.811387782
15,1994,"V",30094.6548191398
15,1995,"U",164991.615923814
15,1995,"V",34809.8654876378
15,1996,"U",141758.710372184
15,1996,"V",27773.8001002274
15,1997,"U",186130.350646056
15,1997,"V",33313.8160648971
15,1998,"U",140932.752361839
15,1998,"V",27745.0629727767
15,1999,"U",126979.442643164
15,1999,"V",29580.4975342396
15,2000,"U",140731.359064535
15,2000,"V",31804.1729787881
15,2001,"U",280855.685809368
15,2001,"V",25679.0959997216
15,2002,"U",299697.318880064
15,2002,"V",29207.0356997212
15,2003,"U",236149.228291662
15,2003,"V",29443.7788290688
15,2004,"U",251067.287368416
15,2004,"V",29500.0632849373
15,2005,"U",222555.835757677
15,2005,"V",34577.6049562813
15,2006,"U",390837.567693384
15,2006,"V",34659.0054364927
15,2007,"U",529321.21664241
15,2007,"V",30483.088422413
15,2008,"U",501593.544150477
15,2008,"V",36902.8023357054
15,2009,"U",342758.163017899
15,2009,"V",44326.3755806395
15,2010,"U",326303.060564286
15,2010,"V",33621.467849397
15,2011,"U",350348.993766444
15,2011,"V",45203.6224565503
15,2012,"U",416858.261841782
15,2012,"V",46073.1825431716
15,2013,"U",453121.315953602
15,2013,"V",39661.1336020645
15,2014,"U",183814.269492884
15,2014,"V",42036.2034213278
15,2015,"U",147741.702464053
15,2015,"V",35120.4047519207
15,2016,"U",150446.526639302
15,2016,"V",36365.3451571345
15,2017,"U",153186.81747243
15,2017,"V",35723.4902152091
16,1939,"U",50377.8975
16,1940,"U",54281.3333
16,1941,"U",56714.433
16,1942,"U",58654.6031
16,1943,"U",60100.5851
16,1944,"U",56166.2592
16,1945,"U",59547.5698
16,1946,"U",59491.6054
16,1947,"U",68162.9135
16,1948,"U",69895.4579000001
16,1949,"U",73606.1643
16,1950,"U",158297.463474495
16,1950,"V",13792.4488569103
16,1951,"U",153627.115462583
16,1951,"V",14416.0997135921
16,1952,"U",153553.043409368
16,1952,"V",16628.042749802
16,1953,"U",160914.051791966
16,1953,"V",13727.6287845243
16,1954,"U",137956.833310031
16,1954,"V",15877.2882767394
16,1955,"U",154953.859922005
16,1955,"V",16279.1419308037
16,1956,"U",150962.505061973
16,1956,"V",23596.6019574536
16,1957,"U",130878.797986461
16,1957,"V",24827.3324373796
16,1958,"U",146801.246599313
16,1958,"V",28719.7079960988
16,1959,"U",59333.9510586119
16,1959,"V",12732.9031983782
16,1960,"U",58578.668550999
16,1960,"V",14872.2341469925
16,1961,"U",64006.9423621913
16,1961,"V",18204.4386637597
16,1962,"U",87650.7285034003
16,1962,"V",24893.1651002534
16,1963,"U",78741.1827798058
16,1963,"V",22111.3825306992
16,1964,"U",112358.130223689
16,1964,"V",21476.6976649127
16,1965,"U",106806.130886365
16,1965,"V",25437.3513986392
16,1966,"U",126999.766235574
16,1966,"V",24084.0614252285
16,1967,"U",167028.736121533
16,1967,"V",17276.2090941747
16,1968,"U",150850.449277519
16,1968,"V",19808.6181824005
16,1969,"U",132642.230708056
16,1969,"V",21128.7705962764
16,1970,"U",137545.757605408
16,1970,"V",32668.7065869717
16,1971,"U",152778.090517352
16,1971,"V",36357.3401282117
16,1972,"U",154269.792106984
16,1972,"V",40903.7637193086
16,1973,"U",186811.745962677
16,1973,"V",36033.1318379907
16,1974,"U",175022.872916989
16,1974,"V",27616.727550065
16,1975,"U",197107.744679845
16,1975,"V",29635.0648762055
16,1976,"U",138856.447445793
16,1976,"V",25408.6408375086
16,1977,"U",159128.748321093
16,1977,"V",32216.9578393303
16,1978,"U",170973.885444937
16,1978,"V",36590.6294470938
16,1979,"U",180199.263657231
16,1979,"V",46946.8868999004
16,1980,"U",176056.139120486
16,1980,"V",36158.4674832846
16,1981,"U",190871.592078825
16,1981,"V",36522.4283835006
16,1982,"U",167808.329964636
16,1982,"V",41520.356749591
16,1983,"U",197327.677870594
16,1983,"V",36675.8422207586
16,1984,"U",212924.395424915
16,1984,"V",47267.0685253838
16,1985,"U",225569.823158918
16,1985,"V",48796.7020046749
16,1986,"U",186318.397134134
16,1986,"V",39134.7245790746
16,1987,"U",236849.091465363
16,1987,"V",38022.1459248363
16,1988,"U",209516.874819372
16,1988,"V",37236.2291284885
16,1989,"U",155123.028923347
16,1989,"V",36010.0824495471
16,1990,"U",104327.104497782
16,1990,"V",36158.4500922458
16,1991,"U",142877.601351774
16,1991,"V",36570.9912314471
16,1992,"U",126306.534625566
16,1992,"V",34792.7137614686
16,1993,"U",118307.519921832
16,1993,"V",33596.4572182927
16,1994,"U",158829.094713491
16,1994,"V",30964.0705211478
16,1995,"U",99722.4869787609
16,1995,"V",37764.3750911701
16,1996,"U",117610.702649363
16,1996,"V",29846.5147032142
16,1997,"U",126555.962867439
16,1997,"V",31047.9973238673
16,1998,"U",123465.07581682
16,1998,"V",26281.6981549675
16,1999,"U",118884.080084872
16,1999,"V",26472.7878227192
16,2000,"U",124069.511926342
16,2000,"V",26566.502654192
16,2001,"U",177284.307372963
16,2001,"V",26301.0350505595
16,2002,"U",204173.191023258
16,2002,"V",26628.3284581999
16,2003,"U",173988.078212942
16,2003,"V",29210.3800419591
16,2004,"U",200881.786287177
16,2004,"V",28449.0469417532
16,2005,"U",190076.692937202
16,2005,"V",34375.9674144761
16,2006,"U",206312.240504348
16,2006,"V",31747.2311669074
16,2007,"U",227127.506361148
16,2007,"V",29958.1414147724
16,2008,"U",240549.395012739
16,2008,"V",35206.1135249208
16,2009,"U",238626.530672887
16,2009,"V",38595.7338792113
16,2010,"U",224677.429497697
16,2010,"V",32138.5641515065
16,2011,"U",225404.649695226
16,2011,"V",36644.4331698068
16,2012,"U",293682.755113644
16,2012,"V",38668.0370683177
16,2013,"U",251604.722863962
16,2013,"V",33562.1349045528
16,2014,"U",152401.587168801
16,2014,"V",34088.7008171207
16,2015,"U",128541.791916285
16,2015,"V",32505.358981857
16,2016,"U",134937.27200517
16,2016,"V",31872.4216234725
16,2017,"U",133455.550840311
16,2017,"V",32581.6745843078
17,1939,"U",34819.5052
17,1940,"U",37523.9053
17,1941,"U",39213.6885
17,1942,"U",40558.3904
17,1943,"U",41576.339
17,1944,"U",38871.6147
17,1945,"U",41229.219
17,1946,"U",41224.9007
17,1947,"U",47273.8786
17,1948,"U",48600.9507
17,1949,"U",51446.8686
17,1950,"U",136378.007489529
17,1950,"V",13985.8033886197
17,1951,"U",144278.797424891
17,1951,"V",14721.2988006301
17,1952,"U",169521.772868208
17,1952,"V",15648.3422987751
17,1953,"U",124394.984884633
17,1953,"V",16007.9699372162
17,1954,"U",152638.317360556
17,1954,"V",17080.8758773108
17,1955,"U",139840.747795051
17,1955,"V",18334.4551033213
17,1956,"U",166169.072585565
17,1956,"V",23935.9913546649
17,1957,"U",135357.776611612
17,1957,"V",29626.3505568883
17,1958,"U",150606.066985239
17,1958,"V",29604.9913990817
17,1959,"U",85023.4361453015
17,1959,"V",16485.6986054591
17,1960,"U",99421.1144721102
17,1960,"V",18687.9063426203
17,1961,"U",97258.7696286534
17,1961,"V",26569.882431017
17,1962,"U",142105.626583199
17,1962,"V",31623.7691187825
17,1963,"U",124642.03194443
17,1963,"V",31228.165599505
17,1964,"U",145735.058045559
17,1964,"V",29325.9719899827
17,1965,"U",152646.806500173
17,1965,"V",39103.3142811023
17,1966,"U",167097.154704399
17,1966,"V",41574.3401441043
17,1967,"U",179675.367406827
17,1967,"V",31287.9317766883
17,1968,"U",185977.681446651
17,1968,"V",34331.1333917019
17,1969,"U",165295.600685751
17,1969,"V",38199.726018952
17,1970,"U",218384.834213757
17,1970,"V",140791.951877916
17,1971,"U",244337.433476321
17,1971,"V",205115.302003328
17,1972,"U",251635.429795886
17,1972,"V",169274.766153918
17,1973,"U",317398.348386296
17,1973,"V",134015.755485501
17,1974,"U",265303.934662107
17,1974,"V",159007.089917087
17,1975,"U",278744.30260989
17,1975,"V",147889.686383125
17,1976,"U",266517.616708061
17,1976,"V",240378.776423438
17,1977,"U",284218.266249879
17,1977,"V",71275.7966027239
17,1978,"U",276716.795632726
17,1978,"V",55631.0385281167
17,1979,"U",292291.606632528
17,1979,"V",67017.9749703247
17,1980,"U",272671.724936338
17,1980,"V",50261.0925811728
17,1981,"U",243683.09771806
17,1981,"V",51809.5339535091
17,1982,"U",267534.775805308
17,1982,"V",53392.3020692088
17,1983,"U",297334.272029921
17,1983,"V",51121.8582956384
17,1984,"U",301745.395520352
17,1984,"V",55924.5517751887
17,1985,"U",318758.863185725
17,1985,"V",64022.3723074295
17,1986,"U",300084.446493738
17,1986,"V",56751.8780526595
17,1987,"U",314588.835790072
17,1987,"V",55813.9615564896
17,1988,"U",224956.994288809
17,1988,"V",47869.2049003063
17,1989,"U",270652.356939572
17,1989,"V",58168.1672120342
17,1990,"U",201408.999193562
17,1990,"V",57828.5723768352
17,1991,"U",228123.25922305
17,1991,"V",52104.022601379
17,1992,"U",252708.82562068
17,1992,"V",49104.526997224
17,1993,"U",257268.201088747
17,1993,"V",48552.2538790941
17,1994,"U",250361.523123646
17,1994,"V",54096.5809180181
17,1995,"U",215434.031819945
17,1995,"V",63053.3487376492
17,1996,"U",227208.08546945
17,1996,"V",65832.9730994711
17,1997,"U",257231.214138026
17,1997,"V",70662.1935225829
17,1998,"U",235512.546145796
17,1998,"V",71582.3750316968
17,1999,"U",223877.166152522
17,1999,"V",71427.5211645728
17,2000,"U",221671.973393659
17,2000,"V",85574.9544399918
17,2001,"U",268058.844839057
17,2001,"V",95727.0479347657
17,2002,"U",286258.58036534
17,2002,"V",84056.1872819039
17,2003,"U",309037.248656445
17,2003,"V",97946.3007710256
17,2004,"U",290297.657937141
17,2004,"V",90959.0673446646
17,2005,"U",309776.205987485
17,2005,"V",92317.5664255082
17,2006,"U",322504.45683706
17,2006,"V",90265.8014279105
17,2007,"U",371806.274355994
17,2007,"V",87482.6962342076
17,2008,"U",313285.617370154
17,2008,"V",89703.5717688694
17,2009,"U",339123.996340359
17,2009,"V",99258.7992937574
17,2010,"U",346601.71977288
17,2010,"V",81366.0847068858
17,2011,"U",345993.051862322
17,2011,"V",83954.4272792021
17,2012,"U",362527.070780732
17,2012,"V",86598.6872634684
17,2013,"U",325344.515038515
17,2013,"V",86239.2444581855
17,2014,"U",248266.53886472
17,2014,"V",72651.4206319753
17,2015,"U",223322.915782068
17,2015,"V",73571.7160992371
17,2016,"U",233556.25296595
17,2016,"V",74193.3725956153
17,2017,"U",230843.748369839
17,2017,"V",81687.9095976528
18,1950,"U",699911.902900168
18,1950,"V",131092.200446189
18,1951,"U",675347.449561412
18,1951,"V",119693.192955198
18,1952,"U",897039.560967232
18,1952,"V",115956.114530039
18,1953,"U",853331.524637888
18,1953,"V",97502.1491028101
18,1954,"U",978997.744088857
18,1954,"V",91699.5672043136
18,1955,"U",1033514.79225874
18,1955,"V",112665.295475764
18,1956,"U",1185621.96525512
18,1956,"V",93916.8694646685
18,1957,"U",1134874.24173246
18,1957,"V",99809.3708539267
18,1958,"U",1126905.55655659
18,1958,"V",104079.690222838
18,1959,"U",1162849.47294194
18,1959,"V",73828.9667061299
18,1960,"U",385580.502904943
18,1960,"V",2094.22474271932
18,1961,"U",329290.77520467
18,1961,"V",2994.41431111191
18,1962,"U",458068.069054493
18,1962,"V",4216.47497700905
18,1963,"U",382295.4422499
18,1963,"V",3920.3619487102
18,1964,"U",355406.689033
18,1964,"V",4437.81654809794
18,1965,"U",402671.605464775
18,1965,"V",5911.32665638142
18,1966,"U",391870.611045503
18,1966,"V",6334.04022780863
18,1967,"U",446041.892918303
18,1967,"V",6613.28022831732
18,1968,"U",555830.794927184
18,1968,"V",6565.68767910682
18,1969,"U",535885.253686651
18,1969,"V",7910.57815380492
18,1970,"U",410941.709116985
18,1970,"V",10058.6061437939
18,1971,"U",412430.717545147
18,1971,"V",11138.5607961186
18,1972,"U",272091.410394742
18,1972,"V",12100.5607041006
18,1973,"U",236431.080071979
18,1973,"V",15322.7102399446
18,1974,"U",246916.297638242
18,1974,"V",26266.5836194831
18,1975,"U",275134.096320349
18,1975,"V",37352.8066061508
18,1976,"U",210739.90331285
18,1976,"V",53282.3461800431
18,1977,"U",123997.894047457
18,1977,"V",47731.2795459391
18,1978,"U",92865.691595447
18,1978,"V",32270.2659116255
18,1979,"U",131601.959956989
18,1979,"V",38776.0626995151
18,1980,"U",115676.475028151
18,1980,"V",46810.2446298594
18,1981,"U",111704.44640317
18,1981,"V",48001.3595204595
18,1982,"U",188426.671908745
18,1982,"V",46284.4838285831
18,1983,"U",114352.195310472
18,1983,"V",62413.9720195027
18,1984,"U",80251.7319953934
18,1984,"V",51012.4306537508
18,1985,"U",74859.9091631818
18,1985,"V",73515.71206014
18,1986,"U",62581.0657539573
18,1986,"V",72899.6314857842
18,1987,"U",48266.9309256821
18,1987,"V",74483.3777899176
18,1988,"U",86414.7551197577
18,1988,"V",71677.2485010675
18,1989,"U",124635.983847013
18,1989,"V",84210.8879636061
18,1990,"U",133095.430744423
18,1990,"V",84396.2206234884
18,1991,"U",68417.364839693
18,1991,"V",89973.1774789568
18,1992,"U",66762.3816107851
18,1992,"V",55416.9528397257
18,1993,"U",79568.3724781437
18,1993,"V",92251.4454932239
18,1994,"U",111632.945914333
18,1994,"V",255141.248520342
18,1995,"U",113505.568091483
18,1995,"V",227921.88928555
18,1996,"U",142251.58823547
18,1996,"V",200827.343183936
18,1997,"U",126389.806731374
18,1997,"V",190052.096035216
18,1998,"U",84476.6454536863
18,1998,"V",184544.804501716
18,1999,"U",96972.0163447573
18,1999,"V",168231.993524932
18,2000,"U",117904.504872069
18,2000,"V",222958.577651653
18,2001,"U",98194.4919628551
18,2001,"V",220862.103290666
18,2002,"U",120186.915579731
18,2002,"V",277526.656012688
18,2003,"U",234348.113763937
18,2003,"V",290436.526182311
18,2004,"U",158299.166607802
18,2004,"V",366505.956953235
18,2005,"U",134788.348739338
18,2005,"V",281506.881348288
18,2006,"U",262537.67848604
18,2006,"V",321758.880233639
18,2007,"U",130833.395696917
18,2007,"V",220807.616526358
18,2008,"U",224152.918560644
18,2008,"V",298673.149463582
18,2009,"U",232147.732187185
18,2009,"V",258633.859638478
18,2010,"U",93128.7635915123
18,2010,"V",196947.413324212
18,2011,"U",119719.394279626
18,2011,"V",244302.126196055
18,2012,"U",217591.508284061
18,2012,"V",220246.290192549
18,2013,"U",108976.356581204
18,2013,"V",208572.228505716
18,2014,"U",104454.123686053
18,2014,"V",163463.389013035
18,2015,"U",109240.428176638
18,2015,"V",225680.983300042
18,2016,"U",122828.514979624
18,2016,"V",151531.387743075
18,2017,"U",96245.6793265173
18,2017,"V",130581.068424789
19,1903,"U",0.8906
19,1903,"V",0.0196
19,1904,"U",1.0169
19,1904,"V",0.0194
19,1905,"U",1.1288
19,1905,"V",0.005
19,1906,"U",2.4047
19,1906,"V",0.0883
19,1907,"U",4.2498
19,1907,"V",0.028
19,1908,"U",3.1392
19,1908,"V",0.0629
19,1909,"U",3.171
19,1909,"V",0.0354
19,1910,"U",3.3065
19,1910,"V",0.0604
19,1911,"U",4.7189
19,1911,"V",0.0673
19,1912,"U",4.9377
19,1912,"V",0.1023
19,1913,"U",5.8549
19,1913,"V",0.1691
19,1914,"U",6.1184
19,1914,"V",0.208
19,1915,"U",2.9586
19,1915,"V",0.0854
19,1916,"U",2.468
19,1916,"V",0.0077
19,1917,"U",1.5247
19,1917,"V",0.0038
19,1918,"U",2.1494
19,1919,"U",3.8234
19,1919,"V",0.0532
19,1920,"U",7.6857
19,1920,"V",0.1192
19,1921,"U",7.9835
19,1921,"V",0.0583
19,1922,"U",11.1017
19,1922,"V",0.1222
19,1923,"U",11.1445
19,1923,"V",0.2152
19,1924,"U",14.8538
19,1924,"V",0.2869
19,1925,"U",15.5777
19,1925,"V",0.3237
19,1926,"U",17.4529
19,1926,"V",0.294
19,1927,"U",18.567
19,1927,"V",0.3426
19,1928,"U",23.2151
19,1928,"V",0.2165
19,1929,"U",35.644
19,1929,"V",0.4547
19,1930,"U",95.9302
19,1930,"V",2.0051
19,1931,"U",158.1846
19,1931,"V",1.1743
19,1932,"U",219.86
19,1932,"V",1.9495
19,1933,"U",328.3426
19,1933,"V",2.1387
19,1934,"U",327.2646
19,1934,"V",4.0773
19,1935,"U",336.6844
19,1935,"V",1.9168
19,1936,"U",526.0127
19,1936,"V",2.4151
19,1937,"U",470.7658
19,1937,"V",2.6587
19,1938,"U",6100.4678
19,1938,"V",5.4928
19,1939,"U",5461.4977
19,1939,"V",2.3301
19,1940,"U",7668.46370000001
19,1940,"V",0.2709
19,1941,"U",8264.1393
19,1941,"V",0.2245
19,1942,"U",11476.6681
19,1942,"V",0.237
19,1943,"U",12413.8289
19,1943,"V",0.246
19,1944,"U",12760.7298
19,1944,"V",0.2553
19,1945,"U",13476.0887
19,1945,"V",0.2926
19,1946,"U",14653.5964
19,1946,"V",2.4668
19,1947,"U",16794.24
19,1947,"V",5.3616
19,1948,"U",17542.9288
19,1948,"V",67.1607000000001
19,1949,"U",16064.4814
19,1949,"V",40.3481
19,1950,"U",486187.505857877
19,1950,"V",31.1143210548144
19,1951,"U",507905.594132502
19,1951,"V",9.18130007853688
19,1952,"U",675653.327063944
19,1952,"V",25.3464096132484
19,1953,"U",666003.858620613
19,1953,"V",1.50710999743024
19,1954,"U",766102.586466573
19,1954,"V",11.1312999053771
19,1955,"U",782170.490852911
19,1955,"V",22.4618297788693
19,1956,"U",936601.796274009
19,1956,"V",8.5847798526338
19,1957,"U",804833.178931263
19,1957,"V",15.0246596433208
19,1958,"U",247783.636213047
19,1958,"V",103.804990866396
19,1959,"U",300818.684706533
19,1959,"V",139.585420680175
19,1960,"U",323277.144619962
19,1960,"V",25.6740299688608
19,1961,"U",330386.501152586
19,1961,"V",81.7467590726664
19,1962,"U",358316.106277379
19,1962,"V",2.19079000996135
19,1963,"U",485362.93687148
19,1963,"V",408.3128603427
19,1964,"U",379664.796024385
19,1964,"V",31.2308103486758
19,1965,"U",439421.005664588
19,1965,"V",13.8697601450076
19,1966,"U",497511.224608258
19,1966,"V",57.6334389150798
19,1967,"U",475596.254566488
19,1967,"V",48.3916702616261
19,1968,"U",560973.117289478
19,1968,"V",69.7902587069839
19,1969,"U",654836.91701991
19,1969,"V",30.3643196602643
19,1970,"U",778607.035406192
19,1970,"V",198.202931850352
19,1971,"U",766178.7889418
19,1971,"V",200.368759107092
19,1972,"U",527153.096146047
19,1972,"V",167.817710053816
19,1973,"U",716129.290127359
19,1973,"V",182.980081413869
19,1974,"U",642650.542918333
19,1974,"V",282.188840916042
19,1975,"U",755733.856188889
19,1975,"V",214.910238862587
19,1976,"U",1319787.23067905
19,1976,"V",241.649479935532
19,1977,"U",1424231.66607689
19,1977,"V",813.366271913459
19,1978,"U",1108750.91942001
19,1978,"V",4903.58734417275
19,1979,"U",1211807.62397605
19,1979,"V",8047.06722633904
19,1980,"U",1235863.06736361
19,1980,"V",23795.5415440422
19,1981,"U",922216.999204033
19,1981,"V",19362.7122181404
19,1982,"U",488041.184187851
19,1982,"V",16903.8276530697
19,1983,"U",512283.129266595
19,1983,"V",29395.060281883
19,1984,"U",559037.594699904
19,1984,"V",36718.0371443795
19,1985,"U",1012721.9638761
19,1985,"V",44678.8275670469
19,1986,"U",1055991.01935035
19,1986,"V",32127.6816354367
19,1987,"U",977667.048236943
19,1987,"V",40177.4523664414
19,1988,"U",665046.749563736
19,1988,"V",49404.7154227749
19,1989,"U",492105.894173198
19,1989,"V",29027.7810343764
19,1990,"U",239736.441315035
19,1990,"V",29758.4581887273
19,1991,"U",343646.650399357
19,1991,"V",33759.0241182883
19,1992,"U",1265369.74739297
19,1992,"V",50592.9799575093
19,1993,"U",1081656.85968877
19,1993,"V",45527.9840469726
19,1994,"U",847655.467391198
19,1994,"V",51928.1312251477
19,1995,"U",683824.52965136
19,1995,"V",57451.885600393
19,1996,"U",1138117.37267427
19,1996,"V",60633.8165848468
19,1997,"U",1343119.44792067
19,1997,"V",48739.20261704
19,1998,"U",859510.157845887
19,1998,"V",54046.118185781
19,1999,"U",384721.108068273
19,1999,"V",44176.427601977
19,2000,"U",343606.803778214
19,2000,"V",59305.9703921726
19,2001,"U",806513.609908438
19,2001,"V",59487.7259813662
19,2002,"U",741222.744657183
19,2002,"V",47458.0893362923
19,2003,"U",561352.872218041
19,2003,"V",64456.0428043151
19,2004,"U",586580.263399689
19,2004,"V",5568.98840938733
19,2005,"U",305312.372868839
19,2005,"V",55676.7975793212
19,2006,"U",423830.91044829
19,2006,"V",4601.68699148552
19,2007,"U",523407.553413767
19,2007,"V",11059.4357891005
19,2008,"U",687521.734668361
19,2008,"V",46954.567847935
19,2009,"U",694051.654326119
19,2009,"V",9900.3864452688
19,2010,"U",420452.119510963
19,2010,"V",6012.7851781632
19,2011,"U",762530.38529007
19,2011,"V",882.957782066864
19,2012,"U",513904.523252282
19,2012,"V",9488.96100727008
19,2013,"U",348293.826665425
19,2013,"V",56608.8323207048
19,2014,"U",246522.421722596
19,2014,"V",42436.6581240217
19,2015,"U",243867.012270914
19,2015,"V",41774.2822241669
19,2016,"U",453408.980379036
19,2016,"V",61753.2403966594
19,2017,"U",522088.542210719
19,2017,"V",48870.9167639527
20,1903,"U",14935.4719
20,1903,"V",811.0166
20,1904,"U",18037.756
20,1904,"V",786.7259
20,1905,"U",20621.3686
20,1905,"V",235.2558
20,1906,"U",2638.5112
20,1906,"V",1268.8911
20,1907,"U",4826.5581
20,1907,"V",0.416
20,1908,"U",7773.1484
20,1908,"V",1.4567
20,1909,"U",18001.8675
20,1909,"V",1.4539
20,1910,"U",17244.1857
20,1910,"V",2.2867
20,1911,"U",21120.5049
20,1911,"V",33.4421
20,1912,"U",20307.5182
20,1912,"V",26.0243
20,1913,"U",15912.4473
20,1913,"V",13.3151
20,1914,"U",4376.451
20,1914,"V",125.6022
20,1915,"U",1045.8752
20,1915,"V",5.4712
20,1916,"U",20028.9119
20,1916,"V",0.0474
20,1917,"U",12636.4968
20,1917,"V",0.0474
20,1918,"U",8001.2262
20,1918,"V",0.0474
20,1919,"U",1345.3274
20,1919,"V",8.7454
20,1920,"U",2460.0208
20,1920,"V",21.4026
20,1921,"U",10603.7518
20,1921,"V",16.3308
20,1922,"U",21149.4867
20,1922,"V",75.6705
20,1923,"U",30340.873
20,1923,"V",299.0912
20,1924,"U",40330.4754
20,1924,"V",537.7784
20,1925,"U",40867.2049
20,1925,"V",1005.2935
20,1926,"U",40715.6183
20,1926,"V",347.8449
20,1927,"U",31497.519
20,1927,"V",132.6436
20,1928,"U",46055.4436
20,1928,"V",471.1139
20,1929,"U",91182.2199
20,1929,"V",1107.2087
20,1930,"U",168072.9962
20,1930,"V",3228.058
20,1931,"U",143248.8218
20,1931,"V",1767.8778
20,1932,"U",118579.074
20,1932,"V",2517.9243
20,1933,"U",133661.5298
20,1933,"V",2571.3548
20,1934,"U",162691.7207
20,1934,"V",4930.3403
20,1935,"U",226006.2093
20,1935,"V",8007.0294
20,1936,"U",336146.4285
20,1936,"V",14927.1361
20,1937,"U",392131.2573
20,1937,"V",15862.3465
20,1938,"U",404327.3754
20,1938,"V",13857.3564
20,1939,"U",200175.2652
20,1939,"V",9319.8924
20,1940,"U",42947.5846
20,1940,"V",350.6192
20,1941,"U",32493.6239
20,1941,"V",0.0238
20,1942,"U",37092.1446
20,1942,"V",0.0238
20,1943,"U",36704.6149
20,1943,"V",0.0238
20,1944,"U",42142.0498
20,1944,"V",0.0239
20,1945,"U",56621.7307
20,1945,"V",0.0238
20,1946,"U",263600.8486
20,1946,"V",1400.3569
20,1947,"U",298150.5004
20,1947,"V",8408.9301
20,1948,"U",302620.0522
20,1948,"V",13467.4714
20,1949,"U",362539.6248
20,1949,"V",12708.8765
20,1950,"U",1017410.05784885
20,1950,"V",1324.63168676286
20,1951,"U",1326879.39255599
20,1951,"V",2936.86896821527
20,1952,"U",1146246.58022713
20,1952,"V",3258.3834254309
20,1953,"U",1047561.64153863
20,1953,"V",4235.37297917144
20,1954,"U",1078028.48726958
20,1954,"V",4562.27245875575
20,1955,"U",1509014.50343936
20,1955,"V",5046.23476975061
20,1956,"U",1555762.69544567
20,1956,"V",5188.05987734428
20,1957,"U",1282074.51292955
20,1957,"V",5210.45822391772
20,1958,"U",1436911.24053337
20,1958,"V",5135.44130050495
20,1959,"U",1431319.86683528
20,1959,"V",7055.74248954269
20,1960,"U",1650258.62276873
20,1960,"V",8086.58423865153
20,1961,"U",1692837.14640099
20,1961,"V",9767.28794226486
20,1962,"U",1614141.77727049
20,1962,"V",0.00805000023683533
20,1963,"U",1528363.36163818
20,1963,"V",10153.5237228963
20,1964,"U",1512518.85279434
20,1964,"V",9762.04846009851
20,1965,"U",1727221.06133924
20,1965,"V",7801.68677786034
20,1966,"U",2172862.60376544
20,1966,"V",5681.33438510309
20,1967,"U",2240283.69243241
20,1967,"V",6223.52768576037
20,1968,"U",2260330.19238827
20,1968,"V",5705.89379064271
20,1969,"U",2291535.35192548
20,1969,"V",5051.96827377699
20,1970,"U",2767199.83176255
20,1970,"V",6929.24689603895
20,1971,"U",2706068.68706823
20,1971,"V",11260.8174907864
20,1972,"U",2532042.34718652
20,1972,"V",7348.54422457251
20,1973,"U",2963725.73912288
20,1973,"V",9137.22032100201
20,1974,"U",2610478.55883383
20,1974,"V",8613.64422781283
20,1975,"U",2996758.22287252
20,1975,"V",16739.5723042234
20,1976,"U",3090511.52665365
20,1976,"V",18746.0951249954
20,1977,"U",3295320.0892684
20,1977,"V",23838.7944315948
20,1978,"U",2854518.77056378
20,1978,"V",41946.4015015308
20,1979,"U",2690631.12093286
20,1979,"V",45554.9674277544
20,1980,"U",2889562.74037005
20,1980,"V",39657.6374977772
20,1981,"U",2931090.44362021
20,1981,"V",42185.1612019689
20,1982,"U",2455102.25378873
20,1982,"V",62337.7864040404
20,1983,"U",2589033.35695438
20,1983,"V",76015.3858587956
20,1984,"U",2243139.13309423
20,1984,"V",106554.986022618
20,1985,"U",1934934.81326842
20,1985,"V",97392.510619922
20,1986,"U",1428392.31108455
20,1986,"V",75084.4435861459
20,1987,"U",1394383.61357625
20,1987,"V",86380.1105367931
20,1988,"U",1365935.2054386
20,1988,"V",64676.9866770476
20,1989,"U",1252966.89679215
20,1989,"V",70097.7529720497
20,1990,"U",920893.845737663
20,1990,"V",91059.9952591628
20,1991,"U",1403604.53489029
20,1991,"V",81525.858986151
20,1992,"U",1556904.56806461
20,1992,"V",98256.849635542
20,1993,"U",1750126.48736155
20,1993,"V",77906.6981937302
20,1994,"U",1634254.56993211
20,1994,"V",60921.0822219406
20,1995,"U",1665281.29828503
20,1995,"V",107980.071767406
20,1996,"U",1765151.84642596
20,1996,"V",100920.570177716
20,1997,"U",1797194.99595
20,1997,"V",127340.265534544
20,1998,"U",1892957.21500852
20,1998,"V",135480.271142358
20,1999,"U",1835630.73874866
20,1999,"V",160520.358860083
20,2000,"U",1748028.09198804
20,2000,"V",143986.729383937
20,2001,"U",2364912.27982979
20,2001,"V",121934.778972163
20,2002,"U",2243269.46549861
20,2002,"V",104782.707247521
20,2003,"U",2090585.00921985
20,2003,"V",84208.8553063201
20,2004,"U",2436508.63305885
20,2004,"V",79805.4571961946
20,2005,"U",2143118.66265808
20,2005,"V",63159.4680351776
20,2006,"U",2890327.81513412
20,2006,"V",144477.628670479
20,2007,"U",2776371.87795589
20,2007,"V",167366.523358743
20,2008,"U",3305258.79562491
20,2008,"V",144850.770117941
20,2009,"U",3137297.53339137
20,2009,"V",113683.026718681
20,2010,"U",3240153.10599542
20,2010,"V",108134.498612478
20,2011,"U",2946462.5556631
20,2011,"V",53131.8802099898
20,2012,"U",2771254.01287392
20,2012,"V",48611.2558170213
20,2013,"U",3445150.7893257
20,2013,"V",47344.4435362735
20,2014,"U",3286485.79145915
20,2014,"V",51936.0072375342
20,2015,"U",3233407.91575362
20,2015,"V",64197.0264794579
20,2016,"U",2882138.97654033
20,2016,"V",55003.2942104372
20,2017,"U",2776867.76323613
20,2017,"V",63162.2802186769
21,1903,"U",2269.107
21,1903,"V",146.3036
21,1904,"U",2504.6004
21,1904,"V",141.9209
21,1905,"U",2993.0445
21,1905,"V",42.4404
21,1906,"U",6.0112
21,1906,"V",228.6353
21,1907,"U",13.5659
21,1907,"V",1e-04
21,1908,"U",63.018
21,1908,"V",2e-04
21,1909,"U",78.0077
21,1909,"V",4e-04
21,1910,"U",30.8226
21,1910,"V",5e-04
21,1911,"U",327.5295
21,1911,"V",0.0047
21,1912,"U",414.1705
21,1912,"V",0.0048
21,1913,"U",364.5393
21,1913,"V",0.005
21,1914,"U",310.4932
21,1914,"V",0.006
21,1915,"U",79.6319
21,1915,"V",0.0095
21,1916,"U",3618.6934
21,1916,"V",0.0087
21,1917,"U",2281.6209
21,1917,"V",0.0087
21,1918,"U",1510.2996
21,1918,"V",0.0086
21,1919,"U",286.8283
21,1919,"V",1.579
21,1920,"U",556.0468
21,1920,"V",3.3753
21,1921,"U",2489.2925
21,1921,"V",0.011
21,1922,"U",2867.9882
21,1922,"V",0.0118
21,1923,"U",3961.575
21,1923,"V",1.5492
21,1924,"U",2528.4189
21,1924,"V",0.0045
21,1925,"U",0.0044
21,1925,"V",0.0024
21,1926,"U",0.0032
21,1926,"V",0.0018
21,1927,"U",7.5671
21,1927,"V",0.0949
21,1928,"U",285.7559
21,1928,"V",13.7822
21,1929,"U",152.1968
21,1929,"V",11.971
21,1930,"U",210.3261
21,1930,"V",19.8292
21,1931,"U",552.4348
21,1931,"V",59.7695
21,1932,"U",1600.75
21,1932,"V",51.1156
21,1933,"U",1409.4448
21,1933,"V",114.4826
21,1934,"U",7107.5304
21,1934,"V",510.1638
21,1935,"U",15599.7196
21,1935,"V",3578.5129
21,1936,"U",24602.8559
21,1936,"V",7735.8174
21,1937,"U",37711.2769
21,1937,"V",8041.7467
21,1938,"U",29803.9532
21,1938,"V",5837.0498
21,1939,"U",37816.4561
21,1939,"V",4694.7202
21,1940,"U",8553.2165
21,1940,"V",175.2961
21,1941,"U",7255.8281
21,1941,"V",0.005
21,1942,"U",9594.4784
21,1942,"V",0.0045
21,1943,"U",9389.8157
21,1943,"V",0.0051
21,1944,"U",10333.4783
21,1944,"V",0.0055
21,1945,"U",12725.5171
21,1945,"V",0.0062
21,1946,"U",8723.2951
21,1946,"V",138.8365
21,1947,"U",15924.4397
21,1947,"V",2029.063
21,1948,"U",23403.9026
21,1948,"V",3845.5454
21,1949,"U",17592.872
21,1949,"V",3833.8935
21,1950,"U",252222.726473007
21,1950,"V",1404.54673222955
21,1951,"U",316502.304609978
21,1951,"V",1333.0256829033
21,1952,"U",407369.312880492
21,1952,"V",1136.46371647655
21,1953,"U",319422.057640217
21,1953,"V",1268.99250354122
21,1954,"U",399332.712682733
21,1954,"V",1357.353997883
21,1955,"U",332546.719528968
21,1955,"V",1853.88987358795
21,1956,"U",400248.242022188
21,1956,"V",2263.2297294202
21,1957,"U",408670.536728537
21,1957,"V",1780.84736942365
21,1958,"U",476542.837287557
21,1958,"V",1230.05809446226
21,1959,"U",435933.7064521
21,1959,"V",2229.97270917943
21,1960,"U",452552.358280297
21,1960,"V",1986.72619775817
21,1961,"U",449073.336447036
21,1961,"V",2754.24761777746
21,1962,"U",356287.922217723
21,1963,"U",384162.685702665
21,1963,"V",2981.13054167979
21,1964,"U",445668.289827051
21,1964,"V",1830.39584786454
21,1965,"U",813727.277580777
21,1965,"V",2583.55054411211
21,1966,"U",965667.017286934
21,1966,"V",1280.91624790688
21,1967,"U",970329.29850645
21,1967,"V",2209.97256785232
21,1968,"U",776586.109588802
21,1968,"V",1316.02224591734
21,1969,"U",544211.443597791
21,1969,"V",1349.28120395623
21,1970,"U",943475.040708557
21,1970,"V",705.080058544565
21,1971,"U",794804.560348588
21,1971,"V",770.557544172443
21,1972,"U",774196.711964985
21,1972,"V",840.146107993961
21,1973,"U",445807.05328085
21,1973,"V",1247.61440274545
21,1974,"U",738507.390610448
21,1974,"V",1313.95325451518
21,1975,"U",997800.82753524
21,1975,"V",6742.49950180782
21,1976,"U",1294023.87947698
21,1976,"V",1410.17871918022
21,1977,"U",1455642.61598926
21,1977,"V",2693.78479589207
21,1978,"U",1382133.07174312
21,1978,"V",3663.91573513774
21,1979,"U",960365.484070929
21,1979,"V",5908.78086859344
21,1980,"U",871306.520568255
21,1980,"V",3029.64062287452
21,1981,"U",1298125.00478258
21,1981,"V",5476.21000466489
21,1982,"U",927658.311690794
21,1982,"V",5676.90115470831
21,1983,"U",993845.190105147
21,1983,"V",8106.23271105554
21,1984,"U",792571.917112574
21,1984,"V",7074.22898993617
21,1985,"U",683256.948446975
21,1985,"V",6498.45429480785
21,1986,"U",453805.676838824
21,1986,"V",9353.25699001048
21,1987,"U",577156.854954418
21,1987,"V",13619.0328225735
21,1988,"U",974988.463293611
21,1988,"V",6004.97182383024
21,1989,"U",958829.060807638
21,1989,"V",6658.42721272347
21,1990,"U",961226.445746352
21,1990,"V",6908.73460828151
21,1991,"U",629744.994205812
21,1991,"V",7656.92286385053
21,1992,"U",727248.655267968
21,1992,"V",13174.8856911448
21,1993,"U",673679.866744617
21,1993,"V",8156.22170498125
21,1994,"U",683153.049823665
21,1994,"V",4187.67244353009
21,1995,"U",747844.99098102
21,1995,"V",3972.90934754142
21,1996,"U",996489.814465679
21,1996,"V",5156.16864757693
21,1997,"U",1008742.44651096
21,1997,"V",6353.73634639627
21,1998,"U",974176.892817434
21,1998,"V",9113.88355052689
21,1999,"U",1375533.78132665
21,1999,"V",9365.93587840705
21,2000,"U",942170.317812726
21,2000,"V",12794.3394955047
21,2001,"U",1420554.45003272
21,2001,"V",19246.3690104087
21,2002,"U",1545786.01522682
21,2002,"V",12985.0707609835
21,2003,"U",1411379.62774684
21,2003,"V",10740.6129453974
21,2004,"U",911445.405163491
21,2004,"V",9050.83999329614
21,2005,"U",959795.272219144
21,2005,"V",6186.51813029415
21,2006,"U",1667904.86760583
21,2006,"V",16473.02572687
21,2007,"U",1392999.29930432
21,2007,"V",23505.2110929105
21,2008,"U",1442906.69692912
21,2008,"V",11926.7091791268
21,2009,"U",1235623.41739136
21,2009,"V",22070.6964921554
21,2010,"U",1536974.83094657
21,2010,"V",14124.0065798497
21,2011,"U",1772379.7635847
21,2011,"V",6080.05680684499
21,2012,"U",1575551.62797922
21,2012,"V",10610.0590919209
21,2013,"U",1407461.98349355
21,2013,"V",6407.96602425733
21,2014,"U",1414146.09790184
21,2014,"V",8247.29738691474
21,2015,"U",1432113.96657959
21,2015,"V",9603.37536463929
21,2016,"U",1599656.08490916
21,2016,"V",6322.1866967179
21,2017,"U",1394639.87041762
21,2017,"V",8554.80902713731
22,1903,"U",793050.6269
22,1903,"V",27829.5824
22,1904,"U",855026.0147
22,1904,"V",30414.2346
22,1905,"U",830193.9899
22,1905,"V",21944.1209
22,1906,"U",810249.8464
22,1906,"V",38772.4404
22,1907,"U",965979.4461
22,1907,"V",36774.6922
22,1908,"U",889446.8445
22,1908,"V",34195.1884
22,1909,"U",853333.861699999
22,1909,"V",36189.3872
22,1910,"U",878515.9649
22,1910,"V",43440.9157
22,1911,"U",918490.3286
22,1911,"V",47346.7587
22,1912,"U",942305.6047
22,1912,"V",51523.4069
22,1913,"U",951918.3971
22,1913,"V",61718.3327
22,1914,"U",653093.0812
22,1914,"V",51336.4361
22,1915,"U",292156.935
22,1915,"V",37473.3195
22,1916,"U",301156.4535
22,1916,"V",52039.3071
22,1917,"U",284892.0002
22,1917,"V",43320.5029
22,1918,"U",368281.5314
22,1918,"V",34356.0581
22,1919,"U",702896.2159
22,1919,"V",52757.2125
22,1920,"U",872062.3962
22,1920,"V",55182.7363
22,1921,"U",757546.1671
22,1921,"V",41713.3664
22,1922,"U",731733.3225
22,1922,"V",50973.9815
22,1923,"U",725237.4045
22,1923,"V",44629.6133
22,1924,"U",877101.8516
22,1924,"V",53473.5869
22,1925,"U",732431.9376
22,1925,"V",63197.9253
22,1926,"U",739129.676
22,1926,"V",55646.8811
22,1927,"U",741807.9442
22,1927,"V",54552.7787
22,1928,"U",828543.8009
22,1928,"V",65482.8485
22,1929,"U",880576.8618
22,1929,"V",67359.6513
22,1930,"U",827427.0318
22,1930,"V",79791.2705
22,1931,"U",737520.6327
22,1931,"V",80848.0841
22,1932,"U",734975.007599999
22,1932,"V",69858.891
22,1933,"U",774291.767199999
22,1933,"V",72787.4255
22,1934,"U",762220.774100001
22,1934,"V",80140.597
22,1935,"U",791325.9644
22,1935,"V",78200.0756
22,1936,"U",803682.875
22,1936,"V",93694.0211
22,1937,"U",866004.9076
22,1937,"V",113690.9971
22,1938,"U",801715.317
22,1938,"V",93575.889
22,1939,"U",585840.5649
22,1939,"V",80482.2649
22,1940,"U",259213.7095
22,1940,"V",47244.0973
22,1941,"U",259954.1376
22,1941,"V",52927.4129
22,1942,"U",317210.9563
22,1942,"V",84234.7031
22,1943,"U",383171.0767
22,1943,"V",215755.7865
22,1944,"U",375977.4307
22,1944,"V",153820.9075
22,1945,"U",437692.8178
22,1945,"V",26354.9794
22,1946,"U",843028.1289
22,1946,"V",41960.7006
22,1947,"U",953126.7298
22,1947,"V",66589.511
22,1948,"U",972983.3372
22,1948,"V",90909.4621
22,1949,"U",948688.852
22,1949,"V",85220.9259
22,1950,"U",1164331.54289419
22,1950,"V",103053.600851761
22,1951,"U",1545099.43822032
22,1951,"V",121441.230337527
22,1952,"U",1175316.25141189
22,1952,"V",129984.940663138
22,1953,"U",1197222.55304953
22,1953,"V",132647.352095223
22,1954,"U",1490466.93858214
22,1954,"V",123568.903661651
22,1955,"U",1781776.43222427
22,1955,"V",162212.397614759
22,1956,"U",1807744.41407398
22,1956,"V",158872.105383816
22,1957,"U",1775229.45870567
22,1957,"V",147859.486280637
22,1958,"U",1748790.44400153
22,1958,"V",133994.733696558
22,1959,"U",1941270.80890608
22,1959,"V",158958.441985227
22,1960,"U",1916712.59419899
22,1960,"V",137428.301601899
22,1961,"U",1913491.19274325
22,1961,"V",134919.709843203
22,1962,"U",1961862.77593669
22,1962,"V",133807.471460261
22,1963,"U",2365929.16760476
22,1963,"V",151797.853999028
22,1964,"U",2490544.88540655
22,1964,"V",171153.408088769
22,1965,"U",2755228.64198433
22,1965,"V",158267.264849523
22,1966,"U",2994947.1003137
22,1966,"V",175803.898905031
22,1967,"U",3223801.60695966
22,1967,"V",169164.482648857
22,1968,"U",3439338.10791145
22,1968,"V",150298.644963237
22,1969,"U",3319018.42057668
22,1969,"V",141775.628176147
22,1970,"U",3071975.8902987
22,1970,"V",156401.565489053
22,1971,"U",2841978.20828217
22,1971,"V",149293.065203284
22,1972,"U",3236449.01522428
22,1972,"V",161646.821688908
22,1973,"U",3417670.85495102
22,1973,"V",167597.423983552
22,1974,"U",4024744.45570873
22,1974,"V",184923.562002018
22,1975,"U",3343618.76652614
22,1975,"V",175182.92321222
22,1976,"U",3665086.65790444
22,1976,"V",211364.400936417
22,1977,"U",3143893.47210868
22,1977,"V",184621.557650598
22,1978,"U",2728526.54067748
22,1978,"V",183146.976016098
22,1979,"U",2667405.34617155
22,1979,"V",193026.241250714
22,1980,"U",2657053.68794348
22,1980,"V",285855.640670328
22,1981,"U",2611130.14760755
22,1981,"V",246265.419662748
22,1982,"U",2702328.58106857
22,1982,"V",289138.914235904
22,1983,"U",2816999.27848156
22,1983,"V",276532.645882009
22,1984,"U",2853459.92915424
22,1984,"V",301802.726301238
22,1985,"U",2886425.30564296
22,1985,"V",328993.244618254
22,1986,"U",3127388.65327425
22,1986,"V",271928.51962424
22,1987,"U",2957555.13720335
22,1987,"V",340040.251611116
22,1988,"U",3306161.68994837
22,1988,"V",309773.47876429
22,1989,"U",2739228.86799236
22,1989,"V",353321.921910731
22,1990,"U",2835532.79651144
22,1990,"V",321106.137725446
22,1991,"U",3021426.70761754
22,1991,"V",303839.716105931
22,1992,"U",2979589.78650547
22,1992,"V",400460.228193343
22,1993,"U",3039857.46213179
22,1993,"V",203850.915705675
22,1994,"U",3293424.85269706
22,1994,"V",310832.198430328
22,1995,"U",3888252.35307734
22,1995,"V",353588.54173115
22,1996,"U",3157970.61110748
22,1996,"V",285488.607989422
22,1997,"U",3674473.13110126
22,1997,"V",309297.354265286
22,1998,"U",3338953.74689289
22,1998,"V",379004.549288226
22,1999,"U",3029004.36398017
22,1999,"V",356781.270521314
22,2000,"U",2966011.0941744
22,2000,"V",349050.963791942
22,2001,"U",2518313.02256808
22,2001,"V",333317.234648894
22,2002,"U",2798284.05857081
22,2002,"V",326127.589974832
22,2003,"U",2459173.29113983
22,2003,"V",278522.371091461
22,2004,"U",2570934.37087768
22,2004,"V",323901.435026902
22,2005,"U",2633529.68851617
22,2005,"V",265993.086726388
22,2006,"U",3127565.62733077
22,2006,"V",232868.216374493
22,2007,"U",2810230.07924543
22,2007,"V",260909.19056545
22,2008,"U",2775068.62174796
22,2008,"V",248902.228355521
22,2009,"U",2643029.71454309
22,2009,"V",251652.290801158
22,2010,"U",2377523.87270486
22,2010,"V",231281.345255345
22,2011,"U",2356107.09608145
22,2011,"V",254184.814274704
22,2012,"U",2560589.36307742
22,2012,"V",242164.238954791
22,2013,"U",3061484.37189737
22,2013,"V",226150.207360664
22,2014,"U",2842693.67632135
22,2014,"V",237366.048577877
22,2015,"U",2801379.50506589
22,2015,"V",224608.989330259
22,2016,"U",3047862.48873927
22,2016,"V",263021.158879524
22,2017,"U",3090268.76465078
22,2017,"V",265801.923960476
23,1903,"U",42766.7373
23,1903,"V",10.7652
23,1904,"U",16070.8775
23,1904,"V",43.7387
23,1905,"U",29618.5063
23,1905,"V",7.4611
23,1906,"U",36313.5911
23,1906,"V",31.2371
23,1907,"U",47843.4136
23,1907,"V",100.4066
23,1908,"U",100651.2879
23,1908,"V",168.9635
23,1909,"U",50718.5006
23,1909,"V",160.7199
23,1910,"U",58705.6397
23,1910,"V",68.3461
23,1911,"U",62144.9916
23,1911,"V",26.4538
23,1912,"U",70548.4713
23,1912,"V",25.0514
23,1913,"U",71893.3535
23,1913,"V",42.3715
23,1914,"U",56535.7492
23,1914,"V",65.8773
23,1915,"U",64359.5655
23,1915,"V",18.2964
23,1916,"U",71659.6827
23,1916,"V",28.8402
23,1917,"U",60098.2585
23,1917,"V",26.4284
23,1918,"U",56538.0898
23,1918,"V",10.4514
23,1919,"U",66518.1869
23,1919,"V",13.8965
23,1920,"U",71596.5281
23,1920,"V",108.7964
23,1921,"U",64514.4667
23,1921,"V",485.1571
23,1922,"U",64577.0938
23,1922,"V",194.6678
23,1923,"U",72308.748
23,1923,"V",319.6394
23,1924,"U",79810.8851
23,1924,"V",5.8213
23,1925,"U",80899.5673999999
23,1925,"V",7.1135
23,1926,"U",71942.6054000001
23,1926,"V",8.8789
23,1927,"U",68529.6319
23,1927,"V",189.6755
23,1928,"U",73306.6049
23,1928,"V",161.2081
23,1929,"U",72096.9699000001
23,1929,"V",240.8181
23,1930,"U",71666.8742
23,1930,"V",158.2445
23,1931,"U",67610.9505
23,1931,"V",154.7302
23,1932,"U",59507.7069
23,1932,"V",204.7051
23,1933,"U",55862.2923
23,1933,"V",122.8142
23,1934,"U",84866.7299
23,1934,"V",203.7073
23,1935,"U",94845.1441
23,1935,"V",167.3604
23,1936,"U",105279.1157
23,1936,"V",698.9215
23,1937,"U",99497.5425999999
23,1937,"V",514.9323
23,1938,"U",108732.4972
23,1938,"V",899.8711
23,1939,"U",102341.0195
23,1939,"V",43580.9984
23,1940,"U",88564.0691
23,1940,"V",25119.1771
23,1941,"U",120251.6235
23,1941,"V",25267.8464
23,1942,"U",117864.3179
23,1942,"V",31645.7431
23,1943,"U",130599.4274
23,1943,"V",54589.9829
23,1944,"U",108473.7229
23,1944,"V",38303.7303
23,1945,"U",55755.432
23,1945,"V",2554.9542
23,1946,"U",60807.8062
23,1946,"V",365.4344
23,1947,"U",59148.3834
23,1947,"V",61.8562
23,1948,"U",70333.6187
23,1948,"V",388.5127
23,1949,"U",121537.83
23,1949,"V",1842.1963
23,1950,"U",190762.426410786
23,1950,"V",26456.6398524949
23,1951,"U",235173.004924493
23,1951,"V",4439.145161886
23,1952,"U",242324.928530921
23,1952,"V",4882.77097042166
23,1953,"U",307491.647869145
23,1953,"V",11309.1067401009
23,1954,"U",350230.782492307
23,1954,"V",6502.18668175209
23,1955,"U",644257.739558001
23,1955,"V",10544.4372899279
23,1956,"U",578933.131286892
23,1956,"V",7321.76135458385
23,1957,"U",578978.277912493
23,1957,"V",5800.57844670117
23,1958,"U",659992.748025432
23,1958,"V",2416.69888140773
23,1959,"U",701459.548727689
23,1959,"V",10595.6230407403
23,1960,"U",599031.913670336
23,1960,"V",4449.7854447407
23,1961,"U",621373.691025315
23,1961,"V",9792.96312312879
23,1962,"U",644533.789341282
23,1962,"V",5639.84820523218
23,1963,"U",709868.640340427
23,1963,"V",6917.78394245728
23,1964,"U",768771.852577805
23,1964,"V",6088.31124547838
23,1965,"U",816343.524997569
23,1965,"V",11728.0386762662
23,1966,"U",734133.156015645
23,1966,"V",17490.6008458342
23,1967,"U",718457.247217335
23,1967,"V",8934.72464213052
23,1968,"U",865965.38430691
23,1968,"V",8568.02681205362
23,1969,"U",798949.626229546
23,1969,"V",12138.5829605536
23,1970,"U",768415.373068694
23,1970,"V",8941.73493614827
23,1971,"U",1046581.31491521
23,1971,"V",6816.66156631353
23,1972,"U",722643.377176068
23,1972,"V",8182.17386654183
23,1973,"U",854642.181735686
23,1973,"V",11390.3294794928
23,1974,"U",884601.756106508
23,1974,"V",14650.9034884572
23,1975,"U",1147755.48586901
23,1975,"V",19015.7001092844
23,1976,"U",832442.130352685
23,1976,"V",25745.3048572104
23,1977,"U",762563.766983646
23,1977,"V",28112.8970478765
23,1978,"U",909870.692669178
23,1978,"V",25938.7481626143
23,1979,"U",809919.674659924
23,1979,"V",18977.7884248561
23,1980,"U",872613.982568866
23,1980,"V",15909.4470258951
23,1981,"U",950550.460504861
23,1981,"V",28445.9799967459
23,1982,"U",834986.412995825
23,1982,"V",15390.6516498154
23,1983,"U",801332.346002762
23,1983,"V",31276.6461269123
23,1984,"U",753348.733800401
23,1984,"V",68304.511500096
23,1985,"U",784783.212614355
23,1985,"V",19322.8017998042
23,1986,"U",758957.804025563
23,1986,"V",39825.3461384898
23,1987,"U",742312.103516166
23,1987,"V",7439.24792305579
23,1988,"U",784992.937771526
23,1988,"V",16619.0906289422
23,1989,"U",1228670.60110801
23,1989,"V",11763.3238873441
23,1990,"U",687839.918989933
23,1990,"V",9038.48524012792
23,1991,"U",643631.937933129
23,1991,"V",74647.3404153356
23,1992,"U",1039680.42867793
23,1992,"V",24660.4929253737
23,1993,"U",713798.078405821
23,1993,"V",3938.51692688392
23,1994,"U",946750.590000573
23,1994,"V",58706.2700584072
23,1995,"U",921644.733218415
23,1995,"V",38699.7555497107
23,1996,"U",971868.715655972
23,1996,"V",18152.7289649927
23,1997,"U",1038404.17939126
23,1997,"V",32797.8461664039
23,1998,"U",917234.873143026
23,1998,"V",34399.2781032748
23,1999,"U",856382.109888997
23,1999,"V",15619.5930907238
23,2000,"U",983811.344270172
23,2000,"V",13383.4653698661
23,2001,"U",1150086.74702809
23,2001,"V",37652.8455010532
23,2002,"U",869648.368724362
23,2002,"V",31885.6195501043
23,2003,"U",813441.012126109
23,2003,"V",45245.3930289951
23,2004,"U",797420.036214575
23,2004,"V",20525.0042739279
23,2005,"U",728959.07298823
23,2005,"V",13176.2594744745
23,2006,"U",705045.235635219
23,2006,"V",9402.39535036465
23,2007,"U",743182.612425429
23,2007,"V",26170.295769651
23,2008,"U",778448.424744818
23,2008,"V",25237.480320215
23,2009,"U",710205.890399904
23,2009,"V",13990.2763739995
23,2010,"U",630382.312799675
23,2010,"V",10913.9715592383
23,2011,"U",656777.695308931
23,2011,"V",17093.691031286
23,2012,"U",703884.243049703
23,2012,"V",16369.5091002256
23,2013,"U",669311.043942322
23,2013,"V",8946.34136288446
23,2014,"U",785068.401915072
23,2014,"V",14459.0640007715
23,2015,"U",760113.620112046
23,2015,"V",12008.5020600186
23,2016,"U",790194.854720868
23,2016,"V",26979.7521284848
23,2017,"U",808950.170757486
23,2017,"V",21916.4658207547
24,1903,"U",223950.4057
24,1903,"V",11736.6521
24,1904,"U",240928.6961
24,1904,"V",11527.8679
24,1905,"U",263600.2433
24,1905,"V",12147.4562
24,1906,"U",190929.5437
24,1906,"V",21476.7964
24,1907,"U",265474.5669
24,1907,"V",27941.8907
24,1908,"U",266032.5315
24,1908,"V",30047.1378
24,1909,"U",280776.1595
24,1909,"V",31070.1098
24,1910,"U",275121.5631
24,1910,"V",31148.9098
24,1911,"U",275112.1278
24,1911,"V",32441.2979
24,1912,"U",267255.4427
24,1912,"V",35229.8726
24,1913,"U",261233.079
24,1913,"V",31942.1539
24,1914,"U",228142.0826
24,1914,"V",30138.7752
24,1915,"U",137359.9205
24,1915,"V",23886.788
24,1916,"U",149310.2026
24,1916,"V",26809.0495
24,1917,"U",148220.6996
24,1917,"V",21399.6479
24,1918,"U",148291.5231
24,1918,"V",18000.556
24,1919,"U",227547.3659
24,1919,"V",27858.2594
24,1920,"U",264376.5775
24,1920,"V",27024.8081
24,1921,"U",323002.7759
24,1921,"V",45421.7731
24,1922,"U",352314.8255
24,1922,"V",49330.5778
24,1923,"U",330423.6954
24,1923,"V",45392.4817
24,1924,"U",374594.0748
24,1924,"V",39271.15
24,1925,"U",418234.3488
24,1925,"V",25720.9631
24,1926,"U",399482.2931
24,1926,"V",26773.0035
24,1927,"U",424891.1238
24,1927,"V",27230.1598
24,1928,"U",433902.7425
24,1928,"V",29083.6845
24,1929,"U",405920.5099
24,1929,"V",27532.4595
24,1930,"U",359572.3016
24,1930,"V",27265.3193
24,1931,"U",402724.1124
24,1931,"V",23497.21
24,1932,"U",428961.4281
24,1932,"V",25351.1809
24,1933,"U",402918.2538
24,1933,"V",25024.4339
24,1934,"U",399335.6378
24,1934,"V",25657.233
24,1935,"U",359924.2569
24,1935,"V",23674.9189
24,1936,"U",379239.6251
24,1936,"V",25873.2561
24,1937,"U",394834.9473
24,1937,"V",23620.6979
24,1938,"U",438735.354
24,1938,"V",22322.233
24,1939,"U",417374.1034
24,1939,"V",25743.1719
24,1940,"U",362938.9499
24,1940,"V",33136.5556
24,1941,"U",300847.9872
24,1941,"V",30147.9111
24,1942,"U",319722.8422
24,1942,"V",30174.4387
24,1943,"U",309477.466
24,1943,"V",30752.8454
24,1944,"U",290567.7049
24,1944,"V",30016.0596
24,1945,"U",467223.2746
24,1945,"V",38161.0792
24,1946,"U",502851.206
24,1946,"V",41153.9519
24,1947,"U",565096.6259
24,1947,"V",30608.691
24,1948,"U",569336.8796
24,1948,"V",33520.0146
24,1949,"U",553611.2588
24,1949,"V",47136.3733
24,1950,"U",364391.948749155
24,1950,"V",21373.7622319362
24,1951,"U",394881.265274616
24,1951,"V",30047.507507478
24,1952,"U",374098.453847459
24,1952,"V",36134.9348906842
24,1953,"U",409874.874824256
24,1953,"V",32496.5372112678
24,1954,"U",357842.44517954
24,1954,"V",34774.78761569
24,1955,"U",396662.565656349
24,1955,"V",44824.9455205543
24,1956,"U",421121.540133781
24,1956,"V",44226.5088274513
24,1957,"U",443268.401735463
24,1957,"V",36984.2234164296
24,1958,"U",505263.920321574
24,1958,"V",59940.071334887
24,1959,"U",512644.745960888
24,1959,"V",50467.2807543334
24,1960,"U",540317.02236414
24,1960,"V",269827.723727283
24,1961,"U",520632.861081857
24,1961,"V",283240.303681253
24,1962,"U",531343.254619357
24,1962,"V",109382.199880765
24,1963,"U",569813.360402952
24,1963,"V",89776.3485603871
24,1964,"U",597499.776072741
24,1964,"V",106889.788507839
24,1965,"U",579333.881866404
24,1965,"V",113159.881249259
24,1966,"U",605053.02046293
24,1966,"V",189538.174184199
24,1967,"U",619847.889593629
24,1967,"V",133226.294610156
24,1968,"U",712268.909874672
24,1968,"V",119983.478911424
24,1969,"U",788257.964460267
24,1969,"V",171534.396851255
24,1970,"U",1003197.35767919
24,1970,"V",240992.758519014
24,1971,"U",1221022.45056153
24,1971,"V",223133.584314847
24,1972,"U",1467576.36142567
24,1972,"V",390173.62049736
24,1973,"U",1608741.81706148
24,1973,"V",420491.044860741
24,1974,"U",1779206.45421454
24,1974,"V",391654.150201178
24,1975,"U",2057592.9866678
24,1975,"V",413232.799220649
24,1976,"U",2125224.59921226
24,1976,"V",384920.235826179
24,1977,"U",1515289.49869123
24,1977,"V",261039.603727272
24,1978,"U",1159734.12095941
24,1978,"V",408392.852787027
24,1979,"U",1110737.5700318
24,1979,"V",395342.655836335
24,1980,"U",1283999.03309567
24,1980,"V",468360.376296504
24,1981,"U",1199413.02021302
24,1981,"V",428827.557230332
24,1982,"U",1406148.53578118
24,1982,"V",375859.150258924
24,1983,"U",1439253.22506429
24,1983,"V",222696.973126715
24,1984,"U",1385001.87524475
24,1984,"V",221830.033501181
24,1985,"U",1429334.21489895
24,1985,"V",200611.544027879
24,1986,"U",1367258.2547014
24,1986,"V",162736.945759693
24,1987,"U",1369712.12878664
24,1987,"V",175697.563604133
24,1988,"U",1415629.83641006
24,1988,"V",205342.169969061
24,1989,"U",1319134.99482586
24,1989,"V",138624.105223684
24,1990,"U",1163054.74732582
24,1990,"V",147758.587276673
24,1991,"U",1128700.09804311
24,1991,"V",164766.15992267
24,1992,"U",1208789.17164965
24,1992,"V",161777.761967482
24,1993,"U",1395460.51539067
24,1993,"V",152481.294212512
24,1994,"U",1382229.30423311
24,1994,"V",160857.270766994
24,1995,"U",1394293.54080715
24,1995,"V",172158.152534473
24,1996,"U",1244881.00783221
24,1996,"V",158139.692566747
24,1997,"U",1310554.84135441
24,1997,"V",198654.698524018
24,1998,"U",1352657.02819867
24,1998,"V",171683.527790444
24,1999,"U",1071248.15590588
24,1999,"V",121285.671539956
24,2000,"U",1155851.96732566
24,2000,"V",198126.54876285
24,2001,"U",1302164.92583073
24,2001,"V",197251.600946982
24,2002,"U",1286139.57832423
24,2002,"V",188622.682202315
24,2003,"U",1284561.47037424
24,2003,"V",184787.716962808
24,2004,"U",1425724.92090088
24,2004,"V",182180.143253738
24,2005,"U",1039281.77292742
24,2005,"V",176182.381156688
24,2006,"U",1176859.26485539
24,2006,"V",175116.020061373
24,2007,"U",1144378.92992047
24,2007,"V",180354.615557347
24,2008,"U",1289451.49632492
24,2008,"V",169606.99390409
24,2009,"U",1165706.42770741
24,2009,"V",167689.824945441
24,2010,"U",1205407.22256444
24,2010,"V",204412.187786691
24,2011,"U",1046740.38995922
24,2011,"V",197117.637127721
24,2012,"U",937621.056396807
24,2012,"V",192781.92117648
24,2013,"U",1001447.01174262
24,2013,"V",200824.54523924
24,2014,"U",1000684.37438642
24,2014,"V",180689.323665957
24,2015,"U",1115484.72575977
24,2015,"V",189623.030136591
24,2016,"U",1033720.48627248
24,2016,"V",199769.621767547
24,2017,"U",1127665.56075867
24,2017,"V",185426.244663684
25,1903,"U",73.9637
25,1903,"V",0.826
25,1904,"U",23.9107
25,1904,"V",0.826
25,1906,"U",598.8073
25,1906,"V",0.3036
25,1907,"U",490.2512
25,1907,"V",2.0009
25,1908,"U",539.8311
25,1908,"V",0.3039
25,1909,"U",738.1252
25,1909,"V",0.3284
25,1910,"U",703.0558
25,1910,"V",0.3289
25,1911,"U",3589.2745
25,1911,"V",3.1412
25,1912,"U",2061.9617
25,1912,"V",2.7131
25,1913,"U",2913.4729
25,1913,"V",3.6612
25,1914,"U",1007.3478
25,1914,"V",0.5013
25,1915,"U",148.4213
25,1915,"V",0.405
25,1919,"U",35.6191
25,1919,"V",2.1364
25,1920,"U",366.2597
25,1920,"V",2.9473
25,1921,"U",3252.6114
25,1921,"V",4276.3508
25,1922,"U",4945.9117
25,1922,"V",4331.651
25,1923,"U",5759.229
25,1923,"V",4763.295
25,1924,"U",4647.9803
25,1924,"V",4187.4616
25,1925,"U",146429.5732
25,1925,"V",2393.7374
25,1926,"U",9769.9179
25,1926,"V",2515.6319
25,1927,"U",10884.7846
25,1927,"V",2530.7862
25,1928,"U",170912.27
25,1928,"V",16168.4115
25,1929,"U",7332.6107
25,1929,"V",2574.814
25,1930,"U",9087.3025
25,1930,"V",2817.9497
25,1931,"U",9560.4815
25,1931,"V",3009.9089
25,1932,"U",8909.5889
25,1932,"V",2568.3215
25,1933,"U",7587.5847
25,1933,"V",2531.9156
25,1934,"U",10561.9384
25,1934,"V",2486.5081
25,1935,"U",10481.0748
25,1935,"V",2303.9783
25,1936,"U",11493.7194
25,1936,"V",2569.8798
25,1937,"U",11809.9548
25,1937,"V",2236.0056
25,1938,"U",15090.4221
25,1938,"V",4209.1316
25,1939,"U",4217.213
25,1939,"V",1.043
25,1940,"U",107597.5382
25,1940,"V",17299.6211
25,1941,"U",96856.1125
25,1941,"V",15023.0784
25,1942,"U",95450.4039
25,1942,"V",14750.1555
25,1943,"U",94767.4946
25,1943,"V",13661.0422
25,1944,"U",104923.4577
25,1944,"V",15812.8771
25,1945,"U",116039.48
25,1945,"V",17443.0275
25,1946,"U",103223.3483
25,1946,"V",17556.4727
25,1947,"U",276401.046
25,1947,"V",32133.0722
25,1948,"U",259861.5788
25,1948,"V",30026.5033
25,1949,"U",260992.2826
25,1949,"V",37986.4899
25,1950,"U",170748.258907623
25,1950,"V",25873.2047751582
25,1951,"U",166525.643327082
25,1951,"V",19858.0869363664
25,1952,"U",168215.046613851
25,1952,"V",19278.0725757138
25,1953,"U",216852.113386557
25,1953,"V",18994.9610903531
25,1954,"U",225082.633365756
25,1954,"V",26848.7545374849
25,1955,"U",199842.396974935
25,1955,"V",20189.4238234341
25,1956,"U",225321.360699595
25,1956,"V",22111.4892399095
25,1957,"U",245185.059095563
25,1957,"V",13545.5270915903
25,1958,"U",252763.15498295
25,1958,"V",16805.9457330176
25,1959,"U",236747.021651229
25,1959,"V",17287.1259602739
25,1960,"U",264798.997676996
25,1960,"V",18582.0366061531
25,1961,"U",305113.828707325
25,1961,"V",60432.9440458378
25,1962,"U",313436.355697093
25,1962,"V",78324.4421726454
25,1963,"U",323823.513153791
25,1963,"V",113313.486717902
25,1964,"U",264606.40462256
25,1964,"V",110421.683879597
25,1965,"U",310941.872804582
25,1965,"V",89345.5364986411
25,1966,"U",254085.166786356
25,1966,"V",173575.006409323
25,1967,"U",254965.094106544
25,1967,"V",84836.9578889843
25,1968,"U",256064.172786025
25,1968,"V",112492.036178174
25,1969,"U",211051.956137851
25,1969,"V",141089.868351187
25,1970,"U",351674.973232248
25,1970,"V",187585.606653093
25,1971,"U",232750.622779975
25,1971,"V",57560.79469515
25,1972,"U",250263.202087962
25,1972,"V",204870.248113332
25,1973,"U",247250.280572874
25,1973,"V",199090.720909668
25,1974,"U",267741.071702114
25,1974,"V",176007.289118355
25,1975,"U",406597.526925093
25,1975,"V",178650.09681479
25,1976,"U",404396.255938092
25,1976,"V",106417.374791822
25,1977,"U",350025.748799257
25,1977,"V",83883.5170799594
25,1978,"U",265944.924769698
25,1978,"V",90069.0804249495
25,1979,"U",249389.44706416
25,1979,"V",110596.404759196
25,1980,"U",238540.447930465
25,1980,"V",132656.034611094
25,1981,"U",272857.674239898
25,1981,"V",188078.317918165
25,1982,"U",248100.94406928
25,1982,"V",280920.14110598
25,1983,"U",272274.70780269
25,1983,"V",213527.171414684
25,1984,"U",265135.496486985
25,1984,"V",175550.741593662
25,1985,"U",210098.146386545
25,1985,"V",170475.835335529
25,1986,"U",309096.767839155
25,1986,"V",24585.4701663632
25,1987,"U",281988.416788608
25,1987,"V",20611.9638141787
25,1988,"U",266175.854030201
25,1988,"V",34504.0875068366
25,1989,"U",301659.114997529
25,1989,"V",26148.4744562693
25,1990,"U",320081.453901409
25,1990,"V",20744.1919593133
25,1991,"U",276302.084559609
25,1991,"V",27602.4333034425
25,1992,"U",280159.848759183
25,1992,"V",34871.3146079123
25,1993,"U",288788.536230136
25,1993,"V",34294.4861643101
25,1994,"U",243879.794743197
25,1994,"V",31958.0436394488
25,1995,"U",302507.173959528
25,1995,"V",25554.4103089711
25,1996,"U",452019.436223957
25,1996,"V",32047.1422575595
25,1997,"U",315360.585668996
25,1997,"V",37857.693268978
25,1998,"U",333111.297500226
25,1998,"V",41484.6598505333
25,1999,"U",458032.876822395
25,1999,"V",25506.6462092451
25,2000,"U",230198.4390933
25,2000,"V",26095.1112677364
25,2001,"U",259053.268283673
25,2001,"V",22336.0951518761
25,2002,"U",191479.831728066
25,2002,"V",28008.1868298265
25,2003,"U",183002.688668653
25,2003,"V",22027.2920478913
25,2004,"U",207836.269785072
25,2004,"V",20866.947552429
25,2005,"U",199955.646153507
25,2005,"V",22930.9559464341
25,2006,"U",326944.820553149
25,2006,"V",39213.3756669056
25,2007,"U",259560.304846677
25,2007,"V",35635.0185198512
25,2008,"U",310738.250236067
25,2008,"V",37904.8020291487
25,2009,"U",279274.778712814
25,2009,"V",32194.2266427542
25,2010,"U",325415.098426123
25,2010,"V",25252.3108026199
25,2011,"U",307255.131092356
25,2011,"V",21886.4855995989
25,2012,"U",284913.210655812
25,2012,"V",21845.1368219465
25,2013,"U",182259.215695749
25,2013,"V",20707.4778397291
25,2014,"U",240886.78810767
25,2014,"V",24432.4061842588
25,2015,"U",284108.422712213
25,2015,"V",17762.4062468327
25,2016,"U",308152.98321395
25,2016,"V",21044.5042882813
25,2017,"U",285842.416655086
25,2017,"V",23928.8851100507
26,1950,"U",926269.847389371
26,1950,"V",81899.0995168583
26,1951,"U",989978.888324408
26,1951,"V",86374.7261759215
26,1952,"U",984703.29329062
26,1952,"V",85625.6292717457
26,1953,"U",923425.654014859
26,1953,"V",85585.4724551896
26,1954,"U",924793.667201268
26,1954,"V",99491.315429757
26,1955,"U",928864.642422256
26,1955,"V",122924.323666283
26,1956,"U",1003069.83901537
26,1956,"V",118580.234990859
26,1957,"U",981283.018064775
26,1957,"V",136046.401815438
26,1958,"U",1028301.62562735
26,1958,"V",125433.174791076
26,1959,"U",1026825.83403933
26,1959,"V",126085.099164821
26,1960,"U",989250.691059835
26,1960,"V",137129.65750217
26,1961,"U",1146538.79949607
26,1961,"V",146647.624361758
26,1962,"U",1071315.74262203
26,1962,"V",192938.889700684
26,1963,"U",1145070.0115367
26,1963,"V",189573.667209303
26,1964,"U",1178719.83534972
26,1964,"V",246264.574311581
26,1965,"U",1240709.45404392
26,1965,"V",229432.770650584
26,1966,"U",1320941.0523175
26,1966,"V",207584.958489841
26,1967,"U",1453260.86403673
26,1967,"V",243732.669521835
26,1968,"U",1515459.39997766
26,1968,"V",242374.66976112
26,1969,"U",1586733.95101644
26,1969,"V",242431.464876805
26,1970,"U",1147672.35438361
26,1970,"V",197790.404239454
26,1971,"U",1166647.26702765
26,1971,"V",232646.744942622
26,1972,"U",1056801.16185338
26,1972,"V",243685.407948259
26,1973,"U",1097937.68010054
26,1973,"V",229246.226373419
26,1974,"U",1190424.33282064
26,1974,"V",206572.156443579
26,1975,"U",952317.328600721
26,1975,"V",234924.964077203
26,1976,"U",1164998.00632277
26,1976,"V",215404.548532132
26,1977,"U",1139900.7282582
26,1977,"V",161702.521679561
26,1978,"U",1234290.35413084
26,1978,"V",151207.87212827
26,1979,"U",1350866.19161147
26,1979,"V",180697.858568025
26,1980,"U",1405417.68831117
26,1980,"V",223417.290961988
26,1981,"U",1431447.14985787
26,1981,"V",226870.413741945
26,1982,"U",1538436.81326871
26,1982,"V",270673.024991356
26,1983,"U",1629218.77587743
26,1983,"V",285445.35719179
26,1984,"U",1543649.34128061
26,1984,"V",253921.870905091
26,1985,"U",1526705.28991269
26,1985,"V",285211.559875868
26,1986,"U",1644718.35636705
26,1986,"V",342261.809559598
26,1987,"U",1825316.91259573
26,1987,"V",409995.015535221
26,1988,"U",1947381.54192718
26,1988,"V",438053.355886551
26,1989,"U",2020597.49979912
26,1989,"V",493648.743409775
26,1990,"U",1719258.97394753
26,1990,"V",432407.191538297
26,1991,"U",1854768.37006174
26,1991,"V",459356.441430879
26,1992,"U",1745243.21547377
26,1992,"V",481413.164608565
26,1993,"U",1823390.13670713
26,1993,"V",478740.299292918
26,1994,"U",2122492.73521929
26,1994,"V",395197.56146556
26,1995,"U",2057777.89572008
26,1995,"V",418318.360774367
26,1996,"U",1531299.01847698
26,1996,"V",411213.363723554
26,1997,"U",1519159.27139146
26,1997,"V",451562.419508933
26,1998,"U",1484084.06578078
26,1998,"V",386216.585922323
26,1999,"U",1503042.98608227
26,1999,"V",420920.974248219
26,2000,"U",1478619.91150183
26,2000,"V",418003.035219278
26,2001,"U",1580796.80056544
26,2001,"V",444761.539648637
26,2002,"U",1473731.55240816
26,2002,"V",423804.518950527
26,2003,"U",1434559.22810447
26,2003,"V",455847.252315467
26,2004,"U",1437967.80069092
26,2004,"V",396112.344511715
26,2005,"U",1569075.35659054
26,2005,"V",216042.439588125
26,2006,"U",1557434.5164194
26,2006,"V",217524.018505082
26,2007,"U",1767697.9574648
26,2007,"V",225433.074128741
26,2008,"U",1514179.26568675
26,2008,"V",179864.040813299
26,2009,"U",1822843.76414332
26,2009,"V",174908.455977274
26,2010,"U",1600696.71222712
26,2010,"V",190825.95513598
26,2011,"U",1489035.94269368
26,2011,"V",176540.116362157
26,2012,"U",1423672.92882917
26,2012,"V",165541.219309288
26,2013,"U",1644932.86155712
26,2013,"V",159480.520809448
26,2014,"U",1443862.43948581
26,2014,"V",157127.84677951
26,2015,"U",1534670.73700383
26,2015,"V",173335.781838401
26,2016,"U",1450193.93692699
26,2016,"V",188481.643602
26,2017,"U",1549676.3057293
26,2017,"V",170298.108106887
27,1950,"U",290756.357671101
27,1950,"V",1989.65224310092
27,1951,"U",269852.397614916
27,1951,"V",2007.53030703909
27,1952,"U",349827.307883919
27,1952,"V",3163.33321795154
27,1953,"U",378414.92663929
27,1953,"V",3030.3258503965
27,1954,"U",342190.005965173
27,1954,"V",2825.2264418558
27,1955,"U",348258.021689634
27,1955,"V",5323.414889235
27,1956,"U",381526.281935787
27,1956,"V",5659.56681104324
27,1957,"U",466792.632541095
27,1957,"V",6166.32860916442
27,1958,"U",503333.170206069
27,1958,"V",5291.74133840361
27,1959,"U",421537.344025769
27,1959,"V",6190.33870974552
27,1960,"U",468670.72020841
27,1960,"V",7851.98750516501
27,1961,"U",480988.890111706
27,1961,"V",8180.70827564868
27,1962,"U",704556.796582735
27,1962,"V",8606.56789291022
27,1963,"U",767186.676134931
27,1963,"V",10622.2774545964
27,1964,"U",771446.020588934
27,1964,"V",11050.3514108602
27,1965,"U",831986.715085462
27,1965,"V",20515.5045961169
27,1966,"U",813431.110010917
27,1966,"V",21597.201423613
27,1967,"U",842763.534174871
27,1967,"V",23556.0642874134
27,1968,"U",877607.857867325
27,1968,"V",17880.8682007362
27,1969,"U",1005463.40962129
27,1969,"V",28809.039225043
27,1970,"U",1583368.74581752
27,1970,"V",80746.0230394349
27,1971,"U",1636059.66227661
27,1971,"V",113903.785372034
27,1972,"U",1910340.95132279
27,1972,"V",53633.3966789069
27,1973,"U",2450331.81025631
27,1973,"V",66504.3048526597
27,1974,"U",2296820.55073955
27,1974,"V",68363.1831836995
27,1975,"U",2230159.83362243
27,1975,"V",64627.9934299794
27,1976,"U",2140951.55790129
27,1976,"V",69549.8422594561
27,1977,"U",2485700.78162438
27,1977,"V",75101.545667385
27,1978,"U",2208313.2653464
27,1978,"V",66970.7049896984
27,1979,"U",1954860.95661955
27,1979,"V",64399.3896688368
27,1980,"U",2421628.03656112
27,1980,"V",52818.6710059872
27,1981,"U",2181155.59805569
27,1981,"V",55019.3979419689
27,1982,"U",2180587.05888795
27,1982,"V",54291.48200015
27,1983,"U",2288043.97692545
27,1983,"V",58420.4993119
27,1984,"U",2177262.35176424
27,1984,"V",45661.0633104581
27,1985,"U",2240990.5618174
27,1985,"V",63881.8077535057
27,1986,"U",2753596.26355128
27,1986,"V",57069.6981195893
27,1987,"U",2943538.02025687
27,1987,"V",66252.2991449653
27,1988,"U",3283259.89393579
27,1988,"V",67704.4287298266
27,1989,"U",3258314.0547329
27,1989,"V",72752.6935105501
27,1990,"U",3383405.30179713
27,1990,"V",49479.6253516398
27,1991,"U",3233008.48007477
27,1991,"V",53445.6067931307
27,1992,"U",2683236.03572301
27,1992,"V",42565.5624154055
27,1993,"U",2105846.87424829
27,1993,"V",48553.8191959375
27,1994,"U",1833214.17268305
27,1994,"V",42780.2785703926
27,1995,"U",2406623.23172615
27,1995,"V",56323.5771770336
27,1996,"U",2757703.55248328
27,1996,"V",55415.6330803538
27,1997,"U",2818148.71380963
27,1997,"V",53649.973161806
27,1998,"U",2922965.15102683
27,1998,"V",78204.9617056889
27,1999,"U",2956396.73876542
27,1999,"V",71504.955571313
27,2000,"U",3114149.74517872
27,2000,"V",61325.2162840019
27,2001,"U",3134231.07916321
27,2001,"V",63730.7620691069
27,2002,"U",3028652.83119475
27,2002,"V",52736.5533169838
27,2003,"U",2848412.33359123
27,2003,"V",59314.0819536317
27,2004,"U",2965800.4366362
27,2004,"V",44737.6222422738
27,2005,"U",3118022.76950455
27,2005,"V",50020.7648560563
27,2006,"U",2850373.84231471
27,2006,"V",43352.107303532
27,2007,"U",2677763.02450791
27,2007,"V",53039.18851556
27,2008,"U",2911804.59428503
27,2008,"V",56236.6373376505
27,2009,"U",2906859.32725756
27,2009,"V",60409.1287727989
27,2010,"U",3152635.31352565
27,2010,"V",60843.8982978914
27,2011,"U",3145773.29918846
27,2011,"V",66659.0869612706
27,2012,"U",3034537.00802948
27,2012,"V",70133.936009338
27,2013,"U",3333019.90650314
27,2013,"V",91367.8611744326
27,2014,"U",3195313.20390836
27,2014,"V",72202.1859407383
27,2015,"U",3279400.87402433
27,2015,"V",67914.6855750321
27,2016,"U",3710606.50345373
27,2016,"V",66055.4329139902
27,2017,"U",4235830.43514432
27,2017,"V",88218.2671060062
28,1950,"U",300691.107129217
28,1950,"V",2080.41534990207
28,1951,"U",302359.24389731
28,1951,"V",2054.95160947158
28,1952,"U",317282.149628667
28,1952,"V",2318.10174082009
28,1953,"U",360630.404576282
28,1953,"V",2253.64657904601
28,1954,"U",416807.687450697
28,1954,"V",2594.57325085218
28,1955,"U",439628.284323502
28,1955,"V",3004.12977312036
28,1956,"U",497861.686229786
28,1956,"V",3889.3965039197
28,1957,"U",545863.072970564
28,1957,"V",3138.1214867885
28,1958,"U",570839.418149321
28,1958,"V",3669.81468144286
28,1959,"U",535648.138571485
28,1959,"V",5412.28586089891
28,1960,"U",660583.295292675
28,1960,"V",7977.00048440835
28,1961,"U",828473.017699191
28,1961,"V",7559.0728539796
28,1962,"U",988026.016392003
28,1962,"V",8821.631042768
28,1963,"U",974470.828989107
28,1963,"V",7459.29640380685
28,1964,"U",1254534.41551823
28,1964,"V",9314.56188972727
28,1965,"U",1221393.01147545
28,1965,"V",20601.8017740607
28,1966,"U",1226883.98340124
28,1966,"V",26577.3442617656
28,1967,"U",1361775.88092808
28,1967,"V",36581.4719227451
28,1968,"U",967404.506777615
28,1968,"V",22429.7728685687
28,1969,"U",1064127.39212678
28,1969,"V",37400.9796053628
28,1970,"U",1096572.55396582
28,1970,"V",93558.9307714375
28,1971,"U",1322200.50655599
28,1971,"V",108444.68406649
28,1972,"U",1758024.05517871
28,1972,"V",39090.8247821407
28,1973,"U",1528008.25001713
28,1973,"V",36716.8965131141
28,1974,"U",1506007.21112198
28,1974,"V",45881.5811845006
28,1975,"U",1510913.53910602
28,1975,"V",40994.9687479567
28,1976,"U",1353800.40245442
28,1976,"V",45801.2108786584
28,1977,"U",1654315.09588516
28,1977,"V",50414.4583762312
28,1978,"U",1725468.04481777
28,1978,"V",50906.6492907274
28,1979,"U",1658588.0215294
28,1979,"V",63714.0650622627
28,1980,"U",1538107.33996367
28,1980,"V",40092.7817483159
28,1981,"U",1570583.47885314
28,1981,"V",30592.8823970813
28,1982,"U",1476387.02997671
28,1982,"V",25227.9122526084
28,1983,"U",1551774.60564958
28,1983,"V",31988.1382096064
28,1984,"U",1420777.61066919
28,1984,"V",49388.7048265844
28,1985,"U",1552011.61848211
28,1985,"V",31531.1269157095
28,1986,"U",1849905.20867692
28,1986,"V",53321.5565194595
28,1987,"U",1928188.96301363
28,1987,"V",53289.0955093965
28,1988,"U",2033465.0957199
28,1988,"V",58016.1352089156
28,1989,"U",1907637.73766167
28,1989,"V",61190.967433591
28,1990,"U",1978040.13492193
28,1990,"V",54104.5262833806
28,1991,"U",2057000.8351923
28,1991,"V",44780.7183603918
28,1992,"U",1977234.04166958
28,1992,"V",54629.4566420742
28,1993,"U",1723239.86670779
28,1993,"V",61469.9886167305
28,1994,"U",1806625.05884713
28,1994,"V",53190.0717116163
28,1995,"U",1873911.83072058
28,1995,"V",87290.2383937385
28,1996,"U",2150546.17354999
28,1996,"V",78776.7791153482
28,1997,"U",2188420.12941428
28,1997,"V",107261.762364663
28,1998,"U",2089202.62057082
28,1998,"V",103221.168096877
28,1999,"U",2029583.9875517
28,1999,"V",96935.5093731903
28,2000,"U",2113629.94644603
28,2000,"V",69326.3345113038
28,2001,"U",2291754.76941916
28,2001,"V",87570.3797739866
28,2002,"U",2205951.80130647
28,2002,"V",120732.320431899
28,2003,"U",2258230.08283789
28,2003,"V",135092.699801992
28,2004,"U",2364890.43721486
28,2004,"V",103784.997086583
28,2005,"U",2553028.84058936
28,2005,"V",124749.778406924
28,2006,"U",2667429.42666756
28,2006,"V",115020.660139289
28,2007,"U",2562214.12224418
28,2007,"V",93838.9710255233
28,2008,"U",3062546.10556165
28,2008,"V",97393.1227018128
28,2009,"U",3241891.82858997
28,2009,"V",115631.419923238
28,2010,"U",3159845.66269844
28,2010,"V",122849.827869253
28,2011,"U",3496350.86600305
28,2011,"V",128375.359261645
28,2012,"U",3600252.39486211
28,2012,"V",148529.59207927
28,2013,"U",3527107.10378944
28,2013,"V",151717.997945673
28,2014,"U",2718609.3440636
28,2014,"V",157923.528210529
28,2015,"U",2724362.8309364
28,2015,"V",168082.738035099
28,2016,"U",2791346.0737045
28,2016,"V",162092.463614813
28,2017,"U",2839895.18243908
28,2017,"V",213504.095945067
29,1950,"U",342697.059095975
29,1950,"V",66064.0017219409
29,1951,"U",512713.681371899
29,1951,"V",87159.3754453659
29,1952,"U",542620.871754382
29,1952,"V",96948.5210256278
29,1953,"U",629350.499504344
29,1953,"V",118207.180906499
29,1954,"U",666583.069611555
29,1954,"V",75546.0058895987
29,1955,"U",666406.350193517
29,1955,"V",66714.9155022657
29,1956,"U",754134.498825024
29,1956,"V",63012.1045905968
29,1957,"U",778241.649540917
29,1957,"V",80324.2088736632
29,1958,"U",720497.961252072
29,1958,"V",50409.383697397
29,1959,"U",758788.814579399
29,1959,"V",48390.6690088603
29,1960,"U",866415.218064456
29,1960,"V",53465.400323946
29,1961,"U",871146.042003909
29,1961,"V",62973.1833616097
29,1962,"U",994409.455023741
29,1962,"V",63570.1956056854
29,1963,"U",986461.137883681
29,1963,"V",41853.5282956547
29,1964,"U",1436180.98774861
29,1964,"V",74616.2487228655
29,1965,"U",1690605.9230564
29,1965,"V",68341.2388935713
29,1966,"U",1839526.39812561
29,1966,"V",83218.5033297292
29,1967,"U",1991008.57535843
29,1967,"V",64543.5705370877
29,1968,"U",2525303.13188591
29,1968,"V",56215.0827302966
29,1969,"U",2454458.38075777
29,1969,"V",47748.0007568129
29,1970,"U",1997212.8314133
29,1970,"V",45709.7094700535
29,1971,"U",2055421.42902393
29,1971,"V",36979.9561122871
29,1972,"U",2343941.40270673
29,1972,"V",32310.0026720976
29,1973,"U",2518989.71572628
29,1973,"V",34724.2495979348
29,1974,"U",2267816.95612848
29,1974,"V",54242.5794225711
29,1975,"U",2608261.93828637
29,1975,"V",67666.0466917988
29,1976,"U",2521594.91902921
29,1976,"V",43528.2890286314
29,1977,"U",2664977.67865685
29,1977,"V",47429.9531478819
29,1978,"U",3283821.55790516
29,1978,"V",55732.2821862953
29,1979,"U",2665553.11062596
29,1979,"V",48470.2635400415
29,1980,"U",2393817.41725907
29,1980,"V",46974.0764430181
29,1981,"U",2453104.08831356
29,1981,"V",49430.5147748434
29,1982,"U",2530067.52319744
29,1982,"V",41014.9066227378
29,1983,"U",2561305.9724711
29,1983,"V",36227.974305378
29,1984,"U",2111184.07625696
29,1984,"V",43930.8218609065
29,1985,"U",2381466.57802691
29,1985,"V",47233.1715449653
29,1986,"U",2300212.83428585
29,1986,"V",37256.4343804421
29,1987,"U",3023785.96546572
29,1987,"V",41846.1070803308
29,1988,"U",2948334.1478385
29,1988,"V",41513.7630188683
29,1989,"U",2483068.49245854
29,1989,"V",37760.7839111332
29,1990,"U",1389958.01258247
29,1990,"V",14292.3682517025
29,1991,"U",1274963.73775301
29,1991,"V",15258.8048034717
29,1992,"U",1829776.78291518
29,1992,"V",20823.3438255084
29,1993,"U",1843304.96225007
29,1993,"V",23380.398326452
29,1994,"U",1757219.67639613
29,1994,"V",22188.2020476792
29,1995,"U",1745193.49200674
29,1995,"V",24411.4741600777
29,1996,"U",1375957.49725616
29,1996,"V",26255.1325558741
29,1997,"U",1347049.30723898
29,1997,"V",17317.6874132649
29,1998,"U",1547172.02987194
29,1998,"V",28507.3365032342
29,1999,"U",1662621.4341698
29,1999,"V",25735.2041312546
29,2000,"U",1670560.24607262
29,2000,"V",27800.6232906473
29,2001,"U",1636910.97717198
29,2001,"V",24417.3902444813
29,2002,"U",1663761.12471023
29,2002,"V",22664.2510444307
29,2003,"U",1504761.29214005
29,2003,"V",24446.6359046164
29,2004,"U",1378046.56052154
29,2004,"V",23989.1825592752
29,2005,"U",1433914.39542814
29,2005,"V",25888.7400591379
29,2006,"U",1264111.3947334
29,2006,"V",19428.3724938429
29,2007,"U",1362446.65828923
29,2007,"V",25878.2295822569
29,2008,"U",1402805.33879424
29,2008,"V",16667.7540427541
29,2009,"U",1006268.49854123
29,2009,"V",11223.8329623942
29,2010,"U",1346662.40861557
29,2010,"V",19067.4993695693
29,2011,"U",1330495.49849308
29,2011,"V",18397.0964828563
29,2012,"U",1589759.72949296
29,2012,"V",20161.8374918841
29,2013,"U",1515789.97954127
29,2013,"V",24893.9778799559
29,2014,"U",1637506.32288015
29,2014,"V",31643.7063892936
29,2015,"U",1617083.52685958
29,2015,"V",28881.7349152502
29,2016,"U",1761136.08630714
29,2016,"V",22194.1231926926
29,2017,"U",1799022.57859696
29,2017,"V",22604.4378007861
30,1950,"U",187703.788792669
30,1950,"V",77718.525124535
30,1951,"U",280461.651952405
30,1951,"V",68759.3474609852
30,1952,"U",383948.129276404
30,1952,"V",101425.074830085
30,1953,"U",401339.010050752
30,1953,"V",58935.1726529896
30,1954,"U",365096.70514008
30,1954,"V",84870.5807872415
30,1955,"U",360894.378312618
30,1955,"V",90135.3403419108
30,1956,"U",332315.521538974
30,1956,"V",61545.1241480801
30,1957,"U",392725.334041789
30,1957,"V",47744.1249301107
30,1958,"U",409112.640831164
30,1958,"V",69277.466316364
30,1959,"U",494151.551636326
30,1959,"V",51591.2478980466
30,1960,"U",530349.463819225
30,1960,"V",46399.542634863
30,1961,"U",684365.357224561
30,1961,"V",50201.6442989921
30,1962,"U",673033.643873686
30,1962,"V",59378.3670696311
30,1963,"U",857794.305712385
30,1963,"V",66239.8542891441
30,1964,"U",864283.625639244
30,1964,"V",87063.5103394971
30,1965,"U",947425.139117831
30,1965,"V",93776.4011524873
30,1966,"U",1021076.82143372
30,1966,"V",83656.2448965704
30,1967,"U",1153473.78993507
30,1967,"V",51943.6500243512
30,1968,"U",1442195.72420321
30,1968,"V",79874.2854026184
30,1969,"U",1254244.042323
30,1969,"V",52577.4605258258
30,1970,"U",1163197.99551176
30,1970,"V",47402.9107060871
30,1971,"U",1187881.67791328
30,1971,"V",50374.1692187433
30,1972,"U",1184134.49515543
30,1972,"V",51220.6752567256
30,1973,"U",1459713.00494136
30,1973,"V",61385.290405825
30,1974,"U",1370553.14921953
30,1974,"V",64718.6548853363
30,1975,"U",687641.843319825
30,1975,"V",31919.2455445493
30,1976,"U",769389.22404684
30,1976,"V",28875.2960576699
30,1977,"U",460077.945033859
30,1977,"V",41552.4857948527
30,1978,"U",395207.220303368
30,1978,"V",26721.0105508805
30,1979,"U",416150.533770142
30,1979,"V",22178.1811955538
30,1980,"U",484639.934492961
30,1980,"V",35162.0761652482
30,1981,"U",479281.136947558
30,1981,"V",34673.3880129812
30,1982,"U",348520.725633997
30,1982,"V",28501.0206662873
30,1983,"U",378751.026995289
30,1983,"V",29120.865870913
30,1984,"U",409040.234165279
30,1984,"V",32746.0524360479
30,1985,"U",401045.978155204
30,1985,"V",30705.6914408399
30,1986,"U",557390.644615786
30,1986,"V",39942.6850782145
30,1987,"U",696032.397902447
30,1987,"V",50805.189775369
30,1988,"U",714932.608885563
30,1988,"V",48579.4482954651
30,1989,"U",601502.418068512
30,1989,"V",50997.6638217521
30,1990,"U",559247.700205873
30,1990,"V",49267.4261213012
30,1991,"U",579448.70866156
30,1991,"V",48264.7630293219
30,1992,"U",584832.640502121
30,1992,"V",41651.3647388051
30,1993,"U",531363.226673265
30,1993,"V",39800.0506802254
30,1994,"U",476607.310002993
30,1994,"V",53041.4123742103
30,1995,"U",469503.792924571
30,1995,"V",51600.203805824
30,1996,"U",430244.192704768
30,1996,"V",51928.4187268915
30,1997,"U",485961.214054161
30,1997,"V",54754.9691783945
30,1998,"U",430121.509734141
30,1998,"V",45491.2232061034
30,1999,"U",474246.932119376
30,1999,"V",42423.3620086407
30,2000,"U",524964.132312875
30,2000,"V",46521.8507288888
30,2001,"U",627139.283651079
30,2001,"V",48825.0216659143
30,2002,"U",727204.639391394
30,2002,"V",47994.9356476963
30,2003,"U",947551.459454965
30,2003,"V",61821.1249922421
30,2004,"U",1007049.40968405
30,2004,"V",58901.8293699975
30,2005,"U",935512.558584085
30,2005,"V",54485.4825676916
30,2006,"U",843369.106215149
30,2006,"V",55482.0167447722
30,2007,"U",856550.908652653
30,2007,"V",61997.0810730825
30,2008,"U",779598.145056667
30,2008,"V",47366.9384001467
30,2009,"U",857530.376378576
30,2009,"V",59300.7312598612
30,2010,"U",1022321.83076246
30,2010,"V",57339.6878099525
30,2011,"U",846264.155001184
30,2011,"V",61686.9035623905
30,2012,"U",951934.889676324
30,2012,"V",60761.737567366
30,2013,"U",714774.453766719
30,2013,"V",84266.2910837722
30,2014,"U",730765.628902725
30,2014,"V",82971.6167224435
30,2015,"U",758555.279979579
30,2015,"V",95556.565882301
30,2016,"U",884431.194650826
30,2016,"V",106448.533890818
30,2017,"U",836186.721131508
30,2017,"V",133340.98138253
31,1950,"U",37598.7746041142
31,1951,"U",71742.0150055352
31,1952,"U",87458.225578086
31,1953,"U",101760.495772921
31,1953,"V",385.011611767113
31,1954,"U",87435.7911339515
31,1954,"V",439.065606802702
31,1955,"U",100234.861170342
31,1955,"V",574.258196502924
31,1956,"U",121500.440378508
31,1956,"V",559.328143715858
31,1957,"U",115636.255648352
31,1957,"V",363.980061620475
31,1958,"U",109638.416837553
31,1958,"V",390.318439513445
31,1959,"U",87946.204257236
31,1959,"V",230.017910420894
31,1960,"U",84902.5666018987
31,1960,"V",2378.08240360536
31,1961,"U",90654.0822472823
31,1961,"V",2816.96108529935
31,1962,"U",92910.3289974328
31,1962,"V",2793.37854281752
31,1963,"U",79417.9042039512
31,1963,"V",3876.54997059421
31,1964,"U",82180.6130687297
31,1964,"V",3366.75074267543
31,1965,"U",109507.881030666
31,1965,"V",4892.6449527948
31,1966,"U",122856.931704024
31,1966,"V",5885.51910373668
31,1967,"U",127597.839390024
31,1967,"V",5673.23617315906
31,1968,"U",126111.336398113
31,1968,"V",7378.72848926097
31,1969,"U",139049.282475899
31,1969,"V",6636.17413721886
31,1970,"U",142357.101131701
31,1970,"V",5691.94732329767
31,1971,"U",112027.082832961
31,1971,"V",5384.90627158999
31,1972,"U",122414.206903262
31,1972,"V",4956.69214885058
31,1973,"U",104554.354527825
31,1973,"V",7308.72392981899
31,1974,"U",155275.847902316
31,1974,"V",6950.00623680918
31,1975,"U",284812.711137745
31,1975,"V",11437.7608602734
31,1976,"U",242548.230009415
31,1976,"V",10713.6541796117
31,1977,"U",290211.66181529
31,1977,"V",13376.5084891731
31,1978,"U",283551.243986553
31,1978,"V",3318.71475758567
31,1979,"U",245302.613986461
31,1979,"V",7451.05839262573
31,1980,"U",316898.399300597
31,1980,"V",19111.5696673404
31,1981,"U",307450.691615454
31,1981,"V",9166.35613875524
31,1982,"U",222787.983294481
31,1982,"V",6120.97994746584
31,1983,"U",234709.608773973
31,1983,"V",7729.5342336445
31,1984,"U",339221.181806447
31,1984,"V",17253.9549675904
31,1985,"U",389314.38878698
31,1985,"V",9940.06285821219
31,1986,"U",362945.718992815
31,1986,"V",9457.2216556761
31,1987,"U",318332.978311621
31,1987,"V",13853.9825778268
31,1988,"U",370745.451362929
31,1988,"V",10823.2710842495
31,1989,"U",291065.112160541
31,1989,"V",10117.0329784176
31,1990,"U",353878.962591614
31,1990,"V",8849.65105293366
31,1991,"U",372644.617223819
31,1991,"V",13090.3420623482
31,1992,"U",367498.76663256
31,1992,"V",12398.6766596239
31,1993,"U",336005.882169276
31,1993,"V",12120.8757738516
31,1994,"U",306162.951663154
31,1994,"V",14253.7343304668
31,1995,"U",375081.833382152
31,1995,"V",15091.3117983805
31,1996,"U",332336.281984381
31,1996,"V",17932.7873408969
31,1997,"U",331686.993664498
31,1997,"V",17114.3940598023
31,1998,"U",328391.158877721
31,1998,"V",18912.0817501508
31,1999,"U",339334.658049998
31,1999,"V",8537.3858797556
31,2000,"U",310377.177820216
31,2000,"V",16469.1136254088
31,2001,"U",380814.039703541
31,2001,"V",15486.4758976619
31,2002,"U",349816.363079262
31,2002,"V",13736.4583303441
31,2003,"U",357590.025283699
31,2003,"V",11622.5518884876
31,2004,"U",363004.601625635
31,2004,"V",13274.6206352115
31,2005,"U",353704.444792237
31,2005,"V",12441.4198173755
31,2006,"U",372455.986892048
31,2006,"V",14408.5723020035
31,2007,"U",351082.741159014
31,2007,"V",13726.2207793584
31,2008,"U",311687.241946532
31,2008,"V",12054.8735094745
31,2009,"U",352797.548605035
31,2009,"V",12628.6828476196
31,2010,"U",370023.963921064
31,2010,"V",15889.1387255076
31,2011,"U",352603.691539894
31,2011,"V",18398.2295806116
31,2012,"U",387104.642832179
31,2012,"V",20381.3077376434
31,2013,"U",319571.482003038
31,2013,"V",22317.189878479
31,2014,"U",406836.28358016
31,2014,"V",24196.2064993599
31,2015,"U",376856.695531662
31,2015,"V",22652.4154015776
31,2016,"U",433135.356250269
31,2016,"V",22870.9296283903
31,2017,"U",416844.932669831
31,2017,"V",23336.5701858873
32,1947,"U",541919.5327
32,1948,"U",359771.9495
32,1949,"U",353284.5012
32,1950,"U",1043536.96247805
32,1950,"V",76164.0250728775
32,1951,"U",1096359.16671861
32,1951,"V",75766.3683256824
32,1952,"U",1041212.94739959
32,1952,"V",81889.0179168313
32,1953,"U",1292001.56739407
32,1953,"V",97717.4983591141
32,1954,"U",1129211.81643541
32,1954,"V",149700.744135541
32,1955,"U",1219625.52072038
32,1955,"V",107361.770022245
32,1956,"U",1343431.0796244
32,1956,"V",151736.840981665
32,1957,"U",1345032.60367605
32,1957,"V",130480.320731746
32,1958,"U",1347585.20065858
32,1958,"V",86182.795548683
32,1959,"U",1262375.92811638
32,1959,"V",67977.7448976589
32,1960,"U",1496739.76631131
32,1960,"V",80477.4186954393
32,1961,"U",1273604.3088986
32,1961,"V",88600.425306013
32,1962,"U",1276925.21578883
32,1962,"V",89531.9289031447
32,1963,"U",1326413.96851989
32,1963,"V",114188.898752806
32,1964,"U",1556989.00233623
32,1964,"V",151784.323538452
32,1965,"U",1577806.56288906
32,1965,"V",126699.082304944
32,1966,"U",1788642.24873678
32,1966,"V",148425.757959764
32,1967,"U",1842406.43167676
32,1967,"V",174550.661827172
32,1968,"U",1824620.15602145
32,1968,"V",166871.87220734
32,1969,"U",1949260.65440846
32,1969,"V",169269.456473043
32,1970,"U",2123055.37249876
32,1970,"V",181274.298252601
32,1971,"U",2357934.23696624
32,1971,"V",207857.728484787
32,1972,"U",2340822.86457785
32,1972,"V",218232.511070834
32,1973,"U",2934879.70641771
32,1973,"V",277936.025337582
32,1974,"U",3187664.46263896
32,1974,"V",272289.863283536
32,1975,"U",3050359.95052131
32,1975,"V",299150.115336027
32,1976,"U",3175132.27506952
32,1976,"V",279873.094734529
32,1977,"U",3335939.60392543
32,1977,"V",279418.372488878
32,1978,"U",3191310.49348485
32,1978,"V",229753.549678993
32,1979,"U",3178586.03907169
32,1979,"V",245047.244599979
32,1980,"U",2951269.69364385
32,1980,"V",320278.077996826
32,1981,"U",2848704.22685668
32,1981,"V",261521.796897232
32,1982,"U",2963108.25400248
32,1982,"V",315598.71375914
32,1983,"U",3228984.40787372
32,1983,"V",310669.97379002
32,1984,"U",3441929.7669772
32,1984,"V",308184.358215023
32,1985,"U",3731856.0468854
32,1985,"V",355947.903256126
32,1986,"U",3598567.21025377
32,1986,"V",330774.367794812
32,1987,"U",3864361.51099939
32,1987,"V",343436.46611734
32,1988,"U",4132444.28559763
32,1988,"V",343911.7238014
32,1989,"U",4766755.22866614
32,1989,"V",367769.556757109
32,1990,"U",4424523.42360106
32,1990,"V",378345.901741838
32,1991,"U",4966611.49082113
32,1991,"V",425737.696525549
32,1992,"U",5130690.9800003
32,1992,"V",410553.756535512
32,1993,"U",5181800.86128608
32,1993,"V",478647.745729983
32,1994,"U",5247317.49583778
32,1994,"V",575210.273540738
32,1995,"U",5665645.45954864
32,1995,"V",455080.576286193
32,1996,"U",4671134.3929615
32,1996,"V",463151.196367825
32,1997,"U",5386494.3692141
32,1997,"V",426786.926485083
32,1998,"U",4773391.53730094
32,1998,"V",483743.16453666
32,1999,"U",4983709.71528743
32,1999,"V",473919.872095621
32,2000,"U",5394306.43396283
32,2000,"V",486146.776045141
32,2001,"U",5397511.45838667
32,2001,"V",481628.352019218
32,2002,"U",5892977.98826582
32,2002,"V",446504.249697093
32,2003,"U",6696260.65952504
32,2003,"V",445246.433089181
32,2004,"U",5347895.86340259
32,2004,"V",503021.013824219
32,2005,"U",4743233.30974979
32,2005,"V",478138.547409032
32,2006,"U",5476454.11005367
32,2006,"V",479375.979302778
32,2007,"U",4770839.10389547
32,2007,"V",557338.390657416
32,2008,"U",4678203.8206432
32,2008,"V",579317.194854908
32,2009,"U",4756576.61072651
32,2009,"V",582425.204474951
32,2010,"U",5201495.78301637
32,2010,"V",582351.820771067
32,2011,"U",4772378.67691093
32,2011,"V",742216.970339581
32,2012,"U",4851814.49920767
32,2012,"V",789421.878966508
32,2013,"U",4946108.60717551
32,2013,"V",879569.914947411
32,2014,"U",4870778.68580204
32,2014,"V",816748.690709264
32,2015,"U",4802952.6508703
32,2015,"V",766670.993956671
32,2016,"U",5145581.48179903
32,2016,"V",705727.03863685
32,2017,"U",5277665.52854611
32,2017,"V",696999.931819074
33,1950,"U",30918.4242151693
33,1950,"V",2719.66734297282
33,1951,"U",45463.8199326318
33,1951,"V",1800.34605510967
33,1952,"U",67425.1121326619
33,1952,"V",4266.59544927213
33,1953,"U",64461.0444163193
33,1953,"V",4491.55542106181
33,1954,"U",84173.9616756675
33,1954,"V",5264.19955104171
33,1955,"U",88935.4081892726
33,1955,"V",6616.73379929161
33,1956,"U",88153.2489926361
33,1956,"V",5169.60984866244
33,1957,"U",86337.8622443293
33,1957,"V",10667.8953024396
33,1958,"U",84793.9971084678
33,1958,"V",9995.26099675945
33,1959,"U",109183.186563614
33,1959,"V",11907.0007447683
33,1960,"U",81890.9367474745
33,1960,"V",8243.06640745313
33,1961,"U",82674.4214677988
33,1961,"V",14032.6175233133
33,1962,"U",101589.229854907
33,1962,"V",10046.3748468529
33,1963,"U",83184.2455002367
33,1963,"V",17790.3299679263
33,1964,"U",72481.9259976547
33,1964,"V",11585.1352181706
33,1965,"U",98423.663136626
33,1965,"V",11613.6914527026
33,1966,"U",110143.274380487
33,1966,"V",13336.9812473247
33,1967,"U",116505.818052979
33,1967,"V",15927.3892623175
33,1968,"U",119840.642827332
33,1968,"V",13414.8643612576
33,1969,"U",141029.848218428
33,1969,"V",13089.4286823397
33,1970,"U",150683.394768426
33,1970,"V",12469.3152702329
33,1971,"U",175045.273724262
33,1971,"V",10755.9953609977
33,1972,"U",178794.552403893
33,1972,"V",13220.3722307137
33,1973,"U",184949.584991294
33,1973,"V",18108.2286194435
33,1974,"U",199384.497140605
33,1974,"V",13962.5918738883
33,1975,"U",179475.357167882
33,1975,"V",12115.2274233095
33,1976,"U",269962.24833946
33,1976,"V",14553.3423827286
33,1977,"U",336448.539404902
33,1977,"V",20416.2501163791
33,1978,"U",333889.670855453
33,1978,"V",14669.2517532708
33,1979,"U",265522.719627566
33,1979,"V",11697.516940862
33,1980,"U",443756.999665773
33,1980,"V",32346.190851493
33,1981,"U",546349.826375458
33,1981,"V",25979.0376263717
33,1982,"U",347899.195294039
33,1982,"V",13817.7652712752
33,1983,"U",392578.515846294
33,1983,"V",21972.4460327849
33,1984,"U",426998.844746518
33,1984,"V",23145.2141543072
33,1985,"U",527899.578176306
33,1985,"V",16442.4506253704
33,1986,"U",406699.187953676
33,1986,"V",19714.2667243217
33,1987,"U",423959.036077794
33,1987,"V",22648.3544070781
33,1988,"U",470994.189627806
33,1988,"V",20523.8673654843
33,1989,"U",492830.28525474
33,1989,"V",25895.1399049183
33,1990,"U",283947.33939822
33,1990,"V",23313.9554932756
33,1991,"U",294080.679395275
33,1991,"V",19509.6988879041
33,1992,"U",309788.857685433
33,1992,"V",11755.162580716
33,1993,"U",378551.710949679
33,1993,"V",12082.6029963497
33,1994,"U",376226.938615476
33,1994,"V",11918.4910601968
33,1995,"U",423872.470756161
33,1995,"V",26260.8385525514
33,1996,"U",1709981.74038202
33,1996,"V",105623.48884443
33,1997,"U",1687889.05302343
33,1997,"V",92282.1251628966
33,1998,"U",2006802.15781272
33,1998,"V",88682.1550514487
33,1999,"U",2157665.5283147
33,1999,"V",90130.9618738326
33,2000,"U",1954282.9492376
33,2000,"V",100383.158634462
33,2001,"U",2906475.38033236
33,2001,"V",103976.75827096
33,2002,"U",2252520.73659374
33,2002,"V",111943.695324438
33,2003,"U",2105200.43759583
33,2003,"V",104995.841389602
33,2004,"U",2290891.08516281
33,2004,"V",124039.725486317
33,2005,"U",2472048.53223662
33,2005,"V",121937.881188263
33,2006,"U",2340606.5191878
33,2006,"V",112549.558405779
33,2007,"U",1877141.48466431
33,2007,"V",139001.835290898
33,2008,"U",2468184.35970846
33,2008,"V",160968.606686851
33,2009,"U",2292264.54386905
33,2009,"V",165697.707089292
33,2010,"U",2106770.99049237
33,2010,"V",180922.87738165
33,2011,"U",2217298.80974303
33,2011,"V",225944.316963564
33,2012,"U",2254225.03180549
33,2012,"V",266930.871552407
33,2013,"U",2326109.92639283
33,2013,"V",300638.482312118
33,2014,"U",2253679.65751914
33,2014,"V",303183.971522588
33,2015,"U",2423878.41811131
33,2015,"V",199062.908255355
33,2016,"U",2250974.02825494
33,2016,"V",221383.791612183
33,2017,"U",2350567.07915907
33,2017,"V",225448.811788387
34,1947,"U",316789.3022
34,1948,"U",377902.9714
34,1949,"U",473603.4192
34,1950,"U",1305359.30360324
34,1950,"V",65069.6107783183
34,1951,"U",1311852.53701695
34,1951,"V",78793.62271402
34,1952,"U",1709351.50379246
34,1952,"V",77277.5466295826
34,1953,"U",1694641.25546168
34,1953,"V",91348.96496763
34,1954,"U",2195875.31754066
34,1954,"V",130452.546129829
34,1955,"U",2275393.41991936
34,1955,"V",95804.5342800578
34,1956,"U",3399558.9961194
34,1956,"V",135976.397048829
34,1957,"U",3347687.14098489
34,1957,"V",127614.146961231
34,1958,"U",3421993.94262478
34,1958,"V",87557.9026939869
34,1959,"U",3348883.93520407
34,1959,"V",77621.0641878356
34,1960,"U",3571103.30664948
34,1960,"V",83118.1891240325
34,1961,"U",3457636.34608055
34,1961,"V",80050.3637400254
34,1962,"U",3464493.97218675
34,1962,"V",115057.845543443
34,1963,"U",3525709.48420887
34,1963,"V",101117.00209128
34,1964,"U",3830748.62509714
34,1964,"V",132575.311774902
34,1965,"U",3762168.68939176
34,1965,"V",130286.724128453
34,1966,"U",3937314.06044743
34,1966,"V",140656.76153831
34,1967,"U",4058791.62706144
34,1967,"V",168042.102962647
34,1968,"U",4322883.23191757
34,1968,"V",188162.493873612
34,1969,"U",4371981.11880127
34,1969,"V",182972.007786883
34,1970,"U",4769435.7572653
34,1970,"V",291488.328884404
34,1971,"U",3290500.62854926
34,1971,"V",366406.302451074
34,1972,"U",3413756.22520135
34,1972,"V",283703.836358385
34,1973,"U",3621705.10258177
34,1973,"V",312458.100855528
34,1974,"U",4076017.97101044
34,1974,"V",373176.492800479
34,1975,"U",3059646.19691354
34,1975,"V",292267.725343563
34,1976,"U",2935801.62505975
34,1976,"V",272271.775632142
34,1977,"U",2801261.92140282
34,1977,"V",323653.124441031
34,1978,"U",3298827.80674554
34,1978,"V",275850.631907847
34,1979,"U",3036968.55712455
34,1979,"V",301697.810547835
34,1980,"U",2865028.48823475
34,1980,"V",335886.982468245
34,1981,"U",3112474.98087315
34,1981,"V",335829.225562017
34,1982,"U",2963810.48166347
34,1982,"V",392767.156979672
34,1983,"U",3105562.72545525
34,1983,"V",378250.576023556
34,1984,"U",3415755.45253669
34,1984,"V",489108.987382994
34,1985,"U",3583036.88945487
34,1985,"V",457638.728688811
34,1986,"U",3502263.11234674
34,1986,"V",448210.264772667
34,1987,"U",3645727.97191819
34,1987,"V",503740.316753441
34,1988,"U",4034115.1275878
34,1988,"V",513435.700112162
34,1989,"U",4694512.75156806
34,1989,"V",569260.425353617
34,1990,"U",4732637.83573143
34,1990,"V",501109.040922848
34,1991,"U",4815447.44089925
34,1991,"V",514735.108187973
34,1992,"U",5242788.14282116
34,1992,"V",531850.776530333
34,1993,"U",5488345.5849652
34,1993,"V",579621.853054314
34,1994,"U",5344900.55325115
34,1994,"V",682057.937374797
34,1995,"U",5217482.91367936
34,1995,"V",547304.991969997
34,1996,"U",4537282.79376801
34,1996,"V",500176.757938146
34,1997,"U",4659850.93872566
34,1997,"V",487852.996678142
34,1998,"U",4608357.68273363
34,1998,"V",525572.942286004
34,1999,"U",5625648.6418395
34,1999,"V",670811.815260675
34,2000,"U",5347753.90325658
34,2000,"V",633686.676282358
34,2001,"U",5284570.35254268
34,2001,"V",627180.056860497
34,2002,"U",6072102.59250851
34,2002,"V",577159.10341234
34,2003,"U",5761115.22934271
34,2003,"V",668199.49203696
34,2004,"U",6083921.80873748
34,2004,"V",695398.17470147
34,2005,"U",6115189.41021183
34,2005,"V",630760.875167823
34,2006,"U",6066778.65886794
34,2006,"V",671266.674228143
34,2007,"U",6096004.14415865
34,2007,"V",768556.690757781
34,2008,"U",5657940.62080194
34,2008,"V",743545.248661858
34,2009,"U",6169256.42746165
34,2009,"V",836062.765652028
34,2010,"U",6447553.69104248
34,2010,"V",828420.379486369
34,2011,"U",5784653.76345679
34,2011,"V",950965.093553383
34,2012,"U",6310534.15238728
34,2012,"V",969834.930793906
34,2013,"U",6189179.61393777
34,2013,"V",1051795.29464875
34,2014,"U",6492975.34562229
34,2014,"V",1041692.33861665
34,2015,"U",6315755.64579154
34,2015,"V",875568.070799861
34,2016,"U",6352129.94559236
34,2016,"V",1000829.8680343
34,2017,"U",6626773.05833606
34,2017,"V",1002610.0297073
35,1947,"U",91554.5415
35,1948,"U",100405.6693
35,1949,"U",103444.0262
35,1950,"U",191885.629083546
35,1950,"V",357669.067799693
35,1951,"U",181927.250518902
35,1951,"V",319185.706793826
35,1952,"U",172772.094278021
35,1952,"V",353984.822230864
35,1953,"U",196355.987271055
35,1953,"V",369815.215358144
35,1954,"U",189226.807861193
35,1954,"V",397350.983285017
35,1955,"U",194485.726498097
35,1955,"V",374728.163086135
35,1956,"U",226920.214520178
35,1956,"V",396814.535687819
35,1957,"U",208709.756785532
35,1957,"V",442821.812900765
35,1958,"U",217481.292304588
35,1958,"V",368808.98948657
35,1959,"U",229833.559354309
35,1959,"V",395946.772382854
35,1960,"U",285997.229088723
35,1960,"V",411369.818880146
35,1961,"U",322733.39092926
35,1961,"V",669177.484341594
35,1962,"U",344199.285083513
35,1962,"V",635514.239113709
35,1963,"U",528853.596975901
35,1963,"V",591473.775293142
35,1964,"U",665327.458696451
35,1964,"V",561006.898963569
35,1965,"U",650991.635497421
35,1965,"V",531792.509265499
35,1966,"U",922884.15501399
35,1966,"V",839539.204962159
35,1967,"U",1070424.91884445
35,1967,"V",862179.207765442
35,1968,"U",1170945.00774532
35,1968,"V",1209442.89911077
35,1969,"U",1398514.78904959
35,1969,"V",1347969.3003477
35,1970,"U",520069.149917697
35,1970,"V",1046850.81690705
35,1971,"U",804546.543028487
35,1971,"V",1417779.59085755
35,1972,"U",929372.022993627
35,1972,"V",602826.384295184
35,1973,"U",1023192.98715812
35,1973,"V",335141.214045142
35,1974,"U",930401.592165202
35,1974,"V",287951.645015552
35,1975,"U",646885.831070715
35,1975,"V",199786.119225991
35,1976,"U",636960.013813146
35,1976,"V",206785.352079285
35,1977,"U",726112.615630652
35,1977,"V",125389.410336152
35,1978,"U",658056.768996188
35,1978,"V",141569.229112364
35,1979,"U",573172.114763855
35,1979,"V",137332.371010579
35,1980,"U",529124.395870834
35,1980,"V",133784.414491334
35,1981,"U",491913.223513129
35,1981,"V",154441.025556378
35,1982,"U",473873.400240291
35,1982,"V",258449.346316174
35,1983,"U",605960.94388194
35,1983,"V",187630.575495578
35,1984,"U",555462.201946557
35,1984,"V",210322.600039286
35,1985,"U",709103.482235264
35,1985,"V",196805.583974634
35,1986,"U",638195.358615947
35,1986,"V",149998.203557524
35,1987,"U",794304.073858707
35,1987,"V",152891.547649924
35,1988,"U",624066.78621751
35,1988,"V",162417.814849622
35,1989,"U",735001.838992321
35,1989,"V",216302.956470506
35,1990,"U",564718.62651313
35,1990,"V",180426.677754355
35,1991,"U",734402.338785179
35,1991,"V",192806.590185535
35,1992,"U",831272.085600907
35,1992,"V",228437.897411828
35,1993,"U",598342.8189728
35,1993,"V",216517.061257348
35,1994,"U",806118.040340166
35,1994,"V",260974.647818247
35,1995,"U",901996.735384926
35,1995,"V",235168.655088209
35,1996,"U",761293.837492749
35,1996,"V",238619.219658819
35,1997,"U",801510.277310093
35,1997,"V",232322.840923006
35,1998,"U",800492.091075655
35,1998,"V",235683.009940894
35,1999,"U",1363625.07527428
35,1999,"V",317240.676129653
35,2000,"U",1509813.94586824
35,2000,"V",571189.184145037
35,2001,"U",1772670.95540611
35,2001,"V",264710.231609397
35,2002,"U",1453327.51705018
35,2002,"V",280172.569347789
35,2003,"U",1305818.62114815
35,2003,"V",277005.567703024
35,2004,"U",1597374.18682114
35,2004,"V",249650.515655124
35,2005,"U",1579974.83395605
35,2005,"V",263813.344356191
35,2006,"U",1435319.18324278
35,2006,"V",254020.495071231
35,2007,"U",1439356.58397403
35,2007,"V",180659.971048214
35,2008,"U",1175122.82010806
35,2008,"V",175693.815129696
35,2009,"U",1240593.58762677
35,2009,"V",208499.84214581
35,2010,"U",1077869.64962063
35,2010,"V",191042.272245147
35,2011,"U",1176594.98290747
35,2011,"V",177088.948042342
35,2012,"U",1178380.69259954
35,2012,"V",206841.523902511
35,2013,"U",1179917.28609269
35,2013,"V",206456.346096469
35,2014,"U",1478221.13600552
35,2014,"V",226521.474246467
35,2015,"U",1196259.14134374
35,2015,"V",220397.499878091
35,2016,"U",1087971.57796301
35,2016,"V",248294.37665938
35,2017,"U",1196891.74167442
35,2017,"V",256733.668331461
36,1946,"U",43601.3203
36,1947,"U",167407.0454
36,1948,"U",210474.8016
36,1949,"U",437684.4659
36,1950,"U",863826.679513931
36,1950,"V",158249.084492869
36,1951,"U",1112930.93233466
36,1951,"V",226838.481452826
36,1952,"U",1258393.68152803
36,1952,"V",259287.761847303
36,1953,"U",1129629.09659839
36,1953,"V",273126.111723065
36,1954,"U",1352883.4203608
36,1954,"V",327202.328238015
36,1955,"U",1568929.81954678
36,1955,"V",366662.17778669
36,1956,"U",1621324.44797098
36,1956,"V",486314.71956094
36,1957,"U",1775266.59917508
36,1957,"V",406340.451513877
36,1958,"U",1598239.83092704
36,1958,"V",349476.2050213
36,1959,"U",2857512.75308804
36,1959,"V",646200.59496991
36,1960,"U",3102276.87589015
36,1960,"V",622885.700648687
36,1961,"U",3438198.29332605
36,1961,"V",660652.350877997
36,1962,"U",3536165.95754396
36,1962,"V",729992.318988803
36,1963,"U",3525523.19286249
36,1963,"V",521618.380740792
36,1964,"U",3586036.55543795
36,1964,"V",534355.483990122
36,1965,"U",3829612.03143918
36,1965,"V",553717.529805312
36,1966,"U",4046726.58847681
36,1966,"V",536653.477058615
36,1967,"U",3940337.72517117
36,1967,"V",550509.906570226
36,1968,"U",4294708.95655223
36,1968,"V",574634.871802273
36,1969,"U",4767917.9359905
36,1969,"V",628275.526743117
36,1970,"U",4780658.53696596
36,1970,"V",1327886.35845235
36,1971,"U",4802147.74188901
36,1971,"V",1034773.43021642
36,1972,"U",5554570.10955971
36,1972,"V",956200.923864272
36,1973,"U",5116760.37161541
36,1973,"V",1017820.17853056
36,1974,"U",5212453.35552482
36,1974,"V",904920.81040195
36,1975,"U",4631381.87324504
36,1975,"V",948456.65146165
36,1976,"U",4942378.52748686
36,1976,"V",1073116.23849727
36,1977,"U",5017972.185417
36,1977,"V",1036857.62690224
36,1978,"U",5908669.24138134
36,1978,"V",860999.104913027
36,1979,"U",5021852.60557355
36,1979,"V",803237.840588771
36,1980,"U",4824027.16541669
36,1980,"V",815648.103767541
36,1981,"U",4661876.92208701
36,1981,"V",873856.923678766
36,1982,"U",5594033.25661128
36,1982,"V",1094010.78616374
36,1983,"U",5236023.79891132
36,1983,"V",1148231.85448053
36,1984,"U",5809098.9920255
36,1984,"V",1225054.19621843
36,1985,"U",5041360.25161751
36,1985,"V",1257854.49221363
36,1986,"U",5787630.33194507
36,1986,"V",1244872.28182762
36,1987,"U",6123605.19567264
36,1987,"V",1366636.86254451
36,1988,"U",5706343.13080753
36,1988,"V",1519603.33239848
36,1989,"U",6594671.35461093
36,1989,"V",1264921.85591166
36,1990,"U",6300209.90346209
36,1990,"V",1211014.87166706
36,1991,"U",6130843.32429138
36,1991,"V",1213416.66967691
36,1992,"U",5481144.02071673
36,1992,"V",1373704.52809422
36,1993,"U",6112282.63610072
36,1993,"V",1618756.01718102
36,1994,"U",7063843.72582965
36,1994,"V",1895130.0501531
36,1995,"U",6453626.4093714
36,1995,"V",1972829.00414159
36,1996,"U",7472932.55661459
36,1996,"V",2044997.80196296
36,1997,"U",8212388.97226152
36,1997,"V",2445843.45133772
36,1998,"U",7913264.94830151
36,1998,"V",2323842.4119806
36,1999,"U",7024279.36076386
36,1999,"V",1940880.58460359
36,2000,"U",6590932.85810824
36,2000,"V",1913728.00653218
36,2001,"U",6168433.35768577
36,2001,"V",1763209.02455424
36,2002,"U",6531610.99024133
36,2002,"V",1785273.77664366
36,2003,"U",6816209.58263991
36,2003,"V",1663294.43822902
36,2004,"U",6908403.42307423
36,2004,"V",1656539.0338802
36,2005,"U",7107076.08114074
36,2005,"V",1585080.82187752
36,2006,"U",7788674.19600392
36,2006,"V",1941164.98331558
36,2007,"U",7627834.25874257
36,2007,"V",1616434.45300232
36,2008,"U",7275980.34055376
36,2008,"V",1549808.41129523
36,2009,"U",7751035.14345966
36,2009,"V",1574621.49416835
36,2010,"U",7774773.27671333
36,2010,"V",1540669.70978257
36,2011,"U",8100493.13879234
36,2011,"V",1693997.45124655
36,2012,"U",8013346.32497242
36,2012,"V",1650553.33434624
36,2013,"U",8268952.51767597
36,2013,"V",1762197.38577438
36,2014,"U",8395902.27514137
36,2014,"V",1803377.97967308
36,2015,"U",8428708.35184482
36,2015,"V",1899540.78477485
36,2016,"U",8781095.5367022
36,2016,"V",1760729.27836777
36,2017,"U",8705914.93434899
36,2017,"V",1883541.98100748
37,1946,"U",29904.0975
37,1947,"U",173372.9912
37,1948,"U",143924.5273
37,1949,"U",202684.275
37,1950,"U",221990.947520781
37,1950,"V",11858.9546778493
37,1951,"U",210221.959459735
37,1951,"V",9420.54957194421
37,1952,"U",251520.853783536
37,1952,"V",11533.5105258641
37,1953,"U",232183.701065784
37,1953,"V",12710.7148576947
37,1954,"U",334939.330306443
37,1954,"V",15114.1286697023
37,1955,"U",295907.679119996
37,1955,"V",17864.4292118556
37,1956,"U",298863.934075904
37,1956,"V",19336.4089007564
37,1957,"U",308002.673489431
37,1957,"V",16653.7004041242
37,1958,"U",340794.873498406
37,1958,"V",21781.3773618176
37,1959,"U",371430.181455681
37,1959,"V",22302.7261221746
37,1960,"U",458876.472108887
37,1960,"V",25087.8227766819
37,1961,"U",435037.514929483
37,1961,"V",27638.3724004435
37,1962,"U",503949.760093277
37,1962,"V",36299.2256213561
37,1963,"U",511254.20965999
37,1963,"V",34958.0587404796
37,1964,"U",554433.506212634
37,1964,"V",36517.1297472462
37,1965,"U",644129.52671243
37,1965,"V",39676.7230054886
37,1966,"U",690239.283570612
37,1966,"V",46251.1052759312
37,1967,"U",765243.335828382
37,1967,"V",47733.4592469088
37,1968,"U",800258.457216527
37,1968,"V",51463.6393393147
37,1969,"U",768863.57997038
37,1969,"V",49863.2119407998
37,1970,"U",962367.138832552
37,1970,"V",287363.899212672
37,1971,"U",986210.516270801
37,1971,"V",420917.344626502
37,1972,"U",1125949.90781666
37,1972,"V",214509.115235349
37,1973,"U",1102648.16786596
37,1973,"V",141340.01867217
37,1974,"U",1239931.71074012
37,1974,"V",144218.220088288
37,1975,"U",1259648.77525989
37,1975,"V",125487.943471917
37,1976,"U",1080648.24637131
37,1976,"V",141252.471142324
37,1977,"U",1196450.16603053
37,1977,"V",91484.3654123912
37,1978,"U",1664706.67844039
37,1978,"V",140455.532170454
37,1979,"U",1171948.13687711
37,1979,"V",131500.694499527
37,1980,"U",1564653.31826741
37,1980,"V",170689.023240695
37,1981,"U",1099202.44295491
37,1981,"V",205463.755419793
37,1982,"U",1183245.55971536
37,1982,"V",174800.836243785
37,1983,"U",1133324.47753528
37,1983,"V",147201.737284787
37,1984,"U",1299711.78613683
37,1984,"V",191273.397874536
37,1985,"U",1152653.08771282
37,1985,"V",205339.944607223
37,1986,"U",1252690.53033627
37,1986,"V",196557.304142842
37,1987,"U",2061540.39623523
37,1987,"V",260005.335778523
37,1988,"U",1422752.34771662
37,1988,"V",219021.251299789
37,1989,"U",1497189.66238595
37,1989,"V",256859.410418386
37,1990,"U",1527719.28855142
37,1990,"V",195655.118532808
37,1991,"U",1400570.26424956
37,1991,"V",215351.286682102
37,1992,"U",1412999.21410822
37,1992,"V",230404.761978417
37,1993,"U",1393296.55520183
37,1993,"V",170812.831028808
37,1994,"U",1438708.03130374
37,1994,"V",192037.965609049
37,1995,"U",1455247.16835672
37,1995,"V",164942.830552267
37,1996,"U",1506118.47440674
37,1996,"V",154911.807045203
37,1997,"U",1590549.13066263
37,1997,"V",164147.803599235
37,1998,"U",1642776.37091037
37,1998,"V",127026.995818192
37,1999,"U",1819770.72568188
37,1999,"V",190849.041582859
37,2000,"U",1668949.30356538
37,2000,"V",221855.253572765
37,2001,"U",1710523.62314248
37,2001,"V",178815.298844953
37,2002,"U",1571301.13045083
37,2002,"V",167924.344255336
37,2003,"U",1661097.74937345
37,2003,"V",160421.487485005
37,2004,"U",1716026.19003901
37,2004,"V",144424.175667312
37,2005,"U",1950928.92920343
37,2005,"V",154229.990181467
37,2006,"U",2040723.56244896
37,2006,"V",163306.48177972
37,2007,"U",2099841.84033409
37,2007,"V",157514.974073066
37,2008,"U",2165013.88734161
37,2008,"V",156791.738233211
37,2009,"U",2202665.80067667
37,2009,"V",169373.874047355
37,2010,"U",2167037.43419775
37,2010,"V",174226.340612201
37,2011,"U",2007341.25741354
37,2011,"V",156811.107687079
37,2012,"U",2044615.80665849
37,2012,"V",149724.089698068
37,2013,"U",2168198.40658371
37,2013,"V",178202.645486193
37,2014,"U",2215434.03895272
37,2014,"V",158705.347269255
37,2015,"U",2168435.5154725
37,2015,"V",140910.494577627
37,2016,"U",2005931.5302028
37,2016,"V",158688.035942941
37,2017,"U",1906536.77002052
37,2017,"V",144926.369970047
38,1949,"U",258747.3334
38,1950,"U",211018.888242613
38,1950,"V",10673.3115683136
38,1951,"U",204690.422506072
38,1951,"V",28172.3609854139
38,1952,"U",232611.836988273
38,1952,"V",30409.0316432208
38,1953,"U",243483.23568768
38,1953,"V",45030.1003031235
38,1954,"U",536381.473878363
38,1954,"V",48337.1373523279
38,1955,"U",257663.849182611
38,1955,"V",29626.7387342351
38,1956,"U",275351.767091225
38,1956,"V",31887.3743509362
38,1957,"U",258006.64170513
38,1957,"V",30778.510271947
38,1958,"U",270539.558663477
38,1958,"V",33458.6196700952
38,1959,"U",551389.672061489
38,1959,"V",36917.4627384526
38,1960,"U",548673.922012295
38,1960,"V",36805.9243564246
38,1961,"U",735366.387027182
38,1961,"V",46109.7374845562
38,1962,"U",745443.453547074
38,1962,"V",45269.5020659351
38,1963,"U",712538.638775278
38,1963,"V",50286.6124945017
38,1964,"U",806052.389937927
38,1964,"V",51483.4845118375
38,1965,"U",1001025.14321519
38,1965,"V",59966.3313080196
38,1966,"U",935706.388370198
38,1966,"V",62979.0056577509
38,1967,"U",952216.248493784
38,1967,"V",59231.8389574389
38,1968,"U",1003994.0900211
38,1968,"V",63214.5577389563
38,1969,"U",1088813.54056782
38,1969,"V",61361.4843391593
38,1970,"U",1131839.50614299
38,1970,"V",62569.4505652997
38,1971,"U",1148920.30645963
38,1971,"V",61887.3251887854
38,1972,"U",1056944.06399936
38,1972,"V",68945.0008791486
38,1973,"U",1120804.31424561
38,1973,"V",66471.0337872009
38,1974,"U",962749.760335921
38,1974,"V",59131.8056816224
38,1975,"U",566042.208896297
38,1975,"V",77607.2601384293
38,1976,"U",571399.46715011
38,1976,"V",131503.200311913
38,1977,"U",1161576.1771248
38,1977,"V",293314.885627432
38,1978,"U",1291524.88027044
38,1978,"V",313508.450929591
38,1979,"U",1376904.04543967
38,1979,"V",292192.301893881
38,1980,"U",1102235.68219251
38,1980,"V",281873.586293456
38,1981,"U",1205852.95869195
38,1981,"V",397601.931008303
38,1982,"U",1166905.29273122
38,1982,"V",510189.361448463
38,1983,"U",1407557.41096491
38,1983,"V",348454.603873279
38,1984,"U",1273309.41894638
38,1984,"V",345130.244221967
38,1985,"U",1283867.74312431
38,1985,"V",348527.163750385
38,1986,"U",1406762.90403786
38,1986,"V",323461.450913265
38,1987,"U",2180216.7872452
38,1987,"V",429632.543020743
38,1988,"U",2381581.24404922
38,1988,"V",471322.940084248
38,1989,"U",1928500.80917263
38,1989,"V",531169.338586933
38,1990,"U",1909078.75939344
38,1990,"V",410206.621355177
38,1991,"U",2048812.48991858
38,1991,"V",402582.559181986
38,1992,"U",2189834.81145464
38,1992,"V",456521.686864722
38,1993,"U",2251378.62774366
38,1993,"V",437767.555311933
38,1994,"U",2351152.77805672
38,1994,"V",469683.690019046
38,1995,"U",2393197.02351432
38,1995,"V",455551.99503509
38,1996,"U",2781739.14243654
38,1996,"V",472941.679371159
38,1997,"U",2757276.39268059
38,1997,"V",489680.47725376
38,1998,"U",2927358.72804709
38,1998,"V",482201.153893832
38,1999,"U",3392032.07063923
38,1999,"V",360886.379188309
38,2000,"U",2050995.34113671
38,2000,"V",293113.530833058
38,2001,"U",2446097.8613094
38,2001,"V",352789.492411853
38,2002,"U",2207095.70137669
38,2002,"V",334639.278721076
38,2003,"U",2379647.8372186
38,2003,"V",325545.260295651
38,2004,"U",2410841.49640257
38,2004,"V",329032.382800203
38,2005,"U",4187179.88608138
38,2005,"V",359438.259451376
38,2006,"U",4224088.48707037
38,2006,"V",362344.670499627
38,2007,"U",4256755.1692092
38,2007,"V",427630.072358513
38,2008,"U",4466736.20348766
38,2008,"V",411395.157776979
38,2009,"U",4566528.8448907
38,2009,"V",365176.153049653
38,2010,"U",4718946.3028158
38,2010,"V",370556.064657808
38,2011,"U",5051698.53261359
38,2011,"V",396288.241125847
38,2012,"U",5165057.77608261
38,2012,"V",425939.466852243
38,2013,"U",5368897.87828097
38,2013,"V",417065.396035137
38,2014,"U",5518597.28674472
38,2014,"V",435891.930549241
38,2015,"U",5740824.52697576
38,2015,"V",454163.5331439
38,2016,"U",5502536.90535446
38,2016,"V",550182.171815237
38,2017,"U",5518899.56635137
38,2017,"V",756082.439914023
39,1920,"U",5e-04
39,1921,"U",4e-04
39,1922,"U",4e-04
39,1923,"U",5e-04
39,1924,"U",5e-04
39,1925,"U",7e-04
39,1926,"U",8e-04
39,1927,"U",0.001
39,1928,"U",0.0012
39,1929,"U",0.0014
39,1930,"U",0.0014
39,1931,"U",0.0013
39,1932,"U",0.0015
39,1933,"U",0.0015
39,1934,"U",0.0016
39,1935,"U",0.0017
39,1936,"U",0.0018
39,1937,"U",0.0022
39,1938,"U",0.0025
39,1939,"U",0.0027
39,1940,"U",0.0028
39,1941,"U",0.0029
39,1942,"U",0.0029
39,1943,"U",0.0031
39,1944,"U",0.0043
39,1945,"U",0.0058
39,1946,"U",0.0077
39,1947,"U",0.0105
39,1948,"U",0.014
39,1949,"U",12.7992
39,1950,"U",13.6616898706161
39,1950,"V",22.1771595085593
39,1951,"U",197.583172106675
39,1951,"V",46.6234601928008
39,1952,"U",454.889522950478
39,1952,"V",113.364889937831
39,1953,"U",238.00106917162
39,1953,"V",132.498630158989
39,1954,"U",267.346086696431
39,1954,"V",92.356421349552
39,1955,"U",288.651519223207
39,1955,"V",75.7043492947123
39,1956,"U",200.990840129038
39,1956,"V",148.039251174261
39,1957,"U",323.432068495738
39,1957,"V",67.5387602206683
39,1958,"U",402.894603298624
39,1958,"V",174.063948349914
39,1959,"U",97.058190043641
39,1959,"V",130.844658859292
39,1960,"U",641.38320022259
39,1960,"V",199.339337183028
39,1961,"U",393.190667974181
39,1961,"V",64.9384890751716
39,1962,"U",745.095292212736
39,1962,"V",163.665391831106
39,1963,"U",144.745969100299
39,1963,"V",87.8855201755832
39,1964,"U",227.302759298665
39,1964,"V",198.288157902534
39,1965,"U",315.573481721003
39,1965,"V",89.4870205416736
39,1966,"U",226.042358271905
39,1966,"V",1091.93266805826
39,1967,"U",215.960921768634
39,1967,"V",267.951295970291
39,1968,"U",200.397018865027
39,1968,"V",361.281171401115
39,1969,"U",366.697416949334
39,1969,"V",331.779262283792
39,1970,"U",1019.90661683614
39,1970,"V",98.3305602427862
39,1971,"U",309.671587408164
39,1971,"V",240.76193206677
39,1972,"U",345.602476372489
39,1972,"V",335.512284008616
39,1973,"U",1085.33714709182
39,1973,"V",242.315889086382
39,1974,"U",358.480682238245
39,1974,"V",135.875011500437
39,1975,"U",728.337851532408
39,1975,"V",663.647844856696
39,1976,"U",675.737942587635
39,1976,"V",575.928205818825
39,1977,"U",728.625670723403
39,1977,"V",324.581387961989
39,1978,"U",1254.21917805759
39,1978,"V",814.838153429213
39,1979,"U",850.144279659376
39,1979,"V",991.71840865082
39,1980,"U",763.574918252525
39,1980,"V",479.686443059851
39,1981,"U",911.589477162481
39,1981,"V",727.267124844522
39,1982,"U",998.140139306183
39,1982,"V",604.09192290411
39,1983,"U",1105.70348921306
39,1983,"V",408.50343076716
39,1984,"U",1230.19354667213
39,1984,"V",660.004803510487
39,1985,"U",4377.73200398081
39,1985,"V",672.595034638438
39,1986,"U",1627.32373189135
39,1986,"V",439.014377218282
39,1987,"U",1307.41143668484
39,1987,"V",809.135525210411
39,1988,"U",1779.15262476297
39,1988,"V",868.835054300063
39,1989,"U",1654.29994613416
39,1989,"V",1225.04209462423
39,1990,"U",4913.68924748784
39,1990,"V",1123.25633990795
39,1991,"U",1644.13461641923
39,1991,"V",880.669061422301
39,1992,"U",1737.94066246161
39,1992,"V",1079.32554493526
39,1993,"U",2213.81814241674
39,1993,"V",1316.43615253841
39,1994,"U",3399.77019987748
39,1994,"V",1225.83230769295
39,1995,"U",2730.53567202191
39,1995,"V",1419.57203361214
39,1996,"U",2038.98157568257
39,1996,"V",1426.30709589023
39,1997,"U",1991.5877093168
39,1997,"V",1050.4608891937
39,1998,"U",2229.04273324834
39,1998,"V",1439.41324521605
39,1999,"U",1008.52156625185
39,1999,"V",969.397807582252
39,2000,"U",2667.34697059711
39,2000,"V",1174.91134055413
39,2001,"U",1482.53496618525
39,2001,"V",1472.95600194391
39,2002,"U",2621.29198381126
39,2002,"V",896.452693157364
39,2003,"U",2009.07903328269
39,2003,"V",438.999804123945
39,2004,"U",2508.069164469
39,2004,"V",626.25502184499
39,2005,"U",1248.95132594945
39,2005,"V",726.283787511307
39,2006,"U",3843.53635408398
39,2006,"V",924.14127515431
39,2007,"U",1796.63367054802
39,2007,"V",777.389361091904
39,2008,"U",1579.05761234455
39,2008,"V",893.804803479492
39,2009,"U",1833.53599426107
39,2009,"V",1124.34679958056
39,2010,"U",2323.3310008779
39,2010,"V",4697.19084839479
39,2011,"U",2239.45896725083
39,2011,"V",725.669053340549
39,2012,"U",1997.73660808599
39,2012,"V",892.232575942132
39,2013,"U",1456.55879839492
39,2013,"V",1074.94104192112
39,2014,"U",1999.73584058497
39,2014,"V",1093.63085842094
39,2015,"U",2462.34884553122
39,2015,"V",1483.98088392967
39,2016,"U",2296.05402051421
39,2016,"V",1399.02197147841
39,2017,"U",2001.15083362524
39,2017,"V",3312.73440080351
40,1920,"U",571.1157
40,1921,"U",510.9716
40,1922,"U",480.8882
40,1923,"U",510.9137
40,1924,"U",510.8813
40,1925,"U",631.0451
40,1926,"U",691.0941
40,1927,"U",841.2643
40,1928,"U",991.4014
40,1929,"U",1111.4636
40,1930,"U",1021.2356
40,1931,"U",931.0177
40,1932,"U",960.9252
40,1933,"U",930.7585
40,1934,"U",960.6246
40,1935,"U",960.4464
40,1936,"U",960.2411
40,1937,"U",1020.0051
40,1938,"U",1079.6965
40,1939,"U",1079.3329
40,1940,"U",1018.9569
40,1941,"U",958.5431
40,1942,"U",838.2087
40,1943,"U",807.6303
40,1944,"U",956.1824
40,1945,"U",1074.1213
40,1946,"U",1131.3024
40,1947,"U",1156.8516
40,1948,"U",1030.7567
40,1949,"U",1087.9643
40,1950,"U",8788.22003513605
40,1950,"V",960.840490736726
40,1951,"U",17333.0023574649
40,1951,"V",1131.88303676155
40,1952,"U",19347.8792879082
40,1952,"V",2025.51238802971
40,1953,"U",21708.7205990996
40,1953,"V",2281.3402158544
40,1954,"U",21073.3639006491
40,1954,"V",4363.56911765579
40,1955,"U",24055.9729142105
40,1955,"V",5411.9076882265
40,1956,"U",25999.802909061
40,1956,"V",5420.33923566762
40,1957,"U",22340.9883816491
40,1957,"V",5072.04894901968
40,1958,"U",28891.1216796934
40,1958,"V",4189.68495165385
40,1959,"U",30346.44655456
40,1959,"V",5023.69445001343
40,1960,"U",27146.7778337153
40,1960,"V",5868.48712480149
40,1961,"U",32054.2131545131
40,1961,"V",5890.2210886542
40,1962,"U",31608.17205516
40,1962,"V",9008.62581507427
40,1963,"U",31659.6140147881
40,1963,"V",10108.6538880722
40,1964,"U",27384.1948809675
40,1964,"V",12345.2227362021
40,1965,"U",29401.6923718037
40,1965,"V",16535.4693115491
40,1966,"U",39740.2370410902
40,1966,"V",18362.7222053674
40,1967,"U",34960.7612177191
40,1967,"V",19616.3195489516
40,1968,"U",35235.9695260189
40,1968,"V",21121.7421601318
40,1969,"U",42427.4260717627
40,1969,"V",14189.8467219239
40,1970,"U",61408.7027631856
40,1970,"V",19433.5200649172
40,1971,"U",89735.5316398547
40,1971,"V",25053.82772237
40,1972,"U",85574.6203575832
40,1972,"V",23998.5358076193
40,1973,"U",105859.57440578
40,1973,"V",19179.3106908613
40,1974,"U",285661.510507674
40,1974,"V",28355.2387983958
40,1975,"U",747870.175248768
40,1975,"V",311498.320279102
40,1976,"U",815624.875785572
40,1976,"V",369632.552594226
40,1977,"U",591025.676778936
40,1977,"V",163063.107293371
40,1978,"U",730162.530739879
40,1978,"V",160183.804774334
40,1979,"U",551824.787456156
40,1979,"V",166430.364436667
40,1980,"U",588493.76644445
40,1980,"V",166304.336028358
40,1981,"U",578968.761587742
40,1981,"V",194036.342440739
40,1982,"U",559064.542910838
40,1982,"V",405728.135029319
40,1983,"U",700810.038059011
40,1983,"V",252335.560653621
40,1984,"U",622027.782516384
40,1984,"V",306721.805059757
40,1985,"U",691912.794878952
40,1985,"V",267294.845469276
40,1986,"U",756655.003362821
40,1986,"V",227305.64292938
40,1987,"U",901174.30471252
40,1987,"V",291156.345717037
40,1988,"U",961780.807734188
40,1988,"V",287993.350976328
40,1989,"U",599151.512153604
40,1989,"V",86711.3412307938
40,1990,"U",705316.080340582
40,1990,"V",68202.7771968548
40,1991,"U",385968.144695159
40,1991,"V",87373.38319584
40,1992,"U",436501.817657884
40,1992,"V",99468.3492380405
40,1993,"U",488822.284777844
40,1993,"V",108260.363160639
40,1994,"U",497047.268219733
40,1994,"V",102722.936542087
40,1995,"U",486564.786640417
40,1995,"V",94630.0884068243
40,1996,"U",486228.23156614
40,1996,"V",103394.967768327
40,1997,"U",547728.056650936
40,1997,"V",99075.9742579712
40,1998,"U",476476.624559374
40,1998,"V",102785.802844191
40,1999,"U",70105.3759154804
40,1999,"V",56255.0994626536
40,2000,"U",87416.6823851324
40,2000,"V",46919.5602298171
40,2001,"U",80712.5480976827
40,2001,"V",49618.653273756
40,2002,"U",79538.6073515021
40,2002,"V",43551.2040784752
40,2003,"U",77564.2150062702
40,2003,"V",44967.8994038915
40,2004,"U",81911.1525588119
40,2004,"V",43373.3359462351
40,2005,"U",88660.9016761286
40,2005,"V",48139.1968594109
40,2006,"U",76983.9805816561
40,2006,"V",41400.3887021116
40,2007,"U",64960.5661206816
40,2007,"V",38683.0083037096
40,2008,"U",67938.955529114
40,2008,"V",41058.0877536573
40,2009,"U",60273.1399180449
40,2009,"V",43216.7966722331
40,2010,"U",66388.3321512644
40,2010,"V",57305.3453198792
40,2011,"U",64025.5931612588
40,2011,"V",57848.3634982595
40,2012,"U",82009.1490206555
40,2012,"V",50888.537548463
40,2013,"U",82599.6229794794
40,2013,"V",41303.0619337714
40,2014,"U",70489.1264403372
40,2014,"V",48389.0852613124
40,2015,"U",71014.856774745
40,2015,"V",47702.1846220331
40,2016,"U",67577.8354912881
40,2016,"V",39373.594206275
40,2017,"U",77146.239416576
40,2017,"V",50740.6589402375
41,1920,"U",2584.7083
41,1921,"U",2312.5253
41,1922,"U",2176.3853
41,1923,"U",2312.2847
41,1924,"U",2312.1511
41,1925,"U",2856.0074
41,1926,"U",3127.7962
41,1927,"U",3807.4709
41,1928,"U",4487.016
41,1929,"U",5030.4534
41,1930,"U",4622.1314
41,1931,"U",4213.8458
41,1932,"U",4349.2592
41,1933,"U",4212.7855
41,1934,"U",4348.0332
41,1935,"U",4347.2975
41,1936,"U",4346.4573
41,1937,"U",4617.0825
41,1938,"U",4887.4058
41,1939,"U",4885.9071
41,1940,"U",4612.7704
41,1941,"U",4339.4819
41,1942,"U",3794.9191
41,1943,"U",3656.754
41,1944,"U",4329.7842
41,1945,"U",4864.5039
41,1946,"U",5124.5184
41,1947,"U",5242.0342
41,1948,"U",4673.8212
41,1949,"U",4324.241
41,1950,"U",3003.29540882982
41,1950,"V",278.926098845317
41,1951,"U",3680.96356361767
41,1951,"V",36.0632501533254
41,1952,"U",4658.07648938056
41,1952,"V",307.564224541188
41,1953,"U",4083.25384164484
41,1953,"V",139.307261526323
41,1954,"U",4176.64434149128
41,1954,"V",242.408099803342
41,1955,"U",3622.18241643545
41,1955,"V",472.092702537775
41,1956,"U",5097.13399022346
41,1956,"V",332.476831913576
41,1957,"U",4619.64311148573
41,1957,"V",284.948581181368
41,1958,"U",4603.89693023182
41,1958,"V",302.619350916473
41,1959,"U",5464.99707930467
41,1959,"V",281.420979795046
41,1960,"U",4762.63219172483
41,1960,"V",525.248149466701
41,1961,"U",5270.94696568054
41,1961,"V",708.627222730312
41,1962,"U",6014.03921918432
41,1962,"V",747.167241582414
41,1963,"U",5609.39760294409
41,1963,"V",1001.54093000526
41,1964,"U",13380.6979587226
41,1964,"V",997.010159910656
41,1965,"U",10562.8750360855
41,1965,"V",1493.12489461215
41,1966,"U",12713.9242180674
41,1966,"V",1247.37585357577
41,1967,"U",10903.269672938
41,1967,"V",2232.20598277729
41,1968,"U",13932.574711468
41,1968,"V",2402.94324014336
41,1969,"U",12983.9476633748
41,1969,"V",1425.92327648657
41,1970,"U",15581.7413564628
41,1970,"V",1731.32995362475
41,1971,"U",17882.9904422245
41,1971,"V",3680.26212383654
41,1972,"U",24097.1117871443
41,1972,"V",4705.00493567102
41,1973,"U",26058.2387074087
41,1973,"V",3446.42819757505
41,1974,"U",39243.379013692
41,1974,"V",3709.6733097769
41,1975,"U",65890.8761759732
41,1975,"V",21290.6430231233
41,1976,"U",51957.9854402786
41,1976,"V",23983.0072215613
41,1977,"U",73349.0647202467
41,1977,"V",9860.74028306653
41,1978,"U",91299.6114745727
41,1978,"V",10038.6403173476
41,1979,"U",27457.5117958194
41,1979,"V",8900.1715180217
41,1980,"U",55762.1675843416
41,1980,"V",10773.704420225
41,1981,"U",67086.1236023191
41,1981,"V",15407.3974710661
41,1982,"U",59365.33382366
41,1982,"V",18498.1261569062
41,1983,"U",65591.7237505783
41,1983,"V",13869.8472370389
41,1984,"U",64506.031929763
41,1984,"V",13668.7049861576
41,1985,"U",49808.7918567811
41,1985,"V",12307.9294911276
41,1986,"U",76196.6505865662
41,1986,"V",12341.2552355828
41,1987,"U",84301.3956005004
41,1987,"V",13938.7931617397
41,1988,"U",113623.517848256
41,1988,"V",12490.3541472925
41,1989,"U",65139.7608148483
41,1989,"V",5312.96293021429
41,1990,"U",110163.264323939
41,1990,"V",3635.38082442119
41,1991,"U",124452.798941079
41,1991,"V",6611.92030462708
41,1992,"U",51262.547779248
41,1992,"V",10320.3653006203
41,1993,"U",55728.9141896011
41,1993,"V",7717.5657206419
41,1994,"U",43585.914560837
41,1994,"V",7529.7129565143
41,1995,"U",46115.8106537199
41,1995,"V",6271.29736254099
41,1996,"U",42587.8286522865
41,1996,"V",5867.45539728238
41,1997,"U",48684.578796554
41,1997,"V",7269.75254898976
41,1998,"U",30404.1760150635
41,1998,"V",7400.52159213904
41,1999,"U",11118.3259843422
41,1999,"V",7633.65771229562
41,2000,"U",7533.30417229622
41,2000,"V",4397.51961974833
41,2001,"U",7631.85712223145
41,2001,"V",4123.12791737907
41,2002,"U",8206.35082829117
41,2002,"V",3996.73304556173
41,2003,"U",10309.111995276
41,2003,"V",4014.09314938873
41,2004,"U",8837.53222382355
41,2004,"V",3164.39118019931
41,2005,"U",9316.31387195872
41,2005,"V",4623.97613301296
41,2006,"U",7936.82990501313
41,2006,"V",3794.93612618269
41,2007,"U",6316.78682951186
41,2007,"V",2954.38494444534
41,2008,"U",7223.99972873409
41,2008,"V",3268.79682775691
41,2009,"U",6851.30692067567
41,2009,"V",3027.17563086879
41,2010,"U",6707.28846048924
41,2010,"V",4227.40717453252
41,2011,"U",6329.97996287144
41,2011,"V",4390.50664316119
41,2012,"U",7000.13212781379
41,2012,"V",5030.36886337265
41,2013,"U",5343.83944767139
41,2013,"V",3381.80878303835
41,2014,"U",5862.10681991837
41,2014,"V",3531.92811077555
41,2015,"U",5948.24819928537
41,2015,"V",3255.51943566692
41,2016,"U",2817.67491764542
41,2016,"V",3016.21918874893
41,2017,"U",3182.86622361928
41,2017,"V",2939.41424558558
42,1920,"U",7266.0799
42,1921,"U",6501.2176
42,1922,"U",6118.7808
42,1923,"U",6501.1902
42,1924,"U",6501.1758
42,1925,"U",8030.8448
42,1926,"U",8795.6622
42,1927,"U",10707.7337
42,1928,"U",12619.7884
42,1929,"U",14149.4099
42,1930,"U",13002.1112
42,1931,"U",11854.8155
42,1932,"U",12237.1723
42,1933,"U",11854.6981
42,1934,"U",12237.0364
42,1935,"U",12236.9548
42,1936,"U",12236.8609
42,1937,"U",13001.5517
42,1938,"U",13766.2075
42,1939,"U",13766.0415
42,1940,"U",13001.0739
42,1941,"U",12236.0883
42,1942,"U",10706.3403
42,1943,"U",10323.6803
42,1944,"U",12235.0125
42,1945,"U",13763.668
42,1946,"U",14527.1819
42,1947,"U",14907.5524
42,1948,"U",13375.184
42,1949,"U",12601.7384
42,1950,"U",6248.26643843347
42,1950,"V",235.153669492341
42,1951,"U",5112.69728577574
42,1951,"V",219.420870012138
42,1952,"U",16634.9987120963
42,1952,"V",215.501549313427
42,1953,"U",19365.1464151943
42,1953,"V",419.162879103907
42,1954,"U",16421.4311039583
42,1954,"V",1034.5429706127
42,1955,"U",17398.5369174582
42,1955,"V",1603.70112114848
42,1956,"U",15970.4209314587
42,1956,"V",1806.59919399269
42,1957,"U",19951.7498803197
42,1957,"V",1670.74073141745
42,1958,"U",18945.1045200937
42,1958,"V",4573.92152144742
42,1959,"U",21815.850812941
42,1959,"V",7209.29161193357
42,1960,"U",23474.4763731598
42,1960,"V",7383.59159113779
42,1961,"U",26016.1453985935
42,1961,"V",8286.6110618148
42,1962,"U",22498.7631303942
42,1962,"V",10042.816510844
42,1963,"U",25747.7803751724
42,1963,"V",11164.9111970375
42,1964,"U",27466.9561754856
42,1964,"V",11356.564186812
42,1965,"U",33011.6555354085
42,1965,"V",14624.4580128634
42,1966,"U",41081.6055847686
42,1966,"V",12173.4667865404
42,1967,"U",49687.09290354
42,1967,"V",16345.5312590316
42,1968,"U",37807.1871615184
42,1968,"V",18508.5401812445
42,1969,"U",42517.6530768387
42,1969,"V",14065.5247760155
42,1970,"U",40086.2622206312
42,1970,"V",14246.5584737508
42,1971,"U",39155.3562870226
42,1971,"V",19343.5880454012
42,1972,"U",38836.772085595
42,1972,"V",18499.9224478533
42,1973,"U",50709.8911254114
42,1973,"V",14410.5914670103
42,1974,"U",82187.8553258197
42,1974,"V",14514.1872736719
42,1975,"U",197057.774403717
42,1975,"V",16956.240644574
42,1976,"U",190160.61253959
42,1976,"V",22097.6923735271
42,1977,"U",154531.669656119
42,1977,"V",41094.7377392825
42,1978,"U",199485.456998339
42,1978,"V",33779.2482845942
42,1979,"U",99212.2587486861
42,1979,"V",38702.4528282587
42,1980,"U",147658.050700509
42,1980,"V",36092.6304576878
42,1981,"U",162795.583095021
42,1981,"V",43435.5500282787
42,1982,"U",102178.732755901
42,1982,"V",75057.0990878338
42,1983,"U",131160.523674009
42,1983,"V",56330.1194652968
42,1984,"U",131436.338250505
42,1984,"V",59814.8410179741
42,1985,"U",166729.074600215
42,1985,"V",46418.7422092173
42,1986,"U",165962.178874629
42,1986,"V",50216.6480426445
42,1987,"U",217938.799139857
42,1987,"V",63478.9315814628
42,1988,"U",200638.146693627
42,1988,"V",65967.9514190225
42,1989,"U",124721.091832025
42,1989,"V",21656.2478946032
42,1990,"U",136408.910044676
42,1990,"V",18429.3034288988
42,1991,"U",116690.674155586
42,1991,"V",29063.8927203466
42,1992,"U",119273.71267816
42,1992,"V",32913.8442856371
42,1993,"U",122276.342031259
42,1993,"V",31745.2526019245
42,1994,"U",170573.432036086
42,1994,"V",27013.6438346266
42,1995,"U",169869.828011625
42,1995,"V",22918.632735967
42,1996,"U",127308.404075985
42,1996,"V",23394.8974253756
42,1997,"U",142530.388000127
42,1997,"V",24766.8847141962
42,1998,"U",152294.667365867
42,1998,"V",27009.5339582786
42,1999,"U",51756.4129528167
42,1999,"V",20809.2973235018
42,2000,"U",44860.4447307756
42,2000,"V",16479.5646933651
42,2001,"U",40800.244825521
42,2001,"V",16959.8791607196
42,2002,"U",42231.3236763045
42,2002,"V",14796.7760651968
42,2003,"U",59562.4394296499
42,2003,"V",15253.2824376437
42,2004,"U",39836.6284946364
42,2004,"V",15784.9400162859
42,2005,"U",34690.4092234897
42,2005,"V",17583.9780931253
42,2006,"U",39226.6074391774
42,2006,"V",15055.3113441939
42,2007,"U",35554.4692588988
42,2007,"V",16382.6060099999
42,2008,"U",26263.7599755848
42,2008,"V",19576.1791517345
42,2009,"U",33774.5793761673
42,2009,"V",12734.0710682035
42,2010,"U",31091.3523337996
42,2010,"V",19449.9502304067
42,2011,"U",26284.7341718577
42,2011,"V",16978.6729986686
42,2012,"U",26325.2828393726
42,2012,"V",14311.6683544431
42,2013,"U",22452.0039054598
42,2013,"V",20813.114615848
42,2014,"U",23266.3555217859
42,2014,"V",15885.4851970861
42,2015,"U",23127.6719849242
42,2015,"V",13127.4941626063
42,2016,"U",27692.5331249052
42,2016,"V",12120.2093684554
42,2017,"U",27752.2550345432
42,2017,"V",12916.6928942002
43,1920,"U",6540.599
43,1921,"U",5852.2935
43,1922,"U",5508.2173
43,1923,"U",5852.6846
43,1924,"U",5852.9042
43,1925,"U",7230.3514
43,1926,"U",7919.3025
43,1927,"U",9641.3475
43,1928,"U",11363.608
43,1929,"U",12741.7398
43,1930,"U",11709.3555
43,1931,"U",10676.9146
43,1932,"U",11022.1752
43,1933,"U",10678.6474
43,1934,"U",11024.1803
43,1935,"U",11025.3818
43,1936,"U",11026.7547
43,1937,"U",11717.609
43,1938,"U",12408.9563
43,1939,"U",12411.4069
43,1940,"U",11724.6572
43,1941,"U",11038.1592
43,1942,"U",9661.8663
43,1943,"U",9321.1029
43,1944,"U",11054.011
43,1945,"U",12446.3943
43,1946,"U",13154.5933
43,1947,"U",13529.1122
43,1948,"U",12191.4811
43,1949,"U",11629.694
43,1950,"U",5413.29047870387
43,1950,"V",1327.68043202162
43,1951,"U",5980.47853084982
43,1951,"V",2169.87912440905
43,1952,"U",23419.3088685035
43,1952,"V",757.06759560667
43,1953,"U",24017.1409716695
43,1953,"V",1184.06253389187
43,1954,"U",19641.450586653
43,1954,"V",2003.68190131743
43,1955,"U",21900.466500125
43,1955,"V",4102.49880680815
43,1956,"U",20762.4748120639
43,1956,"V",6271.34406738237
43,1957,"U",25793.8460653887
43,1957,"V",3024.68272711206
43,1958,"U",26162.3038777819
43,1958,"V",5430.67212520423
43,1959,"U",30289.3337344639
43,1959,"V",6738.22091307771
43,1960,"U",30905.2922704603
43,1960,"V",8431.88306647353
43,1961,"U",38345.5964903527
43,1961,"V",7008.48258325225
43,1962,"U",34698.2687247615
43,1962,"V",11915.1730164001
43,1963,"U",34974.5979367546
43,1963,"V",11215.3905466884
43,1964,"U",44746.2097114532
43,1964,"V",9537.62035779515
43,1965,"U",43988.4234896037
43,1965,"V",15791.8769825958
43,1966,"U",43204.429141934
43,1966,"V",12757.6819833918
43,1967,"U",52749.273139243
43,1967,"V",20570.4864193529
43,1968,"U",42168.6933876306
43,1968,"V",22393.2538637761
43,1969,"U",45450.6091971166
43,1969,"V",13680.1367277125
43,1970,"U",46647.8358869222
43,1970,"V",15248.8207650104
43,1971,"U",47089.4252595402
43,1971,"V",19547.2803831709
43,1972,"U",49610.283034449
43,1972,"V",20446.0669115699
43,1973,"U",60833.8578020311
43,1973,"V",13667.009843614
43,1974,"U",92711.261448294
43,1974,"V",17143.8427649677
43,1975,"U",233051.378538602
43,1975,"V",22369.4722734718
43,1976,"U",251214.140998286
43,1976,"V",25766.1250418464
43,1977,"U",237220.96158642
43,1977,"V",46143.4889649445
43,1978,"U",349919.350147628
43,1978,"V",41951.8300046279
43,1979,"U",177393.789995122
43,1979,"V",44675.6382072921
43,1980,"U",163564.680309257
43,1980,"V",38696.8383776064
43,1981,"U",208716.111682469
43,1981,"V",47560.7532696634
43,1982,"U",173382.335137728
43,1982,"V",79118.5798284628
43,1983,"U",198499.994689929
43,1983,"V",66985.3246245487
43,1984,"U",170905.196705897
43,1984,"V",66279.28992665
43,1985,"U",221703.167259685
43,1985,"V",49716.761822197
43,1986,"U",230630.503729187
43,1986,"V",54266.571921794
43,1987,"U",294118.474072481
43,1987,"V",76858.090332883
43,1988,"U",276600.04442794
43,1988,"V",74072.9566913863
43,1989,"U",148850.561775065
43,1989,"V",24924.2177038709
43,1990,"U",161068.320260431
43,1990,"V",22940.9257266125
43,1991,"U",133905.131421617
43,1991,"V",33873.8808924144
43,1992,"U",120826.590075309
43,1992,"V",33421.8539635455
43,1993,"U",221865.091999769
43,1993,"V",34302.3608306261
43,1994,"U",159563.630507765
43,1994,"V",30101.4658755153
43,1995,"U",142784.625786051
43,1995,"V",24549.0815925275
43,1996,"U",165171.678514256
43,1996,"V",22817.7720401937
43,1997,"U",149907.375586889
43,1997,"V",28504.5275802105
43,1998,"U",147240.074619464
43,1998,"V",31724.1102793708
43,1999,"U",49326.2030758276
43,1999,"V",20785.3249869045
43,2000,"U",33776.9358763364
43,2000,"V",19881.9166990429
43,2001,"U",33172.9081347746
43,2001,"V",16125.9668495434
43,2002,"U",39937.6540879545
43,2002,"V",14816.339207121
43,2003,"U",44596.4433935268
43,2003,"V",21171.0809867668
43,2004,"U",46350.6232378242
43,2004,"V",15635.5095290148
43,2005,"U",40811.2656888713
43,2005,"V",19102.6320727685
43,2006,"U",31921.1937992377
43,2006,"V",17652.2807036603
43,2007,"U",33125.060994156
43,2007,"V",15390.5383903335
43,2008,"U",32551.1443535366
43,2008,"V",17988.1863399856
43,2009,"U",30608.924190515
43,2009,"V",15289.9048644879
43,2010,"U",40983.4836188791
43,2010,"V",17989.7600345722
43,2011,"U",31994.6295772588
43,2011,"V",14942.8060898329
43,2012,"U",26201.8992103434
43,2012,"V",13614.4434259538
43,2013,"U",33749.0976284904
43,2013,"V",15175.8311768525
43,2014,"U",34483.1593192567
43,2014,"V",13409.5115250358
43,2015,"U",48612.1370185507
43,2015,"V",13675.025886634
43,2016,"U",34119.410259603
43,2016,"V",12693.8843450021
43,2017,"U",28800.9767690797
43,2017,"V",16216.3962379295
44,1920,"U",1880.8217
44,1921,"U",1682.8232
44,1922,"U",1583.8165
44,1923,"U",1682.7851
44,1924,"U",1682.7635
44,1925,"U",2078.6793
44,1926,"U",2276.6149
44,1927,"U",2771.4868
44,1928,"U",3266.3378
44,1929,"U",3662.1875
44,1930,"U",3365.1821
44,1931,"U",3068.1821
44,1932,"U",3167.0738
44,1933,"U",3068.0139
44,1934,"U",3166.8791
44,1935,"U",3166.7628
44,1936,"U",3166.6285
44,1937,"U",3364.3798
44,1938,"U",3562.0818
44,1939,"U",3561.8438
44,1940,"U",3363.6939
44,1941,"U",3165.5203
44,1942,"U",2769.4917
44,1943,"U",2670.1633
44,1944,"U",3163.9785
44,1945,"U",3558.4413
44,1946,"U",3754.5056
44,1947,"U",3850.5521
44,1948,"U",3450.7645
44,1949,"U",3240.4631
44,1950,"U",1923.91243749726
44,1950,"V",8800.50824965537
44,1951,"U",2114.64958213486
44,1951,"V",6246.48351856414
44,1952,"U",7563.14968206777
44,1952,"V",5840.93977564108
44,1953,"U",7391.43388192335
44,1953,"V",10229.5170297625
44,1954,"U",6168.47194486163
44,1954,"V",11837.0297208584
44,1955,"U",6758.12036291818
44,1955,"V",8152.73837496713
44,1956,"U",7033.02297338614
44,1956,"V",8441.85745653224
44,1957,"U",8038.68162551319
44,1957,"V",8472.08309572245
44,1958,"U",7154.85200312771
44,1958,"V",9506.74619719758
44,1959,"U",9977.55073428675
44,1959,"V",8125.33354842523
44,1960,"U",11819.3661439644
44,1960,"V",8001.61900930107
44,1961,"U",13438.580434282
44,1961,"V",6760.00994839333
44,1962,"U",11359.5881220668
44,1962,"V",8537.53989120805
44,1963,"U",11825.1946151526
44,1963,"V",9872.63337535644
44,1964,"U",17110.8855900679
44,1964,"V",9865.38198315631
44,1965,"U",17668.1408682073
44,1965,"V",10986.6484231674
44,1966,"U",16993.6383808904
44,1966,"V",11224.9697127161
44,1967,"U",24148.7184869898
44,1967,"V",12142.9467384609
44,1968,"U",19355.396055363
44,1968,"V",16889.1945527731
44,1969,"U",29710.0885608123
44,1969,"V",8743.52875522921
44,1970,"U",26720.2109012619
44,1970,"V",7786.68418842628
44,1971,"U",29471.7659391525
44,1971,"V",11079.4689246479
44,1972,"U",35891.1833145794
44,1972,"V",10936.564813276
44,1973,"U",35209.4285923038
44,1973,"V",10223.1561145508
44,1974,"U",55447.0388826475
44,1974,"V",12758.1499075861
44,1975,"U",69676.3340381536
44,1975,"V",15038.4989952012
44,1976,"U",97814.8584816433
44,1976,"V",17533.2145795732
44,1977,"U",97962.3663067013
44,1977,"V",20686.3848153472
44,1978,"U",159256.450304499
44,1978,"V",25978.5495356473
44,1979,"U",62200.386411009
44,1979,"V",26922.5639190453
44,1980,"U",61631.1957016705
44,1980,"V",27944.4281124666
44,1981,"U",87930.382613345
44,1981,"V",29155.5200019429
44,1982,"U",62640.0549506633
44,1982,"V",37050.4451986383
44,1983,"U",77046.2608482209
44,1983,"V",30134.9157102488
44,1984,"U",83259.5051054512
44,1984,"V",35734.321875224
44,1985,"U",84037.8534868617
44,1985,"V",32453.0940030843
44,1986,"U",89698.8004585188
44,1986,"V",36110.6547083693
44,1987,"U",129487.176999146
44,1987,"V",34200.9795005549
44,1988,"U",128014.247453985
44,1988,"V",39634.776458546
44,1989,"U",78970.1953597572
44,1989,"V",16624.147324682
44,1990,"U",54666.1817404074
44,1990,"V",16670.4867059241
44,1991,"U",51929.845529412
44,1991,"V",17391.3682198153
44,1992,"U",54674.8267472721
44,1992,"V",26604.3160214841
44,1993,"U",58492.6188936505
44,1993,"V",30626.2284729127
44,1994,"U",54603.4198756184
44,1994,"V",22594.0993754566
44,1995,"U",63541.1551966781
44,1995,"V",22256.732669462
44,1996,"U",68591.6012953403
44,1996,"V",17583.4497813556
44,1997,"U",67358.5373066542
44,1997,"V",18034.7723173973
44,1998,"U",57494.0377943158
44,1998,"V",22759.3700710948
44,1999,"U",10790.7455229896
44,1999,"V",21871.1729966901
44,2000,"U",8320.11703077609
44,2000,"V",17793.4856336629
44,2001,"U",8673.75789806087
44,2001,"V",16546.491607626
44,2002,"U",8640.66579749086
44,2002,"V",13607.8963950353
44,2003,"U",10422.4373499206
44,2003,"V",14186.1794643896
44,2004,"U",11166.9746011524
44,2004,"V",18534.5363877804
44,2005,"U",9040.38460574481
44,2005,"V",20829.1865011443
44,2006,"U",8205.23148087908
44,2006,"V",11713.8966509619
44,2007,"U",11761.7182364354
44,2007,"V",12130.0698351264
44,2008,"U",7918.2840549018
44,2008,"V",13517.3762177668
44,2009,"U",12564.7688193604
44,2009,"V",10780.0671333182
44,2010,"U",9823.57514736083
44,2010,"V",12160.3744120457
44,2011,"U",10273.5437137392
44,2011,"V",9256.7412013476
44,2012,"U",7847.77261622991
44,2012,"V",9568.7943497364
44,2013,"U",8409.01431901338
44,2013,"V",11020.6482122886
44,2014,"U",8065.01864464938
44,2014,"V",8938.8937683894
44,2015,"U",6546.1158624201
44,2015,"V",7284.42852355289
44,2016,"U",12704.6214171379
44,2016,"V",11077.2494673069
44,2017,"U",11537.7094865295
44,2017,"V",10621.5660937868
45,1920,"U",1705.2151
45,1921,"U",1525.7063
45,1922,"U",1435.9449
45,1923,"U",1525.6757
45,1924,"U",1525.6591
45,1925,"U",1884.616
45,1926,"U",2064.078
45,1927,"U",2512.7563
45,1928,"U",2961.4168
45,1929,"U",3320.3235
45,1930,"U",3051.0523
45,1931,"U",2781.7858
45,1932,"U",2871.4582
45,1933,"U",2781.6556
45,1934,"U",2871.3065
45,1935,"U",2871.2159
45,1936,"U",2871.1123
45,1937,"U",3050.4293
45,1938,"U",3229.7094
45,1939,"U",3229.5262
45,1940,"U",3049.8983
45,1941,"U",2870.2528
45,1942,"U",2511.2084
45,1943,"U",2421.1991
45,1944,"U",2869.0579
45,1945,"U",3226.8884
45,1946,"U",3404.901
45,1947,"U",3492.3659
45,1948,"U",3130.4094
45,1949,"U",3156.0011
45,1950,"U",3391.85947436596
45,1950,"V",2317.55957746732
45,1951,"U",5668.7127146917
45,1951,"V",4018.28049990987
45,1952,"U",22738.02979666
45,1952,"V",7021.82238597588
45,1953,"U",22921.1504989491
45,1953,"V",2420.06216660599
45,1954,"U",20012.3180584187
45,1954,"V",4080.06997509115
45,1955,"U",22283.1315337084
45,1955,"V",9046.38508709068
45,1956,"U",19975.565362592
45,1956,"V",5121.57272779776
45,1957,"U",25447.7898175405
45,1957,"V",9321.43256160637
45,1958,"U",25241.1878038741
45,1958,"V",4143.25676880782
45,1959,"U",30161.7163692963
45,1959,"V",5863.59116544158
45,1960,"U",36450.6388597665
45,1960,"V",7033.24853128047
45,1961,"U",42460.8547062833
45,1961,"V",10119.4666711321
45,1962,"U",35361.1033932101
45,1962,"V",9846.5874853463
45,1963,"U",38848.6053702669
45,1963,"V",10867.1274139889
45,1964,"U",42670.2408714364
45,1964,"V",8946.21459298259
45,1965,"U",62328.7994916666
45,1965,"V",16604.3354874763
45,1966,"U",66722.1382689634
45,1966,"V",13279.4947926669
45,1967,"U",69723.8344423164
45,1967,"V",18323.9662321175
45,1968,"U",69767.0324510272
45,1968,"V",19874.2322727918
45,1969,"U",69237.4343174923
45,1969,"V",15048.4683176736
45,1970,"U",66628.8817540308
45,1970,"V",14643.0035294567
45,1971,"U",64297.8230645599
45,1971,"V",20027.8831932942
45,1972,"U",65910.8906558041
45,1972,"V",18555.6226398352
45,1973,"U",85009.0579337734
45,1973,"V",13979.8549785105
45,1974,"U",145858.046753646
45,1974,"V",12632.6605967415
45,1975,"U",345587.42378289
45,1975,"V",34961.8408423357
45,1976,"U",305646.121455549
45,1976,"V",42712.5339456404
45,1977,"U",373099.296791277
45,1977,"V",52480.996725262
45,1978,"U",397850.317473194
45,1978,"V",50793.224877829
45,1979,"U",208474.112951588
45,1979,"V",60582.8185993963
45,1980,"U",249448.606964762
45,1980,"V",52236.364960937
45,1981,"U",248080.174204142
45,1981,"V",63705.7595374752
45,1982,"U",208975.196806906
45,1982,"V",83359.9546641179
45,1983,"U",257220.538157388
45,1983,"V",77735.5462699016
45,1984,"U",250374.428373603
45,1984,"V",109560.659007119
45,1985,"U",276810.802663919
45,1985,"V",94403.0811680424
45,1986,"U",280814.070000273
45,1986,"V",83883.8364210895
45,1987,"U",326325.967686569
45,1987,"V",94780.2084723259
45,1988,"U",371160.118804833
45,1988,"V",103014.802377183
45,1989,"U",172891.462410208
45,1989,"V",50757.4782399937
45,1990,"U",169624.759755901
45,1990,"V",37634.7552445713
45,1991,"U",174852.932478972
45,1991,"V",39664.9325826607
45,1992,"U",180144.61893275
45,1992,"V",48234.3413603314
45,1993,"U",181179.973253016
45,1993,"V",35301.5313666623
45,1994,"U",194416.650981754
45,1994,"V",36760.2725865645
45,1995,"U",201646.47909771
45,1995,"V",31299.3027028511
45,1996,"U",212067.653262498
45,1996,"V",32028.7829625155
45,1997,"U",220762.000219804
45,1997,"V",36811.9938933321
45,1998,"U",201156.630074837
45,1998,"V",33614.8162510261
45,1999,"U",45863.6538337141
45,1999,"V",25235.6718857396
45,2000,"U",42793.0343288606
45,2000,"V",27763.2673919863
45,2001,"U",43522.5677755226
45,2001,"V",26833.2813198246
45,2002,"U",49183.700391454
45,2002,"V",24170.9885572985
45,2003,"U",45503.4543610424
45,2003,"V",20043.0976108886
45,2004,"U",58123.6771530318
45,2004,"V",25884.7169854999
45,2005,"U",49139.1934362392
45,2005,"V",22620.9023613626
45,2006,"U",37713.1153074572
45,2006,"V",22871.3407798341
45,2007,"U",41847.3420119101
45,2007,"V",22632.0970235212
45,2008,"U",39581.5050737433
45,2008,"V",18241.7791358581
45,2009,"U",38378.8237151626
45,2009,"V",19688.2664934526
45,2010,"U",41975.8828751616
45,2010,"V",19646.0874217853
45,2011,"U",40927.3650470863
45,2011,"V",25186.9926647343
45,2012,"U",40117.5379025542
45,2012,"V",19287.0985047099
45,2013,"U",40707.8537844012
45,2013,"V",19072.940334827
45,2014,"U",46680.3065109593
45,2014,"V",22128.0856173284
45,2015,"U",45379.0440637868
45,2015,"V",22151.9661486734
45,2016,"U",46493.6012334141
45,2016,"V",16774.1104607226
45,2017,"U",40138.1384451446
45,2017,"V",21129.8517786884
46,1921,"U",11271.9693
46,1922,"U",11272.0498
46,1923,"U",13873.3977
46,1924,"U",14740.6053
46,1925,"U",17342.0429
46,1926,"U",14740.878
46,1927,"U",15608.1508
46,1928,"U",13006.9392
46,1929,"U",16475.6623
46,1930,"U",16475.8888
46,1931,"U",14741.8064
46,1932,"U",13007.6956
46,1933,"U",14742.3317
46,1934,"U",14742.6438
46,1935,"U",16477.466
46,1936,"U",16477.916
46,1937,"U",16478.4344
46,1938,"U",16479.0405
46,1939,"U",15612.3987
46,1940,"U",15613.2098
46,1941,"U",14746.7433
46,1942,"U",14747.9104
46,1943,"U",13881.7949
46,1944,"U",14751.3964
46,1945,"U",15622.0618
46,1946,"U",27780.3432
46,1947,"U",28661.7395
46,1948,"U",31295.8028
46,1949,"U",32249.0145
46,1950,"U",22913.8007825619
46,1950,"V",9817.07877200843
46,1951,"U",22378.4980674593
46,1951,"V",11536.9573308602
46,1952,"U",22000.2879585727
46,1952,"V",12381.283397533
46,1953,"U",23812.1859303709
46,1953,"V",10800.9794914313
46,1954,"U",23215.4928859529
46,1954,"V",11295.3729337379
46,1955,"U",23749.640365199
46,1955,"V",13216.6788224578
46,1956,"U",26549.0343334807
46,1956,"V",13239.666879192
46,1957,"U",29318.6946950269
46,1957,"V",12637.0599731505
46,1958,"U",27227.0629584536
46,1958,"V",11852.8964965008
46,1959,"U",37027.4969934109
46,1959,"V",13515.5385435112
46,1960,"U",45425.7589635243
46,1960,"V",15828.8276138753
46,1961,"U",42620.9729345725
46,1961,"V",16964.0414982926
46,1962,"U",41519.492508229
46,1962,"V",10867.8601599709
46,1963,"U",42933.3626572679
46,1963,"V",12339.7191510888
46,1964,"U",61446.3221333977
46,1964,"V",14218.6964620953
46,1965,"U",64408.8717191694
46,1965,"V",17773.3521714483
46,1966,"U",64144.2874723324
46,1966,"V",22317.7801601558
46,1967,"U",81691.6618885471
46,1967,"V",24701.5611801654
46,1968,"U",73177.336986975
46,1968,"V",24416.3220571979
46,1969,"U",80059.1118732872
46,1969,"V",16710.5853897539
46,1970,"U",81056.0331316091
46,1970,"V",19155.1924289676
46,1971,"U",131522.336724664
46,1971,"V",21455.8307700195
46,1972,"U",159092.450964107
46,1972,"V",17239.3493511375
46,1973,"U",185816.97946963
46,1973,"V",21073.3641887786
46,1974,"U",229757.633803994
46,1974,"V",18797.7456341712
46,1975,"U",149517.008263552
46,1975,"V",24673.4807950146
46,1976,"U",224433.706327867
46,1976,"V",23485.1903154676
46,1977,"U",359644.11232051
46,1977,"V",27173.8396187903
46,1978,"U",170740.633901905
46,1978,"V",19282.8459303685
46,1979,"U",158056.022597281
46,1979,"V",19708.0607469947
46,1980,"U",204717.912500279
46,1980,"V",17750.5279021508
46,1981,"U",252716.134403574
46,1981,"V",18007.9666950695
46,1982,"U",244053.904857381
46,1982,"V",18293.474769831
46,1983,"U",282714.645587304
46,1983,"V",21397.3640732789
46,1984,"U",266032.027925319
46,1984,"V",24483.6486141838
46,1985,"U",257544.930607098
46,1985,"V",21619.9883004564
46,1986,"U",267360.258121439
46,1986,"V",20302.1969671663
46,1987,"U",254375.163361452
46,1987,"V",20201.3927348867
46,1988,"U",274204.350797548
46,1988,"V",21318.5009167942
46,1989,"U",323676.972766257
46,1989,"V",19989.0320853642
46,1990,"U",349415.463124578
46,1990,"V",14968.9431127359
46,1991,"U",471460.665139612
46,1991,"V",19987.7698200991
46,1992,"U",449193.316194373
46,1992,"V",19270.2587542436
46,1993,"U",425155.273608231
46,1993,"V",16346.202570554
46,1994,"U",434104.352934883
46,1994,"V",17258.2049021292
46,1995,"U",535724.477832828
46,1995,"V",33411.869042543
46,1996,"U",423577.356887105
46,1996,"V",14759.8463456552
46,1997,"U",571107.93404458
46,1997,"V",31774.9293396443
46,1998,"U",574146.990922236
46,1998,"V",14104.3194766228
46,1999,"U",533742.585420273
46,1999,"V",17569.6216413405
46,2000,"U",502660.659337776
46,2000,"V",16831.7740509508
46,2001,"U",501347.423433071
46,2001,"V",19518.5534082192
46,2002,"U",521313.557185919
46,2002,"V",14600.0748554522
46,2003,"U",475997.408398839
46,2003,"V",13393.6112385958
46,2004,"U",494036.533136763
46,2004,"V",11263.3733474153
46,2005,"U",478418.324460122
46,2005,"V",11651.6393705279
46,2006,"U",418790.159075054
46,2006,"V",11212.7370370699
46,2007,"U",430911.294739993
46,2007,"V",10696.5295699863
46,2008,"U",394753.897989723
46,2008,"V",9133.90852285155
46,2009,"U",381595.811749736
46,2009,"V",8361.07697868102
46,2010,"U",375014.803055916
46,2010,"V",8999.00319909775
46,2011,"U",384352.076536692
46,2011,"V",8507.18115339374
46,2012,"U",398700.221831376
46,2012,"V",8756.9657263293
46,2013,"U",391438.501152316
46,2013,"V",10806.3147643099
46,2014,"U",406013.483949737
46,2014,"V",10861.9452805137
46,2015,"U",392042.567992899
46,2015,"V",10231.6856103064
46,2016,"U",383125.619419503
46,2016,"V",9781.89215500818
46,2017,"U",393768.356827511
46,2017,"V",10373.6920129662
47,1894,"U",76675.5746
47,1895,"U",75258.7282999999
47,1896,"U",69433.4135
47,1897,"U",60616.6069
47,1898,"U",57467.8273
47,1899,"U",66284.9695
47,1900,"U",70221.3087
47,1901,"U",73212.9917
47,1902,"U",77779.1766
47,1903,"U",60145.2021
47,1904,"U",63766.7007
47,1905,"U",68962.7203
47,1906,"U",70379.9907
47,1907,"U",73686.6843000001
47,1908,"U",77465.7632
47,1909,"U",87228.0351
47,1910,"U",130055.3054
47,1911,"U",152256.6584
47,1912,"U",244682.3929
47,1913,"U",288613.177
47,1914,"U",284048.3825
47,1915,"U",293182.2546
47,1916,"U",317117.2129
47,1917,"U",279171.8177
47,1918,"U",255869.6923
47,1919,"U",322476.6326
47,1920,"U",356175.383
47,1921,"U",308152.2441
47,1922,"U",340906.9443
47,1923,"U",357286.1125
47,1924,"U",369571.6974
47,1925,"U",419492.4307
47,1926,"U",436818.4936
47,1927,"U",468947.5909
47,1928,"U",479819.1576
47,1929,"U",487227.1458
47,1930,"U",514478.1606
47,1931,"U",540943.4798
47,1932,"U",653911.9871
47,1933,"U",833460.2917
47,1934,"U",769151.9441
47,1935,"U",739292.0568
47,1936,"U",755213.3381
47,1937,"U",710126.111
47,1938,"U",640126.0724
47,1939,"U",644920.2919
47,1940,"U",637329.1491
47,1941,"U",695806.738599999
47,1942,"U",620541.8624
47,1943,"U",578581.3421
47,1944,"U",420801.4536
47,1945,"U",306170.4915
47,1946,"U",58924.5005
47,1947,"U",412728.7395
47,1948,"U",458540.2297
47,1949,"U",689825.7433
47,1950,"U",806909.526865415
47,1950,"V",178380.063026296
47,1951,"U",1030881.59530846
47,1951,"V",257556.085632387
47,1952,"U",1171522.10746087
47,1952,"V",295559.779773272
47,1953,"U",1207288.00026705
47,1953,"V",319594.571031254
47,1954,"U",1190913.06898008
47,1954,"V",354638.894002732
47,1955,"U",1526015.83733349
47,1955,"V",438636.133868522
47,1956,"U",1563999.58574386
47,1956,"V",570709.175733127
47,1957,"U",1764168.76786862
47,1957,"V",533858.99783784
47,1958,"U",1422356.87083658
47,1958,"V",481328.191297471
47,1959,"U",2152323.85742066
47,1959,"V",586063.692899343
47,1960,"U",2270916.90515161
47,1960,"V",567015.627360248
47,1961,"U",2694150.19749773
47,1961,"V",650008.962301363
47,1962,"U",2439500.43566385
47,1962,"V",666194.203560585
47,1963,"U",2235981.37687143
47,1963,"V",640846.565503892
47,1964,"U",2211235.27095878
47,1964,"V",675574.756951593
47,1965,"U",2338869.25055478
47,1965,"V",634487.027282097
47,1966,"U",2214100.60579163
47,1966,"V",662036.912946139
47,1967,"U",2584458.72448228
47,1967,"V",614004.658018102
47,1968,"U",2786298.85383592
47,1968,"V",632345.514757731
47,1969,"U",2528180.90965884
47,1969,"V",621678.479452399
47,1970,"U",2181105.7245055
47,1970,"V",658797.407327751
47,1971,"U",2441584.25495993
47,1971,"V",624444.70983381
47,1972,"U",2432109.60121532
47,1972,"V",606135.310238019
47,1973,"U",2573410.63840187
47,1973,"V",681427.093906845
47,1974,"U",2952670.95311359
47,1974,"V",787266.573231202
47,1975,"U",2771236.58783617
47,1975,"V",892278.247279375
47,1976,"U",3028305.93258012
47,1976,"V",864329.060391153
47,1977,"U",3567938.99655861
47,1977,"V",925683.721970055
47,1978,"U",4075894.83651767
47,1978,"V",720441.455147958
47,1979,"U",3128059.2237052
47,1979,"V",667483.498577814
47,1980,"U",3162625.26404262
47,1980,"V",660852.904680792
47,1981,"U",3638437.25435073
47,1981,"V",650363.977419032
47,1982,"U",3837433.25243592
47,1982,"V",756556.711517561
47,1983,"U",3660755.52864435
47,1983,"V",994252.370635738
47,1984,"U",3799588.42172792
47,1984,"V",1003613.35660211
47,1985,"U",3673781.25248986
47,1985,"V",1106997.22295549
47,1986,"U",4070478.94731408
47,1986,"V",1321087.48468447
47,1987,"U",3923953.14018334
47,1987,"V",1401332.05989022
47,1988,"U",4087485.24062896
47,1988,"V",1498988.65121931
47,1989,"U",3955152.92607387
47,1989,"V",1139172.33062253
47,1990,"U",4349486.87386197
47,1990,"V",1277519.29688466
47,1991,"U",4277734.25108454
47,1991,"V",1276415.28260909
47,1992,"U",3558683.2352068
47,1992,"V",1404098.66233893
47,1993,"U",3784464.0567541
47,1993,"V",1624353.27928685
47,1994,"U",4117892.00997275
47,1994,"V",1916156.87632764
47,1995,"U",4454719.60034125
47,1995,"V",2048977.85344673
47,1996,"U",4713540.24164302
47,1996,"V",1773735.43009
47,1997,"U",4538766.43843201
47,1997,"V",1715119.96021698
47,1998,"U",4314201.31004718
47,1998,"V",1544675.89611399
47,1999,"U",3365508.71697045
47,1999,"V",1523229.63477205
47,2000,"U",3354846.4582574
47,2000,"V",1823111.38745121
47,2001,"U",3152762.74447613
47,2001,"V",1591140.47464214
47,2002,"U",3241634.22475311
47,2002,"V",1516694.21956371
47,2003,"U",3616909.70227428
47,2003,"V",1377290.9834998
47,2004,"U",3591334.50075576
47,2004,"V",1311899.41586035
47,2005,"U",3469414.54460393
47,2005,"V",1174241.91779944
47,2006,"U",3375898.60894407
47,2006,"V",1213911.74753317
47,2007,"U",3254480.23372892
47,2007,"V",1113751.61796147
47,2008,"U",3316842.46812834
47,2008,"V",1011316.48921865
47,2009,"U",3338475.32401771
47,2009,"V",1043091.22011106
47,2010,"U",3347082.40414207
47,2010,"V",1099331.40394952
47,2011,"U",3295686.01957758
47,2011,"V",1022909.26546409
47,2012,"U",3243849.74738798
47,2012,"V",1045069.91692294
47,2013,"U",3235091.38469882
47,2013,"V",1025941.09258797
47,2014,"U",3419929.71900701
47,2014,"V",1118252.07445763
47,2015,"U",3305415.68162833
47,2015,"V",1125566.46544863
47,2016,"U",2991529.45856356
47,2016,"V",951492.997432314
47,2017,"U",3018949.37447718
47,2017,"V",878956.397602382
48,1932,"U",187568.3639
48,1933,"U",145954.6298
48,1934,"U",161224.0796
48,1935,"U",237548.3695
48,1936,"U",168736.8255
48,1937,"U",176798.2767
48,1938,"U",174593.0313
48,1939,"U",166282.8899
48,1940,"U",151311.0288
48,1941,"U",128564.2465
48,1942,"U",104703.6667
48,1943,"U",103895.4567
48,1944,"U",81697.9654
48,1945,"U",56157.7008
48,1946,"U",83180.0374
48,1947,"U",84107.6091
48,1948,"U",82058.9364
48,1949,"U",149751.4854
48,1950,"U",853409.989318224
48,1950,"V",196487.421498157
48,1951,"U",1050551.50295858
48,1951,"V",230799.383707979
48,1952,"U",1085947.47156935
48,1952,"V",260865.507357998
48,1953,"U",1106434.99372207
48,1953,"V",278137.770239396
48,1954,"U",1324422.86981744
48,1954,"V",309346.623781246
48,1955,"U",1478886.15042564
48,1955,"V",324301.379051342
48,1956,"U",1500357.17952492
48,1956,"V",449615.612716397
48,1957,"U",1562598.94369543
48,1957,"V",365596.767109776
48,1958,"U",1259332.39299561
48,1958,"V",286619.139021303
48,1959,"U",2037765.37472188
48,1959,"V",694310.73394097
48,1960,"U",2400993.70229053
48,1960,"V",652285.860175786
48,1961,"U",2267212.06904371
48,1961,"V",759051.820052161
48,1962,"U",2941326.5282125
48,1962,"V",793587.650362095
48,1963,"U",1862825.91291102
48,1963,"V",502391.150064589
48,1964,"U",1771174.23491302
48,1964,"V",526465.852317837
48,1965,"U",2292112.073266
48,1965,"V",480877.631695918
48,1966,"U",2276911.65858563
48,1966,"V",499066.929641292
48,1967,"U",2280140.87392587
48,1967,"V",463282.564811275
48,1968,"U",2435374.10800095
48,1968,"V",511471.598184432
48,1969,"U",2146772.99529145
48,1969,"V",507460.958920636
48,1970,"U",2164757.75418774
48,1970,"V",495300.7522602
48,1971,"U",2755823.60326684
48,1971,"V",452345.280089507
48,1972,"U",3102879.74802232
48,1972,"V",460687.744518525
48,1973,"U",2337588.93264065
48,1973,"V",524111.071612817
48,1974,"U",2959781.23578962
48,1974,"V",551673.611586837
48,1975,"U",2843506.15109526
48,1975,"V",683849.234954672
48,1976,"U",3200934.23725981
48,1976,"V",776914.842962705
48,1977,"U",3256353.90946609
48,1977,"V",779606.59858124
48,1978,"U",3165680.46574113
48,1978,"V",522033.56397515
48,1979,"U",3420899.6655795
48,1979,"V",421400.108303387
48,1980,"U",3270369.89449758
48,1980,"V",462091.97634675
48,1981,"U",4042176.51234104
48,1981,"V",468613.500241755
48,1982,"U",3751741.17172148
48,1982,"V",531817.747827541
48,1983,"U",3711658.67639034
48,1983,"V",756072.096790711
48,1984,"U",3726869.45146543
48,1984,"V",793709.131401484
48,1985,"U",3662627.49248763
48,1985,"V",874844.798632883
48,1986,"U",3852343.37378932
48,1986,"V",1151366.89279047
48,1987,"U",4181576.18453335
48,1987,"V",1294803.52667563
48,1988,"U",4403126.65426744
48,1988,"V",1429433.59987854
48,1989,"U",4148134.84706584
48,1989,"V",1062166.23234728
48,1990,"U",4046797.00021428
48,1990,"V",1027252.84653848
48,1991,"U",3686151.92335459
48,1991,"V",1073683.1946124
48,1992,"U",3368475.91975609
48,1992,"V",1202878.55533865
48,1993,"U",3319916.32759745
48,1993,"V",1360649.21623389
48,1994,"U",3379512.38429504
48,1994,"V",1567631.16112289
48,1995,"U",3810936.97322069
48,1995,"V",1787269.77343265
48,1996,"U",3262800.13729183
48,1996,"V",1419616.23739898
48,1997,"U",4001957.64972628
48,1997,"V",1746033.61228257
48,1998,"U",3519543.31279088
48,1998,"V",1804588.20008733
48,1999,"U",2743790.69216362
48,1999,"V",1488232.16978336
48,2000,"U",2811880.01980288
48,2000,"V",1576929.64767248
48,2001,"U",2607578.06434423
48,2001,"V",1489623.82559775
48,2002,"U",2415258.66186497
48,2002,"V",1438411.53538869
48,2003,"U",2791146.65680111
48,2003,"V",1309067.67247965
48,2004,"U",2638235.92780086
48,2004,"V",1362591.49362362
48,2005,"U",2634073.45851968
48,2005,"V",1299013.97830699
48,2006,"U",2355104.41958076
48,2006,"V",1313647.81535331
48,2007,"U",2346276.04888934
48,2007,"V",1151782.79502063
48,2008,"U",2415963.57866783
48,2008,"V",1057900.31435104
48,2009,"U",2531783.80563254
48,2009,"V",1116947.2185259
48,2010,"U",2501622.92215026
48,2010,"V",1110751.53711739
48,2011,"U",2463469.58477486
48,2011,"V",1114081.17078609
48,2012,"U",2418223.32100693
48,2012,"V",1138504.29374778
48,2013,"U",2556665.27997446
48,2013,"V",1199258.03222792
48,2014,"U",2652633.62853793
48,2014,"V",1218536.74409347
48,2015,"U",2295197.04970978
48,2015,"V",1142875.96237817
48,2016,"U",2411766.13956005
48,2016,"V",1127220.32740402
48,2017,"U",2402831.97623581
48,2017,"V",1039220.10889781
49,1894,"U",256363.5921
49,1895,"U",251625.8539
49,1896,"U",232148.5266
49,1897,"U",202669.3378
49,1898,"U",192141.0483
49,1899,"U",221620.2088
49,1900,"U",234780.539
49,1901,"U",244782.3864
49,1902,"U",260048.366
49,1903,"U",201090.0169
49,1904,"U",213197.5168
49,1905,"U",230569.1473
49,1906,"U",235306.8507
49,1907,"U",246361.5144
49,1908,"U",258995.4148
49,1909,"U",291633.021
49,1910,"U",434817.4229
49,1911,"U",509041.6508
49,1912,"U",818046.1641
49,1913,"U",964915.3458
49,1914,"U",949649.2504
49,1915,"U",980181.0857
49,1916,"U",1060195.7258
49,1917,"U",933330.0657
49,1918,"U",855420.8257
49,1919,"U",1078093.2746
49,1920,"U",1190745.3932
49,1921,"U",1030189.3469
49,1922,"U",1139682.9315
49,1923,"U",1194429.5711
49,1924,"U",1235489.45
49,1925,"U",1402361.7738
49,1926,"U",1460266.7124
49,1927,"U",1567654.2919
49,1928,"U",1603976.1961
49,1929,"U",1628716.9776
49,1930,"U",1719785.4996
49,1931,"U",1808221.8235
49,1932,"U",1924557.7555
49,1933,"U",2582569.8573
49,1934,"U",2346210.1663
49,1935,"U",2139855.9466
49,1936,"U",2288828.1827
49,1937,"U",2126692.2091
49,1938,"U",1895596.7278
49,1939,"U",1922967.6342
49,1940,"U",1918227.1736
49,1941,"U",2145104.7866
49,1942,"U",1926641.9854
49,1943,"U",1787139.5868
49,1944,"U",1290736.2644
49,1945,"U",943306.3227
49,1946,"U",71.0943
49,1947,"U",1161300.27
49,1948,"U",1279743.8299
49,1949,"U",1390717.5674
49,1950,"U",341649.15980949
49,1950,"V",17693.2949651586
49,1951,"U",426087.326391008
49,1951,"V",23868.2290244387
49,1952,"U",491932.573448576
49,1952,"V",26811.6458038709
49,1953,"U",461211.25585452
49,1953,"V",33808.8397032106
49,1954,"U",429211.327427986
49,1954,"V",39993.5188712856
49,1955,"U",877162.519352813
49,1955,"V",248535.382753182
49,1956,"U",1232616.09273524
49,1956,"V",340177.36863747
49,1957,"U",1041358.96738636
49,1957,"V",286109.146167716
49,1958,"U",874298.896326992
49,1958,"V",171865.111843049
49,1959,"U",637092.439465848
49,1959,"V",61568.8687800024
49,1960,"U",582369.830890922
49,1960,"V",67830.8879175582
49,1961,"U",729739.951709302
49,1961,"V",63265.9946834998
49,1962,"U",687736.502339188
49,1962,"V",60319.9119261492
49,1963,"U",1312427.87975889
49,1963,"V",343560.45576602
49,1964,"U",1358281.06854037
49,1964,"V",373261.050376669
49,1965,"U",1410317.30208409
49,1965,"V",356483.640564234
49,1966,"U",1771955.93284757
49,1966,"V",344343.454475966
49,1967,"U",1694646.67781896
49,1967,"V",342224.772973383
49,1968,"U",1554801.70605249
49,1968,"V",336260.496022037
49,1969,"U",1952411.02499688
49,1969,"V",316501.021231433
49,1970,"U",1458258.6377569
49,1970,"V",339763.021667964
49,1971,"U",1926856.88579769
49,1971,"V",296622.74909426
49,1972,"U",2028857.46917304
49,1972,"V",297072.37260984
49,1973,"U",2260540.61359417
49,1973,"V",363586.200944545
49,1974,"U",2382199.53957421
49,1974,"V",415143.736269937
49,1975,"U",2665271.37977194
49,1975,"V",511339.372923115
49,1976,"U",2498697.32986681
49,1976,"V",556636.884169333
49,1977,"U",2699953.37000678
49,1977,"V",542995.022298793
49,1978,"U",2369334.77037823
49,1978,"V",285694.628912275
49,1979,"U",2511842.27849017
49,1979,"V",237949.107737641
49,1980,"U",2172117.4366279
49,1980,"V",242474.658614358
49,1981,"U",2656333.75051336
49,1981,"V",247530.674121826
49,1982,"U",2327955.12392707
49,1982,"V",328883.102385309
49,1983,"U",2529164.34621263
49,1983,"V",541528.542248601
49,1984,"U",2633384.1503117
49,1984,"V",515962.409275393
49,1985,"U",2410456.25528912
49,1985,"V",596390.318834505
49,1986,"U",2612000.44386116
49,1986,"V",611456.304458604
49,1987,"U",2664515.04562793
49,1987,"V",760769.816548311
49,1988,"U",2544382.12681603
49,1988,"V",802925.686614579
49,1989,"U",2329287.33104197
49,1989,"V",521298.725225854
49,1990,"U",2500755.77583847
49,1990,"V",701664.830933924
49,1991,"U",2246749.83568959
49,1991,"V",662592.271010139
49,1992,"U",2039680.58170547
49,1992,"V",732841.69021856
49,1993,"U",2194665.86002721
49,1993,"V",920874.4258609
49,1994,"U",2168048.7290087
49,1994,"V",1111820.59343908
49,1995,"U",2146611.42445897
49,1995,"V",1098508.05275204
49,1996,"U",2561365.8209336
49,1996,"V",954900.606286179
49,1997,"U",1108562.99063135
49,1997,"V",277545.119797521
49,1998,"U",1434038.84058794
49,1998,"V",374877.551444267
49,1999,"U",1317141.08287776
49,1999,"V",431710.592595096
49,2000,"U",1640888.13623325
49,2000,"V",742566.616806583
49,2001,"U",1609472.96765305
49,2001,"V",641196.385232143
49,2002,"U",1645229.41414471
49,2002,"V",665780.937216007
49,2003,"U",1711961.77614526
49,2003,"V",568395.856757538
49,2004,"U",1514078.20206146
49,2004,"V",500338.497891572
49,2005,"U",1561422.90617337
49,2005,"V",406780.319863187
49,2006,"U",1148465.31808707
49,2006,"V",349899.773048682
49,2007,"U",1138807.26718413
49,2007,"V",359084.170498091
49,2008,"U",1058744.60857007
49,2008,"V",423459.916416964
49,2009,"U",1020583.83403129
49,2009,"V",341662.926104309
49,2010,"U",940988.696030759
49,2010,"V",363763.431101877
49,2011,"U",1004558.34334432
49,2011,"V",302798.342967696
49,2012,"U",869054.7850369
49,2012,"V",331424.368381976
49,2013,"U",862942.4994897
49,2013,"V",353704.849201477
49,2014,"U",861684.007473441
49,2014,"V",328444.009659074
49,2015,"U",721571.625416277
49,2015,"V",258002.478381999
49,2016,"U",817460.273204388
49,2016,"V",212985.361793126
49,2017,"U",751499.148122215
49,2017,"V",227714.344469271
50,1894,"U",137448.4032
50,1895,"U",134907.9901
50,1896,"U",124465.0366
50,1897,"U",108659.6938
50,1898,"U",103014.7797
50,1899,"U",118819.4815
50,1900,"U",125874.9335
50,1901,"U",131236.9528
50,1902,"U",139421.2191
50,1903,"U",107811.2246
50,1904,"U",114302.1159
50,1905,"U",123615.2144
50,1906,"U",126154.8192
50,1907,"U",132081.0802
50,1908,"U",138853.9447
50,1909,"U",156351.1814
50,1910,"U",233114.6916
50,1911,"U",272906.6858
50,1912,"U",438567.7764
50,1913,"U",517304.2713
50,1914,"U",509117.366300001
50,1915,"U",525483.0434
50,1916,"U",568376.3637
50,1917,"U",500360.0671
50,1918,"U",458589.8838
50,1919,"U",577960.390300001
50,1920,"U",638348.0601
50,1921,"U",552271.1631
50,1922,"U",610964.2525
50,1923,"U",640307.3426
50,1924,"U",662312.3647
50,1925,"U",751760.3986
50,1926,"U",782792.6716
50,1927,"U",840348.8904
50,1928,"U",859808.1312
50,1929,"U",873057.814
50,1930,"U",921859.6142
50,1931,"U",969247.3392
50,1932,"U",1475143.2333
50,1933,"U",1729366.0643
50,1934,"U",1638698.3706
50,1935,"U",1708418.6587
50,1936,"U",1625497.5455
50,1937,"U",1557524.5467
50,1938,"U",1428319.2469
50,1939,"U",1423193.3548
50,1940,"U",1385111.2973
50,1941,"U",1452772.2063
50,1942,"U",1279185.8256
50,1943,"U",1202262.6435
50,1944,"U",883737.849
50,1945,"U",637226.4088
50,1946,"U",195282.6579
50,1947,"U",818135.269
50,1948,"U",874774.4489
50,1949,"U",933337.7498
50,1950,"U",558011.778610233
50,1950,"V",30027.1058359897
50,1951,"U",655461.900961231
50,1951,"V",41558.0915859502
50,1952,"U",771492.988309249
50,1952,"V",42017.8149028426
50,1953,"U",746946.051244458
50,1953,"V",46218.2121028158
50,1954,"U",835630.389384063
50,1954,"V",56487.426598314
50,1955,"U",1250092.33645072
50,1955,"V",189884.340657151
50,1956,"U",1453967.73382781
50,1956,"V",281015.237607982
50,1957,"U",1558118.66835318
50,1957,"V",213881.629743648
50,1958,"U",1282470.66488285
50,1958,"V",139620.738706838
50,1959,"U",1000997.79986306
50,1959,"V",151419.462140266
50,1960,"U",851624.241702339
50,1960,"V",140438.03939652
50,1961,"U",1087701.6909174
50,1961,"V",157297.761193509
50,1962,"U",1022347.2687472
50,1962,"V",165336.647139387
50,1963,"U",1515405.4942749
50,1963,"V",324233.53050641
50,1964,"U",1353577.89419122
50,1964,"V",346339.041880286
50,1965,"U",1613636.25237289
50,1965,"V",313777.656861009
50,1966,"U",1639609.29381439
50,1966,"V",325190.376210529
50,1967,"U",2106320.82973482
50,1967,"V",310194.918199303
50,1968,"U",2273342.70113366
50,1968,"V",285362.666644985
50,1969,"U",2064187.31739661
50,1969,"V",293396.216159433
50,1970,"U",1976970.75140695
50,1970,"V",298060.288249084
50,1971,"U",1926724.19913273
50,1971,"V",262284.279520399
50,1972,"U",1964097.01966076
50,1972,"V",274050.575752144
50,1973,"U",2424033.84615056
50,1973,"V",339509.436582264
50,1974,"U",2784524.52179999
50,1974,"V",388489.145225334
50,1975,"U",3185628.31027762
50,1975,"V",480090.196194475
50,1976,"U",2992658.30765178
50,1976,"V",493111.609109338
50,1977,"U",3051991.85695151
50,1977,"V",480778.928342969
50,1978,"U",3162972.22014491
50,1978,"V",253215.468025215
50,1979,"U",3363408.15927404
50,1979,"V",222034.546105291
50,1980,"U",4206342.03259223
50,1980,"V",198690.859957395
50,1981,"U",3923352.84931383
50,1981,"V",201689.544158473
50,1982,"U",4109391.45307251
50,1982,"V",250114.570247302
50,1983,"U",3390454.7751504
50,1983,"V",388391.904336479
50,1984,"U",3823339.83903011
50,1984,"V",442289.17190381
50,1985,"U",3698006.02725131
50,1985,"V",442697.140726656
50,1986,"U",3938698.58652524
50,1986,"V",567550.593354226
50,1987,"U",4006170.26494392
50,1987,"V",624073.574077101
50,1988,"U",3530874.54177834
50,1988,"V",796288.504392276
50,1989,"U",4421218.69718838
50,1989,"V",700574.573230558
50,1990,"U",4241950.46800896
50,1990,"V",744161.718586347
50,1991,"U",3574329.86607897
50,1991,"V",765912.029778352
50,1992,"U",3337230.45660193
50,1992,"V",875029.075336523
50,1993,"U",3285813.98769898
50,1993,"V",1081521.83221251
50,1994,"U",2986323.22249569
50,1994,"V",1200076.73377689
50,1995,"U",2888964.09220826
50,1995,"V",1330237.2069745
50,1996,"U",2803832.81020262
50,1996,"V",1104455.41374715
50,1997,"U",2307492.09972107
50,1997,"V",884443.473394093
50,1998,"U",2539276.56828267
50,1998,"V",882279.772191268
50,1999,"U",2314945.62511318
50,1999,"V",615635.976101493
50,2000,"U",2315135.65465334
50,2000,"V",750279.169327164
50,2001,"U",2218284.87079413
50,2001,"V",754798.77489706
50,2002,"U",2115863.55976258
50,2002,"V",767391.049762348
50,2003,"U",2204423.21675563
50,2003,"V",457976.527702265
50,2004,"U",2152473.59605952
50,2004,"V",481042.085538508
50,2005,"U",2017043.96738725
50,2005,"V",394997.958624753
50,2006,"U",1978038.55329733
50,2006,"V",459266.076266519
50,2007,"U",1919412.1390892
50,2007,"V",460296.552615602
50,2008,"U",1743202.33501244
50,2008,"V",441136.483085922
50,2009,"U",1840611.25285742
50,2009,"V",455499.88444777
50,2010,"U",1791145.53494581
50,2010,"V",436070.178767101
50,2011,"U",2132103.79668478
50,2011,"V",435638.944766732
50,2012,"U",1928803.45145877
50,2012,"V",412774.781843864
50,2013,"U",1818086.29164753
50,2013,"V",429127.963710923
50,2014,"U",1791087.90460777
50,2014,"V",430731.903359687
50,2015,"U",1936254.49387541
50,2015,"V",390920.557419212
50,2016,"U",2050680.08521872
50,2016,"V",315222.789824477
50,2017,"U",1935181.42768327
50,2017,"V",309294.709066898
51,1894,"U",16864.3185
51,1895,"U",16552.9077
51,1896,"U",15271.8546
51,1897,"U",13332.7876
51,1898,"U",12640.3886
51,1899,"U",14579.991
51,1900,"U",15446.0679
51,1901,"U",16104.3893
51,1902,"U",17109.0875
51,1903,"U",13230.3764
51,1904,"U",14027.2713
51,1905,"U",15170.5746
51,1906,"U",15482.6618
51,1907,"U",16210.4333
51,1908,"U",17042.176
51,1909,"U",19190.2849
51,1910,"U",28613.0398
51,1911,"U",33498.3453
51,1912,"U",53834.6016
51,1913,"U",63501.9845
51,1914,"U",62499.4945
51,1915,"U",64511.2786
51,1916,"U",69780.2278
51,1917,"U",61432.7024
51,1918,"U",56307.1232
51,1919,"U",70967.6206
51,1920,"U",78387.0942
51,1921,"U",67821.2756
51,1922,"U",75033.9564
51,1923,"U",78643.1845
51,1924,"U",81352.0277
51,1925,"U",92346.5132
51,1926,"U",96167.0524
51,1927,"U",103247.8509
51,1928,"U",105649.773
51,1929,"U",107290.1847
51,1930,"U",113301.7799
51,1931,"U",119142.6592
51,1932,"U",126825.1981
51,1933,"U",170212.9587
51,1934,"U",154661.2859
51,1935,"U",141085.7861
51,1936,"U",150941.2346
51,1937,"U",140284.6138
51,1938,"U",125077.855
51,1939,"U",126928.4247
51,1940,"U",126668.8251
51,1941,"U",141723.3509
51,1942,"U",127371.5971
51,1943,"U",118246.3687
51,1944,"U",85495.4399
51,1945,"U",62578.184
51,1947,"U",77503.2658
51,1948,"U",86048.12
51,1949,"U",95571.0911
51,1950,"U",121012.983497055
51,1950,"V",3383.68265254004
51,1951,"U",154407.261059576
51,1951,"V",6180.70572166714
51,1952,"U",176633.676508787
51,1952,"V",7031.23230453145
51,1953,"U",177019.983472766
51,1953,"V",8133.10827923702
51,1954,"U",170236.902031435
51,1954,"V",9235.10627965039
51,1955,"U",297077.076298964
51,1955,"V",52580.2336154884
51,1956,"U",297655.414874284
51,1956,"V",72993.1293352214
51,1957,"U",306333.277006742
51,1957,"V",62771.7237096674
51,1958,"U",269267.09527606
51,1958,"V",39175.4985644485
51,1959,"U",241437.396785599
51,1959,"V",13707.558755605
51,1960,"U",210028.348890669
51,1960,"V",14469.2566216826
51,1961,"U",250185.571669883
51,1961,"V",16182.7516644041
51,1962,"U",254671.702831717
51,1962,"V",16115.0388038405
51,1963,"U",416824.384228533
51,1963,"V",73341.2941480778
51,1964,"U",328727.181394723
51,1964,"V",85293.65645024
51,1965,"U",422135.631441996
51,1965,"V",70562.1958091983
51,1966,"U",364717.936160198
51,1966,"V",80972.626471229
51,1967,"U",324393.247447576
51,1967,"V",77115.0957084825
51,1968,"U",545319.386262217
51,1968,"V",71893.2693985323
51,1969,"U",582381.899132762
51,1969,"V",71481.7829184088
51,1970,"U",380093.66436273
51,1970,"V",67400.4078610461
51,1971,"U",633378.716389432
51,1971,"V",61832.9271362053
51,1972,"U",593851.594123726
51,1972,"V",59840.4844494804
51,1973,"U",687925.58990014
51,1973,"V",79943.743362554
51,1974,"U",727510.288948861
51,1974,"V",91628.5073808753
51,1975,"U",793882.636075236
51,1975,"V",108838.20359998
51,1976,"U",811516.004285505
51,1976,"V",112437.887123892
51,1977,"U",883095.330266629
51,1977,"V",106687.241925672
51,1978,"U",877880.896178614
51,1978,"V",53780.1360790297
51,1979,"U",842933.148152178
51,1979,"V",48847.0455777238
51,1980,"U",683192.28174386
51,1980,"V",43257.3487241156
51,1981,"U",790149.10913313
51,1981,"V",48082.3214853652
51,1982,"U",695536.810164542
51,1982,"V",59833.1590875123
51,1983,"U",903421.665330684
51,1983,"V",110900.925046953
51,1984,"U",779637.006001109
51,1984,"V",106915.662762217
51,1985,"U",688272.344929149
51,1985,"V",108747.112892139
51,1986,"U",725188.066254949
51,1986,"V",131536.923673121
51,1987,"U",751111.290244194
51,1987,"V",166248.136537346
51,1988,"U",840922.509611676
51,1988,"V",180294.471486527
51,1989,"U",992721.366379517
51,1989,"V",141321.304973527
51,1990,"U",971866.371791316
51,1990,"V",153675.312033538
51,1991,"U",756255.174182703
51,1991,"V",149919.110055464
51,1992,"U",792474.808194732
51,1992,"V",189866.463020099
51,1993,"U",755728.982256153
51,1993,"V",240076.511495064
51,1994,"U",789160.558710681
51,1994,"V",262567.068689439
51,1995,"U",720916.640221909
51,1995,"V",311337.752758595
51,1996,"U",837179.950118577
51,1996,"V",238518.461730841
51,1997,"U",819039.033628442
51,1997,"V",317300.355823413
51,1998,"U",905994.92126567
51,1998,"V",237310.687093074
51,1999,"U",730971.368696488
51,1999,"V",172769.745475173
51,2000,"U",538021.283561763
51,2000,"V",123523.980397175
51,2001,"U",555656.517878158
51,2001,"V",133761.533964074
51,2002,"U",614021.115895061
51,2002,"V",144814.105749956
51,2003,"U",599592.05901947
51,2003,"V",67534.2314935814
51,2004,"U",481561.754760641
51,2004,"V",75148.3565090858
51,2005,"U",576771.071425463
51,2005,"V",85422.2159952886
51,2006,"U",636155.03171217
51,2006,"V",109988.312141471
51,2007,"U",630191.481411273
51,2007,"V",101726.370097798
51,2008,"U",684572.432888689
51,2008,"V",94421.6711996452
51,2009,"U",680894.140359982
51,2009,"V",135444.393411876
51,2010,"U",665293.336806091
51,2010,"V",96655.7867502724
51,2011,"U",638093.581611855
51,2011,"V",100646.9837667
51,2012,"U",738228.783580461
51,2012,"V",96022.8339161667
51,2013,"U",629981.935632031
51,2013,"V",88403.38699563
51,2014,"U",681052.775824211
51,2014,"V",94945.9717281276
51,2015,"U",729658.503666698
51,2015,"V",105537.731463733
51,2016,"U",725615.381324297
51,2016,"V",77787.8111257352
51,2017,"U",759605.377097691
51,2017,"V",80902.41590434
52,1894,"U",16912.4355
52,1895,"U",16599.8154
52,1896,"U",15314.8263
52,1897,"U",13370.0256
52,1898,"U",12675.4195
52,1899,"U",14620.0703
52,1900,"U",15488.1673
52,1901,"U",16147.8918
52,1902,"U",17154.8708
52,1903,"U",13265.4314
52,1904,"U",14064.0514
52,1905,"U",15209.916
52,1906,"U",15522.3471
52,1907,"U",16251.4741
52,1908,"U",17084.7613
52,1909,"U",19237.5743
52,1910,"U",28682.5114
52,1911,"U",33578.4008
52,1912,"U",53961.0966
52,1913,"U",63648.5079
52,1914,"U",62640.9143
52,1915,"U",64654.2057
52,1916,"U",69931.3412
52,1917,"U",61562.4836
52,1918,"U",56422.906
52,1919,"U",71109.2968
52,1920,"U",78538.573
52,1921,"U",67947.7041
52,1922,"U",75168.3398
52,1923,"U",78777.8528
52,1924,"U",81484.4517
52,1925,"U",92488.3981
52,1926,"U",96305.2918
52,1927,"U",103385.1674
52,1928,"U",105777.8952
52,1929,"U",107406.5208
52,1930,"U",113408.6373
52,1931,"U",119236.4385
52,1932,"U",126903.0494
52,1933,"U",170284.4969
52,1934,"U",154692.6249
52,1935,"U",141079.5904
52,1936,"U",150892.103
52,1937,"U",140193.404
52,1938,"U",124949.1936
52,1939,"U",126741.1426
52,1940,"U",126414.0825
52,1941,"U",141345.6876
52,1942,"U",126928.2811
52,1943,"U",117711.0754
52,1944,"U",84989.463
52,1945,"U",62086.4327
52,1947,"U",76299.6706
52,1948,"U",83903.4655
52,1949,"U",90613.3441
52,1950,"U",656306.932491068
52,1950,"V",35092.5556341274
52,1951,"U",846852.666872155
52,1951,"V",56056.4536105293
52,1952,"U",914007.036306114
52,1952,"V",65900.4320322833
52,1953,"U",913204.269335395
52,1953,"V",69984.5995323229
52,1954,"U",856110.386680594
52,1954,"V",88144.4510728735
52,1955,"U",1106984.24460507
52,1955,"V",138050.493590806
52,1956,"U",1085311.56008231
52,1956,"V",179003.776027416
52,1957,"U",1219862.03699353
52,1957,"V",147254.793818545
52,1958,"U",1110822.86898076
52,1958,"V",134467.493057235
52,1959,"U",1136871.96034149
52,1959,"V",123402.170310899
52,1960,"U",1093861.04946457
52,1960,"V",121763.080641291
52,1961,"U",1178480.89736719
52,1961,"V",132463.972890647
52,1962,"U",1164304.02519769
52,1962,"V",131757.092240701
52,1963,"U",1488567.1704205
52,1963,"V",190127.152177262
52,1964,"U",1277791.14761703
52,1964,"V",221489.965025567
52,1965,"U",1307692.63488333
52,1965,"V",188744.094538488
52,1966,"U",1385622.07761578
52,1966,"V",204059.267438046
52,1967,"U",1717678.01291406
52,1967,"V",183852.517813305
52,1968,"U",1884672.05071945
52,1968,"V",194094.517125846
52,1969,"U",2062212.324615
52,1969,"V",188083.907661318
52,1970,"U",2091620.82413957
52,1970,"V",188238.673688696
52,1971,"U",2604247.78725165
52,1971,"V",164693.245092778
52,1972,"U",2473205.39426178
52,1972,"V",181136.710319609
52,1973,"U",2782945.48037306
52,1973,"V",203210.696669882
52,1974,"U",2729038.31446006
52,1974,"V",213926.165548629
52,1975,"U",3414034.42622456
52,1975,"V",209727.128724681
52,1976,"U",3626715.65806934
52,1976,"V",229390.599988805
52,1977,"U",3063254.4558432
52,1977,"V",201552.871486967
52,1978,"U",2489409.74356021
52,1978,"V",152379.97519176
52,1979,"U",2944601.80084739
52,1979,"V",140271.253306376
52,1980,"U",2802638.17752778
52,1980,"V",131710.22636043
52,1981,"U",3672142.96024692
52,1981,"V",147754.520825782
52,1982,"U",3240281.87817954
52,1982,"V",166657.968575834
52,1983,"U",3347049.46333191
52,1983,"V",209646.221522819
52,1984,"U",3840737.66763236
52,1984,"V",224688.677946893
52,1985,"U",3652041.66861116
52,1985,"V",223235.910739331
52,1986,"U",3732197.42597347
52,1986,"V",263504.693839243
52,1987,"U",3830246.17355781
52,1987,"V",250515.552582952
52,1988,"U",4219329.6786217
52,1988,"V",306136.890439713
52,1989,"U",5289671.5448515
52,1989,"V",1044881.37902031
52,1990,"U",5677175.4100476
52,1990,"V",1143768.36447467
52,1991,"U",4432250.63455405
52,1991,"V",1174637.2196486
52,1992,"U",5433148.34577617
52,1992,"V",1481960.91802008
52,1993,"U",5131972.56599585
52,1993,"V",1852838.39993394
52,1994,"U",5196308.81205762
52,1994,"V",2047347.68539688
52,1995,"U",5065703.28202154
52,1995,"V",2326942.39890677
52,1996,"U",4925632.74085509
52,1996,"V",2043316.64821719
52,1997,"U",5943835.14157584
52,1997,"V",2811864.3395445
52,1998,"U",5361414.05796471
52,1998,"V",2932950.74545087
52,1999,"U",4485946.96358634
52,1999,"V",1754922.38890262
52,2000,"U",3309478.01936293
52,2000,"V",1424145.51783063
52,2001,"U",3285616.81107792
52,2001,"V",1234310.23805903
52,2002,"U",2896827.58093823
52,2002,"V",1381519.98113706
52,2003,"U",3382315.55322845
52,2003,"V",710123.278588494
52,2004,"U",3301711.4471002
52,2004,"V",781862.785641779
52,2005,"U",3527008.45047945
52,2005,"V",682654.203520438
52,2006,"U",3698953.82566496
52,2006,"V",1166990.75829423
52,2007,"U",4103662.89755291
52,2007,"V",1105262.47426407
52,2008,"U",4051198.23305789
52,2008,"V",1078552.38169283
52,2009,"U",4323160.8195254
52,2009,"V",1123404.18107882
52,2010,"U",4408977.22164719
52,2010,"V",1122010.78456535
52,2011,"U",4217580.8830301
52,2011,"V",1055560.64184601
52,2012,"U",4296206.20945454
52,2012,"V",1088486.64931771
52,2013,"U",4330117.08086732
52,2013,"V",1081175.44141987
52,2014,"U",4318216.46678469
52,2014,"V",1048392.27433691
52,2015,"U",4470462.19146802
52,2015,"V",1030747.32447641
52,2016,"U",4819775.71581381
52,2016,"V",915052.874274021
52,2017,"U",4462254.77315042
52,2017,"V",889530.204323303
53,1950,"U",165548.484820379
53,1950,"V",5135.68586699586
53,1951,"U",212235.666546092
53,1951,"V",9377.62314419916
53,1952,"U",216783.245209354
53,1952,"V",10474.4623119002
53,1953,"U",221441.234683206
53,1953,"V",11626.269075032
53,1954,"U",199808.08920464
53,1954,"V",13238.7578003578
53,1955,"U",278954.771298419
53,1955,"V",16644.864642552
53,1956,"U",243142.129182283
53,1956,"V",18181.4764658106
53,1957,"U",303536.711883282
53,1957,"V",17976.980307887
53,1958,"U",317865.057613302
53,1958,"V",18857.7063051967
53,1959,"U",306921.532153235
53,1959,"V",19155.7856133921
53,1960,"U",240027.076827656
53,1960,"V",20854.0694583081
53,1961,"U",313312.708007427
53,1961,"V",22459.9296042464
53,1962,"U",318654.453215454
53,1962,"V",21387.3015980199
53,1963,"U",308117.00371801
53,1963,"V",25175.9738713896
53,1964,"U",236928.853601203
53,1964,"V",26726.5369056396
53,1965,"U",284342.306021228
53,1965,"V",23119.2660672195
53,1966,"U",274188.498671075
53,1966,"V",26105.8415862417
53,1967,"U",334696.313246277
53,1967,"V",23787.320849287
53,1968,"U",337507.923612023
53,1968,"V",24841.966673515
53,1969,"U",353342.189067479
53,1969,"V",25021.2071611855
53,1970,"U",366890.251813983
53,1970,"V",25887.5351463204
53,1971,"U",444830.481169395
53,1971,"V",22705.6049505053
53,1972,"U",454194.345938339
53,1972,"V",25413.7680964655
53,1973,"U",577250.798512249
53,1973,"V",25173.7249823152
53,1974,"U",517085.433989083
53,1974,"V",27130.9119818548
53,1975,"U",583117.007526213
53,1975,"V",24052.2020578257
53,1976,"U",549954.412922655
53,1976,"V",27557.5271461068
53,1977,"U",561736.060562923
53,1977,"V",17251.7037159498
53,1978,"U",546979.619660996
53,1978,"V",19018.3834411632
53,1979,"U",581096.001242714
53,1979,"V",15935.3366760612
53,1980,"U",564844.258580143
53,1980,"V",14413.9108354535
53,1981,"U",758312.86876703
53,1981,"V",17242.6139468799
53,1982,"U",723069.075549038
53,1982,"V",16452.7066188956
53,1983,"U",750002.971380375
53,1983,"V",15923.7687102655
53,1984,"U",816760.806809914
53,1984,"V",18676.5492097333
53,1985,"U",780510.050814888
53,1985,"V",21822.8564273967
53,1986,"U",868410.711227064
53,1986,"V",25329.9090027606
53,1987,"U",812101.103941313
53,1987,"V",26430.4113197681
53,1988,"U",809538.468937532
53,1988,"V",24124.1729045729
53,1989,"U",1080205.27999654
53,1989,"V",215922.619513733
53,1990,"U",1146143.2029056
53,1990,"V",213928.292519241
53,1991,"U",898876.032383769
53,1991,"V",220372.838286757
53,1992,"U",1264426.98507731
53,1992,"V",296096.620672671
53,1993,"U",970172.955430717
53,1993,"V",382055.339497954
53,1994,"U",1033325.140737
53,1994,"V",446248.792809461
53,1995,"U",1073064.91606194
53,1995,"V",446502.66511178
53,1996,"U",1034413.27411754
53,1996,"V",413484.186873511
53,1997,"U",1148619.02930783
53,1997,"V",608598.539258389
53,1998,"U",1145942.77136894
53,1998,"V",549080.598223529
53,1999,"U",749304.178782817
53,1999,"V",256699.956387597
53,2000,"U",589164.771326463
53,2000,"V",196861.518926145
53,2001,"U",677798.643677826
53,2001,"V",215492.709221157
53,2002,"U",565611.039293134
53,2002,"V",233472.511213704
53,2003,"U",708341.038010752
53,2003,"V",116935.223115966
53,2004,"U",714550.636685621
53,2004,"V",116544.940533194
53,2005,"U",681390.508869007
53,2005,"V",119558.683856522
53,2006,"U",781321.502236707
53,2006,"V",192525.603614321
53,2007,"U",845237.05989281
53,2007,"V",180063.236038858
53,2008,"U",890947.501237381
53,2008,"V",174570.2304094
53,2009,"U",899204.917536892
53,2009,"V",171917.909212698
53,2010,"U",839482.038059404
53,2010,"V",179541.851475551
53,2011,"U",947621.974214638
53,2011,"V",161485.730278925
53,2012,"U",929741.537130709
53,2012,"V",166134.876123958
53,2013,"U",989779.015279875
53,2013,"V",166073.761943263
53,2014,"U",897496.281582331
53,2014,"V",175372.13040202
53,2015,"U",842571.526562734
53,2015,"V",156633.078455602
53,2016,"U",934339.607654686
53,2016,"V",152439.576207535
53,2017,"U",885575.800180053
53,2017,"V",145514.924806573
54,1950,"U",239812.384260674
54,1950,"V",4556.49951758654
54,1951,"U",265185.948631996
54,1951,"V",6992.79550779638
54,1952,"U",266594.316916996
54,1952,"V",7749.10721920002
54,1953,"U",285949.411302042
54,1953,"V",8684.50399599308
54,1954,"U",279491.701240933
54,1954,"V",10126.1289402644
54,1955,"U",295886.309348498
54,1955,"V",13711.067593069
54,1956,"U",297314.17506849
54,1956,"V",13008.9469057447
54,1957,"U",314262.123484839
54,1957,"V",13774.9187712105
54,1958,"U",341135.988489487
54,1958,"V",14141.069402555
54,1959,"U",336299.933427581
54,1959,"V",22027.0282928625
54,1960,"U",334453.335936506
54,1960,"V",23740.8043579617
54,1961,"U",386135.787434684
54,1961,"V",34189.0059130381
54,1962,"U",394508.991157645
54,1962,"V",33124.1971038931
54,1963,"U",399814.839355729
54,1963,"V",40437.5439766831
54,1964,"U",404502.571099789
54,1964,"V",47370.6195485326
54,1965,"U",493634.77593576
54,1965,"V",55568.8874264097
54,1966,"U",525013.23574244
54,1966,"V",67287.6342473837
54,1967,"U",563177.976345405
54,1967,"V",57333.0845992892
54,1968,"U",658400.199945317
54,1968,"V",49957.7538900271
54,1969,"U",636452.463528854
54,1969,"V",45734.2184306204
54,1970,"U",783378.372496495
54,1970,"V",49400.3448124611
54,1971,"U",897686.625878844
54,1971,"V",43388.1501689982
54,1972,"U",870039.589225529
54,1972,"V",55927.1875426995
54,1973,"U",964061.448812564
54,1973,"V",52260.6206619235
54,1974,"U",905035.237342148
54,1974,"V",49738.229407878
54,1975,"U",961912.533043394
54,1975,"V",43713.0036456742
54,1976,"U",962143.766746855
54,1976,"V",50417.6080100781
54,1977,"U",957968.666382613
54,1977,"V",47468.5859331459
54,1978,"U",860295.803785942
54,1978,"V",52552.2896808238
54,1979,"U",820789.894417171
54,1979,"V",57177.2247778474
54,1980,"U",894729.54094319
54,1980,"V",56667.384532543
54,1981,"U",900128.277578972
54,1981,"V",41236.8914924554
54,1982,"U",986942.406452013
54,1982,"V",40369.2782381864
54,1983,"U",1080806.71324579
54,1983,"V",44779.600268622
54,1984,"U",1315780.24569128
54,1984,"V",34981.5215399485
54,1985,"U",1420247.95142708
54,1985,"V",41872.3864646332
54,1986,"U",1407468.9089574
54,1986,"V",48016.9461588692
54,1987,"U",1364635.63988398
54,1987,"V",45825.2900904665
54,1988,"U",1361035.09746069
54,1988,"V",50157.4548645994
54,1989,"U",1469269.92840312
54,1989,"V",163212.638514983
54,1990,"U",1278558.35787064
54,1990,"V",151642.776565361
54,1991,"U",1283165.79901563
54,1991,"V",178740.816990278
54,1992,"U",1262459.58037372
54,1992,"V",216993.283767848
54,1993,"U",1115660.28270513
54,1993,"V",245583.395936638
54,1994,"U",1135548.83146234
54,1994,"V",251902.923342199
54,1995,"U",1192028.1070222
54,1995,"V",254617.041940442
54,1996,"U",1367124.36644947
54,1996,"V",243452.312505824
54,1997,"U",1208805.18069856
54,1997,"V",316880.27202468
54,1998,"U",1254326.93564564
54,1998,"V",343806.759733667
54,1999,"U",854218.345054781
54,1999,"V",255868.719723662
54,2000,"U",824602.783635147
54,2000,"V",195500.099380708
54,2001,"U",942760.275931366
54,2001,"V",208502.961269694
54,2002,"U",889192.077204746
54,2002,"V",211372.367895639
54,2003,"U",945510.986199731
54,2003,"V",97020.9214156226
54,2004,"U",877704.066500199
54,2004,"V",106808.434093757
54,2005,"U",949430.472956841
54,2005,"V",108006.840847726
54,2006,"U",910899.562128793
54,2006,"V",168977.7060587
54,2007,"U",1060341.94857361
54,2007,"V",153789.001186609
54,2008,"U",1007159.3118463
54,2008,"V",148756.520332472
54,2009,"U",969379.242908528
54,2009,"V",146107.569310167
54,2010,"U",939487.28292159
54,2010,"V",148142.051656868
54,2011,"U",1052715.79859242
54,2011,"V",142594.727394442
54,2012,"U",1023003.0337553
54,2012,"V",140782.184863004
54,2013,"U",1094222.77816401
54,2013,"V",152019.077453213
54,2014,"U",1217394.70669221
54,2014,"V",158776.285076063
54,2015,"U",1069076.26292842
54,2015,"V",152403.585358132
54,2016,"U",1035954.35937749
54,2016,"V",131538.676835081
54,2017,"U",1027314.29088647
54,2017,"V",117490.34950907
55,1950,"U",77498.4936561691
55,1950,"V",0.00624000007519498
55,1951,"U",75301.1524207499
55,1952,"U",46850.7325765051
55,1953,"U",59945.9802172814
55,1954,"U",86429.2266256747
55,1954,"V",2.49856007253038
55,1955,"U",54896.1620352726
55,1956,"U",83865.9421048746
55,1956,"V",0.879979982972145
55,1957,"U",70828.9108240381
55,1957,"V",8.52011976391077
55,1958,"U",73536.2307698465
55,1959,"U",74862.8429970905
55,1959,"V",9.76588988304138
55,1960,"U",41257.5818800771
55,1960,"V",1.97801996767521
55,1961,"U",78544.9813040693
55,1961,"V",31.0064792633056
55,1962,"U",77459.2504798976
55,1963,"U",94627.1496503299
55,1964,"U",88623.4326465294
55,1964,"V",16.8698101043701
55,1965,"U",33461.5298273878
55,1965,"V",0.898710027337074
55,1966,"U",38309.4182772234
55,1966,"V",0.439490000662772
55,1967,"U",31907.2531501742
55,1967,"V",0.0833100005984306
55,1968,"U",27477.6916828305
55,1968,"V",0.0211499994620681
55,1969,"U",18259.3076614708
55,1969,"V",0.0143900003749877
55,1970,"U",20531.2583859922
55,1971,"U",17981.1730163067
55,1971,"V",6.1324000954628
55,1972,"U",20236.666525365
55,1973,"U",20788.9960790107
55,1974,"U",17458.4901860266
55,1975,"U",14877.2166689653
55,1975,"V",6.89640986919403
55,1976,"U",21619.1975809527
55,1976,"V",4.6075199842453
55,1977,"U",30831.2410274071
55,1978,"U",24808.7842107426
55,1979,"U",41782.9172388903
55,1980,"U",34735.9963910972
55,1980,"V",0.539240002632141
55,1981,"U",46572.2914226169
55,1981,"V",3.61712000519037
55,1982,"U",41874.9845122271
55,1982,"V",6.43173980712891
55,1983,"U",43907.8373453741
55,1983,"V",8.86915004253388
55,1984,"U",43171.3661711413
55,1984,"V",1.07709002494812
55,1985,"U",38508.1064691904
55,1986,"U",36244.48101214
55,1987,"U",36437.5076049215
55,1988,"U",36857.4932103305
55,1988,"V",0.166070003993809
55,1989,"U",52737.0789299707
55,1989,"V",0.241299999128387
55,1990,"U",48138.0610752441
55,1990,"V",3.01267997028481
55,1991,"U",48515.799258463
55,1991,"V",0.235460000800231
55,1992,"U",48495.6624099513
55,1992,"V",1.9250799946567
55,1993,"U",51711.0186856094
55,1993,"V",1.2326100108512
55,1994,"U",56492.5869143516
55,1994,"V",12.6169799711461
55,1995,"U",53404.6066600152
55,1995,"V",434.303746748151
55,1996,"U",97743.7151559874
55,1996,"V",9.92656993423952
55,1997,"U",40984.792014678
55,1997,"V",37.3784705666621
55,1998,"U",41407.6228556925
55,1998,"V",1.3072799953552
55,1999,"U",49671.534310848
55,1999,"V",6.75835995399757
55,2000,"U",37926.5265849509
55,2000,"V",0.731239990524047
55,2001,"U",40819.5010105105
55,2001,"V",2.73047000727456
55,2002,"U",31531.7106537414
55,2002,"V",28.2173498790835
55,2003,"U",39404.9792556065
55,2003,"V",42.5726406018766
55,2004,"U",38467.0935176475
55,2004,"V",39.7124103411807
55,2005,"U",51067.8201181946
55,2005,"V",0.255589999487711
55,2006,"U",37395.8552844069
55,2006,"V",0.281290001046728
55,2007,"U",45771.0131770136
55,2007,"V",8.26198003168611
55,2008,"U",36726.4692119725
55,2008,"V",0.0742299998055387
55,2009,"U",39421.0264982136
55,2009,"V",12.3532595881479
55,2010,"U",47814.4610937042
55,2010,"V",0.548369999640272
55,2011,"U",41927.2491398774
55,2011,"V",1.56545003916472
55,2012,"U",37013.8094745085
55,2012,"V",0.828789992745442
55,2013,"U",54202.6350110588
55,2013,"V",1.16540997273842
55,2014,"U",38965.8056613752
55,2014,"V",1.09998002738212
55,2015,"U",59449.2450775683
55,2015,"V",0.0908699999454257
55,2016,"U",485.791908589512
55,2017,"U",96.1070489601734
56,1950,"U",36876.9786457027
56,1950,"V",527.008242612807
56,1951,"U",41220.6296711528
56,1951,"V",400.596690261838
56,1952,"U",39581.2058183473
56,1952,"V",564.307449994321
56,1953,"U",38542.4081816464
56,1953,"V",823.463085655501
56,1954,"U",38003.6156207011
56,1954,"V",822.726930050736
56,1955,"U",36344.2541919154
56,1955,"V",1260.46327442212
56,1956,"U",41177.7488778163
56,1956,"V",695.984690826586
56,1957,"U",37937.2738365468
56,1957,"V",801.843762640216
56,1958,"U",38474.0573226722
56,1958,"V",1198.18357287248
56,1959,"U",33662.2440976563
56,1959,"V",2253.11504130823
56,1960,"U",34304.648868153
56,1960,"V",2903.55227212406
56,1961,"U",38870.3184214624
56,1961,"V",3980.04280585805
56,1962,"U",37801.4928178272
56,1962,"V",4346.19853116589
56,1963,"U",39869.1675802908
56,1963,"V",5025.98710755514
56,1964,"U",39735.9159425856
56,1964,"V",6762.67946244358
56,1965,"U",47421.3215287444
56,1965,"V",7068.31328511046
56,1966,"U",49996.2190294885
56,1966,"V",8057.5125511063
56,1967,"U",45649.591634985
56,1967,"V",8347.98602766532
56,1968,"U",55204.9873196184
56,1968,"V",5489.3587548165
56,1969,"U",52852.3256995815
56,1969,"V",4991.94264245486
56,1970,"U",64755.7400135006
56,1970,"V",5246.49856758396
56,1971,"U",58851.4494356906
56,1971,"V",5373.90181265609
56,1972,"U",56872.3285386571
56,1972,"V",5703.48185130328
56,1973,"U",59060.2647854732
56,1973,"V",6190.73680514716
56,1974,"U",76628.4320387276
56,1974,"V",5339.25831394681
56,1975,"U",56466.0266650902
56,1975,"V",4025.22025599035
56,1976,"U",57394.8700549104
56,1976,"V",4568.0496511342
56,1977,"U",79946.3258361376
56,1977,"V",4589.75489511783
56,1978,"U",79061.6184658683
56,1978,"V",5336.61873389872
56,1979,"U",79999.9363987857
56,1979,"V",5047.38942879451
56,1980,"U",68757.8664307638
56,1980,"V",5056.89009203252
56,1981,"U",78177.1620444111
56,1981,"V",3480.1629267609
56,1982,"U",81419.4070337401
56,1982,"V",2721.36795046664
56,1983,"U",84429.0552999694
56,1983,"V",2738.10296508264
56,1984,"U",118495.155028169
56,1984,"V",2578.45575281514
56,1985,"U",122798.758225832
56,1985,"V",2635.55512232505
56,1986,"U",125966.854171224
56,1986,"V",3202.09357989674
56,1987,"U",117869.229194459
56,1987,"V",4211.90956993774
56,1988,"U",124419.926880852
56,1988,"V",4745.700754692
56,1989,"U",137291.211784058
56,1989,"V",15767.1125630226
56,1990,"U",154593.056338249
56,1990,"V",15218.1871216149
56,1991,"U",152146.914687392
56,1991,"V",13500.564468468
56,1992,"U",109923.010333621
56,1992,"V",16435.1470555345
56,1993,"U",117503.855028897
56,1993,"V",20413.3861603046
56,1994,"U",133209.599445547
56,1994,"V",22862.3174589075
56,1995,"U",157582.309088348
56,1995,"V",28099.0633310556
56,1996,"U",128571.252930912
56,1996,"V",19360.1610379076
56,1997,"U",154274.154214738
56,1997,"V",21582.7759271782
56,1998,"U",164807.961720565
56,1998,"V",33582.4064400616
56,1999,"U",121938.144745245
56,1999,"V",20413.8323832024
56,2000,"U",96161.1349691607
56,2000,"V",10928.4037717681
56,2001,"U",98604.7759993295
56,2001,"V",9207.84606119793
56,2002,"U",92188.8624722102
56,2002,"V",13134.1289337127
56,2003,"U",100535.376932543
56,2003,"V",6629.89020631309
56,2004,"U",115024.149110871
56,2004,"V",7015.94369329317
56,2005,"U",118003.703896329
56,2005,"V",7602.0890438915
56,2006,"U",103255.022319385
56,2006,"V",11229.4268133168
56,2007,"U",140498.598891973
56,2007,"V",11982.1977036519
56,2008,"U",109888.071166268
56,2008,"V",9569.67843159699
56,2009,"U",108242.434793367
56,2009,"V",8288.27425778362
56,2010,"U",126563.470290717
56,2010,"V",9404.45201999992
56,2011,"U",116838.087880448
56,2011,"V",11477.9322949589
56,2012,"U",139200.767778143
56,2012,"V",9210.17136827321
56,2013,"U",146555.967709474
56,2013,"V",11772.5715617966
56,2014,"U",128255.851860847
56,2014,"V",12141.7996362813
56,2015,"U",128786.963155646
56,2015,"V",9726.92140779878
56,2016,"U",101845.130117847
56,2016,"V",7300.16654554299
56,2017,"U",107378.925637308
56,2017,"V",8089.78047821217
57,1950,"U",4208.53628612948
57,1950,"V",3.77406990528106
57,1951,"U",4792.69528500854
57,1951,"V",5.79027009010315
57,1952,"U",4335.46737498037
57,1952,"V",12.0526297092438
57,1953,"U",4145.65339314372
57,1953,"V",5.86586010456085
57,1954,"U",4430.63485815396
57,1954,"V",1.72302997112274
57,1955,"U",4240.45074861149
57,1955,"V",3.21667999029159
57,1956,"U",3841.43523681138
57,1957,"U",4038.01581562758
57,1958,"U",4079.18435263801
57,1958,"V",0.145910002291202
57,1959,"U",3916.56740106807
57,1960,"U",3966.35082694724
57,1960,"V",70.9203624725342
57,1961,"U",3655.69747658331
57,1961,"V",9.88592982292175
57,1962,"U",3669.39486536566
57,1962,"V",24.0724496841431
57,1963,"U",3768.36709220645
57,1963,"V",26.0002498626709
57,1964,"U",3709.79211671017
57,1964,"V",40.50648021698
57,1965,"U",3784.35618803715
57,1966,"U",3466.00156089729
57,1967,"U",3570.45133872054
57,1968,"U",3410.57025377407
57,1969,"U",3713.48822051737
57,1969,"V",0.0122199994511902
57,1970,"U",3546.78123094752
57,1970,"V",0.00022999999782769
57,1971,"U",3421.8117412942
57,1972,"U",3232.98104761782
57,1973,"U",3445.19781720909
57,1973,"V",58.9859695434571
57,1974,"U",3551.77872601735
57,1974,"V",0.645960003137588
57,1975,"U",3612.64052247346
57,1975,"V",0.348220001906157
57,1976,"U",3566.37766247862
57,1977,"U",3107.5749973689
57,1978,"U",3298.89753637771
57,1979,"U",2930.63601153171
57,1980,"U",2891.40667194763
57,1980,"V",0.000869999988935888
57,1981,"U",2498.63699899903
57,1981,"V",11.891539812088
57,1982,"U",2312.25212069984
57,1983,"U",2316.00557874353
57,1983,"V",0.1184600032866
57,1984,"U",2591.57407980786
57,1985,"U",2419.86853169393
57,1985,"V",0.0169499996118248
57,1986,"U",2645.20951640109
57,1986,"V",0.855340033769608
57,1987,"U",2316.61522904398
57,1988,"U",2147.57234545595
57,1989,"U",2408.58065984119
57,1989,"V",6.3571697473526
57,1990,"U",2154.24128010687
57,1991,"U",2212.98848418099
57,1991,"V",2.81153991818428
57,1992,"U",2058.20294235883
57,1993,"U",1925.62133120166
57,1994,"U",1976.37169277309
57,1995,"U",1889.83191033236
57,1996,"U",1888.52720005003
57,1997,"U",11348.1690900768
57,1998,"U",1878.70483919825
57,1999,"U",1820.5929025464
57,2000,"U",1823.69786971635
57,2001,"U",1706.96266185872
57,2002,"U",1769.56281876112
57,2002,"V",7.58090996742249
57,2003,"U",1742.2082080902
57,2004,"U",1724.85995921839
57,2005,"U",2022.30022183259
57,2005,"V",5.32958006858826
57,2006,"U",1748.63780982779
57,2007,"U",1715.01996236209
57,2008,"U",1689.40136036424
57,2009,"U",1711.79187114039
57,2010,"U",1756.84122766753
57,2011,"U",2063.06150225241
57,2011,"V",0.0197100001969375
57,2012,"U",1935.38861026616
57,2013,"U",1594.72404063566
57,2014,"U",1598.81365050629
58,1903,"U",0.2671
58,1903,"V",0.0122
58,1904,"U",0.412
58,1904,"V",0.0121
58,1905,"U",0.4327
58,1905,"V",0.0036
58,1906,"U",0.4479
58,1906,"V",0.0203
58,1907,"U",0.6865
58,1908,"U",1.0686
58,1909,"U",2.606
58,1910,"U",2.4303
58,1911,"U",2.6574
58,1911,"V",0.0017
58,1912,"U",2.4539
58,1912,"V",0.0012
58,1913,"U",2.1842
58,1913,"V",5e-04
58,1914,"U",0.3299
58,1914,"V",0.0079
58,1915,"U",0.0932
58,1915,"V",4e-04
58,1916,"U",0.4546
58,1917,"U",0.3183
58,1918,"U",0.215
58,1919,"U",0.024
58,1919,"V",1e-04
58,1920,"U",0.0864
58,1920,"V",5e-04
58,1921,"U",0.508
58,1921,"V",0.0012
58,1922,"U",2.0195
58,1922,"V",0.0057
58,1923,"U",2.4462
58,1923,"V",0.0239
58,1924,"U",4.1983
58,1924,"V",0.0439
58,1925,"U",9.0989
58,1925,"V",0.0851
58,1926,"U",12.1367
58,1926,"V",0.0296
58,1927,"U",16.7271
58,1927,"V",0.0111
58,1928,"U",25.5471
58,1928,"V",0.0403
58,1929,"U",48.013
58,1929,"V",0.0759
58,1930,"U",51.3484
58,1930,"V",0.0749
58,1931,"U",56.6857
58,1931,"V",0.0629
58,1932,"U",26.4089
58,1932,"V",0.0735
58,1933,"U",39.3012
58,1933,"V",0.0624
58,1934,"U",52.503
58,1934,"V",0.1038
58,1935,"U",45.3951
58,1935,"V",0.1427
58,1936,"U",54.0264
58,1936,"V",0.1591
58,1937,"U",81.9535
58,1937,"V",0.202
58,1938,"U",123.57
58,1938,"V",0.1893
58,1939,"U",60.0756
58,1939,"V",0.1059
58,1940,"U",11.947
58,1940,"V",0.0076
58,1941,"U",3.2383
58,1942,"U",4.1061
58,1943,"U",5.0257
58,1944,"U",7.6965
58,1945,"U",12.7762
58,1946,"U",64.5996
58,1946,"V",0.2548
58,1947,"U",110.2317
58,1947,"V",1.7433
58,1948,"U",177.927
58,1948,"V",3.9586
58,1949,"U",477.5758
58,1949,"V",8.2752
58,1950,"U",12070.029751957
58,1951,"U",8334.52799362003
58,1951,"V",14.5707595333806
58,1952,"U",8396.53982021002
58,1952,"V",2.70417003174953
58,1953,"U",9124.17767521242
58,1953,"V",3.51701999041325
58,1954,"U",7079.85750940564
58,1954,"V",111.722650695548
58,1955,"U",18531.7317733982
58,1955,"V",50.5352515942359
58,1956,"U",12028.910308126
58,1956,"V",15.361890049564
58,1957,"U",10379.1844331827
58,1957,"V",85.1425313885738
58,1958,"U",11561.6594240706
58,1958,"V",12.7913601101136
58,1959,"U",11721.9816915787
58,1959,"V",123.699546556221
58,1960,"U",18219.2831215649
58,1960,"V",74.9837087041124
58,1961,"U",14355.160988608
58,1961,"V",87.6548894234111
58,1962,"U",16604.652101077
58,1962,"V",0.0287099992856383
58,1963,"U",16913.1151831253
58,1963,"V",120.378650468992
58,1964,"U",14333.145135344
58,1964,"V",315.714440480256
58,1965,"U",13303.5807888213
58,1965,"V",54.0504898089421
58,1966,"U",15113.6600866451
58,1966,"V",128.803389429108
58,1967,"U",16563.5551938753
58,1967,"V",50.2963292085442
58,1968,"U",19403.2570088025
58,1968,"V",52.5121193939303
58,1969,"U",26971.0722698611
58,1969,"V",177.149678549598
58,1970,"U",36959.133123101
58,1970,"V",19.2430297375321
58,1971,"U",25546.2197386937
58,1971,"V",22.1569097675965
58,1972,"U",21036.5105631766
58,1972,"V",54.9556588487685
58,1973,"U",39787.4087724749
58,1973,"V",46.2386707214391
58,1974,"U",22349.8149607505
58,1974,"V",148.003159595763
58,1975,"U",38221.0100605167
58,1975,"V",27.6922399015385
58,1976,"U",22326.9520648037
58,1976,"V",23.7388197932815
58,1977,"U",32935.1535196536
58,1977,"V",208.56254946109
58,1978,"U",23720.6810911814
58,1978,"V",382.459697120633
58,1979,"U",27659.9123880076
58,1979,"V",596.177867225008
58,1980,"U",39410.5520917445
58,1980,"V",589.786800072205
58,1981,"U",39092.3983546767
58,1981,"V",355.336978764885
58,1982,"U",19735.8570671236
58,1982,"V",451.348021382037
58,1983,"U",20497.832037491
58,1983,"V",840.931230980415
58,1984,"U",19647.8700970833
58,1984,"V",1363.43596557092
58,1985,"U",20637.594433335
58,1985,"V",843.768112369318
58,1986,"U",14252.3310664342
58,1986,"V",493.945422904122
58,1987,"U",13407.6024565174
58,1987,"V",280.219237308553
58,1988,"U",8686.11236688755
58,1988,"V",1198.68337330794
58,1989,"U",8647.73145442033
58,1989,"V",639.885398713822
58,1990,"U",12387.1285731324
58,1990,"V",879.508398885959
58,1991,"U",10536.6945093148
58,1991,"V",477.086343666695
58,1992,"U",13969.2292939602
58,1992,"V",620.44087767642
58,1993,"U",18595.9595840297
58,1993,"V",882.736368381247
58,1994,"U",12404.9974525292
58,1994,"V",540.143340276784
58,1995,"U",11912.8774236356
58,1995,"V",1875.4395941827
58,1996,"U",12497.2486761912
58,1996,"V",639.79960764341
58,1997,"U",11178.8076343239
58,1997,"V",2671.29770433923
58,1998,"U",13319.849864453
58,1998,"V",960.089934528383
58,1999,"U",9070.68136493184
58,1999,"V",2458.00578568019
58,2000,"U",13112.8877873962
58,2000,"V",1043.28212874327
58,2001,"U",13064.8740545059
58,2001,"V",1434.82524155501
58,2002,"U",15639.1115989154
58,2002,"V",1079.72116012856
58,2003,"U",12829.4643072673
58,2003,"V",681.919091002088
58,2004,"U",13762.9559655552
58,2004,"V",340.133754228653
58,2005,"U",10861.0150067402
58,2005,"V",578.586718400714
58,2006,"U",15195.0916324922
58,2006,"V",258.885140864859
58,2007,"U",14499.5409499214
58,2007,"V",509.738257733126
58,2008,"U",20444.5767504873
58,2008,"V",352.903917541673
58,2009,"U",21977.7204368286
58,2009,"V",309.544212517409
58,2010,"U",29236.0944818727
58,2010,"V",636.191854240471
58,2011,"U",23309.151068986
58,2011,"V",300.718707674176
58,2012,"U",26451.6934345537
58,2012,"V",244.960031004437
58,2013,"U",13453.9094503219
58,2013,"V",252.640866916387
58,2014,"U",14252.6346561017
58,2014,"V",480.692968633132
58,2015,"U",11100.5576644111
58,2015,"V",217.03191208707
58,2016,"U",8025.9970059705
58,2016,"V",316.208342810358
58,2017,"U",10733.3285861105
58,2017,"V",238.151601274167
59,1903,"U",17231.8064
59,1903,"V",938.0574
59,1904,"U",20344.841
59,1904,"V",1214.4798
59,1905,"U",24092.8536
59,1905,"V",2559.2029
59,1906,"U",114526.0605
59,1906,"V",8081.5638
59,1907,"U",164151.3884
59,1907,"V",5114.8314
59,1908,"U",124200.8925
59,1908,"V",6640.447
59,1909,"U",109378.8436
59,1909,"V",5704.9261
59,1910,"U",116880.2454
59,1910,"V",7831.7848
59,1911,"U",143883.7455
59,1911,"V",8906.6625
59,1912,"U",142848.8455
59,1912,"V",10107.4147
59,1913,"U",158663.6199
59,1913,"V",14888.2237
59,1914,"U",156552.8427
59,1914,"V",13987.6898
59,1915,"U",75963.5282
59,1915,"V",4111.6065
59,1916,"U",30415.4976
59,1916,"V",368.0076
59,1917,"U",17933.4011
59,1917,"V",186.5227
59,1918,"U",21744.882
59,1918,"V",0.2444
59,1919,"U",91117.7993
59,1919,"V",2625.037
59,1920,"U",181400.69
59,1920,"V",9958.4304
59,1921,"U",150901.1075
59,1921,"V",6591.2691
59,1922,"U",201814.554
59,1922,"V",11242.7955
59,1923,"U",196459.6351
59,1923,"V",13978.2766
59,1924,"U",246227.8501
59,1924,"V",19068.1904
59,1925,"U",251215.9819
59,1925,"V",22776.7008
59,1926,"U",260120.8269
59,1926,"V",26982.0724
59,1927,"U",287293.5749
59,1927,"V",30238.1994
59,1928,"U",299446.5025
59,1928,"V",32202.9788
59,1929,"U",302069.0431
59,1929,"V",31320.318
59,1930,"U",334636.1188
59,1930,"V",32054.9882
59,1931,"U",363831.3253
59,1931,"V",27513.2216
59,1932,"U",373831.0307
59,1932,"V",30942.0601
59,1933,"U",345960.5928
59,1933,"V",31092.8934
59,1934,"U",292805.4838
59,1934,"V",37307.924
59,1935,"U",302997.7796
59,1935,"V",41577.1511
59,1936,"U",282963.9898
59,1936,"V",48744.8539
59,1937,"U",307297.2604
59,1937,"V",46816.1593
59,1938,"U",309593.3437
59,1938,"V",55494.3389
59,1939,"U",139963.2212
59,1939,"V",23733.1184
59,1940,"U",24181.5106
59,1940,"V",57.8401
59,1941,"U",26642.9447
59,1941,"V",148.9943
59,1942,"U",30730.4146
59,1942,"V",280.9481
59,1943,"U",30020.2775
59,1943,"V",337.0988
59,1944,"U",34293.4349
59,1944,"V",370.4315
59,1945,"U",36845.787
59,1945,"V",570.3556
59,1946,"U",77149.6709
59,1946,"V",17761.0562
59,1947,"U",83915.8255
59,1947,"V",9980.8104
59,1948,"U",153076.2325
59,1948,"V",31411.2704
59,1949,"U",201694.364
59,1949,"V",39766.0073
59,1950,"U",493501.813229042
59,1950,"V",213.680210730661
59,1951,"U",520077.653559989
59,1951,"V",128.192460363385
59,1952,"U",425507.034367471
59,1952,"V",95.5374098250758
59,1953,"U",420305.151686382
59,1953,"V",141.56329939745
59,1954,"U",494204.349411361
59,1954,"V",153.146189328476
59,1955,"U",420913.118136258
59,1955,"V",136.066400000211
59,1956,"U",473516.919774996
59,1956,"V",90.3885700713472
59,1957,"U",425872.136505964
59,1957,"V",187.990769599168
59,1958,"U",414993.804610147
59,1958,"V",265.676968811626
59,1959,"U",572994.799350871
59,1959,"V",3959.31186865684
59,1960,"U",637155.219988217
59,1960,"V",3941.10667950871
59,1961,"U",787257.460692623
59,1961,"V",3280.32590479026
59,1962,"U",964616.539267099
59,1962,"V",3612.90654928643
59,1963,"U",975786.008191572
59,1963,"V",2079.81762647902
59,1964,"U",1074861.84002482
59,1964,"V",4499.88737667849
59,1965,"U",958610.909205748
59,1965,"V",5190.3668739637
59,1966,"U",936962.404166771
59,1966,"V",5869.04547128239
59,1967,"U",893798.208400173
59,1967,"V",4725.99320140332
59,1968,"U",730723.101679228
59,1968,"V",5458.92950153829
59,1969,"U",588091.711047897
59,1969,"V",10662.0310567074
59,1970,"U",699221.882875893
59,1970,"V",16419.3138877468
59,1971,"U",743010.280863066
59,1971,"V",20048.4469313933
59,1972,"U",679539.911873111
59,1972,"V",24741.532634666
59,1973,"U",753852.102182544
59,1973,"V",26497.3446244257
59,1974,"U",760888.971629653
59,1974,"V",19507.125923007
59,1975,"U",474510.004121375
59,1975,"V",11170.856243147
59,1976,"U",807396.66227293
59,1976,"V",14638.9799161454
59,1977,"U",912254.284364073
59,1977,"V",15823.0819493967
59,1978,"U",757050.879428412
59,1978,"V",17491.8490848224
59,1979,"U",1190203.55463446
59,1979,"V",13241.6259944726
59,1980,"U",985664.171091664
59,1980,"V",21448.9691434832
59,1981,"U",920217.347837425
59,1981,"V",21381.0421378168
59,1982,"U",863887.26066721
59,1982,"V",26945.7476618455
59,1983,"U",930927.653778839
59,1983,"V",31581.322767768
59,1984,"U",1523623.61581856
59,1984,"V",43074.24446972
59,1985,"U",1240873.93790362
59,1985,"V",51479.9485988691
59,1986,"U",1092051.25420743
59,1986,"V",52439.551794953
59,1987,"U",1132121.24884328
59,1987,"V",51556.8610681862
59,1988,"U",938315.005698318
59,1988,"V",30573.4183669975
59,1989,"U",918291.325841242
59,1989,"V",38015.9595822875
59,1990,"U",936495.26387794
59,1990,"V",40183.6107490169
59,1991,"U",987415.64023548
59,1991,"V",45485.1182889489
59,1992,"U",991877.681956543
59,1992,"V",53476.9803722285
59,1993,"U",882923.15044261
59,1993,"V",57654.3778674226
59,1994,"U",543845.320055785
59,1994,"V",67093.4723753834
59,1995,"U",744848.81858957
59,1995,"V",35125.1426150811
59,1996,"U",1148953.78658179
59,1996,"V",60260.890014008
59,1997,"U",1072740.87868238
59,1997,"V",42384.3093564352
59,1998,"U",782076.810410386
59,1998,"V",39912.6885569693
59,1999,"U",792335.035282785
59,1999,"V",27566.9880211275
59,2000,"U",1497277.74550801
59,2000,"V",21438.7394626573
59,2001,"U",850809.736615213
59,2001,"V",34001.0962054873
59,2002,"U",813400.166759141
59,2002,"V",33631.4809532405
59,2003,"U",915181.432938863
59,2003,"V",48632.2736775516
59,2004,"U",767608.532176151
59,2004,"V",35912.3465583583
59,2005,"U",1112680.97580178
59,2005,"V",21646.4341007601
59,2006,"U",1358782.57390261
59,2006,"V",14055.4924829278
59,2007,"U",696394.334219613
59,2007,"V",11384.2079933673
59,2008,"U",945198.409310375
59,2008,"V",7754.26118442607
59,2009,"U",662409.467726803
59,2009,"V",11213.3023845295
59,2010,"U",833856.600669996
59,2010,"V",6366.1949915832
59,2011,"U",803921.991542903
59,2011,"V",5709.40553199197
59,2012,"U",766468.819845291
59,2012,"V",8736.71958496834
59,2013,"U",775619.559906782
59,2013,"V",13947.4124072782
59,2014,"U",852115.224578985
59,2014,"V",9969.95875726064
59,2015,"U",819244.543734286
59,2015,"V",14465.1968747831
59,2016,"U",1001032.37959289
59,2016,"V",10052.7259646667
59,2017,"U",951348.979027836
59,2017,"V",4479.00012434755
60,1903,"U",2315.386
60,1903,"V",46.0381
60,1904,"U",6128.6063
60,1904,"V",45.4912
60,1905,"U",6253.5613
60,1905,"V",14.1866
60,1906,"U",38092.8717
60,1906,"V",1212.4061
60,1907,"U",57800.6654
60,1907,"V",272.9237
60,1908,"U",25047.8926
60,1908,"V",1344.623
60,1909,"U",35813.9204
60,1909,"V",1474.6218
60,1910,"U",33263.7198
60,1910,"V",2206.9253
60,1911,"U",44658.0394
60,1911,"V",1855.7407
60,1912,"U",56079.076
60,1912,"V",2607.7775
60,1913,"U",51334.7884
60,1913,"V",3128.7103
60,1914,"U",45834.7082
60,1914,"V",7063.1189
60,1915,"U",27688.32
60,1915,"V",3785.5202
60,1916,"U",22559.0708
60,1916,"V",569.913
60,1917,"U",20933.6888
60,1917,"V",276.9365
60,1918,"U",25544.4148
60,1918,"V",17.8936
60,1919,"U",59174.1175
60,1919,"V",2528.3806
60,1920,"U",26584.6441
60,1920,"V",2581.969
60,1921,"U",19650.7847
60,1921,"V",1035.5921
60,1922,"U",32488.7875
60,1922,"V",4524.8773
60,1923,"U",41755.2204
60,1923,"V",4738.0796
60,1924,"U",56936.4383
60,1924,"V",7458.3544
60,1925,"U",48683.0644
60,1925,"V",7072.2347
60,1926,"U",54679.0371
60,1926,"V",4838.3492
60,1927,"U",58320.1381
60,1927,"V",5986.1281
60,1928,"U",46693.86
60,1928,"V",6976.7866
60,1929,"U",37460.9538
60,1929,"V",6957.7722
60,1930,"U",46213.0843
60,1930,"V",7126.1774
60,1931,"U",60871.4004
60,1931,"V",8052.9645
60,1932,"U",65103.9618
60,1932,"V",9336.0818
60,1933,"U",54092.4411
60,1933,"V",11216.5725
60,1934,"U",51557.8579
60,1934,"V",9882.9897
60,1935,"U",52277.4925
60,1935,"V",10125.4797
60,1936,"U",55708.1752
60,1936,"V",9981.0121
60,1937,"U",45517.7269
60,1937,"V",5934.7511
60,1938,"U",44824.4815
60,1938,"V",6589.9628
60,1939,"U",12150.6015
60,1939,"V",305.729
60,1940,"U",16047.5635
60,1940,"V",470.2344
60,1941,"U",11602.4993
60,1941,"V",708.6404
60,1942,"U",13225.0708
60,1942,"V",219.2602
60,1943,"U",18966.8394
60,1943,"V",754.3263
60,1944,"U",16130.1503
60,1944,"V",863.5238
60,1945,"U",15058.776
60,1945,"V",1129.7932
60,1946,"U",41312.991
60,1946,"V",4282.4472
60,1947,"U",40693.9103
60,1947,"V",6597.5535
60,1948,"U",28923.4791
60,1948,"V",2815.9048
60,1949,"U",36406.4776
60,1949,"V",5153.9164
60,1950,"U",10537.9629926938
60,1951,"U",24788.9088230147
60,1951,"V",2.99999992421363e-05
60,1952,"U",28502.809300987
60,1953,"U",28477.8175705369
60,1954,"U",42950.7395644492
60,1955,"U",45225.4416020754
60,1956,"U",67237.8000186415
60,1957,"U",44378.3345387551
60,1957,"V",0.995129987597465
60,1958,"U",47689.579566559
60,1959,"U",44493.7404994608
60,1959,"V",33.4601397267543
60,1960,"U",66194.6829463421
60,1960,"V",73.8486694358289
60,1961,"U",75148.0871818205
60,1961,"V",39.0308302752673
60,1962,"U",87290.2201111349
60,1962,"V",1.48262003064155
60,1963,"U",84575.6325253778
60,1963,"V",210.687101759017
60,1964,"U",101311.00063925
60,1964,"V",55.2069201022386
60,1965,"U",121576.406601475
60,1965,"V",56.630760723725
60,1966,"U",140219.639396932
60,1966,"V",45.9659098256379
60,1967,"U",190987.39106811
60,1967,"V",36.6573500921949
60,1968,"U",120399.642003434
60,1968,"V",22.9157297797501
60,1969,"U",86356.3670714696
60,1969,"V",27.9082102756948
60,1970,"U",83809.6155729326
60,1970,"V",25.2191399513976
60,1971,"U",66947.7064949464
60,1971,"V",445.663996940479
60,1972,"U",63312.2121256772
60,1972,"V",366.128421457485
60,1973,"U",115628.954493368
60,1973,"V",549.175127822905
60,1974,"U",81587.8992015201
60,1974,"V",425.849554028362
60,1975,"U",101321.4421566
60,1975,"V",399.42695008032
60,1976,"U",103723.139001157
60,1976,"V",525.348068220541
60,1977,"U",56395.9295005092
60,1977,"V",680.949539618567
60,1978,"U",64509.2477220663
60,1978,"V",997.55264788181
60,1979,"U",79512.338471831
60,1979,"V",1571.99982839153
60,1980,"U",140713.385289054
60,1980,"V",1079.3241327554
60,1981,"U",62426.6518497317
60,1981,"V",1616.10521878675
60,1982,"U",104149.106211885
60,1982,"V",826.345501367003
60,1983,"U",60755.9981324829
60,1983,"V",1369.44540906139
60,1984,"U",78120.2628527955
60,1984,"V",1802.33594029769
60,1985,"U",64732.8607692249
60,1985,"V",968.682230280713
60,1986,"U",91762.90923762
60,1986,"V",1478.55540171266
60,1987,"U",75494.8350773129
60,1987,"V",1855.63919712603
60,1988,"U",94807.4537795627
60,1988,"V",1117.35181402601
60,1989,"U",69015.5151706517
60,1989,"V",2420.58896132559
60,1990,"U",53313.8498919871
60,1990,"V",4064.83824289218
60,1991,"U",76329.2427276737
60,1991,"V",3109.38247439222
60,1992,"U",112173.127612908
60,1992,"V",2417.19194527122
60,1993,"U",128072.278634866
60,1993,"V",2073.68314453853
60,1994,"U",106487.753901229
60,1994,"V",3834.42509490833
60,1995,"U",128373.709577105
60,1995,"V",2412.35279450173
60,1996,"U",86226.1632104108
60,1996,"V",1861.15389550837
60,1997,"U",90001.2392701258
60,1997,"V",2015.62214806107
60,1998,"U",113683.480244461
60,1998,"V",2457.8735151657
60,1999,"U",102484.907902372
60,1999,"V",4315.96500673585
60,2000,"U",97947.7425304894
60,2000,"V",1113.3508974015
60,2001,"U",105123.011229261
60,2001,"V",2956.25365848995
60,2002,"U",128585.009391026
60,2002,"V",2261.3682138359
60,2003,"U",106314.247153226
60,2003,"V",3047.40649293798
60,2004,"U",96555.0329561195
60,2004,"V",3341.78953035082
60,2005,"U",96999.1028996532
60,2005,"V",2634.74642890955
60,2006,"U",250654.866414092
60,2006,"V",4850.17289632786
60,2007,"U",175584.381843163
60,2007,"V",4258.46395485796
60,2008,"U",199497.94469115
60,2008,"V",5064.4325251353
60,2009,"U",142600.05781579
60,2009,"V",7736.28758519068
60,2010,"U",148075.052844844
60,2010,"V",7142.85125579121
60,2011,"U",136904.147502185
60,2011,"V",11009.0846087007
60,2012,"U",145178.95295417
60,2012,"V",3985.64148254826
60,2013,"U",258328.735015488
60,2013,"V",6308.23324533778
60,2014,"U",179923.977995272
60,2014,"V",2580.73222237176
60,2015,"U",124636.147988553
60,2015,"V",5022.17514289653
60,2016,"U",127368.707264499
60,2016,"V",9179.06500799839
60,2017,"U",182113.013043061
60,2017,"V",7226.79150123727
61,1950,"U",107830.109527457
61,1951,"U",70825.4343437896
61,1952,"U",106433.729815951
61,1953,"U",82846.6172313133
61,1954,"U",118993.808746158
61,1955,"U",102688.797315777
61,1956,"U",82022.5650033767
61,1957,"U",76018.9234552654
61,1958,"U",71611.0591440342
61,1959,"U",82534.8163935044
61,1960,"U",97695.1765659363
61,1961,"U",103172.258863715
61,1962,"U",108268.82433634
61,1963,"U",81448.6432446207
61,1964,"U",64737.7401375002
61,1965,"U",108317.475563495
61,1966,"U",97861.272908251
61,1967,"U",79520.3065327507
61,1968,"U",81560.3123103682
61,1969,"U",55974.186882232
61,1970,"U",44772.4552997358
61,1971,"U",121185.315615624
61,1972,"U",138887.692356305
61,1973,"U",30656.6386688559
61,1974,"U",54493.2643188808
61,1975,"U",40113.4617453651
61,1975,"V",30.7802696228028
61,1976,"U",40115.0679406382
61,1977,"U",53631.6317836808
61,1978,"U",279526.487946228
61,1979,"U",111475.463137715
61,1980,"U",155628.44210094
61,1981,"U",110929.766039197
61,1982,"U",173614.313855482
61,1982,"V",0.0905000015627593
61,1983,"U",218498.371399969
61,1983,"V",0.000789999990956858
61,1984,"U",53266.2863950314
61,1985,"U",51299.4138325132
61,1986,"U",125116.997473793
61,1986,"V",0.34918000549078
61,1987,"U",79544.8718351714
61,1988,"U",99553.8843632026
61,1988,"V",0.988420009613037
61,1989,"U",71868.1286958898
61,1989,"V",50.7406102556561
61,1990,"U",67749.3829347493
61,1990,"V",18.5078202683289
61,1991,"U",54695.2754724981
61,1992,"U",55620.3452766026
61,1992,"V",0.000429999985499308
61,1993,"U",26981.4273788549
61,1994,"U",20503.5871424933
61,1995,"U",41446.5181788566
61,1996,"U",24840.9295038346
61,1996,"V",0.480229995213449
61,1997,"U",16857.0333484987
61,1997,"V",0.000230000005103648
61,1998,"U",29941.8344613433
61,1998,"V",0.00502999994569109
61,1999,"U",34539.6567882565
61,1999,"V",26.2352494681036
61,2000,"U",33087.2586040447
61,2000,"V",4.10741988569498
61,2001,"U",35176.4003646486
61,2002,"U",27473.8694281619
61,2002,"V",0.25450000750061
61,2003,"U",55824.6751630777
61,2003,"V",0.00999000009323936
61,2004,"U",30694.7578913737
61,2004,"V",8.96918990199265
61,2005,"U",38318.1718518511
61,2005,"V",511.352578002385
61,2006,"U",51406.1271236625
61,2006,"V",47.8097591708793
61,2007,"U",41595.9294576623
61,2007,"V",27.5353901000381
61,2008,"U",25934.4660414071
61,2008,"V",0.919870004523546
61,2009,"U",37766.2699243987
61,2009,"V",2.7111600174685
61,2010,"U",53056.6199079856
61,2010,"V",81.999328252292
61,2011,"U",47996.0739117737
61,2011,"V",108.956769969733
61,2012,"U",58202.4478752663
61,2012,"V",58.8641984468159
61,2013,"U",67945.5501380283
61,2013,"V",126.66174645874
61,2014,"U",163172.368878585
61,2014,"V",179.978748313955
61,2015,"U",83586.0534018784
61,2015,"V",0.228100000189443
61,2016,"U",110635.032161492
61,2016,"V",11.3467299706281
61,2017,"U",90071.9652690699
61,2017,"V",1014.00048923212
62,1950,"U",321410.250609186
62,1950,"V",22050.4051277027
62,1951,"U",344856.73337952
62,1951,"V",19710.5731797446
62,1952,"U",338559.171791365
62,1952,"V",23004.9963095696
62,1953,"U",318328.207244457
62,1953,"V",22708.3806659478
62,1954,"U",338518.38129581
62,1954,"V",29132.5103671889
62,1955,"U",280759.857847899
62,1955,"V",35053.9282598225
62,1956,"U",282681.154008133
62,1956,"V",34055.2239190269
62,1957,"U",272097.664417175
62,1957,"V",31731.6987947978
62,1958,"U",244081.886592707
62,1958,"V",40384.4921070051
62,1959,"U",245831.174161037
62,1959,"V",47939.785671171
62,1960,"U",239845.003332444
62,1960,"V",33534.4346589903
62,1961,"U",270760.552660176
62,1961,"V",42760.1619075651
62,1962,"U",270653.984161307
62,1962,"V",49256.9386480957
62,1963,"U",318605.999694189
62,1963,"V",59160.0677287442
62,1964,"U",334134.643353065
62,1964,"V",66435.76931337
62,1965,"U",379788.723366854
62,1965,"V",61515.2166312346
62,1966,"U",399110.06865667
62,1966,"V",44722.4697278515
62,1967,"U",483229.978399192
62,1967,"V",62633.2441323164
62,1968,"U",401208.098024628
62,1968,"V",60379.9010452253
62,1969,"U",365520.929140055
62,1969,"V",54613.7313123688
62,1970,"U",590470.189490559
62,1970,"V",46530.1490566942
62,1971,"U",497739.434518047
62,1971,"V",41675.764609336
62,1972,"U",552430.232096096
62,1972,"V",58429.4525223724
62,1973,"U",518855.350234713
62,1973,"V",36368.6576734024
62,1974,"U",595386.908706334
62,1974,"V",46647.0696503063
62,1975,"U",547934.331925539
62,1975,"V",49537.1386610184
62,1976,"U",602044.528082206
62,1976,"V",48472.3243949436
62,1977,"U",528458.918917492
62,1977,"V",47377.990998295
62,1978,"U",464410.885498198
62,1978,"V",46619.1520777467
62,1979,"U",550546.286776577
62,1979,"V",77281.4037764126
62,1980,"U",765968.989816898
62,1980,"V",78497.0506840191
62,1981,"U",694077.943894849
62,1981,"V",87023.9866735743
62,1982,"U",947899.219606417
62,1982,"V",81903.1164226046
62,1983,"U",924543.019320163
62,1983,"V",86066.1897091603
62,1984,"U",884089.902012975
62,1984,"V",67962.9142621658
62,1985,"U",844816.192747778
62,1985,"V",33910.5265557842
62,1986,"U",835938.539108498
62,1986,"V",12952.9201286492
62,1987,"U",792366.271467959
62,1987,"V",37813.828130916
62,1988,"U",933188.267403486
62,1988,"V",22580.3903524273
62,1989,"U",734116.674884298
62,1989,"V",43375.673089567
62,1990,"U",579665.022174098
62,1990,"V",37618.6389820949
62,1991,"U",408229.22531032
62,1991,"V",33830.4554763957
62,1992,"U",320424.561192007
62,1992,"V",71486.3101328154
62,1993,"U",290377.987010174
62,1993,"V",30980.4565453036
62,1994,"U",355461.060173298
62,1994,"V",64327.0361341175
62,1995,"U",487171.404213654
62,1995,"V",29994.1131256575
62,1996,"U",351130.60161426
62,1996,"V",34186.5892793738
62,1997,"U",327511.598639318
62,1997,"V",33791.3717119867
62,1998,"U",410737.400760347
62,1998,"V",27115.6576772278
62,1999,"U",452744.256143572
62,1999,"V",22713.3521983236
62,2000,"U",422053.731289012
62,2000,"V",33547.9884785617
62,2001,"U",440736.901909482
62,2001,"V",22131.4347272252
62,2002,"U",483159.3768163
62,2002,"V",26671.7271037106
62,2003,"U",406683.303850529
62,2003,"V",26466.6823648232
62,2004,"U",485407.54090067
62,2004,"V",38649.3412309519
62,2005,"U",471491.748172409
62,2005,"V",48300.0674931059
62,2006,"U",430686.364229811
62,2006,"V",91355.1990578974
62,2007,"U",580462.726202549
62,2007,"V",63370.0436090157
62,2008,"U",441381.00030192
62,2008,"V",59998.2033801518
62,2009,"U",547745.131466211
62,2009,"V",66202.794701233
62,2010,"U",479956.729046735
62,2010,"V",61371.9736750105
62,2011,"U",512257.965401202
62,2011,"V",66599.6804019049
62,2012,"U",350169.143638504
62,2012,"V",113396.888715749
62,2013,"U",428486.278194479
62,2013,"V",73051.5621098579
62,2014,"U",310322.096139576
62,2014,"V",57137.9003956898
62,2015,"U",401947.077383802
62,2015,"V",83511.1938230106
62,2016,"U",437077.36566724
62,2016,"V",64853.8222655627
62,2017,"U",483892.200850164
62,2017,"V",86329.0600248699
63,1950,"U",10738.282221631
63,1950,"V",27.4857398830645
63,1951,"U",9266.93471306196
63,1951,"V",28.0295297815465
63,1952,"U",15780.5680809634
63,1952,"V",51.7765798624605
63,1953,"U",8215.37262783117
63,1953,"V",46.5820003682747
63,1954,"U",12791.351812967
63,1954,"V",33.4455303719732
63,1955,"U",11796.7116635062
63,1955,"V",63.6992502827198
63,1956,"U",15478.5957182043
63,1956,"V",42.786350294773
63,1957,"U",16435.130801877
63,1957,"V",59.1445997986012
63,1958,"U",14600.4945607593
63,1958,"V",27.125129878521
63,1959,"U",13596.0140513655
63,1959,"V",38.5727796492284
63,1960,"U",4165.22094698126
63,1960,"V",0.000339999995048857
63,1961,"U",4949.90575741435
63,1961,"V",0.0017799999914132
63,1962,"U",5186.81225529095
63,1962,"V",0.0599100005347282
63,1963,"U",4998.91059695169
63,1963,"V",0.0321900001727044
63,1964,"U",4768.80194590379
63,1964,"V",0.0109200001461431
63,1965,"U",4982.24885793417
63,1965,"V",0.0990999987116083
63,1966,"U",4194.97995272126
63,1966,"V",0.0437999997520819
63,1967,"U",4090.8703461917
63,1967,"V",0.0503200003004167
63,1968,"U",4241.46576551964
63,1968,"V",0.0147499995509861
63,1969,"U",9233.3150439357
63,1969,"V",0.0238999993161997
63,1970,"U",4898.74195275645
63,1971,"U",8719.68616220526
63,1972,"U",7112.34954895706
63,1973,"U",3203.39054145929
63,1974,"U",6256.53956776586
63,1975,"U",7252.75307199344
63,1976,"U",6641.50450381409
63,1976,"V",829.619299933315
63,1977,"U",8009.06408708914
63,1978,"U",9745.72129960808
63,1978,"V",36.2577399393777
63,1979,"U",7741.7957679591
63,1980,"U",3789.24347623636
63,1980,"V",41.2647293880582
63,1981,"U",6914.8697595743
63,1981,"V",236.482720487751
63,1982,"U",8093.41966987424
63,1982,"V",31.2294601202011
63,1983,"U",2203.15549488509
63,1983,"V",65.1318490505219
63,1984,"U",2036.76682327047
63,1984,"V",31.5958307981491
63,1985,"U",5094.35471961598
63,1986,"U",2707.29448681803
63,1987,"U",2607.83455342125
63,1987,"V",68.3799285888672
63,1988,"U",3400.8469161161
63,1988,"V",562.866474334442
63,1989,"U",3536.16466719476
63,1989,"V",797.442031639861
63,1990,"U",9002.58710340698
63,1990,"V",732.30978398025
63,1991,"U",14089.9276838533
63,1991,"V",1379.40561364033
63,1992,"U",2996.72379511132
63,1992,"V",215.517668753862
63,1993,"U",3202.13673295292
63,1993,"V",748.082502208651
63,1994,"U",1930.21673304879
63,1994,"V",63.5227707045851
63,1995,"U",3917.20008227155
63,1995,"V",622.207961549517
63,1996,"U",4347.7114323929
63,1996,"V",1096.42259276332
63,1997,"U",4021.46191449648
63,1997,"V",413.264908991754
63,1998,"U",7300.81727693706
63,1998,"V",577.852251369506
63,1999,"U",3499.49971903023
63,1999,"V",1729.0699779033
63,2000,"U",1648.4172078616
63,2000,"V",1196.76432917454
63,2001,"U",2500.22502624801
63,2001,"V",1280.98194302199
63,2002,"U",1869.58537486175
63,2002,"V",2495.42297255993
63,2003,"U",2443.73622311591
63,2003,"V",2141.12750957666
63,2004,"U",2620.8576156352
63,2004,"V",1316.11872261382
63,2005,"U",3584.43808089436
63,2005,"V",5381.33188496158
63,2006,"U",3201.98110707078
63,2006,"V",3476.39018826125
63,2007,"U",3785.39761143186
63,2007,"V",3921.91381005105
63,2008,"U",3241.32236777573
63,2008,"V",2016.27877857196
63,2009,"U",5272.7889883034
63,2009,"V",975.190803227692
63,2010,"U",8021.05282325202
63,2010,"V",5011.78589770198
63,2011,"U",2022.10724587529
63,2011,"V",1645.10459311499
63,2012,"U",2162.4586169725
63,2012,"V",2252.73726405803
63,2013,"U",1533.97493740466
63,2013,"V",5086.64803386107
63,2014,"U",3113.07219818653
63,2014,"V",3659.52542664483
63,2015,"U",64.2075201420048
63,2015,"V",6987.50707366132
63,2016,"U",422.333821681408
63,2016,"V",404.692232757807
63,2017,"U",415.29132942899
63,2017,"V",577.656084287912
64,1950,"U",3.3554099797584
64,1951,"U",8.47495997108127
64,1952,"U",22.1285500759041
64,1953,"U",21.676270301381
64,1954,"U",82.2893234818766
64,1955,"U",12.1115600791782
64,1956,"U",46.3094305517297
64,1957,"U",55.9883188458516
64,1958,"U",6.82600001282481
64,1959,"U",3.88943004052271
64,1960,"U",3.40113002272846
64,1961,"U",1.98287997649459
64,1962,"U",168.260679413059
64,1963,"U",14.5900800152121
64,1964,"U",10.9234701604255
64,1965,"U",173.957490305759
64,1966,"U",1.99288996369433
64,1967,"U",1.81179000423435
64,1968,"U",9.87755986277989
64,1969,"U",10.2187900942736
64,1970,"U",6.56713999341446
64,1971,"U",9.5685201667111
64,1972,"U",5.91112008566051
64,1973,"U",4.34660997976971
64,1974,"U",14.3701198192212
64,1975,"U",56.9739610683501
64,1976,"U",2.36129001728113
64,1977,"U",3.74468002842332
64,1978,"U",15.693159856266
64,1979,"U",1.44821999605847
64,1979,"V",0.0137900004046969
64,1980,"U",4.04740995071188
64,1980,"V",0.215670007492008
64,1981,"U",3.3720800298579
64,1981,"V",0.159669997330639
64,1982,"U",11.2558200774292
64,1982,"V",0.193729996954062
64,1983,"U",23.8950800737803
64,1983,"V",0.029640000393556
64,1984,"U",8.14788992286048
64,1984,"V",0.499649988621968
64,1985,"U",10.114930194326
64,1985,"V",0.491150010468118
64,1986,"U",5.71973000063372
64,1986,"V",0.108889996354264
64,1987,"U",0.391579998442466
64,1987,"V",0.0275100006256253
64,1988,"U",0.832460006738984
64,1988,"V",0.215070002435823
64,1989,"U",0.262560000242956
64,1989,"V",0.0572300017811358
64,1990,"U",21.0799301462394
64,1990,"V",0.357499999630818
64,1991,"U",0.870960021027713
64,1992,"U",2.28315002639647
64,1992,"V",0.063090000923694
64,1993,"U",107.469259556234
64,1994,"U",0.26317999407911
64,1995,"U",1.20198000952951
64,1995,"V",0.496960001430125
64,1996,"U",0.727019988695247
64,1996,"V",0.456039990378485
64,1997,"U",61.0390287581758
64,1997,"V",0.106480000460579
64,1998,"U",2.59552010380867
64,1998,"V",4.23425993124328
64,1999,"U",0.101480001849268
64,1999,"V",0.295929993637401
64,2000,"U",2.99730998549421
64,2000,"V",1.40073002122881
64,2001,"U",0.319819999549509
64,2001,"V",5.9099199588236
64,2002,"U",10.4436196981005
64,2003,"U",93.6003993798549
64,2003,"V",0.0014900000023772
64,2004,"U",1.5435699827467
64,2005,"U",2.35853000577845
64,2006,"U",0.593650003258517
64,2007,"U",6.43398010987585
64,2008,"U",3.63344007009437
64,2008,"V",0.020150000553258
64,2009,"U",2.55214006119059
64,2010,"U",2.28506002013455
64,2010,"V",0.0560000009645592
64,2011,"U",8.43721987308527
64,2011,"V",1.99999994947575e-05
64,2012,"U",7.21291001125792
64,2012,"V",0.0365600002187421
64,2013,"U",2.64516994510995
64,2013,"V",0.00152000001253327
64,2014,"U",5.89194993022465
64,2014,"V",0.0915100017627993
64,2015,"U",0.151950001112709
64,2015,"V",2.47134001529776
64,2016,"U",6.27018012371991
64,2016,"V",4.20904991998395
64,2017,"U",0.547289994170568
64,2017,"V",0.265909996564005
65,1950,"U",83243.3289923634
65,1950,"V",2324.56585297093
65,1951,"U",90464.6406487879
65,1951,"V",3605.12161533898
65,1952,"U",100877.394746242
65,1952,"V",4652.25475083048
65,1953,"U",102201.102297831
65,1953,"V",5990.34877168261
65,1954,"U",97051.2805823357
65,1954,"V",7520.65920229752
65,1955,"U",128100.648157183
65,1955,"V",9093.04753227325
65,1956,"U",132215.121407373
65,1956,"V",9974.74425519657
65,1957,"U",138430.74557962
65,1957,"V",8840.1085769244
65,1958,"U",165601.306472893
65,1958,"V",8939.2831469369
65,1959,"U",160429.704332145
65,1959,"V",10428.7508649913
65,1960,"U",161409.955336902
65,1960,"V",13648.2777058496
65,1961,"U",181567.228352308
65,1961,"V",15075.9637528479
65,1962,"U",185708.692703707
65,1962,"V",15747.5543782417
65,1963,"U",185884.415199544
65,1963,"V",17160.2754810257
65,1964,"U",152953.921154176
65,1964,"V",19994.7428988873
65,1965,"U",177124.356133293
65,1965,"V",16197.6894988378
65,1966,"U",189908.976287092
65,1966,"V",20091.0247161678
65,1967,"U",205789.504645429
65,1967,"V",18866.4984282774
65,1968,"U",231969.914317614
65,1968,"V",17927.3383032022
65,1969,"U",220525.218720013
65,1969,"V",18002.3892736425
65,1970,"U",260507.844920573
65,1970,"V",18171.6617408498
65,1971,"U",287896.307281578
65,1971,"V",16582.8503589018
65,1972,"U",340989.208846168
65,1972,"V",18933.9125473262
65,1973,"U",370060.077713686
65,1973,"V",20900.5804568554
65,1974,"U",304741.070142887
65,1974,"V",20089.5602673231
65,1975,"U",353757.472322222
65,1975,"V",16185.9255475546
65,1976,"U",325420.4362325
65,1976,"V",20493.4853441105
65,1977,"U",345460.710350272
65,1977,"V",21962.3843337327
65,1978,"U",312549.08574407
65,1978,"V",16874.432101065
65,1979,"U",314763.516778626
65,1979,"V",15817.7454724174
65,1980,"U",310881.848869922
65,1980,"V",14699.5074257814
65,1981,"U",338539.183393572
65,1981,"V",14364.8010601195
65,1982,"U",373655.865638693
65,1982,"V",22441.5066891698
65,1983,"U",360594.952457255
65,1983,"V",23034.8052148998
65,1984,"U",422892.341553587
65,1984,"V",21579.339444246
65,1985,"U",590758.05834753
65,1985,"V",171169.203457032
65,1986,"U",782866.798456964
65,1986,"V",195184.932839969
65,1987,"U",771172.97556468
65,1987,"V",226247.642788676
65,1988,"U",625231.707281959
65,1988,"V",261804.244886598
65,1989,"U",243101.046846042
65,1989,"V",5988.94089573756
65,1990,"U",211735.953359821
65,1990,"V",5830.07091489904
65,1991,"U",194350.771783622
65,1991,"V",6939.07494068712
65,1992,"U",197321.621245238
65,1992,"V",6428.32900097548
65,1993,"U",172034.020848874
65,1993,"V",6123.32809815529
65,1994,"U",163973.77422528
65,1994,"V",6263.81455524053
65,1995,"U",193387.344943628
65,1995,"V",4337.60750028699
65,1996,"U",178216.528458872
65,1996,"V",10896.6186472551
65,1997,"U",213636.337249168
65,1997,"V",11828.7844014082
65,1998,"U",210368.635150186
65,1998,"V",13394.457138738
65,1999,"U",184729.843219737
65,1999,"V",11889.7515091344
65,2000,"U",176556.694645285
65,2000,"V",6623.28502044285
65,2001,"U",182803.346968628
65,2001,"V",7622.5469428395
65,2002,"U",163499.987970712
65,2002,"V",7036.16391680319
65,2003,"U",180176.622944673
65,2003,"V",5740.7075922619
65,2004,"U",87267.2232909979
65,2004,"V",1920.90538224157
65,2005,"U",77788.0799643356
65,2005,"V",2615.33658741469
65,2006,"U",69466.4917801946
65,2006,"V",2554.58885785415
65,2007,"U",63793.938914695
65,2007,"V",3355.45424022235
65,2008,"U",60638.5455593479
65,2008,"V",3946.56038465604
65,2009,"U",47509.3006566032
65,2009,"V",3126.45441387338
65,2010,"U",47654.7788981945
65,2010,"V",3697.08898467514
65,2011,"U",64660.1836818028
65,2011,"V",3981.45385028768
65,2012,"U",59199.776890753
65,2012,"V",4257.04841072522
65,2013,"U",72994.5508766481
65,2013,"V",4720.76011046701
65,2014,"U",60588.776853391
65,2014,"V",4265.80804362272
65,2015,"U",91461.1903256052
65,2015,"V",3418.59243852089
65,2016,"U",69704.2436912804
65,2016,"V",2583.29774378492
65,2017,"U",59503.4831599538
65,2017,"V",1772.95087378711
66,1903,"U",0.0051
66,1903,"V",3e-04
66,1904,"U",0.0049
66,1904,"V",3e-04
66,1905,"U",0.0068
66,1905,"V",1e-04
66,1906,"V",5e-04
66,1911,"U",8e-04
66,1912,"U",8e-04
66,1913,"U",8e-04
66,1914,"U",6e-04
66,1915,"U",2e-04
66,1916,"U",0.0114
66,1917,"U",0.0087
66,1918,"U",0.0046
66,1919,"U",6e-04
66,1920,"U",7e-04
66,1921,"U",6e-04
66,1922,"U",9e-04
66,1923,"U",7e-04
66,1929,"U",0.2825
66,1929,"V",0.0054
66,1930,"U",1.3114
66,1930,"V",0.0424
66,1931,"U",1.3153
66,1931,"V",0.0156
66,1932,"U",1.1351
66,1932,"V",0.0269
66,1933,"U",1.19
66,1933,"V",0.0265
66,1934,"U",1.3284
66,1934,"V",0.053
66,1935,"U",2.6765
66,1935,"V",0.0174
66,1936,"U",4.2174
66,1936,"V",0.021
66,1937,"U",4.319
66,1937,"V",0.0274
66,1938,"U",44.2015
66,1938,"V",0.0746
66,1939,"U",42.3992
66,1939,"V",0.0248
66,1940,"U",67.6767
66,1940,"V",0.002
66,1941,"U",80.1919
66,1941,"V",0.0016
66,1942,"U",123.9133
66,1942,"V",0.0017
66,1943,"U",150.9564
66,1943,"V",0.002
66,1944,"U",177.4648
66,1944,"V",0.0025
66,1945,"U",219.2426
66,1945,"V",0.0027
66,1946,"U",289.6202
66,1946,"V",0.038
66,1947,"U",406.989
66,1947,"V",0.078
66,1948,"U",570.4268
66,1948,"V",1.9855
66,1949,"U",764.759
66,1949,"V",1.4287
66,1950,"U",59512.6424219555
66,1950,"V",3.17031997069716
66,1951,"U",47906.6336793119
66,1951,"V",0.530020002275706
66,1952,"U",44195.3388019129
66,1952,"V",2.69524994492531
66,1953,"U",64931.6087440666
66,1953,"V",1.90450996905566
66,1954,"U",73986.6724277208
66,1954,"V",10.2600995674729
66,1955,"U",95353.4622080733
66,1955,"V",0.906789988279343
66,1956,"U",91764.890982383
66,1956,"V",1.85913994045404
66,1957,"U",107942.824131622
66,1957,"V",1.40746998786926
66,1958,"U",13745.1446821694
66,1958,"V",2.28760997578501
66,1959,"U",19117.6393107575
66,1959,"V",0.194419997744262
66,1960,"U",24203.0002512605
66,1961,"U",20550.020883951
66,1962,"U",27280.7542598988
66,1963,"U",36601.4409270273
66,1964,"U",27137.7452582112
66,1965,"U",21431.646302008
66,1966,"U",16321.9250870294
66,1967,"U",31234.7517386802
66,1968,"U",26467.7893172281
66,1969,"U",26835.1711140298
66,1970,"U",37986.6770690858
66,1970,"V",4.06366006704047
66,1971,"U",30440.732846895
66,1971,"V",1.58948002615943
66,1972,"U",32949.2355274843
66,1972,"V",5.37780013494193
66,1973,"U",23004.980200202
66,1973,"V",4.54698993358761
66,1974,"U",23965.7391083807
66,1974,"V",14.1764299671923
66,1975,"U",26498.1989171984
66,1975,"V",5.49474997974903
66,1976,"U",22695.2109966613
66,1976,"V",4.82560993660445
66,1977,"U",14208.6638958221
66,1977,"V",2.59907003658009
66,1978,"U",6341.72677210271
66,1978,"V",3.11912007443606
66,1979,"U",6413.22142042352
66,1979,"V",896.293702514315
66,1980,"U",5143.44063610246
66,1980,"V",847.355113547212
66,1981,"U",11931.2740165009
66,1981,"V",1472.87703849451
66,1982,"U",11370.8544384545
66,1982,"V",542.765500668185
66,1983,"U",4256.37302169493
66,1983,"V",2965.00652444978
66,1984,"U",2715.60606501021
66,1984,"V",3392.49389064432
66,1985,"U",1883.13710429706
66,1985,"V",4156.67803731511
66,1986,"U",11814.0265629287
66,1986,"V",4141.53641776932
66,1987,"U",2840.88267806542
66,1987,"V",347.720650148673
66,1988,"U",2368.21936121037
66,1988,"V",5306.18896977752
66,1989,"U",2697.64878050407
66,1989,"V",319.733542607191
66,1990,"U",5631.56967140556
66,1990,"V",1074.22182241589
66,1991,"U",6718.51547422571
66,1991,"V",61.5870007813973
66,1992,"U",13279.3639567983
66,1992,"V",10591.5250918184
66,1993,"U",6891.23324526858
66,1993,"V",54.1833091960289
66,1994,"U",8088.63048432477
66,1994,"V",13.6026799399988
66,1995,"U",2811.47568279818
66,1995,"V",16419.0899846785
66,1996,"U",2438.54788544954
66,1996,"V",14634.9460941584
66,1997,"U",1909.881142135
66,1997,"V",14975.0114057084
66,1998,"U",3755.36028398868
66,1998,"V",13451.592216799
66,1999,"U",1287.13214784618
66,1999,"V",15978.9049311435
66,2000,"U",4822.38132822247
66,2000,"V",11034.6198097907
66,2001,"U",1541.7268250109
66,2001,"V",13139.4904718826
66,2002,"U",1941.66344549856
66,2002,"V",87.2826408776127
66,2003,"U",1952.65239640636
66,2003,"V",10455.6128780386
66,2004,"U",3771.55724694784
66,2004,"V",86.2658694933925
66,2005,"U",14248.0769989441
66,2005,"V",57.960608588357
66,2006,"U",2653.3260045442
66,2006,"V",554.358752416228
66,2007,"U",15708.1451732422
66,2007,"V",257.569227087275
66,2008,"U",20519.1147339378
66,2008,"V",8465.42853008404
66,2009,"U",25167.3053125736
66,2009,"V",264.073904726629
66,2010,"U",9021.1466034792
66,2010,"V",501.821064953111
66,2011,"U",24080.369257534
66,2011,"V",366.031663462865
66,2012,"U",4800.10552309486
66,2012,"V",1267.80770007287
66,2013,"U",3247.07756120883
66,2013,"V",11752.6373311039
66,2014,"U",5137.22590399212
66,2014,"V",14547.7022031439
66,2015,"U",2586.85577752061
66,2015,"V",18094.9499237042
66,2016,"U",2508.24790173079
66,2016,"V",10487.0250338881
66,2017,"U",2964.86329675937
66,2017,"V",14294.4530096164
121,1869,"U",0.0623
121,1870,"U",0.0711
121,1871,"U",0.084
121,1872,"U",0.1039
121,1873,"U",0.1125
121,1874,"U",0.1032
121,1875,"U",0.0982
121,1876,"U",0.1104
121,1877,"U",0.1097
121,1878,"U",0.1232
121,1879,"U",0.1478
121,1880,"U",2.0289
121,1881,"U",0.1547
121,1882,"U",0.1328
121,1883,"U",0.16
121,1884,"U",0.1552
121,1885,"U",0.1654
121,1886,"U",0.169
121,1887,"U",0.1713
121,1888,"U",0.1699
121,1889,"U",2.2704
121,1890,"U",2.3934
121,1891,"U",2.3702
121,1892,"U",2.3434
121,1893,"U",0.1552
121,1894,"U",0.1662
121,1895,"U",0.1455
121,1896,"U",0.147
121,1897,"U",0.1508
121,1898,"U",0.1365
121,1899,"U",0.1812
121,1900,"U",0.1774
121,1901,"U",0.2031
121,1902,"U",0.2061
121,1903,"U",0.1748
121,1904,"U",0.1721
121,1905,"U",3.5846
121,1906,"U",3.7277
121,1907,"U",3.6934
121,1908,"U",3.9281
121,1909,"U",0.2887
121,1910,"U",0.2078
121,1911,"U",0.8722
121,1912,"U",0.8883
121,1913,"U",0.7986
121,1914,"U",0.7701
121,1915,"U",0.8271
121,1916,"U",0.8633
121,1917,"U",7.62
121,1918,"U",0.8249
121,1919,"U",0.7499
121,1920,"U",0.7102
121,1921,"U",6.5698
121,1922,"U",7.9677
121,1923,"U",8.3757
121,1924,"U",8.1029
121,1925,"U",9.74
121,1926,"U",10.2254
121,1927,"U",10.2879
121,1928,"U",11.7107
121,1929,"U",13.853
121,1930,"U",13.3129
121,1931,"U",11.5128
121,1932,"U",12.0113
121,1933,"U",14.6412
121,1934,"U",21.0626
121,1935,"U",22.5638
121,1936,"U",28.2213
121,1937,"U",27.3031
121,1938,"U",29.11
121,1939,"U",33.3188
121,1940,"U",33.7123
121,1941,"U",44.8907
121,1942,"U",40.6208
121,1943,"U",50.0622
121,1944,"U",63.1711
121,1945,"U",76.7506
121,1946,"U",95.0282
121,1947,"U",122.1064
121,1948,"U",188.4678
121,1949,"U",390.808
121,1950,"U",155877.793351515
121,1950,"V",1854.36028288792
121,1951,"U",128293.891931357
121,1951,"V",2786.96509797086
121,1952,"U",198406.241923398
121,1952,"V",2068.96417607084
121,1953,"U",161831.507001438
121,1953,"V",3070.97659507938
121,1954,"U",187642.899693637
121,1954,"V",3011.22450155363
121,1955,"U",179859.132494734
121,1955,"V",1910.53836513764
121,1956,"U",209036.626458477
121,1956,"V",1909.58446126277
121,1957,"U",195925.355693688
121,1957,"V",2399.42761555748
121,1958,"U",178205.292440136
121,1958,"V",1927.07799260247
121,1959,"U",164567.380390369
121,1959,"V",1671.37463644924
121,1960,"U",123269.023636886
121,1960,"V",26.6137199419573
121,1961,"U",141972.110684819
121,1961,"V",87.5095700167658
121,1962,"U",196406.217608783
121,1962,"V",128.978989677053
121,1963,"U",215906.175927747
121,1963,"V",845.044985264012
121,1964,"U",245601.979484444
121,1964,"V",790.021732064775
121,1965,"U",201116.720866371
121,1965,"V",856.824978993245
121,1966,"U",258277.68911971
121,1966,"V",918.347813262536
121,1967,"U",290585.138855731
121,1967,"V",675.61004710364
121,1968,"U",372288.33868837
121,1968,"V",852.757849987207
121,1969,"U",394118.285101018
121,1969,"V",2761.71282637398
121,1970,"U",387226.827329104
121,1970,"V",2026.00243225436
121,1971,"U",380385.624536985
121,1971,"V",1829.08026408495
121,1972,"U",580243.790456281
121,1972,"V",2145.56832249899
121,1973,"U",516346.964279258
121,1973,"V",2787.51409806123
121,1974,"U",544663.717457157
121,1974,"V",2459.30092716085
121,1975,"U",588082.276751199
121,1975,"V",2212.93168234988
121,1976,"U",607620.809639837
121,1976,"V",2007.26986057911
121,1977,"U",509663.96699433
121,1977,"V",2650.18394499474
121,1978,"U",289752.652519157
121,1978,"V",5435.81318381194
121,1979,"U",171817.064645448
121,1979,"V",32364.5810510122
121,1980,"U",179827.782487814
121,1980,"V",7034.53995946934
121,1981,"U",138896.699159485
121,1981,"V",2708.73446377513
121,1982,"U",148512.241717646
121,1982,"V",3542.93125418558
121,1983,"U",166060.721564468
121,1983,"V",4386.13857261098
121,1984,"U",145604.606128134
121,1984,"V",5483.86628122954
121,1985,"U",169017.764567714
121,1985,"V",3587.67258465854
121,1986,"U",195838.699186497
121,1986,"V",71615.6999113222
121,1987,"U",208044.361829656
121,1987,"V",3520.91578665254
121,1988,"U",251672.577120267
121,1988,"V",3177.17977894155
121,1989,"U",265094.709810147
121,1989,"V",4712.03681124833
121,1990,"U",297883.727872954
121,1990,"V",13902.5582977261
121,1991,"U",168118.078141641
121,1991,"V",5898.92004690196
121,1992,"U",124757.037972343
121,1992,"V",5884.56389201476
121,1993,"U",141867.651394443
121,1993,"V",5458.80884124593
121,1994,"U",117470.404812772
121,1994,"V",13744.494123722
121,1995,"U",130547.931390554
121,1995,"V",13124.7134136831
121,1996,"U",145215.506270839
121,1996,"V",14424.7063481196
121,1997,"U",140743.152610351
121,1997,"V",12456.9957514378
121,1998,"U",156169.104232002
121,1998,"V",14032.7512162016
121,1999,"U",134348.019514475
121,1999,"V",16422.6067640965
121,2000,"U",160943.283126984
121,2000,"V",10410.5517425207
121,2001,"U",146508.320825442
121,2001,"V",19014.0614549516
121,2002,"U",129218.817831789
121,2002,"V",10745.1306391051
121,2003,"U",183604.154637464
121,2003,"V",21949.5604647269
121,2004,"U",140504.328905369
121,2004,"V",11931.3182795187
121,2005,"U",136828.832994991
121,2005,"V",10364.3436222159
121,2006,"U",172114.829043117
121,2006,"V",16402.9947456006
121,2007,"U",132207.91191257
121,2007,"V",8314.87277322601
121,2008,"U",155898.276481725
121,2008,"V",13712.1307235898
121,2009,"U",148331.177338163
121,2009,"V",12343.3033011128
121,2010,"U",101114.32333699
121,2010,"V",12233.5326117625
121,2011,"U",122476.217951138
121,2011,"V",14178.4783416401
121,2012,"U",125412.655411479
121,2012,"V",17676.3950344854
121,2013,"U",133460.417978673
121,2013,"V",11095.7847353769
121,2014,"U",138899.382769775
121,2014,"V",13201.7184595261
121,2015,"U",110392.594112598
121,2015,"V",12291.0114864652
121,2016,"U",89276.7774117096
121,2016,"V",27572.9937953128
121,2017,"U",82377.5018038132
121,2017,"V",21426.0758535513
127,1903,"U",169.1301
127,1903,"V",0.2848
127,1904,"U",325.4229
127,1904,"V",0.2975
127,1905,"U",498.3808
127,1905,"V",9.7872
127,1906,"U",317.1674
127,1906,"V",8.386
127,1907,"U",8191.4595
127,1907,"V",7.0137
127,1908,"U",3285.5448
127,1908,"V",207.4291
127,1909,"U",4812.7966
127,1909,"V",91.0644
127,1910,"U",2916.8193
127,1910,"V",5.2937
127,1911,"U",5215.9391
127,1911,"V",18.7226
127,1912,"U",3622.6658
127,1912,"V",10.8204
127,1913,"U",5506.7531
127,1913,"V",244.951
127,1914,"U",2014.1062
127,1914,"V",12.2613
127,1915,"U",1339.4177
127,1915,"V",11.0999
127,1916,"U",976.4057
127,1916,"V",9.4798
127,1917,"U",306.0375
127,1917,"V",9.7359
127,1918,"U",161.9433
127,1918,"V",9.1757
127,1919,"U",1495.8585
127,1919,"V",46.7882
127,1920,"U",4771.247
127,1920,"V",75.6204
127,1921,"U",4837.632
127,1921,"V",102.981
127,1922,"U",4318.7538
127,1922,"V",40.5185
127,1923,"U",2693.9175
127,1923,"V",29.4756
127,1924,"U",4533.6133
127,1924,"V",150.8887
127,1925,"U",4748.944
127,1925,"V",39.9619
127,1926,"U",3224.7463
127,1926,"V",32.6727
127,1927,"U",2236.0848
127,1927,"V",20.6328
127,1928,"U",4208.1298
127,1928,"V",53.8153
127,1929,"U",5422.8008
127,1929,"V",169.7181
127,1930,"U",5471.5417
127,1930,"V",114.6553
127,1931,"U",2446.64
127,1931,"V",35.0169
127,1932,"U",4828.7811
127,1932,"V",41.8841
127,1933,"U",7312.0113
127,1933,"V",134.0195
127,1934,"U",7616.6703
127,1934,"V",129.6071
127,1935,"U",7926.4178
127,1935,"V",246.4795
127,1936,"U",11687.8848
127,1936,"V",242.2733
127,1937,"U",7548.0144
127,1937,"V",164.1795
127,1938,"U",8129.877
127,1938,"V",343.16
127,1939,"U",115.4742
127,1939,"V",0.4409
127,1940,"U",278.9037
127,1940,"V",2.2025
127,1941,"U",352.5574
127,1941,"V",2.0034
127,1942,"U",352.2981
127,1942,"V",2.1626
127,1943,"U",321.4526
127,1943,"V",2.5892
127,1944,"U",306.9819
127,1944,"V",3.335
127,1945,"U",520.3847
127,1945,"V",4.3289
127,1946,"U",3733.1123
127,1946,"V",38.566
127,1947,"U",6868.5461
127,1947,"V",129.1777
127,1948,"U",5827.6793
127,1948,"V",237.5052
127,1949,"U",6452.2692
127,1949,"V",222.4462
127,1950,"U",107677.675331394
127,1950,"V",2730.48401882069
127,1951,"U",101902.990733052
127,1951,"V",197.764048973091
127,1952,"U",114201.339891669
127,1952,"V",296.094746855545
127,1953,"U",132569.828710068
127,1953,"V",758.755211118551
127,1954,"U",124100.328894118
127,1954,"V",338.005377903901
127,1955,"U",111177.355354204
127,1955,"V",522.736203438115
127,1956,"U",117738.808392751
127,1956,"V",172.135550650692
127,1957,"U",93846.3194230099
127,1957,"V",203.94681913863
127,1958,"U",74875.1472778619
127,1958,"V",318.536325601173
127,1959,"U",124691.825982686
127,1959,"V",337.144483219163
127,1960,"U",115708.899367927
127,1960,"V",180.110741022854
127,1961,"U",144932.123013074
127,1961,"V",422.235315275
127,1962,"U",187205.477426222
127,1962,"V",17433.2963220587
127,1963,"U",167355.302641494
127,1963,"V",627.782288205213
127,1964,"U",297020.063942252
127,1964,"V",1437.02872724312
127,1965,"U",209782.969504558
127,1965,"V",546.170719667367
127,1966,"U",277653.616233416
127,1966,"V",1071.56899313939
127,1967,"U",276326.566215429
127,1967,"V",795.206733514151
127,1968,"U",213439.794794616
127,1968,"V",1751.23850283416
127,1969,"U",154680.776620085
127,1969,"V",446.786428355841
127,1970,"U",223502.471304446
127,1970,"V",2906.71545469311
127,1971,"U",236000.747680405
127,1971,"V",2717.31242925997
127,1972,"U",318028.127589108
127,1972,"V",1385.50142899797
127,1973,"U",435560.888799542
127,1973,"V",2496.6035960955
127,1974,"U",420337.852088089
127,1974,"V",1761.18277788958
127,1975,"U",295855.820837068
127,1975,"V",1798.41456471382
127,1976,"U",278308.730423189
127,1976,"V",805.826536521978
127,1977,"U",247291.063004688
127,1977,"V",400.666631523399
127,1978,"U",335013.421180567
127,1978,"V",494.438939732776
127,1979,"U",347599.269065221
127,1979,"V",1086.34485408329
127,1980,"U",314478.923498132
127,1980,"V",2042.12284686373
127,1981,"U",217448.011189371
127,1981,"V",1481.3373737476
127,1982,"U",214877.49405456
127,1982,"V",1216.12789598391
127,1983,"U",267199.053636068
127,1983,"V",2214.4296358251
127,1984,"U",434547.242757998
127,1984,"V",2739.89704134872
127,1985,"U",320763.435842246
127,1985,"V",1035.91177203799
127,1986,"U",302212.592106336
127,1986,"V",2284.18217255325
127,1987,"U",274655.473659884
127,1987,"V",2114.83831378458
127,1988,"U",267879.103944295
127,1988,"V",2722.10994154293
127,1989,"U",211932.041698927
127,1989,"V",2458.86826602854
127,1990,"U",238914.838624325
127,1990,"V",1988.81621876236
127,1991,"U",255786.119964932
127,1991,"V",4276.90269252921
127,1992,"U",349187.057829761
127,1992,"V",6474.38250244259
127,1993,"U",276244.166252368
127,1993,"V",5058.40596008186
127,1994,"U",366767.599751452
127,1994,"V",3679.28471468995
127,1995,"U",280097.918548566
127,1995,"V",4544.16422075426
127,1996,"U",310742.384445713
127,1996,"V",2520.0475764764
127,1997,"U",315925.305151258
127,1997,"V",2624.33408080023
127,1998,"U",322270.587634085
127,1998,"V",2221.858715721
127,1999,"U",259564.943189429
127,1999,"V",2773.89007403693
127,2000,"U",456650.710743355
127,2000,"V",3115.31751889748
127,2001,"U",314727.553318035
127,2001,"V",2827.66559418077
127,2002,"U",415519.768941254
127,2002,"V",2224.45386636893
127,2003,"U",232319.076326731
127,2003,"V",2553.30456954087
127,2004,"U",226460.766571417
127,2004,"V",1833.20467075305
127,2005,"U",296181.844053338
127,2005,"V",3224.9863340177
127,2006,"U",354224.134259845
127,2006,"V",1024.42894279288
127,2007,"U",246731.99182135
127,2007,"V",1832.07796158587
127,2008,"U",389211.96799162
127,2008,"V",765.404865459885
127,2009,"U",296192.136546705
127,2009,"V",2138.54702431894
127,2010,"U",358006.567010266
127,2010,"V",2878.41594121662
127,2011,"U",360972.159781379
127,2011,"V",2407.33720962078
127,2012,"U",311716.089746214
127,2012,"V",2926.30192148454
127,2013,"U",382180.72349533
127,2013,"V",1258.23745048616
127,2014,"U",324787.058845217
127,2014,"V",1183.63493639017
127,2015,"U",351891.5381626
127,2015,"V",2652.02799999525
127,2016,"U",353246.502773274
127,2016,"V",4255.31896223928
127,2017,"U",451235.060615429
127,2017,"V",2681.61518860438
131,1880,"U",0.0245
131,1889,"U",0.0276
131,1890,"U",0.0295
131,1891,"U",0.029
131,1892,"U",0.0286
131,1905,"U",0.0448
131,1906,"U",0.0468
131,1907,"U",0.0451
131,1908,"U",0.049
131,1917,"U",0.0815
131,1921,"U",0.0781
131,1922,"U",0.0938
131,1923,"U",0.1014
131,1924,"U",0.0949
131,1925,"U",0.1161
131,1926,"U",0.12
131,1927,"U",0.1223
131,1928,"U",0.1396
131,1929,"U",0.1669
131,1930,"U",0.1619
131,1931,"U",0.139
131,1932,"U",0.1456
131,1933,"U",0.1769
131,1934,"U",0.2575
131,1935,"U",0.2769
131,1936,"U",0.3461
131,1937,"U",0.3361
131,1938,"U",0.3561
131,1939,"U",0.4057
131,1940,"U",0.4077
131,1941,"U",0.5468
131,1942,"U",0.4865
131,1943,"U",0.5967
131,1944,"U",0.7578
131,1945,"U",0.9224
131,1946,"U",1.1191
131,1947,"U",1.4515
131,1948,"U",2.2547
131,1949,"U",4.7707
131,1950,"U",8380.8750159801
131,1950,"V",177.316670077576
131,1951,"U",21557.0132112898
131,1951,"V",605.692554950889
131,1952,"U",14355.5812379868
131,1952,"V",488.835820153064
131,1953,"U",13397.9564687506
131,1953,"V",512.343250790374
131,1954,"U",37822.1363213142
131,1954,"V",537.620171239086
131,1955,"U",11980.700626523
131,1955,"V",716.962468434122
131,1956,"U",27814.1516966385
131,1956,"V",668.269256399915
131,1957,"U",29486.4684830749
131,1957,"V",1084.40906537187
131,1958,"U",33437.9104771196
131,1958,"V",741.839166445352
131,1959,"U",32214.4547011728
131,1959,"V",861.546318122564
131,1960,"U",26477.7612117182
131,1960,"V",783.395092728256
131,1961,"U",21919.4614470721
131,1961,"V",826.783913014719
131,1962,"U",34862.2254668174
131,1962,"V",1257.72495034632
131,1963,"U",28114.9895260301
131,1963,"V",1259.50500297164
131,1964,"U",34663.4711540778
131,1964,"V",1390.68776260672
131,1965,"U",32990.9925605449
131,1965,"V",1723.41997194017
131,1966,"U",36607.6692240387
131,1966,"V",1907.22451869137
131,1967,"U",32144.8117009726
131,1967,"V",1461.84516161997
131,1968,"U",42621.1581868271
131,1968,"V",1547.08581979828
131,1969,"U",34559.3088834593
131,1969,"V",1558.27748527904
131,1970,"U",39063.6654299671
131,1970,"V",2137.68268774604
131,1971,"U",38810.0153064396
131,1971,"V",1810.58005839668
131,1972,"U",85948.881867296
131,1972,"V",3828.06285718244
131,1973,"U",58981.8199396464
131,1973,"V",3385.36941212611
131,1974,"U",67309.0856958992
131,1974,"V",3560.17671805692
131,1975,"U",64122.7151733021
131,1975,"V",3619.03537417588
131,1976,"U",50124.818342517
131,1976,"V",3707.7269287392
131,1977,"U",50193.9863292262
131,1977,"V",3292.84163921434
131,1978,"U",48472.5022652657
131,1978,"V",4255.49432754581
131,1979,"U",63028.4451513785
131,1979,"V",3677.21182753317
131,1980,"U",56539.0527062181
131,1980,"V",4429.95464211185
131,1981,"U",71478.6153872191
131,1981,"V",5371.15217274288
131,1982,"U",56982.9219212774
131,1982,"V",2944.37196159472
131,1983,"U",91671.0354709444
131,1983,"V",3112.73025243049
131,1984,"U",91696.0561586393
131,1984,"V",2202.20776648735
131,1985,"U",86828.6643627657
131,1985,"V",2341.90507566263
131,1986,"U",85132.7300624153
131,1986,"V",2100.97805217771
131,1987,"U",66102.9634350112
131,1987,"V",2872.66769187431
131,1988,"U",81374.8056996989
131,1988,"V",3020.1485736034
131,1989,"U",76710.574811168
131,1989,"V",3541.25950612476
131,1990,"U",89583.512048669
131,1990,"V",2909.52020546989
131,1991,"U",98302.9615027052
131,1991,"V",3206.13678788631
131,1992,"U",94913.8521038138
131,1992,"V",3260.27329320197
131,1993,"U",92025.1688776206
131,1993,"V",3365.71145356051
131,1994,"U",93870.9584744144
131,1994,"V",4195.31241402532
131,1995,"U",81908.939314726
131,1995,"V",3340.08367503672
131,1996,"U",88102.996368403
131,1996,"V",3119.26109469725
131,1997,"U",98223.8373904505
131,1997,"V",3335.55868651424
131,1998,"U",92694.6027765636
131,1998,"V",3853.20563431355
131,1999,"U",106131.858671542
131,1999,"V",3371.03515849217
131,2000,"U",87254.0350269126
131,2000,"V",4781.31271811433
131,2001,"U",91750.5559811145
131,2001,"V",4517.6014512423
131,2002,"U",91739.7776467765
131,2002,"V",4497.92528771678
131,2003,"U",78286.8585237301
131,2003,"V",4008.12359841399
131,2004,"U",74851.7457678115
131,2004,"V",3562.98278668962
131,2005,"U",59153.1362714293
131,2005,"V",4312.45990461148
131,2006,"U",54823.7272827743
131,2006,"V",3603.81837492912
131,2007,"U",64604.8132807668
131,2007,"V",3632.58568739214
131,2008,"U",72288.1637493532
131,2008,"V",3623.17870633774
131,2009,"U",89219.6459078676
131,2009,"V",3140.61468413375
131,2010,"U",96196.0492915383
131,2010,"V",3885.40964177054
131,2011,"U",90171.6868536506
131,2011,"V",4196.23721352965
131,2012,"U",109418.809734071
131,2012,"V",5997.28502234644
131,2013,"U",109086.143135528
131,2013,"V",4264.33352371914
131,2014,"U",118599.936379595
131,2014,"V",3240.82745539489
131,2015,"U",76411.1195012418
131,2015,"V",3292.88043505556
131,2016,"U",121396.928644026
131,2016,"V",3553.94556853241
131,2017,"U",121759.154510642
131,2017,"V",3100.38114529147
134,1950,"U",19943.6252407052
134,1950,"V",137.841270470992
134,1951,"U",20806.0068011433
134,1951,"V",204.363089508843
134,1952,"U",23514.2160546389
134,1952,"V",132.725429971702
134,1953,"U",35036.3549695525
134,1953,"V",225.374619854149
134,1954,"U",26553.2609679777
134,1954,"V",186.417019529268
134,1955,"U",31142.6343217704
134,1955,"V",178.190149783157
134,1956,"U",34783.2543223961
134,1956,"V",127.616119842045
134,1957,"U",49356.2953384333
134,1957,"V",165.161889729556
134,1958,"U",43600.4505489476
134,1958,"V",262.728329460609
134,1959,"U",49681.7959429454
134,1959,"V",455.137620159108
134,1960,"U",60004.9971737331
134,1960,"V",654.2709585142
134,1961,"U",83040.4861040065
134,1961,"V",775.826501912943
134,1962,"U",104829.56017126
134,1962,"V",748.142796811721
134,1963,"U",111908.848926472
134,1963,"V",377.7528894633
134,1964,"U",141861.71752172
134,1964,"V",638.985638839113
134,1965,"U",149629.908014905
134,1965,"V",2277.6135032485
134,1966,"U",160018.772779797
134,1966,"V",2587.61316780436
134,1967,"U",200230.054755809
134,1967,"V",3328.05460321767
134,1968,"U",220361.395327122
134,1968,"V",2057.81222367701
134,1969,"U",264331.805674155
134,1969,"V",3397.49865324953
134,1970,"U",194684.552987346
134,1970,"V",11535.6436836922
134,1971,"U",155789.714115111
134,1971,"V",18153.8960638898
134,1972,"U",259663.388904195
134,1972,"V",251.055249547182
134,1973,"U",280067.317006076
134,1973,"V",3903.26757048723
134,1974,"U",283526.58944481
134,1974,"V",1687.9336419057
134,1975,"U",238917.288238184
134,1975,"V",1972.88118135104
134,1976,"U",281861.871067329
134,1976,"V",211.851671133834
134,1977,"U",285669.547127061
134,1977,"V",2171.98738438086
134,1978,"U",308016.830173389
134,1978,"V",521.033328385908
134,1979,"U",242205.438602695
134,1979,"V",2094.8794713856
134,1980,"U",295042.904627919
134,1980,"V",2142.1925277992
134,1981,"U",265045.818126936
134,1981,"V",2542.50026972196
134,1982,"U",243753.501922454
134,1982,"V",632.433832400398
134,1983,"U",233592.153904792
134,1983,"V",965.377477480343
134,1984,"U",229686.783542353
134,1984,"V",32.833309535221
134,1985,"U",196854.080210856
134,1985,"V",1043.08961786032
134,1986,"U",163132.144037017
134,1986,"V",15554.4903136401
134,1987,"U",186437.251414357
134,1987,"V",1618.74371761475
134,1988,"U",182356.122344774
134,1988,"V",1740.84784479086
134,1989,"U",224386.22768724
134,1989,"V",3285.34976999115
134,1990,"U",267134.568189784
134,1990,"V",345.973319831697
134,1991,"U",347068.644708137
134,1991,"V",440.141700952798
134,1992,"U",226687.890344183
134,1992,"V",1901.06156016473
134,1993,"U",235661.999738221
134,1993,"V",1283.1548158233
134,1994,"U",240171.760398022
134,1994,"V",308.596339803978
134,1995,"U",236602.487507327
134,1995,"V",325.215169976989
134,1996,"U",314900.896934719
134,1996,"V",1220.3498599582
134,1997,"U",264100.534032462
134,1997,"V",1392.14534791075
134,1998,"U",322935.617563063
134,1998,"V",1523.9757388054
134,1999,"U",340246.331325855
134,1999,"V",524.906948015494
134,2000,"U",345851.527121826
134,2000,"V",440.253032365243
134,2001,"U",372096.452219583
134,2001,"V",795.731791559905
134,2002,"U",311821.461596841
134,2002,"V",723.362593921327
134,2003,"U",291015.038680319
134,2003,"V",1161.28686401998
134,2004,"U",385512.741267929
134,2004,"V",501.210760989052
134,2005,"U",326999.289741542
134,2005,"V",290.443679662261
134,2006,"U",308360.248896208
134,2006,"V",411.652829735693
134,2007,"U",300621.678812839
134,2007,"V",325.326579401717
134,2008,"U",331118.833673223
134,2008,"V",808.83327126864
134,2009,"U",329108.914224264
134,2009,"V",258.351350524776
134,2010,"U",428403.78306785
134,2010,"V",803.833802138743
134,2011,"U",433164.301565349
134,2011,"V",357.617129227674
134,2012,"U",497050.552749713
134,2012,"V",253.647059609692
134,2013,"U",458723.25632294
134,2013,"V",647.37589835214
134,2014,"U",553431.627447061
134,2014,"V",485.217288750551
134,2015,"U",482043.590848401
134,2015,"V",466.409779546044
134,2016,"U",470722.893634895
134,2016,"V",646.55420049503
134,2017,"U",468977.309000464
134,2017,"V",421.681357641599
141,1939,"U",0.2656
141,1940,"U",0.3149
141,1941,"U",0.3653
141,1942,"U",0.4247
141,1943,"U",0.497
141,1944,"U",0.5412
141,1945,"U",0.6875
141,1946,"U",0.8568
141,1947,"U",1.304
141,1948,"U",1.9909
141,1949,"U",4.104
141,1950,"U",3900.69145552533
141,1950,"V",160.736680671001
141,1951,"U",6206.85367536714
141,1951,"V",135.059580229088
141,1952,"U",6674.63069819519
141,1952,"V",82.6670411310406
141,1953,"U",6323.9855952529
141,1953,"V",264.831980171268
141,1954,"U",7784.35945959915
141,1954,"V",106.37526896123
141,1955,"U",8191.69779287562
141,1955,"V",89.006768901665
141,1956,"U",9245.28216778398
141,1956,"V",144.176219536421
141,1957,"U",11310.9289305438
141,1957,"V",277.42231480042
141,1958,"U",10109.0766768722
141,1958,"V",191.195179623337
141,1959,"U",11202.4194945815
141,1959,"V",376.217011354136
141,1960,"U",12253.4612623871
141,1960,"V",251.846670589479
141,1961,"U",10545.64813358
141,1961,"V",403.279479470846
141,1962,"U",13369.50742901
141,1962,"V",592.582215163762
141,1963,"U",16273.8630522616
141,1963,"V",498.234425238872
141,1964,"U",28250.832948958
141,1964,"V",463.258889821766
141,1965,"U",30064.4432573211
141,1965,"V",1585.21763254854
141,1966,"U",35155.5591461908
141,1966,"V",1710.81507388148
141,1967,"U",84512.3907670823
141,1967,"V",1119.86815742024
141,1968,"U",45193.8724872953
141,1968,"V",1627.11474192521
141,1969,"U",32471.0167721263
141,1969,"V",1298.05970321706
141,1970,"U",35761.9093482633
141,1970,"V",1307.91194263391
141,1971,"U",37429.1846731692
141,1971,"V",5993.34032636478
141,1972,"U",35772.858743819
141,1972,"V",1295.00837012515
141,1973,"U",47351.5088709722
141,1973,"V",1644.05528244526
141,1974,"U",39664.7897613779
141,1974,"V",640.819560041394
141,1975,"U",41789.86925799
141,1975,"V",2173.67487293701
141,1976,"U",52349.929976089
141,1976,"V",444.725558590511
141,1977,"U",104698.951344059
141,1977,"V",1210.56510162157
141,1978,"U",182456.200951057
141,1978,"V",924.088514596981
141,1979,"U",100820.615484227
141,1979,"V",799.65667672197
141,1980,"U",92068.7185227
141,1980,"V",1152.85521129312
141,1981,"U",109094.833623531
141,1981,"V",970.337322153006
141,1982,"U",115678.129823902
141,1982,"V",1025.88090683682
141,1983,"U",182154.487907693
141,1983,"V",1274.25900115389
141,1984,"U",213105.708309532
141,1984,"V",1372.7192608706
141,1985,"U",229335.234026539
141,1985,"V",2749.83601023795
141,1986,"U",224525.954021377
141,1986,"V",1760.35686304459
141,1987,"U",237199.260637394
141,1987,"V",2682.96215230187
141,1988,"U",206302.739056978
141,1988,"V",3126.02347572157
141,1989,"U",263233.465684302
141,1989,"V",2561.73129769763
141,1990,"U",304503.439197353
141,1990,"V",2265.09570267859
141,1991,"U",331096.125191279
141,1991,"V",880.6863749068
141,1992,"U",325580.521364051
141,1992,"V",891.685592373074
141,1993,"U",266086.063886525
141,1993,"V",3606.10395044909
141,1994,"U",225434.214088731
141,1994,"V",2810.58707133502
141,1995,"U",209094.51088456
141,1995,"V",2000.48612116633
141,1996,"U",253742.356167329
141,1996,"V",3210.69834851658
141,1997,"U",292720.620184027
141,1997,"V",3000.43600786818
141,1998,"U",245141.926708381
141,1998,"V",5591.32882732499
141,1999,"U",440865.355513229
141,1999,"V",4380.5894275417
141,2000,"U",353435.663295592
141,2000,"V",3653.41274543265
141,2001,"U",323652.051420444
141,2001,"V",4460.49142800224
141,2002,"U",238078.844504445
141,2002,"V",4260.9531803536
141,2003,"U",242334.37457845
141,2003,"V",3778.25351838781
141,2004,"U",161159.422877331
141,2004,"V",3275.99251883074
141,2005,"U",175061.787982579
141,2005,"V",2880.26267943566
141,2006,"U",231741.978921952
141,2006,"V",4197.69703991636
141,2007,"U",314856.982387503
141,2007,"V",3662.0876916086
141,2008,"U",289367.746536368
141,2008,"V",3305.20368172419
141,2009,"U",270032.617782834
141,2009,"V",3942.42465585611
141,2010,"U",192441.828260423
141,2010,"V",3059.52958958189
141,2011,"U",174675.078690241
141,2011,"V",2977.89805717262
141,2012,"U",288261.811588108
141,2012,"V",2258.05945968957
141,2013,"U",276753.450800222
141,2013,"V",2576.60991504874
141,2014,"U",447038.814599743
141,2014,"V",2078.11921591644
141,2015,"U",481172.315530894
141,2015,"V",2104.71516288908
141,2016,"U",217848.571554314
141,2016,"V",2005.32748022885
141,2017,"U",248194.018530579
141,2017,"V",2285.1948895622
147,1950,"U",25509.0687794006
147,1951,"U",30947.5953473254
147,1952,"U",27597.9901407024
147,1953,"U",30359.6388213831
147,1953,"V",0.00730000012845266
147,1954,"U",26860.0431452419
147,1954,"V",0.00606000003608642
147,1955,"U",46293.6056164126
147,1955,"V",0.0125700001299265
147,1956,"U",61146.719687434
147,1956,"V",5612.96341257823
147,1957,"U",48646.9395327815
147,1957,"V",4.34152007021476
147,1958,"U",44870.8724711371
147,1958,"V",8.79708997343187
147,1959,"U",39818.3042718636
147,1959,"V",8.14031001515104
147,1960,"U",35126.1653931522
147,1960,"V",2.9209499909266
147,1961,"U",45276.0165122714
147,1961,"V",7.62945991383822
147,1962,"U",51101.537129674
147,1962,"V",0.0107000000898552
147,1963,"U",53140.2572589831
147,1963,"V",9.45274017411793
147,1964,"U",103822.211519493
147,1964,"V",15.6134001290229
147,1965,"U",88507.7113665384
147,1965,"V",25.9947598735453
147,1966,"U",116430.770231203
147,1966,"V",2.78926000304636
147,1967,"U",172028.583639198
147,1967,"V",433.573930085251
147,1968,"U",171727.787120167
147,1968,"V",389.083540388179
147,1969,"U",202073.33642718
147,1969,"V",1152.58644648626
147,1970,"U",192254.72958885
147,1970,"V",5268.7259688959
147,1971,"U",392884.830048382
147,1971,"V",871.631292734859
147,1972,"U",369897.449871851
147,1972,"V",238.384382436343
147,1973,"U",357559.951509167
147,1973,"V",1381.37691629916
147,1974,"U",348821.9515715
147,1974,"V",1839.27017742143
147,1975,"U",55682.2417565643
147,1975,"V",144.540479720192
147,1976,"U",35638.8067877466
147,1976,"V",33.8936699522164
147,1977,"U",103365.943261253
147,1977,"V",275.15250938906
147,1978,"U",44165.6135844542
147,1978,"V",420.108876219601
147,1979,"U",52412.7393483376
147,1979,"V",370.929681342939
147,1980,"U",166552.234036457
147,1980,"V",603.021198266215
147,1981,"U",147839.431230536
147,1981,"V",466.139997927588
147,1982,"U",69874.8384390424
147,1982,"V",537.03874576102
147,1983,"U",33310.4212653803
147,1983,"V",500.458080563658
147,1984,"U",38425.9153526125
147,1984,"V",1.86702998202964
147,1985,"U",50334.7099006021
147,1985,"V",2.50239003948082
147,1986,"U",48114.5537053068
147,1986,"V",7.70285988890101
147,1987,"U",37049.8585706443
147,1987,"V",2.80798996123849
147,1988,"U",129223.374341151
147,1988,"V",0.287270006607287
147,1989,"U",147706.885187249
147,1989,"V",550.727282437408
147,1990,"U",127524.484568263
147,1990,"V",509.779269813786
147,1991,"U",93155.5401459447
147,1991,"V",1565.25490705814
147,1992,"U",180186.516545787
147,1992,"V",1235.65928322711
147,1993,"U",247218.330804276
147,1993,"V",1191.98777101189
147,1994,"U",123253.68341774
147,1994,"V",977.902692304779
147,1995,"U",57577.6405957665
147,1995,"V",995.212263954308
147,1996,"U",66232.4371741601
147,1996,"V",828.219976930737
147,1997,"U",132662.266904221
147,1997,"V",441.743892100872
147,1998,"U",137597.422485079
147,1998,"V",1708.00370866402
147,1999,"U",107940.655622617
147,1999,"V",599.523388008558
147,2000,"U",98662.2857083456
147,2000,"V",573.198839060388
147,2001,"U",132339.406277091
147,2001,"V",1538.55446848171
147,2002,"U",100266.922615716
147,2002,"V",421.110439872129
147,2003,"U",97808.4066096054
147,2003,"V",390.169287340224
147,2004,"U",72960.7683178223
147,2004,"V",390.493909697164
147,2005,"U",75982.9179905348
147,2005,"V",280.400021171325
147,2006,"U",82329.4155350671
147,2006,"V",201.766171759428
147,2007,"U",81673.0121774845
147,2007,"V",266.137458814981
147,2008,"U",106170.696689028
147,2008,"V",631.008267896246
147,2009,"U",120507.890081669
147,2009,"V",77.0722906487209
147,2010,"U",116423.935960939
147,2010,"V",100.943360256468
147,2011,"U",122981.312229392
147,2011,"V",224.661709978976
147,2012,"U",100287.327061547
147,2012,"V",243.111560383408
147,2013,"U",105584.640810694
147,2013,"V",272.888719276973
147,2014,"U",128454.29353108
147,2014,"V",10.0099200466393
147,2015,"U",102783.121585463
147,2015,"V",120.581958402534
147,2016,"U",141232.406411472
147,2016,"V",171.572430383549
147,2017,"U",195509.463860724
147,2017,"V",118.778609956509
148,1966,"U",612.118082647139
148,1967,"U",6094.99955716852
148,1968,"U",2628.83321349551
148,1969,"U",0.135830007493496
148,1970,"U",400054.142418624
148,1971,"U",78042.8319606197
148,1972,"U",34416.8782545276
148,1973,"U",2463.93348609565
148,1974,"U",22520.0503851952
148,1975,"U",47462.935038865
148,1976,"U",31140.3008838793
148,1977,"U",213355.933333803
148,1978,"U",195890.325697773
148,1979,"U",270371.447832693
148,1980,"U",453193.026900399
148,1981,"U",468065.513720148
148,1982,"U",530942.435399443
148,1983,"U",283588.852375613
148,1984,"U",144491.956502563
148,1985,"U",303434.441799934
148,1986,"U",342399.337979313
148,1987,"U",457572.378101022
148,1988,"U",453268.74335805
148,1989,"U",348851.365564157
148,1990,"U",423544.590837492
148,1990,"V",35.7874002456665
148,1991,"U",351405.729295457
148,1991,"V",5.25011003017425
148,1992,"U",184437.63131346
148,1992,"V",291.766662679613
148,1993,"U",51422.1807764219
148,1994,"U",68804.3045245768
148,1994,"V",0.0106800001340162
148,1995,"U",101834.795016242
148,1995,"V",342.221167571843
148,1996,"U",67984.2637117743
148,1996,"V",88.3622211582006
148,1997,"U",53748.3510593984
148,1997,"V",0.828419998535538
148,1998,"U",65537.7507215176
148,1998,"V",0.0433699996574433
148,1999,"U",74101.9448317427
148,1999,"V",2.05548997544975
148,2000,"U",92742.1949394415
148,2000,"V",1.70400001559028
148,2001,"U",72800.1250117652
148,2001,"V",13.3998900656224
148,2002,"U",112456.561435477
148,2002,"V",120.903399950261
148,2003,"U",76893.7526973334
148,2003,"V",0.993470001834794
148,2004,"U",87138.4219758856
148,2004,"V",8.53041011427559
148,2005,"U",107189.977827672
148,2005,"V",2.80453999073871
148,2006,"U",75378.8057898507
148,2006,"V",0.400180001499393
148,2007,"U",86491.4347821657
148,2007,"V",2.59129999566358
148,2008,"U",146831.162914596
148,2008,"V",1.32656000613861
148,2009,"U",107279.108291382
148,2009,"V",0.466609998540662
148,2010,"U",182013.128304702
148,2010,"V",122.351938683209
148,2011,"U",157745.910475045
148,2011,"V",0.815249999850493
148,2012,"U",120528.288142241
148,2012,"V",1.73957998554761
148,2013,"U",196789.372060205
148,2013,"V",0.180129999520432
148,2014,"U",231094.051485868
148,2014,"V",0.504180000458291
148,2015,"U",190716.054202164
148,2015,"V",1.52099000212547
148,2016,"U",211241.292666025
148,2016,"V",0.536219996993168
148,2017,"U",219302.613161802
148,2017,"V",0.183700002115074
151,1950,"U",25589.4569055173
151,1950,"V",334.573199949548
151,1951,"U",24901.125492977
151,1951,"V",354.879274086649
151,1952,"U",25411.7121121899
151,1952,"V",740.742803459631
151,1953,"U",31721.874075566
151,1953,"V",543.800718565559
151,1954,"U",45762.6518102937
151,1954,"V",572.35115916119
151,1955,"U",46948.2803640373
151,1955,"V",514.321609024453
151,1956,"U",52691.458331738
151,1956,"V",373.380657395435
151,1957,"U",56585.7301326829
151,1957,"V",794.95318068203
151,1958,"U",63306.3620664113
151,1958,"V",3322.87004982407
151,1959,"U",78392.0063046506
151,1959,"V",805.257332225786
151,1960,"U",73260.8224739638
151,1960,"V",1152.97633000513
151,1961,"U",85606.4122669355
151,1961,"V",1455.16017446373
151,1962,"U",70194.7019510078
151,1962,"V",1512.098142379
151,1963,"U",84285.3360230764
151,1963,"V",1378.62527667529
151,1964,"U",78559.0208948661
151,1964,"V",1801.33942389833
151,1965,"U",100897.7425805
151,1965,"V",2096.71804436836
151,1966,"U",114967.29148525
151,1966,"V",1928.24989126041
151,1967,"U",131330.557423499
151,1967,"V",5023.1781895332
151,1968,"U",131660.987949745
151,1968,"V",4634.10213823748
151,1969,"U",179797.20292688
151,1969,"V",16004.1246545405
151,1970,"U",197917.013648605
151,1970,"V",2060.2077248315
151,1971,"U",205330.806169137
151,1971,"V",1769.64484715884
151,1972,"U",236997.408576953
151,1972,"V",8514.85091007278
151,1973,"U",218741.588077783
151,1973,"V",9163.99111300024
151,1974,"U",250650.034799233
151,1974,"V",10449.6248100276
151,1975,"U",230858.030544563
151,1975,"V",9980.28025574004
151,1976,"U",278687.086309347
151,1976,"V",11134.3169021306
151,1977,"U",147339.02714643
151,1977,"V",5124.22712186227
151,1978,"U",211438.567858831
151,1978,"V",3557.53127849617
151,1979,"U",183532.444659259
151,1979,"V",3603.49498763931
151,1980,"U",294497.613690509
151,1980,"V",11344.5081756221
151,1981,"U",281088.227773922
151,1981,"V",10476.2852345864
151,1982,"U",315511.460273631
151,1982,"V",3932.03018901242
151,1983,"U",265836.427543719
151,1983,"V",4852.40425372818
151,1984,"U",234748.378504458
151,1984,"V",4917.64117439008
151,1985,"U",249072.094309108
151,1985,"V",6607.8821329455
151,1986,"U",241961.9965733
151,1986,"V",4290.67313117739
151,1987,"U",265157.574834846
151,1987,"V",7818.61491391266
151,1988,"U",284484.255112792
151,1988,"V",13287.7363673038
151,1989,"U",304375.794443532
151,1989,"V",10274.1944447679
151,1990,"U",312484.286129455
151,1990,"V",14904.807603427
151,1991,"U",355715.264716364
151,1991,"V",9951.8834686936
151,1992,"U",378004.279290558
151,1992,"V",5953.91061446297
151,1993,"U",420263.481083652
151,1993,"V",6825.33572105794
151,1994,"U",389545.563964213
151,1994,"V",5286.04025790566
151,1995,"U",376553.860896458
151,1995,"V",5176.08720549878
151,1996,"U",392001.840959126
151,1996,"V",6096.60450994767
151,1997,"U",398500.440664273
151,1997,"V",8820.14944890111
151,1998,"U",431119.642331325
151,1998,"V",7177.46422397186
151,1999,"U",468965.629840891
151,1999,"V",6200.39347596178
151,2000,"U",527673.857957622
151,2000,"V",8445.21965228052
151,2001,"U",560722.739845008
151,2001,"V",6012.67847572197
151,2002,"U",624542.635710564
151,2002,"V",5361.16368478274
151,2003,"U",632283.87099813
151,2003,"V",5025.51149050827
151,2004,"U",658100.262881608
151,2004,"V",6174.94753450368
151,2005,"U",742744.925272521
151,2005,"V",4633.15310472556
151,2006,"U",684770.378809125
151,2006,"V",5787.15554877433
151,2007,"U",509726.397224121
151,2007,"V",6109.49386788567
151,2008,"U",482450.587822665
151,2008,"V",4318.94417631541
151,2009,"U",479330.21606081
151,2009,"V",3635.14185925801
151,2010,"U",522989.965090862
151,2010,"V",5792.26737410415
151,2011,"U",463274.701043089
151,2011,"V",4450.95669302751
151,2012,"U",536330.567929369
151,2012,"V",4828.65801634874
151,2013,"U",495452.30034202
151,2013,"V",6859.4696646847
151,2014,"U",535973.696460314
151,2014,"V",3517.04557304166
151,2015,"U",615739.666786118
151,2015,"V",4713.06265980164
151,2016,"U",567166.031698122
151,2016,"V",4126.62845591069
151,2017,"U",607432.367675704
151,2017,"V",5997.84999603586
157,1920,"U",17.8615
157,1921,"U",15.9812
157,1922,"U",15.0412
157,1923,"U",15.9817
157,1924,"U",15.9817
157,1925,"U",19.7421
157,1926,"U",21.6226
157,1927,"U",26.3236
157,1928,"U",31.0245
157,1929,"U",34.7854
157,1930,"U",31.9657
157,1931,"U",29.146
157,1932,"U",30.0864
157,1933,"U",29.1471
157,1934,"U",30.0879
157,1935,"U",30.0888
157,1936,"U",30.0901
157,1937,"U",31.9718
157,1938,"U",33.8539
157,1939,"U",33.8559
157,1940,"U",31.977
157,1941,"U",30.0985
157,1942,"U",26.3385
157,1943,"U",25.4007
157,1944,"U",30.1101
157,1945,"U",33.8818
157,1946,"U",35.7764
157,1947,"U",36.7391
157,1948,"U",33.008
157,1949,"U",89562.4698
157,1950,"U",37750.4979875046
157,1950,"V",2137.36429896276
157,1951,"U",36996.9720940619
157,1951,"V",3243.06460998274
157,1952,"U",59463.4888025617
157,1952,"V",3227.20531501203
157,1953,"U",55653.3181042539
157,1953,"V",3557.62995293618
157,1954,"U",124273.589483072
157,1954,"V",3889.47229827277
157,1955,"U",63624.4489872877
157,1955,"V",4588.9681221888
157,1956,"U",64103.8780051228
157,1956,"V",14340.7400440773
157,1957,"U",65266.4259079284
157,1957,"V",10855.5123462088
157,1958,"U",69651.2113818744
157,1958,"V",8577.12814592847
157,1959,"U",123771.432183245
157,1959,"V",6334.12741244271
157,1960,"U",132824.339665183
157,1960,"V",5195.98433892165
157,1961,"U",189653.830688142
157,1961,"V",5118.08025391652
157,1962,"U",181830.998128904
157,1962,"V",7284.94460181794
157,1963,"U",172322.139347115
157,1963,"V",12746.4800992267
157,1964,"U",208482.777034471
157,1964,"V",5973.2583146349
157,1965,"U",233699.078280089
157,1965,"V",12459.4497494006
157,1966,"U",226939.518723085
157,1966,"V",7040.06465291321
157,1967,"U",235164.742907858
157,1967,"V",10782.1004003764
157,1968,"U",255042.969809683
157,1968,"V",28313.9745059213
157,1969,"U",256226.337242572
157,1969,"V",7584.50583083434
157,1970,"U",264812.534925332
157,1970,"V",8382.37618123104
157,1971,"U",278793.951695288
157,1971,"V",6613.84275001533
157,1972,"U",263776.569623881
157,1972,"V",9922.33937281135
157,1973,"U",267109.832938812
157,1973,"V",4918.354573945
157,1974,"U",243052.623736441
157,1974,"V",5137.84956456915
157,1975,"U",164801.142102314
157,1975,"V",7766.6447416555
157,1976,"U",208270.400226867
157,1976,"V",15003.3197460289
157,1977,"U",267950.862694671
157,1977,"V",37940.1173916311
157,1978,"U",393439.322347955
157,1978,"V",30142.958904869
157,1979,"U",344988.186018833
157,1979,"V",35181.6121092163
157,1980,"U",298656.22532564
157,1980,"V",30321.3917835695
157,1981,"U",310971.205054376
157,1981,"V",50167.5114558217
157,1982,"U",332186.958711223
157,1982,"V",52776.2388215732
157,1983,"U",351928.415906916
157,1983,"V",40903.0205164949
157,1984,"U",359146.504156991
157,1984,"V",41659.3641093417
157,1985,"U",307598.141606561
157,1985,"V",40559.8889656695
157,1986,"U",364682.975278245
157,1986,"V",41279.6767231153
157,1987,"U",510174.482813755
157,1987,"V",52624.3029971327
157,1988,"U",547997.014767803
157,1988,"V",61366.9675804893
157,1989,"U",465930.670368991
157,1989,"V",60980.226519119
157,1990,"U",493018.264983079
157,1990,"V",48142.9618291675
157,1991,"U",535889.361015294
157,1991,"V",51011.6526181453
157,1992,"U",534665.792767635
157,1992,"V",46190.7030450081
157,1993,"U",560505.296500304
157,1993,"V",44906.4598850473
157,1994,"U",587433.213954545
157,1994,"V",45069.9024691708
157,1995,"U",632727.524479361
157,1995,"V",44218.9419783407
157,1996,"U",708672.518218986
157,1996,"V",44665.2973275184
157,1997,"U",731395.808540167
157,1997,"V",50390.9618216601
157,1998,"U",764408.687821283
157,1998,"V",54132.8812353097
157,1999,"U",987091.058415515
157,1999,"V",36759.2253563711
157,2000,"U",648183.473147954
157,2000,"V",32456.7036735915
157,2001,"U",743169.166712243
157,2001,"V",41729.2186889469
157,2002,"U",660908.110861624
157,2002,"V",30371.124021771
157,2003,"U",657572.38583742
157,2003,"V",32487.0482035891
157,2004,"U",718767.573223812
157,2004,"V",32222.9650553408
157,2005,"U",1167023.5010012
157,2005,"V",31904.2349630581
157,2006,"U",1106935.20830892
157,2006,"V",36687.6847924781
157,2007,"U",1073405.39307829
157,2007,"V",44190.4742527876
157,2008,"U",1104795.2312092
157,2008,"V",47592.0726668114
157,2009,"U",1152029.96167614
157,2009,"V",50248.3563749624
157,2010,"U",1190546.96899895
157,2010,"V",49365.6795811427
157,2011,"U",1288801.16956121
157,2011,"V",51169.9483899211
157,2012,"U",1296405.69535322
157,2012,"V",51166.3365711045
157,2013,"U",1383839.41070591
157,2013,"V",64637.8444921169
157,2014,"U",1373918.800539
157,2014,"V",61575.5370525943
157,2015,"U",1352137.25555896
157,2015,"V",48120.2422554081
157,2016,"U",1321552.33543553
157,2016,"V",76027.0056799227
157,2017,"U",1501094.07280551
157,2017,"V",86481.7185462532
158,1950,"U",1.08575998568267
158,1951,"U",7.01070985146362
158,1952,"U",0.54194999682295
158,1953,"U",357.010120729003
158,1954,"U",4.12287006101905
158,1955,"U",1.32742997825335
158,1956,"U",1.66769997501615
158,1957,"U",1.33458000478277
158,1958,"U",20.1199896459475
158,1959,"U",1.33733000688153
158,1960,"U",0.358290001575369
158,1961,"U",1.43201001015041
158,1962,"U",1.15883999489233
158,1963,"U",38.5577203415123
158,1964,"U",21.1828901444678
158,1965,"U",0.689120000224647
158,1966,"U",533.724137223545
158,1967,"U",0.671730004749406
158,1968,"U",0.38667999819154
158,1969,"U",2.0949700041856
158,1970,"U",19.2052098468448
158,1971,"U",77466.3956107713
158,1972,"U",58004.219007319
158,1973,"U",8830.78885329179
158,1974,"U",18841.5287254034
158,1975,"U",15696.6871864211
158,1976,"U",18708.0218617477
158,1977,"U",40024.8210191053
158,1978,"U",23371.6722919529
158,1978,"V",0.0143199996382464
158,1979,"U",27115.3878168851
158,1980,"U",729.344835179022
158,1980,"V",28.7129800953553
158,1981,"U",2164.49178025175
158,1981,"V",62.5747206218657
158,1982,"U",2909.71478295329
158,1982,"V",78.064150245511
158,1983,"U",1669.82084298896
158,1983,"V",33.3553997741546
158,1984,"U",2266.12463771037
158,1984,"V",22.4928995211522
158,1985,"U",545.521579214034
158,1985,"V",5.51880993905069
158,1986,"U",777.961452329476
158,1986,"V",18.5450699689972
158,1987,"U",3396.80466482088
158,1987,"V",32.8664397950488
158,1988,"U",3693.15961014068
158,1988,"V",8.26892006328489
158,1989,"U",6572.90843768517
158,1989,"V",2.64797002514388
158,1990,"U",8228.49683792917
158,1990,"V",144.0702737375
158,1991,"U",19401.0645650664
158,1991,"V",22.6951704742387
158,1992,"U",3598.43929488959
158,1992,"V",20.3651294598385
158,1993,"U",3329.65644000682
158,1993,"V",15.0934399324178
158,1994,"U",7869.39089196088
158,1995,"U",6198.9865906899
158,1996,"U",5064.3172934521
158,1997,"U",6120.33390330702
158,1997,"V",0.0202099999842176
158,1998,"U",9406.81760585596
158,1998,"V",0.128539999561326
158,1999,"U",6656.72877953302
158,1999,"V",0.324639997605118
158,2000,"U",10873.4914873575
158,2000,"V",6.89112995969118
158,2001,"U",14659.648717986
158,2001,"V",6.46707997800696
158,2002,"U",11033.7884540377
158,2002,"V",8.1473699339549
158,2003,"U",12406.330400719
158,2003,"V",1.11476997505451
158,2004,"U",9827.23441145815
158,2004,"V",15.1682400843383
158,2005,"U",11511.2783406235
158,2005,"V",46.8831394115113
158,2006,"U",10333.3095462103
158,2006,"V",0.0123499999572232
158,2007,"U",9863.01631267244
158,2007,"V",9.66350999687711
158,2008,"U",10844.1048112624
158,2008,"V",0.234240000761929
158,2009,"U",10694.0725368811
158,2009,"V",0.00644000010288437
158,2010,"U",11309.5028432401
158,2010,"V",0.053219999648718
158,2011,"U",10699.259801349
158,2011,"V",0.211649999935616
158,2012,"U",10881.7676994554
158,2012,"V",0.0250399999822548
158,2013,"U",14262.6530311953
158,2013,"V",0.0994400007875811
158,2014,"U",12509.1119092485
158,2014,"V",0.152510000974871
158,2015,"U",12162.6921341122
158,2015,"V",5.38947002385612
158,2016,"U",12191.33938828
158,2016,"V",0.19673999868246
158,2017,"U",12528.9881122942
158,2017,"V",0.000719999989087228
161,1894,"U",6711.2443
161,1895,"U",6587.1916
161,1896,"U",6077.28
161,1897,"U",5305.5397
161,1898,"U",5029.9052
161,1899,"U",5801.5904
161,1900,"U",6146.0741
161,1901,"U",6407.8706
161,1902,"U",6807.4667
161,1903,"U",5264.0452
161,1904,"U",5580.9594
161,1905,"U",6035.6689
161,1906,"U",6159.6525
161,1907,"U",6448.9911
161,1908,"U",6779.6639
161,1909,"U",7633.9581
161,1910,"U",11381.9556
161,1911,"U",13324.7773
161,1912,"U",21413.1716
161,1913,"U",25257.4061
161,1914,"U",24857.5825
161,1915,"U",25656.5289
161,1916,"U",27750.6592
161,1917,"U",24429.6881
161,1918,"U",22390.1818
161,1919,"U",28218.1766
161,1920,"U",31166.3535
161,1921,"U",26963.6215
161,1922,"U",29829.0125
161,1923,"U",31261.4112
161,1924,"U",32335.5125
161,1925,"U",36702.2645
161,1926,"U",38216.9834
161,1927,"U",41026.5695
161,1928,"U",41976.1558
161,1929,"U",42622.5315
161,1930,"U",45004.4707
161,1931,"U",47317.256
161,1932,"U",50359.7731
161,1933,"U",67575.318
161,1934,"U",61388.078
161,1935,"U",55986.1048
161,1936,"U",59880.3655
161,1937,"U",55634.9452
161,1938,"U",49585.6549
161,1939,"U",50297.1273
161,1940,"U",50167.7453
161,1941,"U",56093.9534
161,1942,"U",50372.9421
161,1943,"U",46715.7402
161,1944,"U",33730.3082
161,1945,"U",24641.3773
161,1946,"U",0.0227
161,1947,"U",30286.1103
161,1948,"U",33309.3385
161,1949,"U",35989.1898
161,1950,"U",263668.845242379
161,1950,"V",686.859437351192
161,1951,"U",273184.693023852
161,1951,"V",1189.35119381234
161,1952,"U",388411.495789015
161,1952,"V",2705.31472278512
161,1953,"U",359585.286403057
161,1953,"V",1875.50796826103
161,1954,"U",391378.894766753
161,1954,"V",2336.29924918546
161,1955,"U",402656.276006061
161,1955,"V",17505.1555935047
161,1956,"U",399534.583230602
161,1956,"V",21285.3105502503
161,1957,"U",466272.370526343
161,1957,"V",19982.7996860387
161,1958,"U",413883.2076419
161,1958,"V",13238.5086026964
161,1959,"U",407124.668143644
161,1959,"V",3543.82183850571
161,1960,"U",404485.457343259
161,1960,"V",4177.99555568724
161,1961,"U",428555.160086102
161,1961,"V",4233.36128142491
161,1962,"U",494807.622114736
161,1962,"V",4267.10535505754
161,1963,"U",629081.52186118
161,1963,"V",25725.9792644777
161,1964,"U",553573.919102094
161,1964,"V",17523.5404231405
161,1965,"U",736677.568304908
161,1965,"V",24053.0287511509
161,1966,"U",704567.349145033
161,1966,"V",24112.1487780496
161,1967,"U",818524.20057734
161,1967,"V",20282.3084911651
161,1968,"U",1014417.94073383
161,1968,"V",23329.4081281673
161,1969,"U",1188721.47404459
161,1969,"V",19531.0991896499
161,1970,"U",1494591.472308
161,1970,"V",24690.0061419097
161,1971,"U",1096308.90794595
161,1971,"V",16788.6348625539
161,1972,"U",1103349.18361416
161,1972,"V",17402.5567926938
161,1973,"U",1268722.48814765
161,1973,"V",28972.6469269516
161,1974,"U",1317076.23686662
161,1974,"V",36452.7425175389
161,1975,"U",1524320.51654351
161,1975,"V",33996.2512979287
161,1976,"U",1432194.14442086
161,1976,"V",37680.7946645283
161,1977,"U",1654989.14102529
161,1977,"V",38169.5400971723
161,1978,"U",1571529.04453888
161,1978,"V",17593.5400023668
161,1979,"U",1343865.42567367
161,1979,"V",11295.6826979765
161,1980,"U",1429952.57699063
161,1980,"V",17793.5067583866
161,1981,"U",1191469.24422034
161,1981,"V",14904.2505857487
161,1982,"U",864747.059835103
161,1982,"V",22590.8085857287
161,1983,"U",923492.36442368
161,1983,"V",29193.055183252
161,1984,"U",989736.617562943
161,1984,"V",39537.9606536316
161,1985,"U",798889.074564442
161,1985,"V",33091.705620738
161,1986,"U",1161650.03401104
161,1986,"V",41474.3503866079
161,1987,"U",1091796.27734644
161,1987,"V",47583.612266716
161,1988,"U",1209668.96505991
161,1988,"V",62829.6323711908
161,1989,"U",1050003.27306975
161,1989,"V",33922.4917976613
161,1990,"U",721928.204636845
161,1990,"V",31935.7092661193
161,1991,"U",772284.985167568
161,1991,"V",28010.0930726706
161,1992,"U",759027.067963319
161,1992,"V",34749.6275665224
161,1993,"U",1142547.51116729
161,1993,"V",45815.1938843941
161,1994,"U",1179201.21315803
161,1994,"V",51687.4337355541
161,1995,"U",1166812.3922823
161,1995,"V",71347.7258420225
161,1996,"U",1531415.61094486
161,1996,"V",88386.0195084746
161,1997,"U",1459082.54186873
161,1997,"V",34686.210263823
161,1998,"U",1279983.52345494
161,1998,"V",28508.5674144678
161,1999,"U",911757.042310765
161,1999,"V",16479.531170223
161,2000,"U",913072.902906458
161,2000,"V",45253.8500787247
161,2001,"U",970240.27633848
161,2001,"V",20562.3964891944
161,2002,"U",820606.566626174
161,2002,"V",33928.7899356765
161,2003,"U",819239.486120562
161,2003,"V",14599.5763257191
161,2004,"U",827642.15978883
161,2004,"V",17343.5398713506
161,2005,"U",1137145.59262146
161,2005,"V",16659.80320565
161,2006,"U",1156218.18644117
161,2006,"V",3572.33500204875
161,2007,"U",973076.384169506
161,2007,"V",3590.63320021114
161,2008,"U",1208486.91154354
161,2008,"V",3453.95263889844
161,2009,"U",1020954.55009329
161,2009,"V",3358.0309508959
161,2010,"U",1076576.91797502
161,2010,"V",3015.00405907536
161,2011,"U",1037356.73271089
161,2011,"V",2351.55211357496
161,2012,"U",1062889.54277197
161,2012,"V",2815.0014530256
161,2013,"U",992706.662073944
161,2013,"V",2690.68503767633
161,2014,"U",1178895.03012961
161,2014,"V",2797.81081212786
161,2015,"U",1189166.66478887
161,2015,"V",4226.08971686927
161,2016,"U",1125311.77933963
161,2016,"V",2289.11334757135
161,2017,"U",1133819.54224785
161,2017,"V",2471.20314216842
167,1911,"U",0.018
167,1912,"U",0.0362
167,1913,"U",0.0499
167,1914,"U",0.0457
167,1915,"U",0.0408
167,1916,"U",0.0348
167,1917,"U",0.0753
167,1918,"U",0.0503
167,1919,"U",0.0464
167,1920,"U",0.0843
167,1921,"U",0.0822
167,1922,"U",0.0904
167,1923,"U",0.0969
167,1924,"U",0.1125
167,1925,"U",0.1452
167,1926,"U",0.1371
167,1927,"U",0.1894
167,1928,"U",0.1763
167,1929,"U",0.1582
167,1930,"U",0.1542
167,1931,"U",0.1968
167,1932,"U",0.1408
167,1933,"U",0.1602
167,1934,"U",0.1295
167,1935,"U",0.1697
167,1936,"U",0.2923
167,1937,"U",0.3746
167,1938,"U",0.2795
167,1939,"U",0.4968
167,1940,"U",0.8567
167,1941,"U",0.4732
167,1942,"U",0.733
167,1943,"U",0.6585
167,1944,"U",0.786
167,1945,"U",1.298
167,1946,"U",1.336
167,1947,"U",2.1469
167,1948,"U",5.223
167,1949,"U",8.5545
167,1950,"U",106211.201041723
167,1950,"V",873.300502739455
167,1951,"U",108649.078938816
167,1951,"V",906.559229137227
167,1952,"U",89891.7381347992
167,1952,"V",1419.25873300447
167,1953,"U",97013.2004202393
167,1953,"V",1300.01298028405
167,1954,"U",88458.195948807
167,1954,"V",1465.61312981622
167,1955,"U",75929.7685969084
167,1955,"V",689.208105197333
167,1956,"U",105408.659921864
167,1956,"V",1116.90656622432
167,1957,"U",77842.4986595176
167,1957,"V",3958.80209106752
167,1958,"U",95948.7037981364
167,1958,"V",1075.78960770847
167,1959,"U",92608.0734534405
167,1959,"V",2408.8985274086
167,1960,"U",73636.2327711707
167,1960,"V",3562.91241357223
167,1961,"U",124801.811131724
167,1961,"V",3965.47118632559
167,1962,"U",121973.248392475
167,1962,"V",5589.87887601146
167,1963,"U",150191.565705284
167,1963,"V",6285.48895515184
167,1964,"U",164973.617851113
167,1964,"V",8395.18022034634
167,1965,"U",144557.019927526
167,1965,"V",10304.707599459
167,1966,"U",122947.952815355
167,1966,"V",12968.5616231996
167,1967,"U",131012.281000106
167,1967,"V",10184.9133608129
167,1968,"U",124549.371133545
167,1968,"V",8812.40725121945
167,1969,"U",139953.694812605
167,1969,"V",8159.50821725028
167,1970,"U",154905.2794005
167,1970,"V",8928.04072682485
167,1971,"U",138940.723046584
167,1971,"V",5415.90957166165
167,1972,"U",146760.399126621
167,1972,"V",7679.12251865299
167,1973,"U",170990.130853448
167,1973,"V",7131.69158150227
167,1974,"U",170849.787647591
167,1974,"V",6606.28228674461
167,1975,"U",155542.145453185
167,1975,"V",5879.70802853592
167,1976,"U",159103.678916417
167,1976,"V",5688.48818238017
167,1977,"U",175505.606615084
167,1977,"V",6677.32268422951
167,1978,"U",128419.868762473
167,1978,"V",6195.95095086003
167,1979,"U",96613.0078423062
167,1979,"V",7073.77561542101
167,1980,"U",112008.461275311
167,1980,"V",7553.02696239562
167,1981,"U",80284.5044419365
167,1981,"V",6258.063675442
167,1982,"U",124042.390634232
167,1982,"V",5477.68961729391
167,1983,"U",152379.802535584
167,1983,"V",3823.74457944184
167,1984,"U",157855.36066153
167,1984,"V",4096.4970893817
167,1985,"U",266338.929465979
167,1985,"V",4669.72848531822
167,1986,"U",179474.586210641
167,1986,"V",4852.85423715995
167,1987,"U",193690.691039959
167,1987,"V",4468.23300924629
167,1988,"U",169641.656671101
167,1988,"V",7708.54701926262
167,1989,"U",255394.704579563
167,1989,"V",5380.27560657374
167,1990,"U",109524.032099863
167,1990,"V",7360.07633651525
167,1991,"U",129269.781872788
167,1991,"V",9366.84280052947
167,1992,"U",97735.9706883456
167,1992,"V",9537.1636662944
167,1993,"U",100266.285681696
167,1993,"V",9506.6113163776
167,1994,"U",106829.583697267
167,1994,"V",5801.86746995507
167,1995,"U",103197.860313402
167,1995,"V",3624.33674835679
167,1996,"U",147176.544093285
167,1996,"V",5826.66324026068
167,1997,"U",100475.049405295
167,1997,"V",4421.61182793708
167,1998,"U",132636.329483469
167,1998,"V",5802.21299177844
167,1999,"U",102502.153665724
167,1999,"V",8247.48681230359
167,2000,"U",87723.0032593617
167,2000,"V",2962.9773651575
167,2001,"U",97142.4108846819
167,2001,"V",2053.36370645573
167,2002,"U",120051.87482491
167,2002,"V",4187.28807731877
167,2003,"U",87108.0787388267
167,2003,"V",3571.22425025768
167,2004,"U",109685.697094982
167,2004,"V",2753.38170954881
167,2005,"U",96358.8554152063
167,2005,"V",3001.38374449399
167,2006,"U",113508.558474342
167,2006,"V",5708.57065104366
167,2007,"U",94162.9471421064
167,2007,"V",5946.50638730618
167,2008,"U",105974.27511867
167,2008,"V",3980.56233744322
167,2009,"U",85655.8296314387
167,2009,"V",3915.56498283756
167,2010,"U",104342.367240311
167,2010,"V",7941.71705069948
167,2011,"U",97315.2040181745
167,2011,"V",4776.85669498123
167,2012,"U",137368.358881802
167,2012,"V",5184.52914790714
167,2013,"U",128749.204646832
167,2013,"V",5853.4242000434
167,2014,"U",106697.714122963
167,2014,"V",6278.36558772351
167,2015,"U",189861.803953469
167,2015,"V",5819.05070455718
167,2016,"U",110464.778912804
167,2016,"V",2455.35306928826
167,2017,"U",117854.534933103
167,2017,"V",1904.84105817983
171,1920,"U",0.0016
171,1921,"U",0.0015
171,1922,"U",0.0015
171,1923,"U",0.0016
171,1924,"U",0.0016
171,1925,"U",0.002
171,1926,"U",0.0024
171,1927,"U",0.0032
171,1928,"U",0.0039
171,1929,"U",0.0044
171,1930,"U",0.0043
171,1931,"U",0.0041
171,1932,"U",0.0044
171,1933,"U",0.0046
171,1934,"U",0.0054
171,1935,"U",0.0057
171,1936,"U",0.006
171,1937,"U",0.007
171,1938,"U",0.0079
171,1939,"U",0.0087
171,1940,"U",0.0089
171,1941,"U",0.0092
171,1942,"U",0.0091
171,1943,"U",0.01
171,1944,"U",0.0138
171,1945,"U",0.0189
171,1946,"U",17192.6397
171,1947,"U",86237.9687
171,1948,"U",66891.1889
171,1949,"U",119725.778
171,1950,"U",145396.248791773
171,1950,"V",5558.08097002916
171,1951,"U",211116.469071226
171,1951,"V",11663.9575160611
171,1952,"U",225157.949383925
171,1952,"V",14433.14076561
171,1953,"U",242100.978063484
171,1953,"V",13821.4228536202
171,1954,"U",317996.083217622
171,1954,"V",17003.7767215741
171,1955,"U",259677.154213988
171,1955,"V",20313.4850352195
171,1956,"U",304127.047720002
171,1956,"V",20160.9050644281
171,1957,"U",291819.949920523
171,1957,"V",23699.0208155791
171,1958,"U",324873.763426636
171,1958,"V",21804.4966675913
171,1959,"U",407431.67906271
171,1959,"V",22214.250054093
171,1960,"U",362019.247690417
171,1960,"V",23151.376674257
171,1961,"U",440191.544992921
171,1961,"V",30100.5240589648
171,1962,"U",460852.131107054
171,1962,"V",32414.8748438586
171,1963,"U",473972.422562689
171,1963,"V",34455.4658391379
171,1964,"U",492792.687904363
171,1964,"V",37180.5954242519
171,1965,"U",530799.783708092
171,1965,"V",37885.8937841405
171,1966,"U",568797.015860938
171,1966,"V",46580.9605398755
171,1967,"U",582903.081952005
171,1967,"V",45664.9401323884
171,1968,"U",624518.916507895
171,1968,"V",51749.450924452
171,1969,"U",634447.024079277
171,1969,"V",42183.4292807993
171,1970,"U",763027.933452881
171,1970,"V",48997.5445500522
171,1971,"U",806171.635734475
171,1971,"V",57857.8644311994
171,1972,"U",864216.943587544
171,1972,"V",72012.2187211994
171,1973,"U",907570.279068974
171,1973,"V",59008.3072981344
171,1974,"U",889449.395220503
171,1974,"V",68232.1603131756
171,1975,"U",844372.70192995
171,1975,"V",76432.2432792677
171,1976,"U",864377.43390746
171,1976,"V",102702.410160375
171,1977,"U",1088812.04275196
171,1977,"V",137564.151476093
171,1978,"U",1287586.02968245
171,1978,"V",139539.939928496
171,1979,"U",1192415.59451471
171,1979,"V",151252.712081968
171,1980,"U",1323650.48336609
171,1980,"V",154067.140291134
171,1981,"U",1111331.17542248
171,1981,"V",186403.435213089
171,1982,"U",1385869.72943861
171,1982,"V",206458.898547821
171,1983,"U",1616503.60074543
171,1983,"V",164707.479869703
171,1984,"U",1264115.18974533
171,1984,"V",181717.266366041
171,1985,"U",1249062.13474622
171,1985,"V",194805.857715804
171,1986,"U",1689887.50805209
171,1986,"V",186666.402439972
171,1987,"U",1711431.6520611
171,1987,"V",237817.800739991
171,1988,"U",1430762.84590435
171,1988,"V",237394.161404129
171,1989,"U",1503549.47413231
171,1989,"V",240130.029501812
171,1990,"U",1568267.76869114
171,1990,"V",237260.912499992
171,1991,"U",1769741.82944108
171,1991,"V",210775.056539374
171,1992,"U",1737980.22514991
171,1992,"V",246470.892985341
171,1993,"U",1720110.37269342
171,1993,"V",214395.780492282
171,1994,"U",1710669.57884862
171,1994,"V",229473.353039086
171,1995,"U",2071549.68053558
171,1995,"V",240523.260974767
171,1996,"U",1960834.30836378
171,1996,"V",243350.644879193
171,1997,"U",2039742.42320332
171,1997,"V",242762.697283795
171,1998,"U",2030977.50485649
171,1998,"V",241939.290946646
171,1999,"U",2140929.22866659
171,1999,"V",211803.492779473
171,2000,"U",1800315.24766751
171,2000,"V",176919.10880562
171,2001,"U",1704320.35065188
171,2001,"V",209817.651012953
171,2002,"U",1757082.41806304
171,2002,"V",162977.456470302
171,2003,"U",1906754.76060104
171,2003,"V",162331.548142067
171,2004,"U",1967100.41866447
171,2004,"V",179876.992180162
171,2005,"U",2319708.87798339
171,2005,"V",197238.088818938
171,2006,"U",2211164.27629536
171,2006,"V",183081.302028197
171,2007,"U",2286702.11448125
171,2007,"V",197706.754183066
171,2008,"U",2272897.43588261
171,2008,"V",198956.963599054
171,2009,"U",2360498.2489517
171,2009,"V",176842.437710541
171,2010,"U",2456928.76556906
171,2010,"V",170348.853698466
171,2011,"U",2520332.69113165
171,2011,"V",181174.128729541
171,2012,"U",2601260.06168553
171,2012,"V",195612.748601384
171,2013,"U",2545976.12925793
171,2013,"V",194794.665071968
171,2014,"U",2780676.26040249
171,2014,"V",210638.615894239
171,2015,"U",2758856.0295942
171,2015,"V",215074.944736897
171,2016,"U",2887801.98941921
171,2016,"V",219123.823781033
171,2017,"U",2848300.32650748
171,2017,"V",326274.604587928
177,1922,"U",5e-04
177,1923,"U",0.0013
177,1924,"U",0.001
177,1925,"U",0.0021
177,1926,"U",0.002
177,1927,"U",0.0027
177,1928,"U",0.0026
177,1929,"U",0.0023
177,1930,"U",0.0022
177,1931,"U",0.0015
177,1932,"U",0.0017
177,1933,"U",0.0013
177,1934,"U",0.0028
177,1935,"U",0.0028
177,1936,"U",0.003
177,1937,"U",0.0035
177,1938,"U",0.0061
177,1939,"U",0.0198
177,1940,"U",0.024
177,1941,"U",0.022
177,1942,"U",0.0257
177,1943,"U",0.0332
177,1947,"U",0.0684
177,1948,"U",0.1285
177,1949,"U",0.2541
177,1950,"U",161071.546798195
177,1950,"V",596.380645544676
177,1951,"U",126725.057619869
177,1951,"V",567.984293988284
177,1952,"U",124249.971468774
177,1952,"V",407.241209850538
177,1953,"U",118692.676645417
177,1953,"V",675.86818677609
177,1954,"U",132954.782252583
177,1954,"V",599.595535929522
177,1955,"U",117181.725402164
177,1955,"V",855.595367211274
177,1956,"U",147046.381597459
177,1956,"V",1123.82064332262
177,1957,"U",127089.619298046
177,1957,"V",2040.06622554359
177,1958,"U",128466.415732055
177,1958,"V",2355.69655671412
177,1959,"U",125367.796033976
177,1959,"V",2535.27146392423
177,1960,"U",149270.603230642
177,1960,"V",2184.94609801434
177,1961,"U",163750.077577485
177,1961,"V",2572.89465686085
177,1962,"U",146162.976540438
177,1962,"V",3401.12235282452
177,1963,"U",148301.539098871
177,1963,"V",2469.60284930847
177,1964,"U",194395.767437317
177,1964,"V",2342.92023297947
177,1965,"U",182366.463420525
177,1965,"V",2769.81414381485
177,1966,"U",176839.332118968
177,1966,"V",1991.41164612699
177,1967,"U",186172.076249524
177,1967,"V",1899.57097760891
177,1968,"U",185806.456200938
177,1968,"V",4944.80729886936
177,1969,"U",202965.674825027
177,1969,"V",2384.5794136989
177,1970,"U",287360.137285221
177,1970,"V",13392.9026946383
177,1971,"U",297389.12415108
177,1971,"V",20791.9592675133
177,1972,"U",342035.05577852
177,1972,"V",23857.3664296051
177,1973,"U",358271.33988077
177,1973,"V",27246.2554410138
177,1974,"U",443673.084784204
177,1974,"V",25847.8082247328
177,1975,"U",385938.018765406
177,1975,"V",26254.9171563494
177,1976,"U",408847.130556891
177,1976,"V",28189.0735341424
177,1977,"U",341429.066551899
177,1977,"V",27971.5991184623
177,1978,"U",350013.235277514
177,1978,"V",6694.72345325175
177,1979,"U",307882.404319196
177,1979,"V",3656.65352301134
177,1980,"U",301939.948789458
177,1980,"V",2841.0662567227
177,1981,"U",505123.717355631
177,1981,"V",4367.0773894708
177,1982,"U",463504.738601034
177,1982,"V",3534.51322194289
177,1983,"U",449774.329481432
177,1983,"V",5916.94205419916
177,1984,"U",523090.51487169
177,1984,"V",4407.18862461208
177,1985,"U",793173.233333465
177,1985,"V",5230.57758118311
177,1986,"U",652638.773843113
177,1986,"V",5553.01506089823
177,1987,"U",505734.215753024
177,1987,"V",6162.44599976827
177,1988,"U",521197.44084762
177,1988,"V",5301.96602712698
177,1989,"U",504478.375570567
177,1989,"V",6842.84488834696
177,1990,"U",531460.33799932
177,1990,"V",5480.47318246952
177,1991,"U",570809.082678459
177,1991,"V",7511.31954536153
177,1992,"U",514351.961420639
177,1992,"V",8819.8348989725
177,1993,"U",551326.618513978
177,1993,"V",7625.31808940814
177,1994,"U",519613.433925248
177,1994,"V",10406.3339226757
177,1995,"U",543656.121434071
177,1995,"V",7509.8909168499
177,1996,"U",504626.248920255
177,1996,"V",7933.28869453312
177,1997,"U",581906.378542618
177,1997,"V",7681.25174252488
177,1998,"U",667204.817216083
177,1998,"V",4421.50413453447
177,1999,"U",830077.624159701
177,1999,"V",4517.38122718665
177,2000,"U",769331.573962912
177,2000,"V",6355.06961933777
177,2001,"U",747424.284009646
177,2001,"V",7222.01573472952
177,2002,"U",726929.194846153
177,2002,"V",9449.08257118286
177,2003,"U",761300.039412525
177,2003,"V",8870.92226692277
177,2004,"U",722576.056278616
177,2004,"V",8133.7563582865
177,2005,"U",677230.875945848
177,2005,"V",8879.5621676798
177,2006,"U",576529.091974
177,2006,"V",11475.1194898031
177,2007,"U",560481.127414715
177,2007,"V",9461.0438496285
177,2008,"U",592948.457372356
177,2008,"V",8315.7027159949
177,2009,"U",615407.23199204
177,2009,"V",7122.82109719433
177,2010,"U",584868.186960293
177,2010,"V",7237.69016703655
177,2011,"U",642236.900905294
177,2011,"V",6847.73259429027
177,2012,"U",677914.016396372
177,2012,"V",5543.71448764308
177,2013,"U",694366.014238757
177,2013,"V",4607.89430859378
177,2014,"U",821456.694003959
177,2014,"V",3974.03504476125
177,2015,"U",873816.928325614
177,2015,"V",3512.85032899533
177,2016,"U",785835.6628642
177,2016,"V",3594.77707818939
177,2017,"U",799492.621985637
177,2017,"V",3514.97573106982
181,1921,"U",1774.7093
181,1922,"U",1774.6295
181,1923,"U",2184.0537
181,1924,"U",2320.4361
181,1925,"U",2729.771
181,1926,"U",2320.1638
181,1927,"U",2456.4814
181,1928,"U",2046.9197
181,1929,"U",2592.5603
181,1930,"U",2592.335
181,1931,"U",2319.2341
181,1932,"U",2046.164
181,1933,"U",2318.7095
181,1934,"U",2318.3985
181,1935,"U",2590.75680000001
181,1936,"U",2590.3074
181,1937,"U",2589.7882
181,1938,"U",2589.1841
181,1939,"U",2452.23410000001
181,1940,"U",2451.42330000001
181,1941,"U",2314.298
181,1942,"U",2313.13210000001
181,1943,"U",2175.65710000001
181,1944,"U",2309.64600000001
181,1945,"U",2442.5707
181,1946,"U",4334.56160000001
181,1947,"U",4456.75430000001
181,1948,"U",4833.46650000001
181,1949,"U",4883.84490000001
181,1950,"U",2735.63621254043
181,1950,"V",155.707809691783
181,1951,"U",3750.66522838001
181,1951,"V",151.023719316814
181,1952,"U",3110.33657943132
181,1952,"V",128.176478061592
181,1953,"U",3757.19953289364
181,1953,"V",244.49598342205
181,1954,"U",3379.31981335878
181,1954,"V",231.419174750365
181,1955,"U",3388.24459025972
181,1955,"V",324.100400607568
181,1956,"U",8323.15254565218
181,1956,"V",267.65224613918
181,1957,"U",8992.28823485418
181,1957,"V",193.729590789415
181,1958,"U",6279.39155439115
181,1958,"V",210.267970889341
181,1959,"U",17511.9834669746
181,1959,"V",140.693451042753
181,1960,"U",23513.9170142274
181,1960,"V",103.756510240026
181,1961,"U",23914.4461338529
181,1961,"V",380.950999068609
181,1962,"U",20002.781840048
181,1962,"V",252.957388936244
181,1963,"U",18187.5101334742
181,1963,"V",324.669509273415
181,1964,"U",42403.983061062
181,1964,"V",234.621319918417
181,1965,"U",38316.8557545159
181,1965,"V",251.840520443002
181,1966,"U",44222.2909476875
181,1966,"V",292.341530536767
181,1967,"U",56931.5758487162
181,1967,"V",310.903513520676
181,1968,"U",48837.5871787171
181,1968,"V",722.054317705602
181,1969,"U",56234.7632806063
181,1969,"V",409.448156039667
181,1970,"U",45736.8106277772
181,1970,"V",363.007891004275
181,1971,"U",53477.8702806706
181,1971,"V",448.145122811733
181,1972,"U",68829.8842721218
181,1972,"V",704.066388466457
181,1973,"U",83878.5291440893
181,1973,"V",634.016037776953
181,1974,"U",96125.3297918844
181,1974,"V",772.432036654834
181,1975,"U",67046.7980715135
181,1975,"V",327.940912621445
181,1976,"U",90129.4494403518
181,1976,"V",525.611550182675
181,1977,"U",142913.150373853
181,1977,"V",1804.49533525067
181,1978,"U",134358.483139748
181,1978,"V",283.103589362981
181,1979,"U",80699.8957464033
181,1979,"V",348.15926969927
181,1980,"U",164206.924538349
181,1980,"V",646.324562868206
181,1981,"U",222453.601957799
181,1981,"V",889.842419420397
181,1982,"U",195221.050553336
181,1982,"V",899.923960593893
181,1983,"U",179189.954699106
181,1983,"V",879.835420261942
181,1984,"U",231135.796306673
181,1984,"V",586.58338317003
181,1985,"U",210799.231423041
181,1985,"V",503.912480636754
181,1986,"U",328436.818539016
181,1986,"V",623.350736953431
181,1987,"U",371924.512480415
181,1987,"V",798.838918138634
181,1988,"U",413403.285826871
181,1988,"V",732.140994093421
181,1989,"U",353916.079447144
181,1989,"V",758.525870862904
181,1990,"U",334838.952677947
181,1990,"V",636.22449085418
181,1991,"U",251365.478566782
181,1991,"V",804.457779329445
181,1992,"U",315929.892349235
181,1992,"V",1284.4902838091
181,1993,"U",217135.109663673
181,1993,"V",1007.40353954024
181,1994,"U",230165.800199596
181,1994,"V",1097.09413469601
181,1995,"U",227461.784426465
181,1995,"V",2317.57424333441
181,1996,"U",222927.174013463
181,1996,"V",714.300416835228
181,1997,"U",234921.198255712
181,1997,"V",1061.17479816173
181,1998,"U",247564.900116995
181,1998,"V",1122.57212731109
181,1999,"U",226282.905674471
181,1999,"V",1308.02668521173
181,2000,"U",233285.206938487
181,2000,"V",1446.09569553658
181,2001,"U",209898.932329279
181,2001,"V",1101.33690185499
181,2002,"U",237357.619322181
181,2002,"V",932.288529082263
181,2003,"U",267764.042879898
181,2003,"V",1171.26902791107
181,2004,"U",228650.709346839
181,2004,"V",740.390153414369
181,2005,"U",264323.089272887
181,2005,"V",910.827285294035
181,2006,"U",199433.304725563
181,2006,"V",974.569957468474
181,2007,"U",192136.783311465
181,2007,"V",812.015948115084
181,2008,"U",198827.656945564
181,2008,"V",704.506079816605
181,2009,"U",188775.044453166
181,2009,"V",635.469809554244
181,2010,"U",178848.310054504
181,2010,"V",1216.10604475737
181,2011,"U",176582.418452069
181,2011,"V",847.815416766898
181,2012,"U",204385.331809021
181,2012,"V",831.980493790056
181,2013,"U",220565.892176362
181,2013,"V",786.39276285749
181,2014,"U",205330.967377362
181,2014,"V",871.754666473196
181,2015,"U",185226.493013749
181,2015,"V",925.597152113809
181,2016,"U",143317.330310175
181,2016,"V",965.030004591223
181,2017,"U",134935.438300153
181,2017,"V",2265.7127009368
187,1931,"U",3e-04
187,1932,"U",4e-04
187,1933,"U",4e-04
187,1934,"U",5e-04
187,1935,"U",5e-04
187,1936,"U",7e-04
187,1937,"U",9e-04
187,1938,"U",7e-04
187,1939,"U",0.0011
187,1940,"U",0.0013
187,1941,"U",0.0013
187,1942,"U",0.0013
187,1943,"U",0.0018
187,1944,"U",0.0021
187,1945,"U",0.003
187,1946,"U",0.0048
187,1947,"U",0.0063
187,1948,"U",0.0099
187,1949,"U",0.0229
187,1950,"U",7378.50468167634
187,1950,"V",484.46017052998
187,1951,"U",8908.18346311881
187,1951,"V",540.037960381673
187,1952,"U",9109.526125292
187,1952,"V",804.303234186679
187,1953,"U",9406.35153435757
187,1953,"V",1002.71731919705
187,1954,"U",12714.2019145254
187,1954,"V",1093.09930503873
187,1955,"U",15880.8211078705
187,1955,"V",1141.45698821422
187,1956,"U",17490.5130243943
187,1956,"V",1564.26319229845
187,1957,"U",22830.7751473052
187,1957,"V",320.885910170185
187,1958,"U",28143.0914628866
187,1958,"V",323.581871763807
187,1959,"U",30437.8614439383
187,1959,"V",1027.99952748489
187,1960,"U",70139.992638374
187,1960,"V",512.62911924575
187,1961,"U",70185.2368154402
187,1961,"V",1747.27334086087
187,1962,"U",64860.9917741251
187,1962,"V",3166.39737673344
187,1963,"U",70342.0137002113
187,1963,"V",3656.93415918299
187,1964,"U",67759.1048257697
187,1964,"V",3160.51514138643
187,1965,"U",70238.7634474922
187,1965,"V",3204.66948126989
187,1966,"U",69998.4716225359
187,1966,"V",4715.54228808743
187,1967,"U",87854.6409877516
187,1967,"V",4613.659343368
187,1968,"U",83234.412808046
187,1968,"V",3659.01921501184
187,1969,"U",89080.3604397575
187,1969,"V",2937.29120238062
187,1970,"U",152773.531989564
187,1970,"V",3589.90803636524
187,1971,"U",167918.610806839
187,1971,"V",3997.00611392174
187,1972,"U",185603.094010206
187,1972,"V",3705.49477359011
187,1973,"U",333089.591200775
187,1973,"V",3800.22407139985
187,1974,"U",322196.94078556
187,1974,"V",3727.5970730463
187,1975,"U",366423.611389948
187,1975,"V",3352.04157530437
187,1976,"U",514012.70849391
187,1976,"V",3394.06249701533
187,1977,"U",801885.71794691
187,1977,"V",3781.51547301848
187,1978,"U",1772764.89745634
187,1978,"V",4206.94893760957
187,1979,"U",1719573.51549582
187,1979,"V",4172.26951441092
187,1980,"U",1267714.30533442
187,1980,"V",4078.77594130565
187,1981,"U",938895.524640859
187,1981,"V",5247.01781803658
187,1982,"U",1050461.562915
187,1982,"V",5179.57981841884
187,1983,"U",698859.241577381
187,1983,"V",4686.10312835849
187,1984,"U",1646273.09341942
187,1984,"V",6084.56483145272
187,1985,"U",1143409.36559405
187,1985,"V",5971.35471073022
187,1986,"U",1061173.68138731
187,1986,"V",4681.76416177221
187,1987,"U",1056388.99480986
187,1987,"V",1508.82838433529
187,1988,"U",1330603.52676633
187,1988,"V",1849.48850160764
187,1989,"U",1305322.51027066
187,1989,"V",2462.1600778897
187,1990,"U",1980875.82444994
187,1990,"V",6212.41097231477
187,1991,"U",2080832.23102332
187,1991,"V",7706.58208920098
187,1992,"U",1351127.55161927
187,1992,"V",6904.24863108246
187,1993,"U",1200383.4121185
187,1993,"V",5789.3843846154
187,1994,"U",1273815.26352632
187,1994,"V",4898.28014367754
187,1995,"U",1418939.62292704
187,1995,"V",6228.90537045325
187,1996,"U",1348572.67698139
187,1996,"V",1779.89793182447
187,1997,"U",1526512.37004262
187,1997,"V",4996.73396573665
187,1998,"U",1188889.93113397
187,1998,"V",2711.73715534104
187,1999,"U",1560319.39372117
187,1999,"V",4135.43520340689
187,2000,"U",1401753.43249161
187,2000,"V",3108.36570988728
187,2001,"U",1663688.00341432
187,2001,"V",2900.48863900572
187,2002,"U",1339456.00834531
187,2002,"V",2604.08196370885
187,2003,"U",1649074.34919504
187,2003,"V",3073.01575910778
187,2004,"U",2031491.66542561
187,2004,"V",1197.69742241686
187,2005,"U",1504499.42871802
187,2005,"V",526.917782007466
187,2006,"U",1791949.85993462
187,2006,"V",379.214210307637
187,2007,"U",1662591.82390052
187,2007,"V",2688.05765628127
187,2008,"U",1532273.68437884
187,2008,"V",3062.2367801397
187,2009,"U",1460152.22647183
187,2009,"V",4173.08956580317
187,2010,"U",1334391.5989014
187,2010,"V",4316.82125390738
187,2011,"U",1356531.24341241
187,2011,"V",3046.52187249699
187,2012,"U",1191766.51667509
187,2012,"V",3257.51974194913
187,2013,"U",1315358.00841943
187,2013,"V",4467.79233888521
187,2014,"U",1439577.24869615
187,2014,"V",6954.2476565156
187,2015,"U",1438845.94912492
187,2015,"V",6417.78106454348
187,2016,"U",1522652.17425192
187,2016,"V",3261.18084936174
187,2017,"U",1668091.69265011
187,2017,"V",1550.02203128564
188,1976,"U",114.649069724488
188,1977,"U",360.99962015191
188,1978,"U",928.033443056808
188,1979,"U",565.642517112239
188,1980,"U",831.868430480994
188,1981,"U",925.523532633254
188,1982,"U",941.219882496483
188,1983,"U",1147.95252218719
188,1984,"U",671.364082805853
188,1985,"U",177.63450046425
188,1986,"U",1943.62950390789
188,1987,"U",2185.4096197877
188,1988,"U",2.83892996046051
188,1990,"U",37.0571197381214
188,1991,"U",205.244506174698
188,1995,"U",0.542179973097518
188,1996,"U",0.000349999987520278
188,1997,"U",0.0623899993188389
188,1998,"U",0.0108600001876766
188,1999,"U",0.273980003697943
188,2000,"U",195.714545884479
188,2001,"U",19.662439975411
188,2002,"U",109.365011208916
188,2003,"U",283.173111177413
188,2004,"U",165.072090063463
188,2004,"V",1.99999994947575e-05
188,2005,"U",27.2501297330091
188,2006,"U",235.908220801448
188,2007,"U",532.164775770954
188,2007,"V",0.0127700002631172
188,2008,"U",928.500527132972
188,2008,"V",0.00174999998125713
188,2009,"U",85.1640906128451
188,2009,"V",0.000289999999949941
188,2010,"U",180.635557259218
188,2010,"V",0.000889999977516709
188,2011,"U",73.8681693245235
188,2011,"V",6.99999982316513e-05
188,2012,"U",41.6858700060475
188,2013,"U",69.9286003170128
188,2013,"V",0.000649999987217598
188,2014,"U",87.1205397724189
188,2014,"V",0.00022000000171829
188,2015,"U",2788.04047287356
188,2016,"U",219.084196237149
188,2016,"V",0.00177000002440764
188,2017,"U",667.43898584192
188,2017,"V",0.0075299999989511
