"LME","Year","class","effort"
1,1841,"U",218941.488697658
1,1841,"V",48706.3232094582
1,1842,"U",218941.488697658
1,1842,"V",48706.3232094582
1,1843,"U",218941.488697658
1,1843,"V",48706.3232094582
1,1844,"U",218941.488697658
1,1844,"V",48706.3232094582
1,1845,"U",218941.488697658
1,1845,"V",48706.3232094582
1,1846,"U",218941.488697658
1,1846,"V",48706.3232094582
1,1847,"U",218941.488697658
1,1847,"V",48706.3232094582
1,1848,"U",218941.488697658
1,1848,"V",48706.3232094582
1,1849,"U",218941.488697658
1,1849,"V",48706.3232094582
1,1850,"U",218941.488697658
1,1850,"V",48706.3232094582
1,1851,"U",218941.488697658
1,1851,"V",48706.3232094582
1,1852,"U",218941.488697658
1,1852,"V",48706.3232094582
1,1853,"U",218941.488697658
1,1853,"V",48706.3232094582
1,1854,"U",218941.488697658
1,1854,"V",48706.3232094582
1,1855,"U",218941.488697658
1,1855,"V",48706.3232094582
1,1856,"U",218941.488697658
1,1856,"V",48706.3232094582
1,1857,"U",218941.488697658
1,1857,"V",48706.3232094582
1,1858,"U",218941.488697658
1,1858,"V",48706.3232094582
1,1859,"U",218941.488697658
1,1859,"V",48706.3232094582
1,1860,"U",218941.488697658
1,1860,"V",48706.3232094582
1,1861,"U",218941.488697658
1,1861,"V",48706.3232094582
1,1862,"U",231528.049164512
1,1862,"V",51506.363922804
1,1863,"U",244838.188818335
1,1863,"V",54467.3740438111
1,1864,"U",258913.504951828
1,1864,"V",57598.6074201396
1,1865,"U",273797.986212761
1,1865,"V",60909.8498868485
1,1866,"U",289538.150078773
1,1866,"V",64411.4498494143
1,1867,"U",306183.188235335
1,1867,"V",68114.3506249125
1,1868,"U",323785.12031126
1,1868,"V",72030.1246424392
1,1869,"U",342398.956452172
1,1869,"V",76171.0096096513
1,1870,"U",362082.869240049
1,1870,"V",80549.9467584575
1,1871,"U",382898.37549613
1,1871,"V",85180.621289392
1,1872,"U",404910.528535324
1,1872,"V",90077.5051410572
1,1873,"U",428188.121473013
1,1873,"V",95255.9022183096
1,1874,"U",452803.90221958
1,1874,"V",100731.996220535
1,1875,"U",478834.800834618
1,1875,"V",106522.901219484
1,1876,"U",506362.16995131
1,1876,"V",112646.715144743
1,1877,"U",535472.039022405
1,1877,"V",119122.576343986
1,1878,"U",566255.383182324
1,1878,"V",125970.723394779
1,1879,"U",598808.40756569
1,1879,"V",133212.558354854
1,1880,"U",633232.847970833
1,1880,"V",140870.713648541
1,1881,"U",669636.288807892
1,1881,"V",148969.122798369
1,1882,"U",708132.499325211
1,1882,"V",157533.095222916
1,1883,"U",748841.789164786
1,1883,"V",166589.395334641
1,1884,"U",791891.384357978
1,1884,"V",176166.326184927
1,1885,"U",837415.824936557
1,1885,"V",186293.817917715
1,1886,"U",885557.38540169
1,1886,"V",197003.521308196
1,1887,"U",936466.519364962
1,1887,"V",208328.906678865
1,1888,"U",990302.329751031
1,1888,"V",220305.368502087
1,1889,"U",1047233.0660314
1,1889,"V",232970.336016092
1,1890,"U",1107436.65004326
1,1890,"V",246363.390200076
1,1891,"U",1171101.2320368
1,1891,"V",260526.387473994
1,1892,"U",1238425.77868859
1,1892,"V",275503.590509645
1,1893,"U",1309620.69491893
1,1893,"V",291341.806561849
1,1894,"U",1384908.48145628
1,1894,"V",308090.533752048
1,1895,"U",1464524.43020403
1,1895,"V",325802.11576148
1,1896,"U",1548717.35958254
1,1896,"V",344531.905417397
1,1897,"U",1637750.39214481
1,1897,"V",364338.43768358
1,1898,"U",1731901.77689587
1,1898,"V",385283.61259575
1,1899,"U",1831465.75888585
1,1899,"V",407432.888713631
1,1900,"U",1936753.49879439
1,1900,"V",430855.487694223
1,1901,"U",2048094.04538046
1,1901,"V",455624.610625634
1,1902,"U",2165835.36383647
1,1902,"V",481817.666797576
1,1903,"U",2290345.42326071
1,1903,"V",509516.51562344
1,1904,"U",2422013.34664669
1,1904,"V",538807.722470085
1,1905,"U",2561250.62698322
1,1905,"V",569782.829194795
1,1906,"U",2708492.41326617
1,1906,"V",602538.640234972
1,1907,"U",2864198.87044051
1,1907,"V",637177.525144565
1,1908,"U",3028856.61752324
1,1908,"V",673807.73852284
1,1909,"U",3202980.2484013
1,1909,"V",712543.758335252
1,1910,"U",3387113.94005767
1,1910,"V",753506.643683815
1,1911,"U",3581833.15325134
1,1911,"V",796824.413145038
1,1912,"U",3787746.43096653
1,1912,"V",842632.44485786
1,1913,"U",4005497.30025155
1,1913,"V",891073.899611932
1,1914,"U",4235766.28339092
1,1914,"V",942300.168258474
1,1915,"U",4479273.02469651
1,1915,"V",996471.344842048
1,1916,"U",4736778.53956375
1,1916,"V",1053756.72693179
1,1917,"U",5009087.59282248
1,1917,"V",1114335.34471581
1,1918,"U",5297051.21381479
1,1918,"V",1178396.52051236
1,1919,"U",5601569.3560604
1,1919,"V",1246140.46044619
1,1920,"U",5923593.70982138
1,1920,"V",1317778.88013949
1,1921,"U",6264130.67635633
1,1921,"V",1393535.66637257
1,1922,"U",6624244.51315912
1,1922,"V",1473647.57678227
1,1923,"U",7005060.66001211
1,1923,"V",1558364.97978494
1,1924,"U",7407769.25624793
1,1924,"V",1647952.63703603
1,1925,"U",7833628.86021281
1,1925,"V",1742690.53087216
1,1926,"U",8283970.38255495
1,1926,"V",1842874.73932123
1,1927,"U",8760201.24563102
1,1927,"V",1948818.36141533
1,1928,"U",9263809.78202958
1,1928,"V",2060852.49569831
1,1929,"U",9796369.88595744
1,1929,"V",2179327.274986
1,1930,"U",10359545.9320268
1,1930,"V",2304612.96061298
1,1931,"U",10955097.9768137
1,1931,"V",2437101.09958559
1,1932,"U",11584887.2594466
1,1932,"V",2577205.74825787
1,1933,"U",12250882.0184119
1,1933,"V",2725364.76635409
1,1934,"U",12955163.6427594
1,1934,"V",2882041.18538273
1,1935,"U",13699933.1769281
1,1935,"V",3047724.65571792
1,1936,"U",14487518.1995246
1,1936,"V",3222932.97687119
1,1937,"U",15320380.0975488
1,1937,"V",3408213.71573574
1,1938,"U",16201121.7588027
1,1938,"V",3604145.91786079
1,1939,"U",17132495.7065227
1,1939,"V",3811341.91710406
1,1940,"U",18117412.7016566
1,1940,"V",4030449.24931793
1,1941,"U",19158950.8396714
1,1941,"V",4262152.67605028
1,1942,"U",20260365.1703194
1,1942,"V",4507176.32458384
1,1943,"U",21425097.8704287
1,1943,"V",4766285.95100319
1,1944,"U",22656789.0015088
1,1944,"V",5040291.33336111
1,1945,"U",23959287.8857931
1,1945,"V",5330048.80242406
1,1946,"U",25336665.1362681
1,1946,"V",5636463.91790558
1,1947,"U",26793225.3782899
1,1947,"V",5960494.29855185
1,1948,"U",28333520.7025424
1,1948,"V",6303152.61492356
1,1949,"U",29962364.8913834
1,1949,"V",6665509.754228
1,1950,"U",34218211.8151215
1,1950,"V",10366900.152696
1,1951,"U",40375928.3647501
1,1951,"V",7987689.51017281
1,1952,"U",38212106.003259
1,1952,"V",8014798.76941539
1,1953,"U",41159975.5515547
1,1953,"V",6822796.96400949
1,1954,"U",43150134.187376
1,1954,"V",7672705.0142512
1,1955,"U",43588436.7358933
1,1955,"V",6025432.46435465
1,1956,"U",42863368.7802277
1,1956,"V",6415128.98792826
1,1957,"U",43112248.8573542
1,1957,"V",6510336.32428222
1,1958,"U",46609684.3274069
1,1958,"V",8724343.63710863
1,1959,"U",49305490.2805721
1,1959,"V",10689567.0202509
1,1960,"U",58435604.4064756
1,1960,"V",11919148.7829781
1,1961,"U",63813322.3208093
1,1961,"V",13375880.7191066
1,1962,"U",62011957.2795598
1,1962,"V",13949068.9069488
1,1963,"U",60258364.7176342
1,1963,"V",12835235.9370354
1,1964,"U",70728962.3035698
1,1964,"V",13804939.5159924
1,1965,"U",89201072.4604781
1,1965,"V",17142655.8963665
1,1966,"U",87366319.2537049
1,1966,"V",21747896.6241754
1,1967,"U",82418134.0176846
1,1967,"V",18888216.218595
1,1968,"U",96282251.081497
1,1968,"V",18222562.5353893
1,1969,"U",91752077.647868
1,1969,"V",17534672.9830347
1,1970,"U",123454959.550345
1,1970,"V",11360548.1930578
1,1971,"U",133058183.230278
1,1971,"V",13077481.1439167
1,1972,"U",96498672.9468646
1,1972,"V",26549288.0541261
1,1973,"U",99280472.41115
1,1973,"V",28669585.537781
1,1974,"U",102182474.145778
1,1974,"V",31024836.4883469
1,1975,"U",113499933.410721
1,1975,"V",32158850.4339085
1,1976,"U",137573571.730819
1,1976,"V",42317424.4284372
1,1977,"U",138030034.162744
1,1977,"V",44512085.4640216
1,1978,"U",125001708.490317
1,1978,"V",45328103.9627046
1,1979,"U",121634681.974196
1,1979,"V",37390462.8096602
1,1980,"U",133299071.073356
1,1980,"V",42495431.9311131
1,1981,"U",145460407.055533
1,1981,"V",36245932.7116416
1,1982,"U",174577867.010193
1,1982,"V",20945906.9839725
1,1983,"U",204679680.349027
1,1983,"V",15349454.8534402
1,1984,"U",244626337.596232
1,1984,"V",15388398.1500642
1,1985,"U",291669822.174522
1,1985,"V",20221240.9955448
1,1986,"U",358483240.964881
1,1986,"V",25991319.9495884
1,1987,"U",318018375.228521
1,1987,"V",21397408.3254725
1,1988,"U",326557587.883532
1,1988,"V",24172367.9758087
1,1989,"U",325641082.185755
1,1989,"V",24821516.0567501
1,1990,"U",355393530.193444
1,1990,"V",27925627.9163647
1,1991,"U",288327069.838186
1,1991,"V",35425854.9812132
1,1992,"U",349367723.143622
1,1992,"V",40850813.8576298
1,1993,"U",381794591.840288
1,1993,"V",38496327.562411
1,1994,"U",328673191.592338
1,1994,"V",21198155.1411749
1,1995,"U",342951304.187214
1,1995,"V",17402403.1238683
1,1996,"U",332072624.410956
1,1996,"V",19134089.7576259
1,1997,"U",308565434.774555
1,1997,"V",17786746.8030667
1,1998,"U",307261034.843006
1,1998,"V",20048322.6740575
1,1999,"U",277420476.458117
1,1999,"V",17429454.3892103
1,2000,"U",272926891.846699
1,2000,"V",11615066.7677783
1,2001,"U",270965978.57398
1,2001,"V",9331142.59264716
1,2002,"U",276572880.841132
1,2002,"V",11363458.3477213
1,2003,"U",286438003.317198
1,2003,"V",9821481.00208637
1,2004,"U",266549878.695396
1,2004,"V",10624779.4345823
1,2005,"U",319956494.513744
1,2005,"V",11449667.4744493
1,2006,"U",267010074.437116
1,2006,"V",9849493.74124262
1,2007,"U",259874851.624867
1,2007,"V",10206182.8527853
1,2008,"U",269253053.896982
1,2008,"V",13470699.1550854
1,2009,"U",261789346.286958
1,2009,"V",13165515.8569165
1,2010,"U",256377586.941947
1,2010,"V",13605553.7926186
1,2011,"U",231666091.124371
1,2011,"V",11670630.8142189
1,2012,"U",244699959.094555
1,2012,"V",12546144.7729873
1,2013,"U",250020766.32856
1,2013,"V",14408464.6449849
1,2014,"U",238591870.573902
1,2014,"V",14124843.9141661
1,2015,"U",249920362.697132
1,2015,"V",13477339.2033132
1,2016,"U",247497750.616283
1,2016,"V",8473944.02292403
1,2017,"U",220935017.571726
1,2017,"V",5134298.99349628
2,1841,"U",1456570.33643749
2,1841,"V",193248.783835874
2,1842,"U",1456570.33643749
2,1842,"V",193248.783835874
2,1843,"U",1456570.33643749
2,1843,"V",193248.783835874
2,1844,"U",1456570.33643749
2,1844,"V",193248.783835874
2,1845,"U",1456570.33643749
2,1845,"V",193248.783835874
2,1846,"U",1456570.33643749
2,1846,"V",193248.783835874
2,1847,"U",1456570.33643749
2,1847,"V",193248.783835874
2,1848,"U",1456570.33643749
2,1848,"V",193248.783835874
2,1849,"U",1456570.33643749
2,1849,"V",193248.783835874
2,1850,"U",1456570.33643749
2,1850,"V",193248.783835874
2,1851,"U",1456570.33643749
2,1851,"V",193248.783835874
2,1852,"U",1456570.33643749
2,1852,"V",193248.783835874
2,1853,"U",1456570.33643749
2,1853,"V",193248.783835874
2,1854,"U",1456570.33643749
2,1854,"V",193248.783835874
2,1855,"U",1456570.33643749
2,1855,"V",193248.783835874
2,1856,"U",1456570.33643749
2,1856,"V",193248.783835874
2,1857,"U",1456570.33643749
2,1857,"V",193248.783835874
2,1858,"U",1456570.33643749
2,1858,"V",193248.783835874
2,1859,"U",1456570.33643749
2,1859,"V",193248.783835874
2,1860,"U",1456570.33643749
2,1860,"V",193248.783835874
2,1861,"U",1456570.33643749
2,1861,"V",193248.783835874
2,1862,"U",1515917.28679443
2,1862,"V",201122.571797874
2,1863,"U",1577682.28757335
2,1863,"V",209317.17180143
2,1864,"U",1641963.86056532
2,1864,"V",217845.655111159
2,1865,"U",1708864.54176359
2,1865,"V",226721.625571314
2,1866,"U",1778491.04491951
2,1866,"V",235959.241305365
2,1867,"U",1850954.43176236
2,1867,"V",245573.237299722
2,1868,"U",1926370.28915476
2,1868,"V",255578.948907626
2,1869,"U",2004858.91346602
2,1869,"V",265992.336310667
2,1870,"U",2086545.50245776
2,1870,"V",276830.009976989
2,1871,"U",2171560.35498781
2,1871,"V",288109.257156772
2,1872,"U",2260039.07885071
2,1872,"V",299848.069457231
2,1873,"U",2352122.80708683
2,1873,"V",312065.171541176
2,1874,"U",2447958.42310455
2,1874,"V",324780.050994842
2,1875,"U",2547698.79497508
2,1875,"V",338012.989412672
2,1876,"U",2651503.01927338
2,1876,"V",351785.094748647
2,1877,"U",2759536.67485433
2,1877,"V",366118.334985727
2,1878,"U",2871972.08696859
2,1878,"V",381035.573177127
2,1879,"U",2988988.6021399
2,1879,"V",396560.603915346
2,1880,"U",3110772.87424209
2,1880,"V",412718.191287093
2,1881,"U",3237519.16220354
2,1881,"V",429534.108370897
2,1882,"U",3369429.6397772
2,1882,"V",447035.178335473
2,1883,"U",3506714.71809693
2,1883,"V",465249.317234519
2,1884,"U",3649593.38132929
2,1884,"V",484205.578538919
2,1885,"U",3798293.53597403
2,1885,"V",503934.199479798
2,1886,"U",3953052.37439618
2,1886,"V",524466.649279704
2,1887,"U",4114116.75317028
2,1887,"V",545835.679348996
2,1888,"U",4281743.58683951
2,1888,"V",568075.375527397
2,1889,"U",4456200.25771829
2,1889,"V",591221.212454048
2,1890,"U",4637765.04239223
2,1890,"V",615310.110152927
2,1891,"U",4826727.55560083
2,1891,"V",640380.492924445
2,1892,"U",5023389.21221828
2,1892,"V",666472.350638246
2,1893,"U",5228063.70806248
2,1893,"V",693627.302523958
2,1894,"U",5441077.52028274
2,1894,"V",721888.663559561
2,1895,"U",5662770.42808961
2,1895,"V",751301.513558618
2,1896,"U",5893496.05472567
2,1896,"V",781912.769075632
2,1897,"U",6133622.43152877
2,1897,"V",813771.258242461
2,1898,"U",6383532.58497715
2,1898,"V",846927.798653859
2,1899,"U",6643625.14765328
2,1899,"V",881435.27842641
2,1900,"U",6914314.99410087
2,1900,"V",917348.740560109
2,1901,"U",7196033.90258924
2,1901,"V",954725.470737178
2,1902,"U",7489231.2438406
2,1902,"V",993625.088698176
2,1903,"U",7794374.69781895
2,1903,"V",1034109.64334112
2,1904,"U",8111950.99972357
2,1904,"V",1076243.71169532
2,1905,"U",8442466.71637759
2,1905,"V",1120094.50192784
2,1906,"U",8786449.05428324
2,1906,"V",1165731.96055128
2,1907,"U",9144446.70070983
2,1907,"V",1213228.88401414
2,1908,"U",9517030.69895949
2,1908,"V",1262661.03482572
2,1909,"U",9904795.35925994
2,1909,"V",1314107.26240775
2,1910,"U",10308359.2067414
2,1910,"V",1367649.62886611
2,1911,"U",10728365.9679543
2,1911,"V",1423373.53987597
2,1912,"U",11165485.5976764
2,1912,"V",1481367.88091218
2,1913,"U",11620415.3476344
2,1913,"V",1541725.15904072
2,1914,"U",12093880.8787036
2,1914,"V",1604541.65047848
2,1915,"U",12586637.418396
2,1915,"V",1669917.55416167
2,1916,"U",13099470.9655121
2,1916,"V",1737957.1515716
2,1917,"U",13633199.5438972
2,1917,"V",1808768.97307527
2,1918,"U",14188674.5072857
2,1918,"V",1882465.97104424
2,1919,"U",14766781.8973129
2,1919,"V",1959165.70002715
2,1920,"U",15368443.856816
2,1920,"V",2038990.50425778
2,1921,"U",15994620.1005743
2,1921,"V",2122067.71278394
2,1922,"U",16646309.4460436
2,1922,"V",2208529.84255569
2,1923,"U",17324551.4064808
2,1923,"V",2298514.80979147
2,1924,"U",18030427.8489723
2,1924,"V",2392166.14995503
2,1925,"U",18765064.7200095
2,1925,"V",2489633.24669419
2,1926,"U",19529633.841366
2,1926,"V",2591071.57010669
2,1927,"U",20325354.7791397
2,1927,"V",2696642.92471331
2,1928,"U",21153496.7889439
2,1928,"V",2806515.70753374
2,1929,"U",22015380.8403498
2,1929,"V",2920865.17667719
2,1930,"U",22912381.7238115
2,1930,"V",3039873.73087624
2,1931,"U",23845930.2434354
2,1931,"V",3163731.20041002
2,1932,"U",24817515.4990939
2,1932,"V",3292635.14988087
2,1933,"U",25828687.2615241
2,1933,"V",3426791.19332794
2,1934,"U",26881058.4442032
2,1934,"V",3566413.32218032
2,1935,"U",27976307.675944
2,1935,"V",3711724.24657328
2,1936,"U",29116181.9783187
2,1936,"V",3862955.75057223
2,1937,"U",30302499.5521808
2,1937,"V",4020349.06187133
2,1938,"U",31537152.6777339
2,1938,"V",4184155.23655691
2,1939,"U",32822110.7327769
2,1939,"V",4354635.55954941
2,1940,"U",34159423.3339451
2,1940,"V",4532061.96136413
2,1941,"U",35551223.6059574
2,1941,"V",4716717.45185466
2,1942,"U",36999731.5839679
2,1942,"V",4908896.57161603
2,1943,"U",38507257.7545078
2,1943,"V",5108905.86177508
2,1944,"U",40076206.7406907
2,1944,"V",5317064.35292076
2,1945,"U",41709081.1375585
2,1945,"V",5533704.07395421
2,1946,"U",43408485.503682
2,1946,"V",5759170.58166987
2,1947,"U",45177130.5155756
2,1947,"V",5993823.51193738
2,1948,"U",47017837.292015
2,1948,"V",6238037.15342578
2,1949,"U",48933541.8941892
2,1949,"V",6492201.04465564
2,1950,"U",47961750.363961
2,1950,"V",8343496.8992323
2,1951,"U",45208765.2774623
2,1951,"V",8660246.5747969
2,1952,"U",39521908.8537365
2,1952,"V",7417768.50330788
2,1953,"U",41253634.9042353
2,1953,"V",6639583.5235468
2,1954,"U",42977765.9555449
2,1954,"V",6295382.84580272
2,1955,"U",85452773.2573363
2,1955,"V",9137554.97114072
2,1956,"U",82234942.2509709
2,1956,"V",8107823.40654169
2,1957,"U",83612818.8624019
2,1957,"V",7878108.59313759
2,1958,"U",56223084.7649666
2,1958,"V",8355502.57728171
2,1959,"U",101152954.332567
2,1959,"V",12385608.831868
2,1960,"U",97156406.1951656
2,1960,"V",19663053.8399607
2,1961,"U",114813565.296677
2,1961,"V",18379042.642952
2,1962,"U",114920156.432931
2,1962,"V",18798296.1914129
2,1963,"U",109877465.14206
2,1963,"V",18024656.6814824
2,1964,"U",127232909.675523
2,1964,"V",27225917.2860854
2,1965,"U",109786986.165942
2,1965,"V",22016559.643833
2,1966,"U",116914878.63558
2,1966,"V",40703867.1599079
2,1967,"U",96042723.9518662
2,1967,"V",36710619.4606556
2,1968,"U",113918124.971015
2,1968,"V",20131405.2834079
2,1969,"U",102014503.135442
2,1969,"V",17795330.2560645
2,1970,"U",163197840.393352
2,1970,"V",16007083.9086758
2,1971,"U",168121245.813485
2,1971,"V",21161896.0404154
2,1972,"U",102485217.826113
2,1972,"V",28830415.7431108
2,1973,"U",109598157.697188
2,1973,"V",27857421.1403302
2,1974,"U",109890716.687701
2,1974,"V",34749123.5725007
2,1975,"U",121336662.194737
2,1975,"V",30160600.7283011
2,1976,"U",146884659.164091
2,1976,"V",40540175.9256681
2,1977,"U",135576548.657144
2,1977,"V",45717003.6095192
2,1978,"U",127931994.75424
2,1978,"V",45735016.3335206
2,1979,"U",110377027.420053
2,1979,"V",55786173.7367582
2,1980,"U",127910153.63646
2,1980,"V",50460542.4638408
2,1981,"U",210693144.697617
2,1981,"V",38461279.6275762
2,1982,"U",240132858.666964
2,1982,"V",25755663.8732339
2,1983,"U",271467372.935521
2,1983,"V",22120017.3815737
2,1984,"U",300897773.984785
2,1984,"V",26379880.1813947
2,1985,"U",467274270.904552
2,1985,"V",21633090.0184191
2,1986,"U",536385476.146491
2,1986,"V",29421699.0329702
2,1987,"U",375734866.057426
2,1987,"V",31867121.135839
2,1988,"U",388867373.65832
2,1988,"V",34302044.2642164
2,1989,"U",540649670.4861
2,1989,"V",36292134.8814597
2,1990,"U",539455145.246013
2,1990,"V",37776488.793224
2,1991,"U",505074479.856682
2,1991,"V",44256779.4357919
2,1992,"U",536643226.52032
2,1992,"V",47596089.437861
2,1993,"U",592320387.785962
2,1993,"V",48613394.8618806
2,1994,"U",495451461.686557
2,1994,"V",34253954.9939273
2,1995,"U",506003280.71291
2,1995,"V",30933924.6833622
2,1996,"U",470284189.594841
2,1996,"V",31542594.2956687
2,1997,"U",437754775.536624
2,1997,"V",30612297.8876
2,1998,"U",441927246.538603
2,1998,"V",38436892.7663468
2,1999,"U",388712915.840818
2,1999,"V",29879595.6576613
2,2000,"U",380394687.550438
2,2000,"V",15682462.2769982
2,2001,"U",394697422.217563
2,2001,"V",15726871.9699742
2,2002,"U",398098117.477402
2,2002,"V",19307602.5420551
2,2003,"U",393268974.309957
2,2003,"V",20328570.734076
2,2004,"U",286440235.849444
2,2004,"V",26454975.5416011
2,2005,"U",301147209.073981
2,2005,"V",29827848.4407739
2,2006,"U",290087621.107163
2,2006,"V",34983828.2686974
2,2007,"U",261503423.567553
2,2007,"V",28229849.6217015
2,2008,"U",327754537.081852
2,2008,"V",21980259.9725625
2,2009,"U",298777846.83331
2,2009,"V",19733816.4104399
2,2010,"U",252553501.57394
2,2010,"V",29219486.9284557
2,2011,"U",349308476.651348
2,2011,"V",21561609.311501
2,2012,"U",346871172.278993
2,2012,"V",20239100.8015045
2,2013,"U",334052265.357815
2,2013,"V",21682319.234019
2,2014,"U",383004417.162907
2,2014,"V",20527640.5765405
2,2015,"U",266537851.956572
2,2015,"V",22720984.5771992
2,2016,"U",296039216.392707
2,2016,"V",22020425.1313104
2,2017,"U",288824715.696726
2,2017,"V",15323861.3400913
3,1841,"U",35634377.1560194
3,1841,"V",10536948.7372025
3,1842,"U",35634377.1560194
3,1842,"V",10536948.7372025
3,1843,"U",35634377.1560194
3,1843,"V",10536948.7372025
3,1844,"U",35634377.1560194
3,1844,"V",10536948.7372025
3,1845,"U",35634377.1560194
3,1845,"V",10536948.7372025
3,1846,"U",35634377.1560194
3,1846,"V",10536948.7372025
3,1847,"U",35634377.1560194
3,1847,"V",10536948.7372025
3,1848,"U",35634377.1560194
3,1848,"V",10536948.7372025
3,1849,"U",35634377.1560194
3,1849,"V",10536948.7372025
3,1850,"U",35634377.1560194
3,1850,"V",10536948.7372025
3,1851,"U",35634377.1560194
3,1851,"V",10536948.7372025
3,1852,"U",35634377.1560194
3,1852,"V",10536948.7372025
3,1853,"U",35634377.1560194
3,1853,"V",10536948.7372025
3,1854,"U",35634377.1560194
3,1854,"V",10536948.7372025
3,1855,"U",35634377.1560194
3,1855,"V",10536948.7372025
3,1856,"U",35634377.1560194
3,1856,"V",10536948.7372025
3,1857,"U",35634377.1560194
3,1857,"V",10536948.7372025
3,1858,"U",35634377.1560194
3,1858,"V",10536948.7372025
3,1859,"U",35634377.1560194
3,1859,"V",10536948.7372025
3,1860,"U",35634377.1560194
3,1860,"V",10536948.7372025
3,1861,"U",35634377.1560194
3,1861,"V",10536948.7372025
3,1862,"U",35793935.8212196
3,1862,"V",10584129.6229082
3,1863,"U",35954208.9360512
3,1863,"V",10631521.7686313
3,1864,"U",36115199.6995788
3,1864,"V",10679126.1203231
3,1865,"U",36276911.3251887
3,1865,"V",10726943.6281696
3,1866,"U",36439347.0406577
3,1866,"V",10774975.2466119
3,1867,"U",36602510.0882149
3,1867,"V",10823221.9343648
3,1868,"U",36766403.7246065
3,1868,"V",10871684.6544357
3,1869,"U",36931031.2211617
3,1869,"V",10920364.374144
3,1870,"U",37096395.8638582
3,1870,"V",10969262.0651408
3,1871,"U",37262500.9533863
3,1871,"V",11018378.7034276
3,1872,"U",37429349.8052157
3,1872,"V",11067715.2693759
3,1873,"U",37596945.7496626
3,1873,"V",11117272.7477477
3,1874,"U",37765292.1319539
3,1874,"V",11167052.1277136
3,1875,"U",37934392.3122965
3,1875,"V",11217054.4028739
3,1876,"U",38104249.6659417
3,1876,"V",11267280.5712775
3,1877,"U",38274867.5832557
3,1877,"V",11317731.6354427
3,1878,"U",38446249.4697855
3,1878,"V",11368408.6023767
3,1879,"U",38618398.7463249
3,1879,"V",11419312.4835951
3,1880,"U",38791318.8489874
3,1880,"V",11470444.2951436
3,1881,"U",38965302.8645273
3,1881,"V",11521890.7016518
3,1882,"U",39141812.8718388
3,1882,"V",11574084.0342447
3,1883,"U",39322629.8092295
3,1883,"V",11627550.9095534
3,1884,"U",39509567.9582028
3,1884,"V",11682827.8036642
3,1885,"U",39704477.3096941
3,1885,"V",11740461.7518058
3,1886,"U",39909246.7847873
3,1886,"V",11801011.3007021
3,1887,"U",40125808.3421756
3,1887,"V",11865047.7231337
3,1888,"U",40356142.0093399
3,1888,"V",11933156.5056371
3,1889,"U",40602281.8803565
3,1889,"V",12005939.1220338
3,1890,"U",40866339.7169632
3,1890,"V",12084020.0121754
3,1891,"U",41150554.0544323
3,1891,"V",12168061.1023613
3,1892,"U",41457187.0098273
3,1892,"V",12258731.2919366
3,1893,"U",41788380.4796504
3,1893,"V",12356663.931487
3,1894,"U",42146096.374202
3,1894,"V",12462439.1503682
3,1895,"U",42532332.6609316
3,1895,"V",12576647.7398967
3,1896,"U",42949192.5020218
3,1896,"V",12699911.5970685
3,1897,"U",43398896.1401245
3,1897,"V",12832887.2391255
3,1898,"U",43883793.9658411
3,1898,"V",12976269.6675593
3,1899,"U",44406380.8894532
3,1899,"V",13130796.6177772
3,1900,"U",44969312.1560634
3,1900,"V",13297253.2355783
3,1901,"U",45575420.762112
3,1901,"V",13476477.2271511
3,1902,"U",46227736.6525597
3,1902,"V",13669364.5356065
3,1903,"U",46929507.9021992
3,1903,"V",13876875.6042108
3,1904,"U",47684224.1120158
3,1904,"V",14100042.2945995
3,1905,"U",48495642.2827597
3,1905,"V",14339975.5374939
3,1906,"U",49367550.1962867
3,1906,"V",14597795.3654698
3,1907,"U",50302691.6598792
3,1907,"V",14874313.1118237
3,1908,"U",51302389.1424202
3,1908,"V",15169919.8255351
3,1909,"U",52366400.9233395
3,1909,"V",15484544.030758
3,1910,"U",53493036.8339486
3,1910,"V",15817685.9510898
3,1911,"U",54680127.2032311
3,1911,"V",16168704.023127
3,1912,"U",55925240.0944142
3,1912,"V",16536879.132488
3,1913,"U",57225634.997867
3,1913,"V",16921400.9209791
3,1914,"U",58578217.118687
3,1914,"V",17321354.2696103
3,1915,"U",59979492.6106444
3,1915,"V",17735706.0614434
3,1916,"U",61425525.2114427
3,1916,"V",18163292.3588052
3,1917,"U",62911894.8382582
3,1917,"V",18602806.160147
3,1918,"U",64433658.8058181
3,1918,"V",19052785.9323792
3,1919,"U",65985316.4300134
3,1919,"V",19511605.1442949
3,1920,"U",67560777.8758039
3,1920,"V",19977463.0550156
3,1921,"U",69153338.1961211
3,1921,"V",20448377.0373932
3,1922,"U",70755564.612266
3,1922,"V",20922149.2472565
3,1923,"U",72358922.7216013
3,1923,"V",21396256.0944584
3,1924,"U",73953776.9800352
3,1924,"V",21867848.3855443
3,1925,"U",75529538.9828217
3,1925,"V",22333795.1698167
3,1926,"U",77074851.0057725
3,1926,"V",22790738.0117673
3,1927,"U",78577804.1586573
3,1927,"V",23235155.4982025
3,1928,"U",80026188.7000427
3,1928,"V",23663437.2553809
3,1929,"U",81407772.1201469
3,1929,"V",24071966.1770474
3,1930,"U",82710598.6448533
3,1930,"V",24457206.9866228
3,1931,"U",83923301.9987281
3,1931,"V",24815798.7200285
3,1932,"U",85035421.744831
3,1932,"V",25144648.2661568
3,1933,"U",86037712.4453929
3,1933,"V",25441021.7844971
3,1934,"U",86922434.3892975
3,1934,"V",25702630.672139
3,1935,"U",87683614.8019454
3,1935,"V",25927708.8025275
3,1936,"U",88317269.3327752
3,1936,"V",26115078.0184736
3,1937,"U",88821575.1895497
3,1937,"V",26264199.3272996
3,1938,"U",89196989.4802492
3,1938,"V",26375207.8940831
3,1939,"U",89446309.0009246
3,1939,"V",26448930.7206962
3,1940,"U",89574380.1612129
3,1940,"V",26486800.8718922
3,1941,"U",89586883.4384479
3,1941,"V",26490498.043045
3,1942,"U",89489966.2875147
3,1942,"V",26461840.013001
3,1943,"U",89290165.6953763
3,1943,"V",26402759.7437485
3,1944,"U",88994332.7669021
3,1944,"V",26315283.0807367
3,1945,"U",88609560.2414469
3,1945,"V",26201507.3198064
3,1946,"U",88143113.7075497
3,1946,"V",26063580.867639
3,1947,"U",87602573.5857279
3,1947,"V",25903745.2255258
3,1948,"U",86996568.5953195
3,1948,"V",25724551.8727007
3,1949,"U",86334785.1515004
3,1949,"V",25528865.0450028
3,1950,"U",82889328.9372604
3,1950,"V",23695568.3432302
3,1951,"U",87139106.1086799
3,1951,"V",20221150.4777583
3,1952,"U",79967803.4990603
3,1952,"V",24259617.6740349
3,1953,"U",86636397.1387456
3,1953,"V",26691708.9127367
3,1954,"U",76367381.5118567
3,1954,"V",29357818.9139193
3,1955,"U",96953599.7747057
3,1955,"V",30199356.4708833
3,1956,"U",96948098.9237035
3,1956,"V",29707979.98166
3,1957,"U",102308358.47707
3,1957,"V",35922968.540622
3,1958,"U",88968164.6918217
3,1958,"V",31282875.5923841
3,1959,"U",101252995.447599
3,1959,"V",28198677.19431
3,1960,"U",107846658.770408
3,1960,"V",26626394.6074258
3,1961,"U",134738708.654212
3,1961,"V",28232304.1030862
3,1962,"U",119493289.474322
3,1962,"V",28147039.7965842
3,1963,"U",120942197.771196
3,1963,"V",32662096.7342812
3,1964,"U",117608510.959653
3,1964,"V",28493007.6459386
3,1965,"U",115112490.994161
3,1965,"V",28613543.5930275
3,1966,"U",131337302.095183
3,1966,"V",28226384.3400911
3,1967,"U",158198193.662822
3,1967,"V",29147554.2561399
3,1968,"U",120153700.54472
3,1968,"V",23924564.7949826
3,1969,"U",131312689.149237
3,1969,"V",14984069.7163729
3,1970,"U",137435339.640354
3,1970,"V",10934553.6832766
3,1971,"U",172036967.851368
3,1971,"V",12872944.9781996
3,1972,"U",71519162.3876902
3,1972,"V",8088700.02489243
3,1973,"U",80926858.0169061
3,1973,"V",9736605.63600351
3,1974,"U",82877156.5000661
3,1974,"V",10711624.3980646
3,1975,"U",94648872.8276148
3,1975,"V",10313848.5592032
3,1976,"U",99216134.691368
3,1976,"V",11029686.2536728
3,1977,"U",112172334.565161
3,1977,"V",14680961.0229777
3,1978,"U",77434742.4977977
3,1978,"V",14432445.5089835
3,1979,"U",88932879.4265463
3,1979,"V",12599730.4918216
3,1980,"U",101279889.650153
3,1980,"V",11854461.8590756
3,1981,"U",119411681.114069
3,1981,"V",10209991.6397376
3,1982,"U",137062513.113383
3,1982,"V",8572395.9473695
3,1983,"U",103341023.777558
3,1983,"V",9744523.46375286
3,1984,"U",103836993.332997
3,1984,"V",8226004.9343781
3,1985,"U",103653655.15771
3,1985,"V",9587721.39783826
3,1986,"U",134032336.306316
3,1986,"V",9247989.98719978
3,1987,"U",149777050.217706
3,1987,"V",8544649.39642514
3,1988,"U",130783164.615799
3,1988,"V",10626865.8403305
3,1989,"U",153601977.600421
3,1989,"V",12692333.2069713
3,1990,"U",144069816.187967
3,1990,"V",11287212.2755603
3,1991,"U",100255453.41992
3,1991,"V",11646287.2748917
3,1992,"U",108496978.433886
3,1992,"V",14175150.6755471
3,1993,"U",138742908.685995
3,1993,"V",16177185.4646511
3,1994,"U",175645402.552245
3,1994,"V",15569614.4304611
3,1995,"U",166473309.811112
3,1995,"V",10529768.3881171
3,1996,"U",201950454.278533
3,1996,"V",13125169.7550968
3,1997,"U",191069806.959719
3,1997,"V",13332406.6740553
3,1998,"U",176342242.163058
3,1998,"V",16173162.8547828
3,1999,"U",192421220.362777
3,1999,"V",13599083.7270913
3,2000,"U",213548176.659989
3,2000,"V",12879915.9751399
3,2001,"U",214620011.418133
3,2001,"V",12941167.1167937
3,2002,"U",266888684.948695
3,2002,"V",17280619.8892401
3,2003,"U",224982747.83652
3,2003,"V",21351836.9331569
3,2004,"U",236475226.295569
3,2004,"V",17376468.5028767
3,2005,"U",238459565.655166
3,2005,"V",18951034.9989579
3,2006,"U",254052607.264626
3,2006,"V",21444592.046988
3,2007,"U",234378825.726258
3,2007,"V",20720322.5263981
3,2008,"U",229962993.819838
3,2008,"V",19278003.0190496
3,2009,"U",215417612.47751
3,2009,"V",17353069.1826715
3,2010,"U",240653599.090764
3,2010,"V",19893533.0805384
3,2011,"U",179320783.226283
3,2011,"V",27580707.0152428
3,2012,"U",203807317.894068
3,2012,"V",12563461.0541297
3,2013,"U",208343477.349329
3,2013,"V",13738493.3229754
3,2014,"U",182682528.991621
3,2014,"V",15333853.8992256
3,2015,"U",123376595.318559
3,2015,"V",15140819.6372252
3,2016,"U",134314743.436698
3,2016,"V",24744697.8109521
3,2017,"U",148682263.036294
3,2017,"V",17906980.3178747
4,1923,"U",1.82715829789642e-09
4,1923,"V",3.76077714979645e-09
4,1924,"U",1.82715829789642e-08
4,1924,"V",3.76077714979645e-08
4,1925,"U",1.42518347235921e-07
4,1925,"V",2.93340617684123e-07
4,1926,"U",1.10543077022734e-06
4,1926,"V",2.27527017562685e-06
4,1927,"U",8.38665658734457e-06
4,1927,"V",1.72619671175657e-05
4,1928,"U",6.18882877608157e-05
4,1928,"V",0.000127382536433139
4,1929,"U",0.000440193495654312
4,1929,"V",0.000906035148597512
4,1930,"U",0.00299119517052878
4,1930,"V",0.00615667425250301
4,1931,"U",0.0192474639625013
4,1931,"V",0.0396163937985241
4,1932,"U",0.116281165336413
4,1932,"V",0.2393375275981
4,1933,"U",0.654265209701948
4,1933,"V",1.34665160286696
4,1934,"U",3.40343916897524
4,1934,"V",7.00518191124451
4,1935,"U",16.2628739326763
4,1935,"V",33.473314680202
4,1936,"U",70.9958987393757
4,1936,"V",146.128419204674
4,1937,"U",281.943505599678
4,1937,"V",580.314630983814
4,1938,"U",1015.43016327993
4,1938,"V",2090.02501845284
4,1939,"U",3310.66958748602
4,1939,"V",6814.23746890336
4,1940,"U",9766.52937496744
4,1940,"V",20102.1118687307
4,1941,"U",26089.3902067373
4,1941,"V",53698.8955223971
4,1942,"U",63237.3271728817
4,1942,"V",130159.217906722
4,1943,"U",139533.197013659
4,1943,"V",287196.385540955
4,1944,"U",281496.453365182
4,1944,"V",579394.478728701
4,1945,"U",521959.284202335
4,1945,"V",1074330.8619796
4,1946,"U",894376.205658101
4,1946,"V",1840863.81647011
4,1947,"U",1423886.42554192
4,1947,"V",2930736.5099392
4,1948,"U",2117829.51444799
4,1948,"V",4359055.72837894
4,1949,"U",2960281.16589909
4,1949,"V",6093045.01887072
4,1950,"U",2238218.81701377
4,1950,"V",6830685.20635849
4,1951,"U",1855210.50684301
4,1951,"V",6766188.44639744
4,1952,"U",1960013.75782917
4,1952,"V",9012419.29885039
4,1953,"U",2699167.06925202
4,1953,"V",12719367.0686167
4,1954,"U",4989960.42140348
4,1954,"V",9620141.48723323
4,1955,"U",4846900.11329406
4,1955,"V",13156868.1941958
4,1956,"U",4535766.49087926
4,1956,"V",9583937.75293955
4,1957,"U",5104314.14638374
4,1957,"V",12562163.7441205
4,1958,"U",7830303.65883527
4,1958,"V",15931246.0761224
4,1959,"U",9412529.44088385
4,1959,"V",14913079.9911275
4,1960,"U",8020263.45966586
4,1960,"V",12824908.5176437
4,1961,"U",8429258.76694654
4,1961,"V",13938067.2075655
4,1962,"U",6271923.70386908
4,1962,"V",13555010.8123271
4,1963,"U",6704621.18737622
4,1963,"V",12911311.5676299
4,1964,"U",8801501.99608374
4,1964,"V",9484799.81279603
4,1965,"U",9724755.75185176
4,1965,"V",8533149.3709397
4,1966,"U",12786451.6020556
4,1966,"V",8377014.91223525
4,1967,"U",13808338.9142294
4,1967,"V",7011983.06662082
4,1968,"U",15610655.3262909
4,1968,"V",18184970.4039182
4,1969,"U",11427530.6629071
4,1969,"V",11287759.6377894
4,1970,"U",10431773.3245724
4,1970,"V",6022912.53298029
4,1971,"U",13137729.9594811
4,1971,"V",7156369.00851449
4,1972,"U",24318340.4090268
4,1972,"V",4200718.79178561
4,1973,"U",25005413.4773311
4,1973,"V",4343565.46723581
4,1974,"U",33793258.9841936
4,1974,"V",5419486.90284333
4,1975,"U",36446035.7673278
4,1975,"V",5115959.52283614
4,1976,"U",34162912.5898503
4,1976,"V",3438847.23406752
4,1977,"U",47400602.6581292
4,1977,"V",5337583.61476496
4,1978,"U",39035934.231233
4,1978,"V",5427771.36092238
4,1979,"U",40651792.4157679
4,1979,"V",5375561.49917621
4,1980,"U",49503363.3596988
4,1980,"V",5156566.76957531
4,1981,"U",51181267.843829
4,1981,"V",4273575.81584837
4,1982,"U",65384306.4819888
4,1982,"V",6472751.19991319
4,1983,"U",54346460.9051825
4,1983,"V",8041287.44970478
4,1984,"U",48742754.9925093
4,1984,"V",7302258.02175804
4,1985,"U",50249932.4319773
4,1985,"V",6607716.62874414
4,1986,"U",49849530.4860086
4,1986,"V",6408648.90506503
4,1987,"U",50303236.6389198
4,1987,"V",7599131.65771036
4,1988,"U",48269460.9976537
4,1988,"V",7391807.03499285
4,1989,"U",52921434.9370779
4,1989,"V",9057581.94382875
4,1990,"U",33941763.207397
4,1990,"V",9271731.77688523
4,1991,"U",41412624.0150256
4,1991,"V",8777137.58596619
4,1992,"U",60306358.3805283
4,1992,"V",9458000.3457952
4,1993,"U",55230402.3034657
4,1993,"V",12182788.169568
4,1994,"U",61248377.1701879
4,1994,"V",10995387.741412
4,1995,"U",74441994.7927429
4,1995,"V",10850695.4537326
4,1996,"U",82961636.9514288
4,1996,"V",15361508.352459
4,1997,"U",111939760.467826
4,1997,"V",14996668.3683394
4,1998,"U",97338926.4339903
4,1998,"V",16634705.1347361
4,1999,"U",100031614.297439
4,1999,"V",15117400.1425905
4,2000,"U",103221053.42849
4,2000,"V",16251817.9045457
4,2001,"U",112483401.438226
4,2001,"V",14084798.6814878
4,2002,"U",188712121.063164
4,2002,"V",20611519.8751459
4,2003,"U",186457747.235129
4,2003,"V",26707703.3196255
4,2004,"U",170806840.744955
4,2004,"V",25142667.2076432
4,2005,"U",164510171.982005
4,2005,"V",27687608.5960435
4,2006,"U",176223893.85453
4,2006,"V",27246352.5881819
4,2007,"U",158761902.857092
4,2007,"V",27437487.2613134
4,2008,"U",182836362.422627
4,2008,"V",23977350.3504718
4,2009,"U",186472244.593956
4,2009,"V",23801144.2743973
4,2010,"U",156187496.372009
4,2010,"V",24593991.5116181
4,2011,"U",111410170.24451
4,2011,"V",31135308.0729935
4,2012,"U",138987751.641702
4,2012,"V",18479114.4171337
4,2013,"U",144349865.338683
4,2013,"V",16425592.4997132
4,2014,"U",127800493.00474
4,2014,"V",20062624.0844876
4,2015,"U",101837278.706841
4,2015,"V",27904230.4986278
4,2016,"U",95925426.9223906
4,2016,"V",29080855.0651336
4,2017,"U",102164028.606657
4,2017,"V",26114932.5148656
5,1931,"U",1.66879117482777e-08
5,1931,"V",1.31144106394176e-08
5,1932,"U",6.09108778812135e-07
5,1932,"V",4.78675988338744e-07
5,1933,"U",3.56203476266987e-05
5,1933,"V",2.79927095098369e-05
5,1934,"U",0.00145439322864177
5,1934,"V",0.00114295367325185
5,1935,"U",0.0420575927682146
5,1935,"V",0.0330515016131178
5,1936,"U",0.876663681500892
5,1936,"V",0.688937458759806
5,1937,"U",13.4069360552096
5,1937,"V",10.536013582561
5,1938,"U",153.131037915538
5,1938,"V",120.340000783612
5,1939,"U",1329.67348853237
5,1939,"V",1044.94105721527
5,1940,"U",8933.64345918531
5,1940,"V",7020.61891248887
5,1941,"U",47266.5883789975
5,1941,"V",37145.0579842906
5,1942,"U",200429.731652967
5,1942,"V",157510.289177828
5,1943,"U",693254.173561682
5,1943,"V",544802.731864658
5,1944,"U",1990606.93415554
5,1944,"V",1564344.12825093
5,1945,"U",4829269.21672937
5,1945,"V",3795143.48780183
5,1946,"U",10074428.4635749
5,1946,"V",7917119.51870757
5,1947,"U",18389556.2437502
5,1947,"V",14451669.9090344
5,1948,"U",29863554.7079172
5,1948,"V",23468659.5602808
5,1949,"U",43821596.1651521
5,1949,"V",34437766.4295742
5,1950,"U",51667256.310108
5,1950,"V",45811293.6324065
5,1951,"U",53821689.3514053
5,1951,"V",46438334.1650596
5,1952,"U",59176331.3011684
5,1952,"V",44547134.123745
5,1953,"U",56925021.7122194
5,1953,"V",45819639.1865595
5,1954,"U",56582678.8467288
5,1954,"V",44310184.6888612
5,1955,"U",67012814.6912192
5,1955,"V",46927518.02991
5,1956,"U",53128260.4092931
5,1956,"V",35218877.4847394
5,1957,"U",66111743.0195556
5,1957,"V",39797273.7536767
5,1958,"U",63345339.9336146
5,1958,"V",40422732.45488
5,1959,"U",61881851.9999232
5,1959,"V",42593680.728596
5,1960,"U",83809364.0415288
5,1960,"V",47442611.3612497
5,1961,"U",89930548.8745075
5,1961,"V",40790037.1906033
5,1962,"U",90860560.7974992
5,1962,"V",38661675.6376832
5,1963,"U",92147399.5065879
5,1963,"V",42381085.5169011
5,1964,"U",76750048.9674593
5,1964,"V",55022386.7924316
5,1965,"U",117060753.322152
5,1965,"V",56700648.1307045
5,1966,"U",89683211.0095057
5,1966,"V",51406594.6236854
5,1967,"U",95181860.7169621
5,1967,"V",56126947.949896
5,1968,"U",106643872.831043
5,1968,"V",60285998.5987893
5,1969,"U",105735589.14391
5,1969,"V",64996426.3460717
5,1970,"U",83656470.7557235
5,1970,"V",59426546.9761759
5,1971,"U",92034434.8634208
5,1971,"V",58109586.1386838
5,1972,"U",250320902.843407
5,1972,"V",158439501.537813
5,1973,"U",252499357.9345
5,1973,"V",131555241.948185
5,1974,"U",284820337.630326
5,1974,"V",112809479.646756
5,1975,"U",299203378.285171
5,1975,"V",227827215.238892
5,1976,"U",348658384.038883
5,1976,"V",171353940.172169
5,1977,"U",277749150.792781
5,1977,"V",203536584.370169
5,1978,"U",417888771.246991
5,1978,"V",208329868.029821
5,1979,"U",390424523.22603
5,1979,"V",305999183.980893
5,1980,"U",367300868.153629
5,1980,"V",273589373.184028
5,1981,"U",340455092.688503
5,1981,"V",255704549.92442
5,1982,"U",452166049.739611
5,1982,"V",214710453.065309
5,1983,"U",502619862.641585
5,1983,"V",299404416.340997
5,1984,"U",468563821.032341
5,1984,"V",339008078.252725
5,1985,"U",405796899.951291
5,1985,"V",235085131.333007
5,1986,"U",402129981.279453
5,1986,"V",184701098.439785
5,1987,"U",326596613.870195
5,1987,"V",111398215.373794
5,1988,"U",243876443.734436
5,1988,"V",132835562.237999
5,1989,"U",267832739.739797
5,1989,"V",138871602.005718
5,1990,"U",256205900.622872
5,1990,"V",132454446.016988
5,1991,"U",309681296.294686
5,1991,"V",113497783.488257
5,1992,"U",262419987.44405
5,1992,"V",142828397.296749
5,1993,"U",326250238.735185
5,1993,"V",157919820.444577
5,1994,"U",362219199.109611
5,1994,"V",138693354.397011
5,1995,"U",214907653.132572
5,1995,"V",131576623.757599
5,1996,"U",251671960.446462
5,1996,"V",141336845.072125
5,1997,"U",282056089.492581
5,1997,"V",143271885.755184
5,1998,"U",277404148.961242
5,1998,"V",156163587.55393
5,1999,"U",274838165.434059
5,1999,"V",154366340.545502
5,2000,"U",264727720.834825
5,2000,"V",146037441.652553
5,2001,"U",237886346.104827
5,2001,"V",131800134.808323
5,2002,"U",265289108.636524
5,2002,"V",139833416.658571
5,2003,"U",242955065.565567
5,2003,"V",141575503.4148
5,2004,"U",263249183.449234
5,2004,"V",138824753.234879
5,2005,"U",182406686.518962
5,2005,"V",116792320.903942
5,2006,"U",213534077.941465
5,2006,"V",128786752.474147
5,2007,"U",169768349.48055
5,2007,"V",116585161.590328
5,2008,"U",159594443.708143
5,2008,"V",100540050.933485
5,2009,"U",182609897.90335
5,2009,"V",111632110.20252
5,2010,"U",165766626.371646
5,2010,"V",86711403.3116638
5,2011,"U",167970852.906681
5,2011,"V",90226863.9823401
5,2012,"U",166680312.448016
5,2012,"V",87782126.8395216
5,2013,"U",136372634.35673
5,2013,"V",74488417.3923973
5,2014,"U",130559580.289142
5,2014,"V",85925990.6929761
5,2015,"U",163659371.180861
5,2015,"V",107283160.382309
5,2016,"U",179018374.121501
5,2016,"V",88156710.7270779
5,2017,"U",136142191.198277
5,2017,"V",148016053.314837
6,1841,"U",4912704.36661095
6,1841,"V",2465820.77289031
6,1842,"U",4912704.36661095
6,1842,"V",2465820.77289031
6,1843,"U",4912704.36661095
6,1843,"V",2465820.77289031
6,1844,"U",4912704.36661095
6,1844,"V",2465820.77289031
6,1845,"U",4912704.36661095
6,1845,"V",2465820.77289031
6,1846,"U",4912704.36661095
6,1846,"V",2465820.77289031
6,1847,"U",4912704.36661095
6,1847,"V",2465820.77289031
6,1848,"U",4912704.36661095
6,1848,"V",2465820.77289031
6,1849,"U",4912704.36661095
6,1849,"V",2465820.77289031
6,1850,"U",4912704.36661095
6,1850,"V",2465820.77289031
6,1851,"U",4912704.36661095
6,1851,"V",2465820.77289031
6,1852,"U",4912704.36661095
6,1852,"V",2465820.77289031
6,1853,"U",4912704.36661095
6,1853,"V",2465820.77289031
6,1854,"U",4912704.36661095
6,1854,"V",2465820.77289031
6,1855,"U",4912704.36661095
6,1855,"V",2465820.77289031
6,1856,"U",4912704.36661095
6,1856,"V",2465820.77289031
6,1857,"U",4912704.36661095
6,1857,"V",2465820.77289031
6,1858,"U",4912704.36661095
6,1858,"V",2465820.77289031
6,1859,"U",4912704.36661095
6,1859,"V",2465820.77289031
6,1860,"U",4912704.36661095
6,1860,"V",2465820.77289031
6,1861,"U",4912704.36661095
6,1861,"V",2465820.77289031
6,1862,"U",4960318.89825137
6,1862,"V",2489719.80943896
6,1863,"U",5008394.91575658
6,1863,"V",2513850.47837314
6,1864,"U",5056936.89190414
6,1864,"V",2538215.02470231
6,1865,"U",5105949.34282212
6,1865,"V",2562815.71519475
6,1866,"U",5155436.8284096
6,1866,"V",2587654.83858858
6,1867,"U",5205403.95276064
6,1867,"V",2612734.70580465
6,1868,"U",5255855.36459286
6,1868,"V",2638057.65016154
6,1869,"U",5306795.75767973
6,1869,"V",2663626.02759262
6,1870,"U",5358229.8712874
6,1870,"V",2689442.21686527
6,1871,"U",5410162.49061558
6,1871,"V",2715508.61980218
6,1872,"U",5462598.44724264
6,1872,"V",2741827.66150478
6,1873,"U",5515542.61957524
6,1873,"V",2768401.79057888
6,1874,"U",5568999.93330222
6,1874,"V",2795233.47936251
6,1875,"U",5622975.3618527
6,1875,"V",2822325.22415587
6,1876,"U",5677473.92685892
6,1876,"V",2849679.5454536
6,1877,"U",5732500.69862343
6,1877,"V",2877298.98817932
6,1878,"U",5788060.79659074
6,1878,"V",2905186.12192235
6,1879,"U",5844159.3898236
6,1879,"V",2933343.54117673
6,1880,"U",5900801.69748403
6,1880,"V",2961773.86558274
6,1881,"U",5957916.57373622
6,1881,"V",2990441.38509824
6,1882,"U",6015121.36416362
6,1882,"V",3019154.03499905
6,1883,"U",6071940.80252456
6,1883,"V",3047673.26615137
6,1884,"U",6127882.0889955
6,1884,"V",3075751.72883676
6,1885,"U",6182435.40070856
6,1885,"V",3103133.52900497
6,1886,"U",6235074.81412938
6,1886,"V",3129554.69124058
6,1887,"U",6285259.66065017
6,1887,"V",3154743.83917228
6,1888,"U",6332436.3341752
6,1888,"V",3178423.10274949
6,1889,"U",6376040.56584463
6,1889,"V",3200309.2599885
6,1890,"U",6415562.92220514
6,1890,"V",3220146.61229686
6,1891,"U",6450810.55194887
6,1891,"V",3237838.36232521
6,1892,"U",6482000.22011766
6,1892,"V",3253493.31038047
6,1893,"U",6509773.77700979
6,1893,"V",3267433.61869357
6,1894,"U",6535128.55167583
6,1894,"V",3280159.87400997
6,1895,"U",6559148.88612139
6,1895,"V",3292216.33725864
6,1896,"U",6582936.88533502
6,1896,"V",3304156.18509584
6,1897,"U",6607611.09797508
6,1897,"V",3316540.84770572
6,1898,"U",6634307.07646073
6,1898,"V",3329940.28992535
6,1899,"U",6664179.86728701
6,1899,"V",3344934.261202
6,1900,"U",6698408.48970119
6,1900,"V",3362114.54356337
6,1901,"U",6738202.4776642
6,1901,"V",3382088.23520707
6,1902,"U",6784810.5867803
6,1902,"V",3405482.12074692
6,1903,"U",6839531.80531682
6,1903,"V",3432948.19794511
6,1904,"U",6903728.8575737
6,1904,"V",3465170.45542293
6,1905,"U",6978844.4501367
6,1905,"V",3502873.02709988
6,1906,"U",7066323.20509966
6,1906,"V",3546781.00834138
6,1907,"U",7167226.49136855
6,1907,"V",3597427.129249
6,1908,"U",7282089.86291657
6,1908,"V",3655080.19901894
6,1909,"U",7410868.19540954
6,1909,"V",3719717.56851293
6,1910,"U",7552990.57152715
6,1910,"V",3791052.67870298
6,1911,"U",7707753.33045997
6,1911,"V",3868732.34297099
6,1912,"U",7874407.72354514
6,1912,"V",3952380.74387128
6,1913,"U",8052142.05055137
6,1913,"V",4041590.46684306
6,1914,"U",8240064.4883232
6,1914,"V",4135913.88143713
6,1915,"U",8437186.7144413
6,1915,"V",4234854.92158276
6,1916,"U",8642408.49980306
6,1916,"V",4337861.35218214
6,1917,"U",8854503.513512
6,1917,"V",4444317.64419607
6,1918,"U",9072106.65025915
6,1918,"V",4553538.61390961
6,1919,"U",9293703.25296587
6,1919,"V",4664764.01348176
6,1920,"U",9517620.65973913
6,1920,"V",4777154.28813085
6,1921,"U",9742022.55151336
6,1921,"V",4889787.73906136
6,1922,"U",9964985.27124728
6,1922,"V",5001698.83015747
6,1923,"U",10184842.9386191
6,1923,"V",5112051.41049369
6,1924,"U",10400383.3837495
6,1924,"V",5220237.05883287
6,1925,"U",10610973.3968748
6,1925,"V",5325937.94986492
6,1926,"U",10816662.9194184
6,1926,"V",5429179.15055691
6,1927,"U",11018260.7848441
6,1927,"V",5530366.63656067
6,1928,"U",11217376.9616922
6,1928,"V",5630308.49514829
6,1929,"U",11416429.1888352
6,1929,"V",5730218.25562873
6,1930,"U",11618614.9349897
6,1930,"V",5831700.81505944
6,1931,"U",11827852.2376296
6,1931,"V",5936722.74367774
6,1932,"U",12048694.7228321
6,1932,"V",6047569.63103576
6,1933,"U",12286226.6659956
6,1933,"V",6166793.41410285
6,1934,"U",12545943.2034278
6,1934,"V",6297152.25218317
6,1935,"U",12833618.818193
6,1935,"V",6441544.51636322
6,1936,"U",13155164.2296147
6,1936,"V",6602936.95843639
6,1937,"U",13516468.1485543
6,1937,"V",6784285.2835469
6,1938,"U",13923216.4088222
6,1938,"V",6988443.36729446
6,1939,"U",14380677.1623169
6,1939,"V",7218055.43929619
6,1940,"U",14893705.9789124
6,1940,"V",7475558.64295938
6,1941,"U",15467609.5018577
6,1941,"V",7763616.5277634
6,1942,"U",16108455.9649454
6,1942,"V",8085274.90632465
6,1943,"U",16823185.3113526
6,1943,"V",8444017.12605666
6,1944,"U",17619738.1861779
6,1944,"V",8843828.81405466
6,1945,"U",18507207.2485425
6,1945,"V",9289273.82478013
6,1946,"U",19496014.9413056
6,1946,"V",9785583.46754639
6,1947,"U",20597715.8709644
6,1947,"V",10338557.3155818
6,1948,"U",21823442.4208926
6,1948,"V",10953783.0167736
6,1949,"U",23183301.9190668
6,1949,"V",11636333.7156513
6,1950,"U",21642342.6096537
6,1950,"V",18763770.8679422
6,1951,"U",18245364.5689711
6,1951,"V",16447330.5686453
6,1952,"U",26500399.9599976
6,1952,"V",13537316.2982162
6,1953,"U",20106787.7112872
6,1953,"V",13291465.6118189
6,1954,"U",22885347.0181854
6,1954,"V",16114237.2869308
6,1955,"U",27239421.9321839
6,1955,"V",14370590.5593261
6,1956,"U",25076148.4575235
6,1956,"V",13897474.7626325
6,1957,"U",34334688.9545238
6,1957,"V",15014752.9939003
6,1958,"U",24509889.8230323
6,1958,"V",15941204.0942679
6,1959,"U",28880519.2891589
6,1959,"V",15579733.0895183
6,1960,"U",41193984.0646176
6,1960,"V",14163951.4275365
6,1961,"U",35526799.1330655
6,1961,"V",12165481.8503663
6,1962,"U",27878293.9316756
6,1962,"V",12631844.9884452
6,1963,"U",29976188.3121716
6,1963,"V",13517677.8750545
6,1964,"U",43045551.7101017
6,1964,"V",15395916.0436601
6,1965,"U",35184328.6130443
6,1965,"V",14536413.2213014
6,1966,"U",34462045.9019416
6,1966,"V",11848250.3276033
6,1967,"U",38111546.0187501
6,1967,"V",13465206.5422846
6,1968,"U",40617112.067746
6,1968,"V",18736421.2959838
6,1969,"U",40616135.8070994
6,1969,"V",18983491.8075426
6,1970,"U",38984232.1281217
6,1970,"V",21410216.410969
6,1971,"U",36804413.1862479
6,1971,"V",17463885.8169982
6,1972,"U",42936976.4409483
6,1972,"V",43532730.649227
6,1973,"U",44088288.4057288
6,1973,"V",46657355.195823
6,1974,"U",49142268.064174
6,1974,"V",83263698.489329
6,1975,"U",38114580.7515189
6,1975,"V",72051171.8283957
6,1976,"U",48869989.6094979
6,1976,"V",48493273.5439281
6,1977,"U",28672926.7104896
6,1977,"V",67919623.1971324
6,1978,"U",51441518.5402874
6,1978,"V",47430601.2460264
6,1979,"U",47236635.0376068
6,1979,"V",35090606.3785262
6,1980,"U",55232386.4565359
6,1980,"V",49975840.2571636
6,1981,"U",60600618.4674555
6,1981,"V",59399971.2771436
6,1982,"U",45229236.2152138
6,1982,"V",69494464.9702958
6,1983,"U",42676957.7387134
6,1983,"V",68463539.9733859
6,1984,"U",35585851.5141595
6,1984,"V",113132408.379767
6,1985,"U",43247579.6475327
6,1985,"V",72489767.6036352
6,1986,"U",27717670.9772426
6,1986,"V",73993437.6189661
6,1987,"U",29308128.5612942
6,1987,"V",45958736.4185582
6,1988,"U",29714566.5008022
6,1988,"V",47044749.6437654
6,1989,"U",19325984.1091852
6,1989,"V",47389105.4861153
6,1990,"U",25869133.0311276
6,1990,"V",46310424.9473239
6,1991,"U",29935796.387703
6,1991,"V",47869324.3080386
6,1992,"U",48730536.6196633
6,1992,"V",39102991.6939672
6,1993,"U",42333906.2575158
6,1993,"V",37936944.8813295
6,1994,"U",25917305.338207
6,1994,"V",45150978.6159038
6,1995,"U",7570501.40782954
6,1995,"V",43368690.7152918
6,1996,"U",7432118.81884867
6,1996,"V",42110607.7681572
6,1997,"U",7558601.63281652
6,1997,"V",42378373.0335436
6,1998,"U",7792042.17447389
6,1998,"V",41734137.4491999
6,1999,"U",7029739.60942647
6,1999,"V",44216277.879733
6,2000,"U",12523945.4572755
6,2000,"V",41065958.6671612
6,2001,"U",17455221.1144595
6,2001,"V",33295937.4195238
6,2002,"U",10965045.8258103
6,2002,"V",31386344.6291324
6,2003,"U",12857217.273356
6,2003,"V",34847127.1604623
6,2004,"U",16964166.3758345
6,2004,"V",27249559.4679201
6,2005,"U",17480070.699466
6,2005,"V",22633399.2368792
6,2006,"U",15251793.4449803
6,2006,"V",24898101.8295477
6,2007,"U",4104520.43487898
6,2007,"V",26402308.8312961
6,2008,"U",4286792.95477146
6,2008,"V",24830482.8230143
6,2009,"U",6636138.14900223
6,2009,"V",24668254.5170165
6,2010,"U",6813091.25425496
6,2010,"V",14829937.6907506
6,2011,"U",4362976.02803271
6,2011,"V",25175338.4405319
6,2012,"U",6625766.98420188
6,2012,"V",21916949.2565119
6,2013,"U",5818334.92189041
6,2013,"V",21405144.7676831
6,2014,"U",4253872.41816219
6,2014,"V",20651612.8744065
6,2015,"U",3193913.69918368
6,2015,"V",20737391.4211959
6,2016,"U",2815355.5183401
6,2016,"V",15679597.1790628
6,2017,"U",3312357.02169557
6,2017,"V",65023986.3986081
7,1841,"U",11557513.6497053
7,1841,"V",12394947.4313994
7,1842,"U",11557513.6497053
7,1842,"V",12394947.4313994
7,1843,"U",11557513.6497053
7,1843,"V",12394947.4313994
7,1844,"U",11557513.6497053
7,1844,"V",12394947.4313994
7,1845,"U",11557513.6497053
7,1845,"V",12394947.4313994
7,1846,"U",11557513.6497053
7,1846,"V",12394947.4313994
7,1847,"U",11557513.6497053
7,1847,"V",12394947.4313994
7,1848,"U",11557513.6497053
7,1848,"V",12394947.4313994
7,1849,"U",11557513.6497053
7,1849,"V",12394947.4313994
7,1850,"U",11557513.6497053
7,1850,"V",12394947.4313994
7,1851,"U",11557513.6497053
7,1851,"V",12394947.4313994
7,1852,"U",11557513.6497053
7,1852,"V",12394947.4313994
7,1853,"U",11557513.6497053
7,1853,"V",12394947.4313994
7,1854,"U",11557513.6497053
7,1854,"V",12394947.4313994
7,1855,"U",11557513.6497053
7,1855,"V",12394947.4313994
7,1856,"U",11557513.6497053
7,1856,"V",12394947.4313994
7,1857,"U",11557513.6497053
7,1857,"V",12394947.4313994
7,1858,"U",11557513.6497053
7,1858,"V",12394947.4313994
7,1859,"U",11557513.6497053
7,1859,"V",12394947.4313994
7,1860,"U",11557513.6497053
7,1860,"V",12394947.4313994
7,1861,"U",11557513.6497053
7,1861,"V",12394947.4313994
7,1862,"U",11853024.6107267
7,1862,"V",12711870.5117677
7,1863,"U",12156091.4121071
7,1863,"V",13036896.913221
7,1864,"U",12466907.2470984
7,1864,"V",13370233.8273991
7,1865,"U",12785670.2486588
7,1865,"V",13712093.7435686
7,1866,"U",13112583.6157548
7,1866,"V",14062694.5840773
7,1867,"U",13447855.7428931
7,1867,"V",14422259.843271
7,1868,"U",13791700.3529629
7,1868,"V",14791018.7299624
7,1869,"U",14144336.633477
7,1869,"V",15169206.3135426
7,1870,"U",14505989.3762947
7,1870,"V",15557063.6738288
7,1871,"U",14876889.1209179
7,1871,"V",15954838.0547435
7,1872,"U",15257272.3014513
7,1872,"V",16362783.0219224
7,1873,"U",15647381.3973191
7,1873,"V",16781158.6243528
7,1874,"U",16047465.0878375
7,1874,"V",17210231.5601448
7,1875,"U",16457778.4107368
7,1875,"V",17650275.3465408
7,1876,"U",16878582.9247387
7,1876,"V",18101570.494272
7,1877,"U",17310146.8762895
7,1877,"V",18564404.6863731
7,1878,"U",17752745.3705569
7,1878,"V",19039072.9615692
7,1879,"U",18206660.5467986
7,1879,"V",19525877.902351
7,1880,"U",18672181.7582152
7,1880,"V",20025129.82786
7,1881,"U",19149605.7048061
7,1881,"V",20537146.9363699
7,1882,"U",19639236.4571966
7,1882,"V",21062255.3308411
7,1883,"U",20141385.7860485
7,1883,"V",21600789.3721996
7,1884,"U",20656373.4080048
7,1884,"V",22153091.9431018
7,1885,"U",21184527.1875595
7,1885,"V",22719514.6644318
7,1886,"U",21726183.3440345
7,1886,"V",23300418.1172755
7,1887,"U",22281686.6637921
7,1887,"V",23896172.0705091
7,1888,"U",22851390.7178127
7,1888,"V",24507155.7141425
7,1889,"U",23435658.0847755
7,1889,"V",25133757.898564
7,1890,"U",24034860.677116
7,1890,"V",25776377.4842228
7,1891,"U",24649380.3963904
7,1891,"V",26435424.0444799
7,1892,"U",25279609.5855584
7,1892,"V",27111318.3506633
7,1893,"U",25925951.4046351
7,1893,"V",27804492.774937
7,1894,"U",26588820.0783143
7,1894,"V",28515391.5558685
7,1895,"U",27268640.7286469
7,1895,"V",29244470.6189824
7,1896,"U",27965849.5413821
7,1896,"V",29992197.7551542
7,1897,"U",28680894.0587349
7,1897,"V",30759052.9345919
7,1898,"U",29414233.4800634
7,1898,"V",31545528.629299
7,1899,"U",30166338.9706741
7,1899,"V",32352130.1442559
7,1900,"U",30937693.9789792
7,1900,"V",33179375.957557
7,1901,"U",31728794.5622385
7,1901,"V",34027798.0697557
7,1902,"U",32540149.7211228
7,1902,"V",34897942.3626696
7,1903,"U",33372281.7433446
7,1903,"V",35790368.9679097
7,1904,"U",34225726.5566058
7,1904,"V",36705652.6454023
7,1905,"U",35101034.0911236
7,1905,"V",37644383.1721824
7,1906,"U",35998768.6495529
7,1906,"V",38607165.7391202
7,1907,"U",36919509.2587132
7,1907,"V",39594621.3281333
7,1908,"U",37863849.9518757
7,1908,"V",40607387.0149278
7,1909,"U",38832400.0310126
7,1909,"V",41646116.2502494
7,1910,"U",39825784.4111495
7,1910,"V",42711479.2291878
7,1911,"U",40844644.252915
7,1911,"V",43804163.5695579
7,1912,"U",41889637.455333
7,1912,"V",44924874.8404005
7,1913,"U",42961439.0993521
7,1913,"V",46074337.0376477
7,1914,"U",44060741.9033394
7,1914,"V",47253293.0726215
7,1915,"U",45188256.6908693
7,1915,"V",48462505.2737176
7,1916,"U",46344712.8711458
7,1916,"V",49702755.9016378
7,1917,"U",47530858.9324066
7,1917,"V",50974847.6785456
7,1918,"U",48747462.9486668
7,1918,"V",52279604.3315269
7,1919,"U",49995313.10017
7,1919,"V",53617871.1507523
7,1920,"U",51275218.2079263
7,1920,"V",54990515.5627469
7,1921,"U",52588008.2827248
7,1921,"V",56398427.7191825
7,1922,"U",53934534.8978816
7,1922,"V",57842520.8966345
7,1923,"U",55315670.9776096
7,1923,"V",59323731.2696176
7,1924,"U",56732311.1620548
7,1924,"V",60843018.3020715
7,1925,"U",58185372.4094281
7,1925,"V",62401365.3931221
7,1926,"U",59675794.6490215
7,1926,"V",63999780.577414
7,1927,"U",61204541.486465
7,1927,"V",65639297.2814684
7,1928,"U",62772600.9606848
7,1928,"V",67320975.1354902
7,1929,"U",64380986.3500784
7,1929,"V",69045900.8379549
7,1930,"U",66030737.0234866
7,1930,"V",70815189.0682424
7,1931,"U",67722919.3297029
7,1931,"V",72629983.440597
7,1932,"U",69458627.5175991
7,1932,"V",74491457.4909234
7,1933,"U",71238984.6775317
7,1933,"V",76400815.6864073
7,1934,"U",73065143.6936383
7,1934,"V",78359294.4468104
7,1935,"U",74938288.1959642
7,1935,"V",80368163.1655885
7,1936,"U",76859633.5011938
7,1936,"V",82428725.2187854
7,1937,"U",78830427.5311191
7,1937,"V",84542318.9500515
7,1938,"U",80851951.6989248
7,1938,"V",86710318.6211481
7,1939,"U",82925521.7549176
7,1939,"V",88934135.3189557
7,1940,"U",85052488.5194729
7,1940,"V",91215217.7415292
7,1941,"U",87234238.4014487
7,1941,"V",93555052.7540746
7,1942,"U",89472194.2458719
7,1942,"V",95955166.2980569
7,1943,"U",91767816.3064619
7,1943,"V",98417124.4341912
7,1944,"U",94122603.2445908
7,1944,"V",100942534.413785
7,1945,"U",96538093.1554091
7,1945,"V",103533045.779214
7,1946,"U",99015864.6218952
7,1946,"V",106190351.494349
7,1947,"U",101557537.421027
7,1947,"V",108916188.701893
7,1948,"U",104164771.985114
7,1948,"V",111712338.14568
7,1949,"U",106839269.603953
7,1949,"V",114580624.387484
7,1950,"U",93664214.2263872
7,1950,"V",121910176.352355
7,1951,"U",85926483.6581156
7,1951,"V",114477579.40062
7,1952,"U",100045053.778181
7,1952,"V",119019231.672125
7,1953,"U",97211809.0202278
7,1953,"V",127255811.082619
7,1954,"U",119699489.338562
7,1954,"V",126012023.104373
7,1955,"U",122546773.907258
7,1955,"V",139270484.070272
7,1956,"U",111590880.583121
7,1956,"V",128092497.840577
7,1957,"U",117799932.762001
7,1957,"V",137328216.338104
7,1958,"U",145419356.671789
7,1958,"V",139161747.640432
7,1959,"U",138969474.886851
7,1959,"V",140250887.338152
7,1960,"U",96161360.0135951
7,1960,"V",113860406.813439
7,1961,"U",91370260.5069233
7,1961,"V",123551550.99139
7,1962,"U",92816333.990106
7,1962,"V",114459744.744481
7,1963,"U",157433633.147475
7,1963,"V",169145710.735279
7,1964,"U",170849926.383641
7,1964,"V",151884123.48144
7,1965,"U",176391466.957178
7,1965,"V",159912708.406941
7,1966,"U",218048721.58176
7,1966,"V",167089328.594789
7,1967,"U",229876755.106692
7,1967,"V",163435364.087377
7,1968,"U",249771679.686754
7,1968,"V",159038220.652539
7,1969,"U",248422068.19185
7,1969,"V",189523558.441211
7,1970,"U",217362076.886459
7,1970,"V",237479159.625903
7,1971,"U",186582041.793635
7,1971,"V",270703984.284804
7,1972,"U",153894751.885739
7,1972,"V",249261596.283242
7,1973,"U",195818925.374467
7,1973,"V",345112863.724228
7,1974,"U",178617830.761251
7,1974,"V",378376425.565842
7,1975,"U",191302066.120812
7,1975,"V",264595963.234918
7,1976,"U",200724487.365531
7,1976,"V",244450870.34617
7,1977,"U",233001808.329752
7,1977,"V",269463620.613554
7,1978,"U",195509116.760511
7,1978,"V",348425001.06983
7,1979,"U",213211848.711855
7,1979,"V",272475433.412576
7,1980,"U",222421357.667966
7,1980,"V",330217278.440407
7,1981,"U",226074242.841789
7,1981,"V",345639761.217181
7,1982,"U",191671612.259835
7,1982,"V",365280717.254278
7,1983,"U",175149417.789665
7,1983,"V",297722069.943963
7,1984,"U",169987165.968369
7,1984,"V",316520985.915713
7,1985,"U",142984428.143068
7,1985,"V",275092535.972049
7,1986,"U",127567681.872674
7,1986,"V",295737785.259055
7,1987,"U",109059490.561629
7,1987,"V",220037344.923719
7,1988,"U",99490438.6653806
7,1988,"V",217454721.107405
7,1989,"U",110635198.190712
7,1989,"V",289534823.228401
7,1990,"U",134412568.273495
7,1990,"V",301430058.289436
7,1991,"U",125528169.123277
7,1991,"V",281619113.08849
7,1992,"U",135069737.001601
7,1992,"V",309896992.92177
7,1993,"U",131943905.321719
7,1993,"V",272698366.776718
7,1994,"U",89530489.6402897
7,1994,"V",181762294.52612
7,1995,"U",158646115.093084
7,1995,"V",197968895.376827
7,1996,"U",152960620.340211
7,1996,"V",189054197.462059
7,1997,"U",134328137.560394
7,1997,"V",168121272.62972
7,1998,"U",136916135.506257
7,1998,"V",160679509.704364
7,1999,"U",113823124.717978
7,1999,"V",170936511.534103
7,2000,"U",86737895.0052804
7,2000,"V",178385399.13008
7,2001,"U",81947586.6090613
7,2001,"V",194708492.685982
7,2002,"U",65511777.7509057
7,2002,"V",198405743.337549
7,2003,"U",70448656.602386
7,2003,"V",174633763.69978
7,2004,"U",82244689.6717962
7,2004,"V",172902972.969702
7,2005,"U",64821552.751988
7,2005,"V",148469582.793507
7,2006,"U",57235485.0481135
7,2006,"V",163221163.398039
7,2007,"U",84287946.5056121
7,2007,"V",175415698.072306
7,2008,"U",85401865.7741911
7,2008,"V",161603428.033407
7,2009,"U",53433554.127754
7,2009,"V",189318865.353145
7,2010,"U",51995371.1470177
7,2010,"V",198113087.979303
7,2011,"U",78393784.9869372
7,2011,"V",163985385.693963
7,2012,"U",45302526.7854421
7,2012,"V",163138801.27337
7,2013,"U",68643411.6301708
7,2013,"V",114536426.408134
7,2014,"U",61160660.293169
7,2014,"V",115073252.245113
7,2015,"U",61811912.0769258
7,2015,"V",98231459.5001958
7,2016,"U",55881023.0915238
7,2016,"V",292445608.695113
7,2017,"U",57643053.8567383
7,2017,"V",170995583.202773
8,1841,"U",2816029.50121998
8,1841,"V",1492553.64098712
8,1842,"U",2816029.50121998
8,1842,"V",1492553.64098712
8,1843,"U",2816029.50121998
8,1843,"V",1492553.64098712
8,1844,"U",2816029.50121998
8,1844,"V",1492553.64098712
8,1845,"U",2816029.50121998
8,1845,"V",1492553.64098712
8,1846,"U",2816029.50121998
8,1846,"V",1492553.64098712
8,1847,"U",2816029.50121998
8,1847,"V",1492553.64098712
8,1848,"U",2816029.50121998
8,1848,"V",1492553.64098712
8,1849,"U",2816029.50121998
8,1849,"V",1492553.64098712
8,1850,"U",2816029.50121998
8,1850,"V",1492553.64098712
8,1851,"U",2816029.50121998
8,1851,"V",1492553.64098712
8,1852,"U",2816029.50121998
8,1852,"V",1492553.64098712
8,1853,"U",2816029.50121998
8,1853,"V",1492553.64098712
8,1854,"U",2816029.50121998
8,1854,"V",1492553.64098712
8,1855,"U",2816029.50121998
8,1855,"V",1492553.64098712
8,1856,"U",2816029.50121998
8,1856,"V",1492553.64098712
8,1857,"U",2816029.50121998
8,1857,"V",1492553.64098712
8,1858,"U",2816029.50121998
8,1858,"V",1492553.64098712
8,1859,"U",2816029.50121998
8,1859,"V",1492553.64098712
8,1860,"U",2816029.50121998
8,1860,"V",1492553.64098712
8,1861,"U",2816029.50121998
8,1861,"V",1492553.64098712
8,1862,"U",2906293.55247107
8,1862,"V",1540395.44743364
8,1863,"U",2999450.89690137
8,1863,"V",1589770.75886198
8,1864,"U",3095594.27514568
8,1864,"V",1640728.72971889
8,1865,"U",3194819.40051575
8,1865,"V",1693320.09003111
8,1866,"U",3297225.05428506
8,1866,"V",1747597.19590832
8,1867,"U",3402913.18402854
8,1867,"V",1803614.08166515
8,1868,"U",3511989.00511383
8,1868,"V",1861426.51361375
8,1869,"U",3624561.10544643
8,1869,"V",1921092.04558072
8,1870,"U",3740741.55357135
8,1870,"V",1982670.07620336
8,1871,"U",3860646.01024062
8,1871,"V",2046221.90806264
8,1872,"U",3984393.84355692
8,1872,"V",2111810.80871176
8,1873,"U",4112108.24780715
8,1873,"V",2179502.07366037
8,1874,"U",4243916.36610608
8,1874,"V",2249363.09137823
8,1875,"U",4379949.4169706
8,1875,"V",2321463.41038214
8,1876,"U",4520342.82495132
8,1876,"V",2395874.80847349
8,1877,"U",4665236.35545135
8,1877,"V",2472671.3641948
8,1878,"U",4814774.25386624
8,1878,"V",2551929.53057693
8,1879,"U",4969105.38918463
8,1879,"V",2633728.21125032
8,1880,"U",5128383.40219088
8,1880,"V",2718148.8389954
8,1881,"U",5292766.85841888
8,1881,"V",2805275.45681132
8,1882,"U",5462419.40600811
8,1882,"V",2895194.80158288
8,1883,"U",5637509.93861983
8,1883,"V",2987996.39042943
8,1884,"U",5818212.76357515
8,1884,"V",3083772.60982162
8,1885,"U",6004707.77538294
8,1885,"V",3182618.80755466
8,1886,"U",6197180.63482921
8,1886,"V",3284633.38766941
8,1887,"U",6395822.95380777
8,1887,"V",3389917.9084165
8,1888,"U",6600832.48607487
8,1888,"V",3498577.18336009
8,1889,"U",6812413.32411817
8,1889,"V",3610719.38572261
8,1890,"U",7030776.10233672
8,1890,"V",3726456.15607426
8,1891,"U",7256138.20673269
8,1891,"V",3845902.71347396
8,1892,"U",7488723.99132544
8,1892,"V",3969177.97017327
8,1893,"U",7728765.0015014
8,1893,"V",4096404.64999646
8,1894,"U",7976500.20452422
8,1894,"V",4227709.41051555
8,1895,"U",8232176.22743292
8,1895,"V",4363222.96914133
8,1896,"U",8496047.60256553
8,1896,"V",4503080.23325587
8,1897,"U",8768377.02095316
8,1897,"V",4647420.43451663
8,1898,"U",9049435.59383573
8,1898,"V",4796387.26746522
8,1899,"U",9339503.12256066
8,1899,"V",4950129.03257918
8,1900,"U",9638868.37713249
8,1900,"V",5108798.78390906
8,1901,"U",9947829.38369113
8,1901,"V",5272554.48144789
8,1902,"U",10266693.7212052
8,1902,"V",5441559.14838457
8,1903,"U",10595778.8276746
8,1903,"V",5615981.03339776
8,1904,"U",10935412.3161491
8,1904,"V",5795993.77815207
8,1905,"U",11285932.3008755
8,1905,"V",5981776.59016292
8,1906,"U",11647687.7338995
8,1906,"V",6173514.42120234
8,1907,"U",12021038.7524573
8,1907,"V",6371398.15142365
8,1908,"U",12406357.0375012
8,1908,"V",6575624.77938762
8,1909,"U",12804026.1837183
8,1909,"V",6786397.61817973
8,1910,"U",13214442.0814092
8,1910,"V",7003926.49781405
8,1911,"U",13638013.3106076
8,1911,"V",7228427.97412444
8,1912,"U",14075161.5478325
8,1912,"V",7460125.54435176
8,1913,"U",14526321.9858785
8,1913,"V",7699249.86964136
8,1914,"U",14991943.7670618
8,1914,"V",7946039.00467245
8,1915,"U",15472490.430354
8,1915,"V",8200738.63464799
8,1916,"U",15968440.3728465
8,1916,"V",8463602.31988064
8,1917,"U",16480287.3260088
8,1917,"V",8734891.74821922
8,1918,"U",17008540.8472104
8,1918,"V",9014876.99556561
8,1919,"U",17553726.827
8,1919,"V",9303836.79474295
8,1920,"U",18116388.0126421
8,1920,"V",9602058.8129812
8,1921,"U",18697084.548438
8,1921,"V",9909839.938298
8,1922,"U",19296394.5333636
8,1922,"V",10227486.5750584
8,1923,"U",19914914.5965824
8,1923,"V",10555314.9490087
8,1924,"U",20553260.4914063
8,1924,"V",10893651.4220874
8,1925,"U",21212067.7082943
8,1925,"V",11242832.8173281
8,1926,"U",21891992.1075001
8,1926,"V",11603206.7541746
8,1927,"U",22593710.571999
8,1927,"V",11975131.9945465
8,1928,"U",23317921.6813426
8,1928,"V",12358978.7999958
8,1929,"U",24065346.407114
8,1929,"V",12755129.3003121
8,1930,"U",24836728.8306737
8,1930,"V",13163977.8739435
8,1931,"U",25632836.8839133
8,1931,"V",13585931.5406103
8,1932,"U",26454463.1137513
8,1932,"V",14021410.3665047
8,1933,"U",27302425.471136
8,1933,"V",14470847.8824776
8,1934,"U",28177568.1253367
8,1934,"V",14934691.51563
8,1935,"U",29080762.3043375
8,1935,"V",15413403.0347395
8,1936,"U",30012907.1621674
8,1936,"V",15907459.0099622
8,1937,"U",30974930.6740325
8,1937,"V",16417351.2872724
8,1938,"U",31967790.5601412
8,1938,"V",16943587.4781076
8,1939,"U",32992475.2391383
8,1939,"V",17486691.4647094
8,1940,"U",34050004.8121046
8,1940,"V",18047203.9216629
8,1941,"U",35141432.0780931
8,1941,"V",18625682.8541521
8,1942,"U",36267843.5822194
8,1942,"V",19222704.1534691
8,1943,"U",37430360.6973467
8,1943,"V",19838862.1703299
8,1944,"U",38630140.7404421
8,1944,"V",20474770.3065656
8,1945,"U",39868378.1247173
8,1945,"V",21131061.6257814
8,1946,"U",41146305.5486977
8,1946,"V",21808389.4835872
8,1947,"U",42465195.2234085
8,1947,"V",22507428.1780317
8,1948,"U",43826360.138894
8,1948,"V",23228873.6208837
8,1949,"U",45231155.3713346
8,1949,"V",23973444.030431
8,1950,"U",17864844.2889071
8,1950,"V",78380998.1609963
8,1951,"U",48359859.4247426
8,1951,"V",49384319.437256
8,1952,"U",45778673.8015559
8,1952,"V",51328315.1845668
8,1953,"U",43158079.2567165
8,1953,"V",53150674.6747395
8,1954,"U",44696555.741514
8,1954,"V",51269703.9608447
8,1955,"U",45400414.1509053
8,1955,"V",10207919.6263349
8,1956,"U",45650798.3425308
8,1956,"V",8610704.92563439
8,1957,"U",46715446.2499368
8,1957,"V",9023944.6176672
8,1958,"U",32613292.0477408
8,1958,"V",69702483.2998331
8,1959,"U",50263614.5472976
8,1959,"V",11196303.6231588
8,1960,"U",96734914.9716979
8,1960,"V",13817871.9588401
8,1961,"U",95747633.2003331
8,1961,"V",10633318.3066664
8,1962,"U",97632532.1462318
8,1962,"V",14703275.0673414
8,1963,"U",106164153.011218
8,1963,"V",15531690.2198778
8,1964,"U",115885275.216024
8,1964,"V",15558337.7377049
8,1965,"U",131352933.623891
8,1965,"V",15284381.8092971
8,1966,"U",106223426.890677
8,1966,"V",14923770.8319741
8,1967,"U",113140160.223564
8,1967,"V",14715668.7530646
8,1968,"U",110567459.956329
8,1968,"V",20080110.618801
8,1969,"U",107828588.321778
8,1969,"V",16644488.7722917
8,1970,"U",124753743.937
8,1970,"V",17118172.8774042
8,1971,"U",133791777.300526
8,1971,"V",19804923.9782331
8,1972,"U",52552685.9612402
8,1972,"V",170374575.506095
8,1973,"U",65141349.4082792
8,1973,"V",185636131.639206
8,1974,"U",61313346.7276627
8,1974,"V",202541170.961202
8,1975,"U",129933376.502825
8,1975,"V",37266641.5425997
8,1976,"U",115406303.523023
8,1976,"V",42374915.9451792
8,1977,"U",117514205.481371
8,1977,"V",43761497.2821913
8,1978,"U",126296847.342187
8,1978,"V",42152351.5848481
8,1979,"U",21895263.1181049
8,1979,"V",340904542.193395
8,1980,"U",24264255.1659184
8,1980,"V",391272050.077159
8,1981,"U",133735866.062623
8,1981,"V",44962754.1801229
8,1982,"U",122309676.197433
8,1982,"V",47577823.6704605
8,1983,"U",136864718.447136
8,1983,"V",50614205.3126279
8,1984,"U",137973573.769371
8,1984,"V",44493423.3501986
8,1985,"U",105643884.042079
8,1985,"V",47203746.9936846
8,1986,"U",89903040.5278618
8,1986,"V",62776300.2146642
8,1987,"U",131832399.444953
8,1987,"V",42583066.2949749
8,1988,"U",112904213.686037
8,1988,"V",44083538.032033
8,1989,"U",81267217.3441241
8,1989,"V",47281510.2644792
8,1990,"U",82370077.4032322
8,1990,"V",59999539.2412321
8,1991,"U",84977581.9498804
8,1991,"V",84729328.6890125
8,1992,"U",93650448.5150184
8,1992,"V",63516698.9146315
8,1993,"U",87308937.649848
8,1993,"V",67337065.4425545
8,1994,"U",77943611.2108297
8,1994,"V",75130480.1456884
8,1995,"U",73001620.0909931
8,1995,"V",53711259.8956431
8,1996,"U",92697070.065165
8,1996,"V",69349423.9453456
8,1997,"U",84530788.8622076
8,1997,"V",64066834.2581055
8,1998,"U",62342968.0567213
8,1998,"V",60807221.8521206
8,1999,"U",80243704.3145522
8,1999,"V",56925344.3392506
8,2000,"U",67040996.1326095
8,2000,"V",73131829.7031483
8,2001,"U",61325923.5253016
8,2001,"V",63416706.3528148
8,2002,"U",60550092.546466
8,2002,"V",63403602.3992526
8,2003,"U",42469391.011423
8,2003,"V",53934132.2804747
8,2004,"U",50440486.1091396
8,2004,"V",105093936.177508
8,2005,"U",48460849.960377
8,2005,"V",101075353.379875
8,2006,"U",26447070.0124015
8,2006,"V",86591343.595065
8,2007,"U",41651449.9826522
8,2007,"V",129576762.95138
8,2008,"U",50587167.8381115
8,2008,"V",56586394.6678333
8,2009,"U",40619977.8999529
8,2009,"V",44160268.5095651
8,2010,"U",36617485.7254494
8,2010,"V",90081285.3165514
8,2011,"U",38724883.0668734
8,2011,"V",31054744.3029932
8,2012,"U",42420718.715321
8,2012,"V",44297700.7374792
8,2013,"U",58262709.6016901
8,2013,"V",46656743.5472691
8,2014,"U",32035747.1108878
8,2014,"V",46670827.1145668
8,2015,"U",38535740.7404815
8,2015,"V",54595623.0087704
8,2016,"U",41472893.6270188
8,2016,"V",41047142.9269671
8,2017,"U",49972546.8933086
8,2017,"V",14832196.8987947
9,1841,"U",22403107.753251
9,1841,"V",7699801.90788694
9,1842,"U",22403107.753251
9,1842,"V",7699801.90788694
9,1843,"U",22403107.753251
9,1843,"V",7699801.90788694
9,1844,"U",22403107.753251
9,1844,"V",7699801.90788694
9,1845,"U",22403107.753251
9,1845,"V",7699801.90788694
9,1846,"U",22403107.753251
9,1846,"V",7699801.90788694
9,1847,"U",22403107.753251
9,1847,"V",7699801.90788694
9,1848,"U",22403107.753251
9,1848,"V",7699801.90788694
9,1849,"U",22403107.753251
9,1849,"V",7699801.90788694
9,1850,"U",22403107.753251
9,1850,"V",7699801.90788694
9,1851,"U",22403107.753251
9,1851,"V",7699801.90788694
9,1852,"U",22403107.753251
9,1852,"V",7699801.90788694
9,1853,"U",22403107.753251
9,1853,"V",7699801.90788694
9,1854,"U",22403107.753251
9,1854,"V",7699801.90788694
9,1855,"U",22403107.753251
9,1855,"V",7699801.90788694
9,1856,"U",22403107.753251
9,1856,"V",7699801.90788694
9,1857,"U",22403107.753251
9,1857,"V",7699801.90788694
9,1858,"U",22403107.753251
9,1858,"V",7699801.90788694
9,1859,"U",22403107.753251
9,1859,"V",7699801.90788694
9,1860,"U",22403107.753251
9,1860,"V",7699801.90788694
9,1861,"U",22403107.753251
9,1861,"V",7699801.90788694
9,1862,"U",22403405.2087066
9,1862,"V",7699904.14138552
9,1863,"U",22403702.6681116
9,1863,"V",7700006.37624151
9,1864,"U",22404000.1314664
9,1864,"V",7700108.61245496
9,1865,"U",22404297.5987703
9,1865,"V",7700210.85002573
9,1866,"U",22404595.070024
9,1866,"V",7700313.088954
9,1867,"U",22404892.5452274
9,1867,"V",7700415.32923975
9,1868,"U",22405190.0243805
9,1868,"V",7700517.57088299
9,1869,"U",22405487.5074834
9,1869,"V",7700619.81388375
9,1870,"U",22405991.2022617
9,1870,"V",7700792.93049143
9,1871,"U",22407900.7490208
9,1871,"V",7701449.22924873
9,1872,"U",22413428.5779048
9,1872,"V",7703349.10795559
9,1873,"U",22425581.9939874
9,1873,"V",7707526.15773686
9,1874,"U",22447955.9741376
9,1874,"V",7715215.94867769
9,1875,"U",22484540.1004745
9,1875,"V",7727789.67411212
9,1876,"U",22539542.3046231
9,1876,"V",7746693.5726741
9,1877,"U",22617230.8686793
9,1877,"V",7773394.62506067
9,1878,"U",22721794.7117415
9,1878,"V",7809332.53542446
9,1879,"U",22857220.6214843
9,1879,"V",7855877.53666715
9,1880,"U",23027184.945333
9,1880,"V",7914293.16540296
9,1881,"U",23234956.4533449
9,1881,"V",7985702.87656514
9,1882,"U",23483306.6916723
9,1882,"V",8071059.23247606
9,1883,"U",23774424.1878626
9,1883,"V",8171114.41576913
9,1884,"U",24109829.3450105
9,1884,"V",8286390.97906412
9,1885,"U",24490287.749086
9,1885,"V",8417152.04926196
9,1886,"U",24915720.8764568
9,1886,"V",8563370.63830265
9,1887,"U",25385114.7761431
9,1887,"V",8724698.25785269
9,1888,"U",25896429.1441481
9,1888,"V",8900433.66874557
9,1889,"U",26446511.2085783
9,1889,"V",9089493.28385992
9,1890,"U",27031020.8712072
9,1890,"V",9290385.43976336
9,1891,"U",27644375.4271096
9,1891,"V",9501191.39721198
9,1892,"U",28279723.6878432
9,1892,"V",9719556.44745638
9,1893,"U",28928960.2078498
9,1893,"V",9942694.80176313
9,1894,"U",29582790.2858358
9,1894,"V",10167411.9319648
9,1895,"U",30230855.230685
9,1895,"V",10390147.6235369
9,1896,"U",30861924.8611699
9,1896,"V",10607042.1364918
9,1897,"U",31464160.2896897
9,1897,"V",10814026.5224345
9,1898,"U",32025444.8374813
9,1898,"V",11006936.3579606
9,1899,"U",32533774.7695464
9,1899,"V",11181646.0377006
9,1900,"U",32977694.9690595
9,1900,"V",11334218.51277
9,1901,"U",33346758.4267227
9,1901,"V",11461063.2142616
9,1902,"U",33631983.3410161
9,1902,"V",11559093.1556181
9,1903,"U",33826278.5388025
9,1903,"V",11625871.1469167
9,1904,"U",33924807.5051738
9,1904,"V",11659734.9095519
9,1905,"U",33925263.9348344
9,1905,"V",11659891.7814472
9,1906,"U",33828037.3632737
9,1906,"V",11626475.6434074
9,1907,"U",33636255.6427937
9,1907,"V",11560561.5178534
9,1908,"U",33355700.9335487
9,1908,"V",11464136.6954893
9,1909,"U",32994606.3390714
9,1909,"V",11340030.8402613
9,1910,"U",32563350.0827211
9,1910,"V",11191810.8797982
9,1911,"U",32074072.0496611
9,1911,"V",11023649.213393
9,1912,"U",31540242.7464541
9,1912,"V",10840175.566228
9,1913,"U",30976216.8072121
9,1913,"V",10646323.5323537
9,1914,"U",30396802.1105259
9,1914,"V",10447182.4829895
9,1915,"U",29816735.0318296
9,1915,"V",10247817.2141865
9,1916,"U",29249867.1119165
9,1916,"V",10052988.4101054
9,1917,"U",28709014.3829697
9,1917,"V",9867100.8573561
9,1918,"U",28206045.0451674
9,1918,"V",9694233.57887523
9,1919,"U",27752019.1641126
9,1919,"V",9538187.84702046
9,1920,"U",27357330.9590595
9,1920,"V",9402536.08710573
9,1921,"U",27031734.1696465
9,1921,"V",9290630.59578119
9,1922,"U",26784411.9707834
9,1922,"V",9205627.57032402
9,1923,"U",26624098.6640642
9,1923,"V",9150528.93318268
9,1924,"U",26559233.413175
9,1924,"V",9128235.16983281
9,1925,"U",26598135.6739899
9,1925,"V",9141605.62295665
9,1926,"U",26749192.7747878
9,1926,"V",9193522.96253892
9,1927,"U",27021051.0911495
9,1927,"V",9286958.89143115
9,1928,"U",27422803.2152958
9,1928,"V",9425038.4742314
9,1929,"U",27964164.2774417
9,1929,"V",9611100.73778334
9,1930,"U",28655631.0350728
9,1930,"V",9848753.34912142
9,1931,"U",29508617.4646387
9,1931,"V",10141919.2174514
9,1932,"U",30535560.3883604
9,1932,"V",10494872.7973946
9,1933,"U",31749988.222158
9,1933,"V",10912263.7172017
9,1934,"U",33166545.3677392
9,1934,"V",11399125.1621543
9,1935,"U",34800964.27077
9,1935,"V",11960864.271141
9,1936,"U",36669976.9501288
9,1936,"V",12603231.7298389
9,1937,"U",38791158.1276178
9,1937,"V",13332267.8554199
9,1938,"U",41182693.2282485
9,1938,"V",14154222.8597626
9,1939,"U",43863066.7450018
9,1939,"V",15075449.7424549
9,1940,"U",46850834.3972995
9,1940,"V",16102325.9831473
9,1941,"U",50164857.7298414
9,1941,"V",17241334.1716422
9,1942,"U",53823952.4318068
9,1942,"V",18498941.1374993
9,1943,"U",57846243.5120015
9,1943,"V",19881376.3279413
9,1944,"U",62248392.3681677
9,1944,"V",21394366.1566222
9,1945,"U",67044684.1705028
9,1945,"V",23042820.3432982
9,1946,"U",72245968.6433733
9,1946,"V",24830467.8674173
9,1947,"U",77858806.242579
9,1947,"V",26759563.514817
9,1948,"U",83885855.24852
9,1948,"V",28831020.9191203
9,1949,"U",90325996.3798626
9,1949,"V",31044455.3906378
9,1950,"U",45799920.5989183
9,1950,"V",95336283.1203482
9,1951,"U",68136588.395218
9,1951,"V",61211839.2830186
9,1952,"U",78945418.6376003
9,1952,"V",60372794.3041617
9,1953,"U",74475388.4104929
9,1953,"V",61813755.4389205
9,1954,"U",74274885.2908778
9,1954,"V",59753409.1054347
9,1955,"U",107889084.350165
9,1955,"V",11427390.8438539
9,1956,"U",110780204.570526
9,1956,"V",10471832.2359835
9,1957,"U",113702656.344866
9,1957,"V",10069564.4749944
9,1958,"U",80231986.4180996
9,1958,"V",91522298.8615178
9,1959,"U",131732998.906822
9,1959,"V",12710210.6447782
9,1960,"U",203406613.881174
9,1960,"V",12386801.4581632
9,1961,"U",204365762.351419
9,1961,"V",12013938.9344796
9,1962,"U",168994386.303555
9,1962,"V",11280994.2282805
9,1963,"U",178573710.194362
9,1963,"V",12394404.4512219
9,1964,"U",194282305.833424
9,1964,"V",13465201.1770105
9,1965,"U",194732215.391361
9,1965,"V",14837331.1640379
9,1966,"U",180030810.011732
9,1966,"V",10877625.9876063
9,1967,"U",204760624.814714
9,1967,"V",11803536.964531
9,1968,"U",212795846.991688
9,1968,"V",12620132.2852558
9,1969,"U",224761123.250249
9,1969,"V",18392669.6391624
9,1970,"U",213581634.017374
9,1970,"V",17850341.4662224
9,1971,"U",222909726.847891
9,1971,"V",17434897.5109016
9,1972,"U",100575364.646013
9,1972,"V",102804918.496006
9,1973,"U",80103837.2223533
9,1973,"V",103544568.063702
9,1974,"U",99238142.6101522
9,1974,"V",111886451.621137
9,1975,"U",249533748.221273
9,1975,"V",38910806.6627634
9,1976,"U",244843519.037449
9,1976,"V",35819689.7949505
9,1977,"U",230178837.997702
9,1977,"V",41233341.0319701
9,1978,"U",235442853.691194
9,1978,"V",37488027.8268435
9,1979,"U",37352165.8575202
9,1979,"V",188387605.49602
9,1980,"U",41812052.5770075
9,1980,"V",127225262.022621
9,1981,"U",270111016.935749
9,1981,"V",42354625.4403191
9,1982,"U",270764548.61485
9,1982,"V",42251411.7881537
9,1983,"U",277110049.421124
9,1983,"V",43937566.2596331
9,1984,"U",273588727.729379
9,1984,"V",52338312.6979464
9,1985,"U",151006699.356237
9,1985,"V",53036704.6506503
9,1986,"U",168829495.299764
9,1986,"V",50880386.6768009
9,1987,"U",247981461.218276
9,1987,"V",56704496.9868434
9,1988,"U",244826526.420676
9,1988,"V",51925734.4693348
9,1989,"U",155261273.575165
9,1989,"V",67300945.6654082
9,1990,"U",149502623.008644
9,1990,"V",80918742.7502001
9,1991,"U",136145769.225013
9,1991,"V",52568645.0713026
9,1992,"U",142249581.303962
9,1992,"V",54785505.8592041
9,1993,"U",114161858.773482
9,1993,"V",70653593.2617219
9,1994,"U",108699564.417402
9,1994,"V",68846532.6230348
9,1995,"U",106890049.999971
9,1995,"V",93774356.3694386
9,1996,"U",105422832.419369
9,1996,"V",75415056.1655606
9,1997,"U",117131096.332632
9,1997,"V",66193299.5705224
9,1998,"U",99312725.9868561
9,1998,"V",66826054.078649
9,1999,"U",93947372.8042347
9,1999,"V",66128484.0641673
9,2000,"U",74271220.5133515
9,2000,"V",108322800.676875
9,2001,"U",85473589.6574451
9,2001,"V",76830899.7509907
9,2002,"U",85594790.4335848
9,2002,"V",65133667.3116549
9,2003,"U",60577597.43731
9,2003,"V",71318253.3339974
9,2004,"U",79631487.2908368
9,2004,"V",118307799.429978
9,2005,"U",78264961.7718331
9,2005,"V",126313283.132691
9,2006,"U",50189075.354072
9,2006,"V",140233664.377727
9,2007,"U",71702981.6661134
9,2007,"V",122682028.38076
9,2008,"U",77402982.2087582
9,2008,"V",58342060.062967
9,2009,"U",64151050.8686
9,2009,"V",51946107.6718545
9,2010,"U",56881447.2173693
9,2010,"V",107937731.242731
9,2011,"U",61265021.2540845
9,2011,"V",65692327.2587554
9,2012,"U",49776162.9961407
9,2012,"V",63337436.1316664
9,2013,"U",64570329.2717258
9,2013,"V",54267965.2423868
9,2014,"U",51708890.8281401
9,2014,"V",65654537.8368108
9,2015,"U",82355937.3244328
9,2015,"V",86148946.7663611
9,2016,"U",74476617.9790341
9,2016,"V",75701841.9374816
9,2017,"U",97737862.3494889
9,2017,"V",66598463.3300143
10,1841,"U",1042825.32814065
10,1841,"V",455656.018286934
10,1842,"U",1042825.32814065
10,1842,"V",455656.018286934
10,1843,"U",1042825.32814065
10,1843,"V",455656.018286934
10,1844,"U",1042825.32814065
10,1844,"V",455656.018286934
10,1845,"U",1042825.32814065
10,1845,"V",455656.018286934
10,1846,"U",1042825.32814065
10,1846,"V",455656.018286934
10,1847,"U",1042825.32814065
10,1847,"V",455656.018286934
10,1848,"U",1042825.32814065
10,1848,"V",455656.018286934
10,1849,"U",1042825.32814065
10,1849,"V",455656.018286934
10,1850,"U",1042825.32814065
10,1850,"V",455656.018286934
10,1851,"U",1042825.32814065
10,1851,"V",455656.018286934
10,1852,"U",1042825.32814065
10,1852,"V",455656.018286934
10,1853,"U",1042825.32814065
10,1853,"V",455656.018286934
10,1854,"U",1042825.32814065
10,1854,"V",455656.018286934
10,1855,"U",1042825.32814065
10,1855,"V",455656.018286934
10,1856,"U",1042825.32814065
10,1856,"V",455656.018286934
10,1857,"U",1042825.32814065
10,1857,"V",455656.018286934
10,1858,"U",1042825.32814065
10,1858,"V",455656.018286934
10,1859,"U",1042825.32814065
10,1859,"V",455656.018286934
10,1860,"U",1042825.32814065
10,1860,"V",455656.018286934
10,1861,"U",1042825.32814065
10,1861,"V",455656.018286934
10,1862,"U",1080184.51100012
10,1862,"V",471979.880058251
10,1863,"U",1118882.08534881
10,1863,"V",488888.543637156
10,1864,"U",1158965.99901753
10,1864,"V",506402.959529037
10,1865,"U",1200485.9175665
10,1865,"V",524544.828790453
10,1866,"U",1243493.28582303
10,1866,"V",543336.629917603
10,1867,"U",1288041.39162367
10,1867,"V",562801.64669806
10,1868,"U",1334185.43183991
10,1868,"V",582963.997060315
10,1869,"U",1381982.58076938
10,1869,"V",603848.662956855
10,1870,"U",1431492.06097699
10,1870,"V",625481.521317781
10,1871,"U",1482775.2166741
10,1871,"V",647889.376113366
10,1872,"U",1535895.5897264
10,1872,"V",671099.991565224
10,1873,"U",1590918.99838484
10,1873,"V",695142.126547293
10,1874,"U",1647913.61883698
10,1874,"V",720045.57021921
10,1875,"U",1706950.06968012
10,1875,"V",745841.17893629
10,1876,"U",1768101.49942039
10,1876,"V",772560.91448173
10,1877,"U",1831443.67710679
10,1877,"V",800237.883668572
10,1878,"U",1897055.08621195
10,1878,"V",828906.379360326
10,1879,"U",1965017.02187633
10,1879,"V",858601.922961209
10,1880,"U",2035413.69163612
10,1880,"V",889361.308428569
10,1881,"U",2108332.31975966
10,1881,"V",921222.647862048
10,1882,"U",2183863.25532189
10,1882,"V",954225.418726019
10,1883,"U",2262100.08415028
10,1883,"V",988410.512763679
10,1884,"U",2343139.74478155
10,1884,"V",1023820.2866636
10,1885,"U",2427082.64857223
10,1885,"V",1060498.61454128
10,1886,"U",2514032.8041124
10,1886,"V",1098490.94230102
10,1887,"U",2604097.94609645
10,1887,"V",1137844.34394506
10,1888,"U",2697389.6688106
10,1888,"V",1178607.57990026
10,1889,"U",2794023.56440271
10,1889,"V",1220831.15743415
10,1890,"U",2894119.36610549
10,1890,"V",1264567.39323546
10,1891,"U",2997801.09659074
10,1891,"V",1309870.4782365
10,1892,"U",3105197.22163842
10,1892,"V",1356796.54475805
10,1893,"U",3216440.80931071
10,1893,"V",1405403.73605928
10,1894,"U",3331669.69482882
10,1894,"V",1455752.27837982
10,1895,"U",3451026.65135616
10,1895,"V",1507904.5555623
10,1896,"U",3574659.56689995
10,1896,"V",1561925.18634841
10,1897,"U",3702721.62755042
10,1897,"V",1617881.10444416
10,1898,"U",3835371.50728436
10,1898,"V",1675841.64145334
10,1899,"U",3972773.56456862
10,1899,"V",1735878.61278218
10,1900,"U",4115098.04600658
10,1900,"V",1798066.40662145
10,1901,"U",4262521.29728063
10,1901,"V",1862482.07611639
10,1902,"U",4415225.98165136
10,1902,"V",1929205.43483859
10,1903,"U",4573401.30628459
10,1903,"V",1998319.15567823
10,1904,"U",4737243.25668666
10,1904,"V",2069908.87327905
10,1905,"U",4906954.83953815
10,1905,"V",2144063.29014305
10,1906,"U",5082746.33422724
10,1906,"V",2220874.28653643
10,1907,"U",5264835.55339425
10,1907,"V",2300437.0343329
10,1908,"U",5453448.11281014
10,1908,"V",2382850.11493535
10,1909,"U",5648817.71092336
10,1909,"V",2468215.64142224
10,1910,"U",5851186.41842157
10,1910,"V",2556639.38506963
10,1911,"U",6060804.97816678
10,1911,"V",2648230.90640605
10,1912,"U",6277933.11587574
10,1912,"V",2743103.69096232
10,1913,"U",6502839.86193047
10,1913,"V",2841375.28988474
10,1914,"U",6735803.88471737
10,1914,"V",2943167.46558539
10,1915,"U",6977113.83590875
10,1915,"V",3048606.34261087
10,1916,"U",7227068.70811329
10,1916,"V",3157822.56391537
10,1917,"U",7485978.20534019
10,1917,"V",3270951.45273265
10,1918,"U",7754163.12673444
10,1918,"V",3388133.18024687
10,1919,"U",8031955.7640598
10,1919,"V",3509512.93927016
10,1920,"U",8319700.31342143
10,1920,"V",3635241.12414237
10,1921,"U",8617753.30173855
10,1921,"V",3765473.51707557
10,1922,"U",8926484.02849561
10,1922,"V",3900371.48117448
10,1923,"U",9246275.02331864
10,1923,"V",4040102.16037162
10,1924,"U",9577522.51994497
10,1924,"V",4184838.68652541
10,1925,"U",9920636.94717251
10,1925,"V",4334760.3939374
10,1926,"U",10276043.4373971
10,1926,"V",4490053.04155445
10,1927,"U",10644182.3533689
10,1927,"V",4650909.04313168
10,1928,"U",11025509.8338187
10,1928,"V",4817527.70564053
10,1929,"U",11420498.3586324
10,1929,"V",4990115.4762181
10,1930,"U",11829637.3342719
10,1930,"V",5168886.19796331
10,1931,"U",12253433.7001699
10,1931,"V",5354061.37489716
10,1932,"U",12692412.5568469
10,1932,"V",5545870.44641469
10,1933,"U",13147117.8165327
10,1933,"V",5744551.0715698
10,1934,"U",13618112.8770944
10,1934,"V",5950349.42354406
10,1935,"U",14105981.3201092
10,1935,"V",6163520.49466516
10,1936,"U",14611327.6339448
10,1936,"V",6384328.41235244
10,1937,"U",15134777.9627448
10,1937,"V",6613046.76638138
10,1938,"U",15676980.8822461
10,1938,"V",6849958.94787202
10,1939,"U",16238608.2033896
10,1939,"V",7095358.50042192
10,1940,"U",16820355.8047214
10,1940,"V",7349549.48381839
10,1941,"U",17422944.4946129
10,1941,"V",7612846.85078035
10,1942,"U",18047120.904372
10,1942,"V",7885576.83719771
10,1943,"U",18693658.4133483
10,1943,"V",8168077.36635016
10,1944,"U",19363358.107181
10,1944,"V",8460698.4676077
10,1945,"U",20057049.770376
10,1945,"V",8763802.71013106
10,1946,"U",20775592.9144412
10,1946,"V",9077765.65210899
10,1947,"U",21519877.8428563
10,1947,"V",9402976.30609002
10,1948,"U",22290826.7541933
10,1948,"V",9739837.62098427
10,1949,"U",23089394.8847581
10,1949,"V",10088766.9813334
10,1950,"U",21834072.3959019
10,1950,"V",7725410.68578467
10,1951,"U",20405706.2853093
10,1951,"V",10216051.1962501
10,1952,"U",25042599.8709773
10,1952,"V",9865579.01017805
10,1953,"U",26517330.3548205
10,1953,"V",10353511.1155004
10,1954,"U",26899329.2707628
10,1954,"V",10046201.3999175
10,1955,"U",33708913.0557661
10,1955,"V",17892178.8340043
10,1956,"U",38091561.7630364
10,1956,"V",15627609.9511204
10,1957,"U",30747461.9895807
10,1957,"V",14410663.0279023
10,1958,"U",24814096.2974914
10,1958,"V",11205363.0031943
10,1959,"U",26371122.8583077
10,1959,"V",13685453.4561066
10,1960,"U",34277934.0808075
10,1960,"V",15733968.6932115
10,1961,"U",40750011.0190033
10,1961,"V",14354163.7652588
10,1962,"U",43031689.5059559
10,1962,"V",13050151.8517961
10,1963,"U",46924897.0915306
10,1963,"V",13733376.8474139
10,1964,"U",39986576.9912124
10,1964,"V",5764899.50513869
10,1965,"U",28939306.2176409
10,1965,"V",15339523.9840129
10,1966,"U",45523543.7953214
10,1966,"V",6794112.200839
10,1967,"U",48772203.5794849
10,1967,"V",8353815.44900593
10,1968,"U",56393629.2906048
10,1968,"V",6784561.92804758
10,1969,"U",54305123.8532086
10,1969,"V",3898637.76583228
10,1970,"U",36722312.7675958
10,1970,"V",2683301.67088159
10,1971,"U",44424164.5056907
10,1971,"V",2474620.07239501
10,1972,"U",11226017.8633162
10,1972,"V",2213720.83480641
10,1973,"U",9539728.68559311
10,1973,"V",3022900.94064605
10,1974,"U",9430969.44760656
10,1974,"V",3745024.15021466
10,1975,"U",9416731.14399381
10,1975,"V",3410785.15723364
10,1976,"U",10623900.5620065
10,1976,"V",3311542.15220423
10,1977,"U",9793054.62233871
10,1977,"V",4342189.65167826
10,1978,"U",11559515.9513461
10,1978,"V",5133751.54700695
10,1979,"U",10984244.5072851
10,1979,"V",4813743.43291049
10,1980,"U",13926912.0070962
10,1980,"V",4024502.40547493
10,1981,"U",14787948.7813937
10,1981,"V",2681050.41315568
10,1982,"U",10389564.1289066
10,1982,"V",1488496.79376833
10,1983,"U",8977084.90501923
10,1983,"V",1436596.02681288
10,1984,"U",10017666.5006479
10,1984,"V",1636643.89099183
10,1985,"U",11562066.1377965
10,1985,"V",2282389.33386159
10,1986,"U",13638373.1507842
10,1986,"V",2014282.97255943
10,1987,"U",9925431.22503468
10,1987,"V",2305586.80912416
10,1988,"U",9772767.10615196
10,1988,"V",2538533.92864156
10,1989,"U",4591871.46143133
10,1989,"V",2655786.95438144
10,1990,"U",8123177.13963749
10,1990,"V",1512588.00807407
10,1991,"U",5497217.7348888
10,1991,"V",1184180.29602453
10,1992,"U",6549800.3849667
10,1992,"V",2738334.76567546
10,1993,"U",7193686.89002405
10,1993,"V",3309045.17345694
10,1994,"U",5875662.51491296
10,1994,"V",1822737.4778691
10,1995,"U",2958857.40153569
10,1995,"V",144998.64203843
10,1996,"U",2872637.81183158
10,1996,"V",174949.842603269
10,1997,"U",1898791.93030925
10,1997,"V",264554.593116594
10,1998,"U",3145045.92128192
10,1998,"V",141721.835464911
10,1999,"U",2251552.32809891
10,1999,"V",46923.4457402026
10,2000,"U",1894091.51433755
10,2000,"V",38049.3653226497
10,2001,"U",1382962.34270209
10,2001,"V",41163.8893705939
10,2002,"U",1855485.02423063
10,2002,"V",106766.276323119
10,2003,"U",6549682.22017908
10,2003,"V",159325.219397359
10,2004,"U",1999950.64106326
10,2004,"V",90788.3251439196
10,2005,"U",4074447.27571984
10,2005,"V",105764.833790317
10,2006,"U",3511321.44735246
10,2006,"V",97979.4624591965
10,2007,"U",1385541.57856827
10,2007,"V",92051.7689395125
10,2008,"U",2631249.39291099
10,2008,"V",122518.487858628
10,2009,"U",7536828.10281793
10,2009,"V",69040.7417612585
10,2010,"U",8848090.04523511
10,2010,"V",78650.2868360064
10,2011,"U",3155625.16654764
10,2011,"V",92993.1021778892
10,2012,"U",8241283.80487054
10,2012,"V",93766.137237889
10,2013,"U",7834630.38625644
10,2013,"V",93595.3153118755
10,2014,"U",2400028.22757941
10,2014,"V",114535.162289944
10,2015,"U",1991999.36114174
10,2015,"V",57737.0442894019
10,2016,"U",1582172.52521074
10,2016,"V",93833.0659796435
10,2017,"U",1486447.03866592
10,2017,"V",33771.6133445402
11,1936,"U",2.81531841462235e-09
11,1936,"V",4.63526218230148e-09
11,1937,"U",2.67455249389123e-08
11,1937,"V",4.40349907318641e-08
11,1938,"U",2.05518244267431e-07
11,1938,"V",3.38374139308008e-07
11,1939,"U",1.77787357883401e-06
11,1939,"V",2.92716806812339e-06
11,1940,"U",1.63809301954801e-05
11,1940,"V",2.69702730077212e-05
11,1941,"U",0.000158636154367932
11,1941,"V",0.000261185435817233
11,1942,"U",0.00158732860555475
11,1942,"V",0.00261344657073195
11,1943,"U",0.0161099698746648
11,1943,"V",0.0265241521989856
11,1944,"U",0.162661189767452
11,1944,"V",0.26781242844191
11,1945,"U",1.60214293633416
11,1945,"V",2.63783752660438
11,1946,"U",15.0972129010772
11,1946,"V",24.8567052504803
11,1947,"U",133.570599492136
11,1947,"V",219.916420564559
11,1948,"U",1090.10527382271
11,1948,"V",1794.79654032512
11,1949,"U",8075.23102134372
11,1949,"V",13295.4101291606
11,1950,"U",5216093.12031821
11,1950,"V",14548273.0110043
11,1951,"U",7208107.15161298
11,1951,"V",17428033.1455362
11,1952,"U",6312587.85689819
11,1952,"V",20616839.2562928
11,1953,"U",8277212.97870665
11,1953,"V",25560002.9535119
11,1954,"U",9326234.46179033
11,1954,"V",29714846.96767
11,1955,"U",11172846.495892
11,1955,"V",30945083.9069223
11,1956,"U",11814619.7333721
11,1956,"V",34205317.5311921
11,1957,"U",14250274.3562375
11,1957,"V",35157237.9422439
11,1958,"U",18704078.6299495
11,1958,"V",31817284.1432998
11,1959,"U",24020300.0321204
11,1959,"V",33197470.422424
11,1960,"U",24269058.3729329
11,1960,"V",39070494.8487057
11,1961,"U",27807225.1092182
11,1961,"V",38551623.2860946
11,1962,"U",28888084.491688
11,1962,"V",31892789.5902848
11,1963,"U",29166834.5907624
11,1963,"V",34855533.407401
11,1964,"U",44518842.2570726
11,1964,"V",38568206.7762429
11,1965,"U",49012452.2736633
11,1965,"V",37563584.9027473
11,1966,"U",52014908.1582517
11,1966,"V",37198231.3962905
11,1967,"U",51095474.6879552
11,1967,"V",39349824.7913334
11,1968,"U",53551789.7993469
11,1968,"V",38389311.5188124
11,1969,"U",58542146.832062
11,1969,"V",36914293.9237649
11,1970,"U",49550828.556016
11,1970,"V",41798592.4120333
11,1971,"U",59771572.545558
11,1971,"V",35763371.5977304
11,1972,"U",58621585.1333193
11,1972,"V",29812944.3601475
11,1973,"U",56554553.3465055
11,1973,"V",35136839.1229718
11,1974,"U",57664346.3705199
11,1974,"V",35030344.0818322
11,1975,"U",51303591.1410141
11,1975,"V",39044003.9012177
11,1976,"U",77305389.1377177
11,1976,"V",30253284.6974905
11,1977,"U",75906256.6325983
11,1977,"V",38754453.9000517
11,1978,"U",68210745.0728892
11,1978,"V",42243333.0982634
11,1979,"U",76789432.0247551
11,1979,"V",42781689.1964242
11,1980,"U",86806312.7599404
11,1980,"V",48290504.0164507
11,1981,"U",90297822.7084878
11,1981,"V",55315136.3644618
11,1982,"U",103993919.047799
11,1982,"V",54384199.7399903
11,1983,"U",121594812.741382
11,1983,"V",53406979.8642364
11,1984,"U",115680508.29198
11,1984,"V",60047861.5738926
11,1985,"U",133739746.61296
11,1985,"V",56148676.150783
11,1986,"U",118395009.598733
11,1986,"V",59849564.4542228
11,1987,"U",136710491.317538
11,1987,"V",63062432.7354598
11,1988,"U",135343165.731295
11,1988,"V",71082681.8650433
11,1989,"U",153051610.42495
11,1989,"V",68613380.6826417
11,1990,"U",147410424.721435
11,1990,"V",75299749.7907304
11,1991,"U",158736052.011286
11,1991,"V",72034915.2689404
11,1992,"U",171060777.535395
11,1992,"V",78021983.8230422
11,1993,"U",179672728.271071
11,1993,"V",85609539.8788165
11,1994,"U",187715326.266855
11,1994,"V",92962314.351903
11,1995,"U",209923751.436436
11,1995,"V",98594171.2755552
11,1996,"U",190613442.310899
11,1996,"V",114553235.44258
11,1997,"U",243599210.779687
11,1997,"V",90758038.2160777
11,1998,"U",229075451.333539
11,1998,"V",109844804.750054
11,1999,"U",206711690.535875
11,1999,"V",109634343.901053
11,2000,"U",269276277.092756
11,2000,"V",96369315.8096225
11,2001,"U",321324347.718025
11,2001,"V",83167817.6522282
11,2002,"U",371067446.30148
11,2002,"V",106865839.501061
11,2003,"U",355610270.426276
11,2003,"V",158753798.353021
11,2004,"U",320957713.467728
11,2004,"V",145785893.044929
11,2005,"U",344266868.750392
11,2005,"V",132520532.754143
11,2006,"U",348299412.952186
11,2006,"V",132957127.197002
11,2007,"U",363382169.71315
11,2007,"V",154794027.830018
11,2008,"U",405902191.45866
11,2008,"V",124530644.629852
11,2009,"U",439877427.578574
11,2009,"V",94293897.2662591
11,2010,"U",425079118.536765
11,2010,"V",135169232.476856
11,2011,"U",395742680.978631
11,2011,"V",142096393.631203
11,2012,"U",402318289.868963
11,2012,"V",115293428.64675
11,2013,"U",393686097.69665
11,2013,"V",139916222.791467
11,2014,"U",478368452.894489
11,2014,"V",73936821.6828306
11,2015,"U",487084517.726819
11,2015,"V",104709698.196962
11,2016,"U",474178174.375464
11,2016,"V",135294630.978238
11,2017,"U",462729449.977201
11,2017,"V",164821565.426418
12,1913,"U",2.3950349956783e-08
12,1913,"V",5.85197243091222e-09
12,1914,"U",9.22088473336151e-07
12,1914,"V",2.25300938590121e-07
12,1915,"U",3.99072706154897e-05
12,1915,"V",9.75084906300751e-06
12,1916,"U",0.00126647055536473
12,1916,"V",0.000309446450174207
12,1917,"U",0.0298964195143289
12,1917,"V",0.00730482114443131
12,1918,"U",0.530252383383453
12,1918,"V",0.129560625819025
12,1919,"U",7.13786294569551
12,1919,"V",1.74404871950567
12,1920,"U",73.6647291958223
12,1920,"V",17.9990674525605
12,1921,"U",588.763064191911
12,1921,"V",143.856988570418
12,1922,"U",3682.69457386655
12,1922,"V",899.820969489985
12,1923,"U",18252.1309384767
12,1923,"V",4459.68293783178
12,1924,"U",72711.9984660521
12,1924,"V",17766.2794567793
12,1925,"U",236553.20943297
12,1925,"V",57798.8573254017
12,1926,"U",639227.674255303
12,1926,"V",156187.393235093
12,1927,"U",1460421.08529563
12,1927,"V",356835.868540303
12,1928,"U",2872392.68519801
12,1928,"V",701833.703259607
12,1929,"U",4952243.02003225
12,1929,"V",1210019.4642959
12,1930,"U",7618336.14844981
12,1930,"V",1861446.4168831
12,1931,"U",10637815.6397631
12,1931,"V",2599218.96595877
12,1932,"U",13703141.3304086
12,1932,"V",3348193.46803464
12,1933,"U",16531243.6000663
12,1933,"V",4039205.35486302
12,1934,"U",18934779.7520611
12,1934,"V",4626479.75058397
12,1935,"U",20843364.8855607
12,1935,"V",5092818.9733278
12,1936,"U",22283370.2345708
12,1936,"V",5444666.50866564
12,1937,"U",23338505.9532685
12,1937,"V",5702475.89966958
12,1938,"U",24110448.9459231
12,1938,"V",5891090.64306172
12,1939,"U",24689139.4159877
12,1939,"V",6032486.5175671
12,1940,"U",25142200.5379938
12,1940,"V",6143186.41131736
12,1941,"U",25537909.1004236
12,1941,"V",6239872.91494651
12,1942,"U",25950166.0998028
12,1942,"V",6340602.82491322
12,1943,"U",26457922.4579477
12,1943,"V",6464666.82459779
12,1944,"U",27146895.2048126
12,1944,"V",6633008.81240087
12,1945,"U",28113923.648591
12,1945,"V",6869290.27814605
12,1946,"U",29474582.4121111
12,1946,"V",7201750.45456794
12,1947,"U",31368630.1915026
12,1947,"V",7664537.65424685
12,1948,"U",33948157.6485282
12,1948,"V",8294813.35337166
12,1949,"U",37383220.1260433
12,1949,"V",9134128.47624677
12,1950,"U",50868072.9137765
12,1950,"V",9139330.76445844
12,1951,"U",49884569.4188721
12,1951,"V",9476127.03057432
12,1952,"U",54259185.2622678
12,1952,"V",9374803.7657934
12,1953,"U",49693365.1861362
12,1953,"V",8776634.92892323
12,1954,"U",50574411.135342
12,1954,"V",10556227.9398513
12,1955,"U",47843143.1016441
12,1955,"V",12207582.8408142
12,1956,"U",49941029.7116412
12,1956,"V",14111394.8303107
12,1957,"U",48984153.0103243
12,1957,"V",16163205.3770235
12,1958,"U",52550619.9117688
12,1958,"V",15904498.7333287
12,1959,"U",50138631.9344613
12,1959,"V",17250746.1905043
12,1960,"U",55123272.0972355
12,1960,"V",19842932.5433973
12,1961,"U",57469397.567869
12,1961,"V",20962355.0326979
12,1962,"U",63526786.6857916
12,1962,"V",18825301.3873553
12,1963,"U",56798457.9864847
12,1963,"V",17927582.7995524
12,1964,"U",68274274.3011248
12,1964,"V",22061640.5097382
12,1965,"U",65684882.463479
12,1965,"V",22662877.6474451
12,1966,"U",95524895.58569
12,1966,"V",23303003.2872183
12,1967,"U",73193895.2748521
12,1967,"V",21062623.6408594
12,1968,"U",77251393.0277186
12,1968,"V",24460478.5238393
12,1969,"U",74146108.7774962
12,1969,"V",26011484.2331171
12,1970,"U",82686137.4254666
12,1970,"V",52428974.0137891
12,1971,"U",80973057.1446226
12,1971,"V",47113641.063095
12,1972,"U",102111241.163907
12,1972,"V",56279888.6946628
12,1973,"U",106453570.384887
12,1973,"V",63802456.4187385
12,1974,"U",102974832.442691
12,1974,"V",81623488.5215963
12,1975,"U",102280535.12745
12,1975,"V",52774027.7756816
12,1976,"U",103093410.467098
12,1976,"V",59777464.8965577
12,1977,"U",89892625.7042046
12,1977,"V",77224843.9905312
12,1978,"U",101698770.15872
12,1978,"V",63918434.0581052
12,1979,"U",89798711.0549525
12,1979,"V",56165000.6893775
12,1980,"U",86288398.3492333
12,1980,"V",48882007.729666
12,1981,"U",94646869.5856256
12,1981,"V",62206873.3355632
12,1982,"U",97510112.9950088
12,1982,"V",62165869.9496674
12,1983,"U",114242734.188614
12,1983,"V",74698059.1828986
12,1984,"U",96036935.6631177
12,1984,"V",69183402.5329535
12,1985,"U",105262587.642727
12,1985,"V",68240483.7943782
12,1986,"U",112364660.467454
12,1986,"V",62153191.5634085
12,1987,"U",117449860.731251
12,1987,"V",58528727.9783493
12,1988,"U",120495133.151582
12,1988,"V",65306697.198389
12,1989,"U",126517077.879281
12,1989,"V",69983911.0344279
12,1990,"U",144360980.706333
12,1990,"V",71281500.7096125
12,1991,"U",127165107.307868
12,1991,"V",69986660.6788419
12,1992,"U",117154085.137659
12,1992,"V",66688671.0181968
12,1993,"U",111337161.881727
12,1993,"V",73948256.43897
12,1994,"U",128466433.986709
12,1994,"V",86349464.8153315
12,1995,"U",120432001.344007
12,1995,"V",76244138.1110244
12,1996,"U",160910840.486335
12,1996,"V",88589496.5578656
12,1997,"U",161960129.775995
12,1997,"V",93401789.1194886
12,1998,"U",183784844.206897
12,1998,"V",96907018.3185407
12,1999,"U",186899877.496976
12,1999,"V",91065434.3646301
12,2000,"U",167720374.050919
12,2000,"V",99453322.5824105
12,2001,"U",172405173.047064
12,2001,"V",97413761.5685433
12,2002,"U",188476515.527657
12,2002,"V",95333112.750151
12,2003,"U",195538908.427855
12,2003,"V",108171446.072305
12,2004,"U",221723379.931068
12,2004,"V",99153352.8919719
12,2005,"U",220181462.724543
12,2005,"V",84505823.635574
12,2006,"U",212368490.872064
12,2006,"V",90131387.0137563
12,2007,"U",206159683.819743
12,2007,"V",115657487.79729
12,2008,"U",187266161.673863
12,2008,"V",128049215.079736
12,2009,"U",228514130.977557
12,2009,"V",126034846.564008
12,2010,"U",229952383.195089
12,2010,"V",134044153.609955
12,2011,"U",254335956.017358
12,2011,"V",119184928.697944
12,2012,"U",278469009.794892
12,2012,"V",112302384.992349
12,2013,"U",263355053.664861
12,2013,"V",123645485.17854
12,2014,"U",256424378.447703
12,2014,"V",110718633.554472
12,2015,"U",263704545.981307
12,2015,"V",127773643.66558
12,2016,"U",269270482.345673
12,2016,"V",118366358.308778
12,2017,"U",347427763.205704
12,2017,"V",140445350.001508
13,1943,"U",3.51483689011242e-08
13,1943,"V",7.69246953118777e-09
13,1944,"U",2.89439176950997e-06
13,1944,"V",6.33458143133463e-07
13,1945,"U",0.000186758565871195
13,1945,"V",4.08734351711707e-05
13,1946,"U",0.00935731643948362
13,1946,"V",0.00204791499164298
13,1947,"U",0.360772299558665
13,1947,"V",0.0789575735323184
13,1948,"U",10.6333867289674
13,1948,"V",2.32719201440103
13,1949,"U",238.726432642959
13,1949,"V",52.2469709636049
13,1950,"U",6555144.21349182
13,1950,"V",3549127.48645305
13,1951,"U",8271720.65641636
13,1951,"V",3820839.39317479
13,1952,"U",10384568.5521743
13,1952,"V",3992006.65298157
13,1953,"U",13492245.7666225
13,1953,"V",3687960.77179973
13,1954,"U",14663717.6956653
13,1954,"V",5658239.97487852
13,1955,"U",18333293.7222878
13,1955,"V",5171090.1446658
13,1956,"U",20563110.4742236
13,1956,"V",6258803.23868653
13,1957,"U",26282078.5441246
13,1957,"V",6659217.83296613
13,1958,"U",30767222.61794
13,1958,"V",6265137.90279631
13,1959,"U",38187250.241778
13,1959,"V",5940730.69948052
13,1960,"U",53440465.3654541
13,1960,"V",3752963.29326827
13,1961,"U",59769790.0630945
13,1961,"V",4379325.68025994
13,1962,"U",71559005.4566052
13,1962,"V",4219917.25108149
13,1963,"U",95261010.9848465
13,1963,"V",4381800.03177915
13,1964,"U",98032337.2216885
13,1964,"V",3932517.69512184
13,1965,"U",103089146.525118
13,1965,"V",6441880.30027364
13,1966,"U",112161395.005008
13,1966,"V",4317949.83602844
13,1967,"U",110744677.238992
13,1967,"V",7232215.21373663
13,1968,"U",112178236.94017
13,1968,"V",5684054.5932346
13,1969,"U",117864201.230551
13,1969,"V",7571918.65343725
13,1970,"U",120792849.34403
13,1970,"V",8071706.20502631
13,1971,"U",124262024.610418
13,1971,"V",7561488.95542268
13,1972,"U",123160254.277516
13,1972,"V",15717631.8296389
13,1973,"U",117672952.899399
13,1973,"V",17920423.0547894
13,1974,"U",110627811.04501
13,1974,"V",10885826.8613874
13,1975,"U",115145980.519264
13,1975,"V",14896224.7737552
13,1976,"U",108654912.475247
13,1976,"V",15860425.4327128
13,1977,"U",112493836.639336
13,1977,"V",13209661.4814908
13,1978,"U",132150784.264885
13,1978,"V",10581201.1831449
13,1979,"U",144757054.307845
13,1979,"V",10890826.2622216
13,1980,"U",150750988.987135
13,1980,"V",9869101.0732779
13,1981,"U",160055006.259019
13,1981,"V",7498460.58417832
13,1982,"U",167860946.83611
13,1982,"V",6363887.8420148
13,1983,"U",172829046.558329
13,1983,"V",8467916.63744808
13,1984,"U",178755227.139218
13,1984,"V",8375380.12580427
13,1985,"U",188870624.219092
13,1985,"V",8736673.62363585
13,1986,"U",200356984.412179
13,1986,"V",8098762.55211095
13,1987,"U",207209767.836198
13,1987,"V",9363979.36087562
13,1988,"U",218677461.163809
13,1988,"V",8904423.18885335
13,1989,"U",235064945.699419
13,1989,"V",8377980.82301713
13,1990,"U",235835807.481429
13,1990,"V",10031067.439661
13,1991,"U",248108605.404575
13,1991,"V",9473981.12046404
13,1992,"U",265640559.189354
13,1992,"V",10440325.3598741
13,1993,"U",285328978.191784
13,1993,"V",9855335.1513598
13,1994,"U",312467523.440538
13,1994,"V",8821674.04149337
13,1995,"U",312604007.066504
13,1995,"V",9461204.37836901
13,1996,"U",306616544.80477
13,1996,"V",10968268.0334366
13,1997,"U",307826964.522286
13,1997,"V",11760839.1615163
13,1998,"U",268731426.097391
13,1998,"V",21044483.6052946
13,1999,"U",340664510.505958
13,1999,"V",16619260.0101694
13,2000,"U",414607109.394922
13,2000,"V",20737559.7562997
13,2001,"U",354453221.187585
13,2001,"V",21096047.257072
13,2002,"U",418981706.854568
13,2002,"V",17792100.8646729
13,2003,"U",439102936.633164
13,2003,"V",20834926.257048
13,2004,"U",472430878.105678
13,2004,"V",18379591.6806666
13,2005,"U",461030055.961454
13,2005,"V",15499291.7779444
13,2006,"U",474648249.389186
13,2006,"V",16328590.4548135
13,2007,"U",489219454.016813
13,2007,"V",23819332.1312281
13,2008,"U",526909030.688065
13,2008,"V",21009383.216058
13,2009,"U",534902747.908487
13,2009,"V",22117766.8771516
13,2010,"U",584779956.622859
13,2010,"V",34985150.1377915
13,2011,"U",630259183.245217
13,2011,"V",28330184.379673
13,2012,"U",660005982.84252
13,2012,"V",32684035.9735043
13,2013,"U",662631241.310776
13,2013,"V",45375250.8934153
13,2014,"U",695390484.622315
13,2014,"V",39084411.3856625
13,2015,"U",684359968.652866
13,2015,"V",53431493.1935818
13,2016,"U",681224373.872707
13,2016,"V",69439191.2534009
13,2017,"U",721621540.259731
13,2017,"V",59609094.2087619
14,1841,"U",77906.2874820579
14,1841,"V",21437.5892491198
14,1842,"U",77906.2874820579
14,1842,"V",21437.5892491198
14,1843,"U",77906.2874820579
14,1843,"V",21437.5892491198
14,1844,"U",77906.2874820579
14,1844,"V",21437.5892491198
14,1845,"U",77906.2874820579
14,1845,"V",21437.5892491198
14,1846,"U",77906.2874820579
14,1846,"V",21437.5892491198
14,1847,"U",77906.2874820579
14,1847,"V",21437.5892491198
14,1848,"U",77906.2874820579
14,1848,"V",21437.5892491198
14,1849,"U",77906.2874820579
14,1849,"V",21437.5892491198
14,1850,"U",77906.2874820579
14,1850,"V",21437.5892491198
14,1851,"U",77906.2874820579
14,1851,"V",21437.5892491198
14,1852,"U",77906.2874820579
14,1852,"V",21437.5892491198
14,1853,"U",77906.2874820579
14,1853,"V",21437.5892491198
14,1854,"U",77906.2874820579
14,1854,"V",21437.5892491198
14,1855,"U",77906.2874820579
14,1855,"V",21437.5892491198
14,1856,"U",77906.2874820579
14,1856,"V",21437.5892491198
14,1857,"U",77906.2874820579
14,1857,"V",21437.5892491198
14,1858,"U",77906.2874820579
14,1858,"V",21437.5892491198
14,1859,"U",77906.2874820579
14,1859,"V",21437.5892491198
14,1860,"U",77906.2874820579
14,1860,"V",21437.5892491198
14,1861,"U",77906.2874820579
14,1861,"V",21437.5892491198
14,1862,"U",81896.940241595
14,1862,"V",22535.7031172017
14,1863,"U",86092.0092294264
14,1863,"V",23690.0665035146
14,1864,"U",90501.9654128034
14,1864,"V",24903.5607197243
14,1865,"U",95137.8161212764
14,1865,"V",26179.2146691103
14,1866,"U",100011.132521166
14,1866,"V",27520.2124067562
14,1867,"U",105134.078497406
14,1867,"V",28929.9010870101
14,1868,"U",110519.441014819
14,1868,"V",30411.7993180418
14,1869,"U",116180.66203463
14,1869,"V",31969.6059443572
14,1870,"U",122131.872065787
14,1870,"V",33607.209279166
14,1871,"U",128387.925435025
14,1871,"V",35328.6968096966
14,1872,"U",134964.437363495
14,1872,"V",37138.3653996284
14,1873,"U",141877.82294265
14,1873,"V",39040.7320141439
14,1874,"U",149145.338106607
14,1874,"V",41040.5449943549
14,1875,"U",156785.122703253
14,1875,"V",43142.7959092423
14,1876,"U",164816.245771648
14,1876,"V",45352.7320147081
14,1877,"U",173258.753138681
14,1877,"V",47675.8693508159
14,1878,"U",182133.717453806
14,1878,"V",50118.0065099259
14,1879,"U",191463.290786758
14,1879,"V",52685.2391100859
14,1880,"U",201270.75991952
14,1880,"V",55383.9750098036
14,1881,"U",211580.604470536
14,1881,"V",58220.9503021746
14,1882,"U",222418.557996298
14,1882,"V",61203.2461282959
14,1883,"U",233811.672222731
14,1883,"V",64338.3063519117
14,1884,"U",245788.38456681
14,1884,"V",67633.9561394381
14,1885,"U",258378.58911686
14,1885,"V",71098.4214917184
14,1886,"U",271613.711248715
14,1886,"V",74740.3497762616
14,1887,"U",285526.786064051
14,1887,"V",78568.8313112355
14,1888,"U",300152.540846568
14,1888,"V",82593.4220550593
14,1889,"U",315527.481741896
14,1889,"V",86824.1674582393
14,1890,"U",331689.98487765
14,1890,"V",91271.6275370125
14,1891,"U",348680.392150841
14,1891,"V",95946.9032313118
14,1892,"U",366541.111922074
14,1892,"V",100861.664112935
14,1893,"U",385316.724867466
14,1893,"V",106028.17751298
14,1894,"U",405054.095252911
14,1894,"V",111459.339141344
14,1895,"U",425802.48790806
14,1895,"V",117168.705274636
14,1896,"U",447613.691192264
14,1896,"V",123170.52659289
14,1897,"U",470542.146259192
14,1897,"V",129479.783749508
14,1898,"U",494645.082942963
14,1898,"V",136112.224763248
14,1899,"U",519982.66260485
14,1899,"V",143084.404325565
14,1900,"U",546618.128297064
14,1900,"V",150413.725121401
14,1901,"U",574617.96261858
14,1901,"V",158118.481266613
14,1902,"U",604052.053656895
14,1902,"V",166217.903970409
14,1903,"U",634993.869429921
14,1903,"V",174732.209536784
14,1904,"U",667520.641263496
14,1904,"V",183682.649824786
14,1905,"U",701713.556562152
14,1905,"V",193091.565293532
14,1906,"U",737657.9614543
14,1906,"V",202982.44076439
14,1907,"U",775443.573817756
14,1907,"V",213379.964039527
14,1908,"U",815164.707217103
14,1908,"V",224310.087523088
14,1909,"U",856920.506312041
14,1909,"V",235800.092998862
14,1910,"U",900815.194324303
14,1910,"V",247878.659726121
14,1911,"U",946958.333180606
14,1911,"V",260575.93602355
14,1912,"U",995465.096981218
14,1912,"V",273923.614519988
14,1913,"U",1046456.55947655
14,1913,"V",287955.011259802
14,1914,"U",1100059.99626942
14,1914,"V",302705.148860331
14,1915,"U",1156409.20249724
14,1915,"V",318210.843928961
14,1916,"U",1215644.82678703
14,1916,"V",334510.798958037
14,1917,"U",1277914.722317
14,1917,"V",351645.698926986
14,1918,"U",1343374.31586062
14,1918,"V",369658.31285273
14,1919,"U",1412186.99573471
14,1919,"V",388593.60054195
14,1920,"U",1484524.51961954
14,1920,"V",408498.82481154
14,1921,"U",1560567.44326914
14,1921,"V",429423.669457458
14,1922,"U",1640505.57118162
14,1922,"V",451420.363266361
14,1923,"U",1724538.43035464
14,1923,"V",474543.810379604
14,1924,"U",1812875.76830838
14,1924,"V",498851.727334947
14,1925,"U",1905738.07661906
14,1925,"V",524404.787128072
14,1926,"U",2003357.14126988
14,1926,"V",551266.770653464
14,1927,"U",2105976.62119298
14,1927,"V",579504.725902666
14,1928,"U",2213852.65644651
14,1928,"V",609189.135317265
14,1929,"U",2327254.50754476
14,1929,"V",640394.091714319
14,1930,"U",2446465.22753728
14,1930,"V",673197.483223382
14,1931,"U",2571837.96738864
14,1931,"V",707696.486921758
14,1932,"U",2704030.3743735
14,1932,"V",744072.068590266
14,1933,"U",2844064.40516201
14,1933,"V",782605.441569103
14,1934,"U",2993315.61458622
14,1934,"V",823675.119331729
14,1935,"U",3153492.28468645
14,1935,"V",867751.172393444
14,1936,"U",3326605.59237593
14,1936,"V",915387.019303213
14,1937,"U",3514931.94764095
14,1937,"V",967209.063190044
14,1938,"U",3720968.08655575
14,1938,"V",1023904.33464098
14,1939,"U",3947378.7030632
14,1939,"V",1086206.08146012
14,1940,"U",4196935.61776895
14,1940,"V",1154877.02965505
14,1941,"U",4472446.98271616
14,1941,"V",1230689.90260915
14,1942,"U",4776675.05671671
14,1942,"V",1314404.79519695
14,1943,"U",5112241.85685869
14,1943,"V",1406743.21176881
14,1944,"U",5481523.62288322
14,1944,"V",1508359.02575618
14,1945,"U",5886537.53411979
14,1945,"V",1619807.30740185
14,1946,"U",6328827.34832383
14,1946,"V",1741512.85482842
14,1947,"U",6809358.2441392
14,1947,"V",1873741.25768197
14,1948,"U",7328434.58335508
14,1948,"V",2016576.26764967
14,1949,"U",7885656.81992815
14,1949,"V",2169907.94105126
14,1950,"U",8055297.05190314
14,1950,"V",2364461.93764615
14,1951,"U",8082389.41424394
14,1951,"V",2207772.53407767
14,1952,"U",8264630.3309581
14,1952,"V",2565301.18996539
14,1953,"U",8400064.85455705
14,1953,"V",2647979.76336107
14,1954,"U",8982146.33418761
14,1954,"V",2763898.25628906
14,1955,"U",9436282.39362497
14,1955,"V",2441635.6560809
14,1956,"U",9212221.34319455
14,1956,"V",3696652.13965196
14,1957,"U",10207779.6740579
14,1957,"V",3079611.81897085
14,1958,"U",10182685.9846384
14,1958,"V",3710711.09745542
14,1959,"U",11042142.3987697
14,1959,"V",3560426.51712847
14,1960,"U",12509621.4472012
14,1960,"V",2912324.4304923
14,1961,"U",12335819.5520453
14,1961,"V",3376270.98997451
14,1962,"U",23644270.8232593
14,1962,"V",3639833.64692569
14,1963,"U",14154463.9869785
14,1963,"V",3426521.54129125
14,1964,"U",19291745.2424031
14,1964,"V",2803128.90692249
14,1965,"U",20295393.0772894
14,1965,"V",3418013.49301053
14,1966,"U",22747318.5726104
14,1966,"V",4307846.30056957
14,1967,"U",54425406.5929508
14,1967,"V",16190899.8972469
14,1968,"U",45349239.2832803
14,1968,"V",15961824.5596065
14,1969,"U",38414502.7877362
14,1969,"V",16520117.9343555
14,1970,"U",19920664.6779464
14,1970,"V",4229761.61246533
14,1971,"U",20856126.5267447
14,1971,"V",4046417.98543274
14,1972,"U",22729818.8312333
14,1972,"V",2505038.83994813
14,1973,"U",24895643.0861298
14,1973,"V",2054003.67762733
14,1974,"U",27782613.9999273
14,1974,"V",2136389.4641945
14,1975,"U",27795895.9067465
14,1975,"V",2405813.3579652
14,1976,"U",33405489.5847076
14,1976,"V",2239705.51881595
14,1977,"U",31260981.0579464
14,1977,"V",1883186.03835997
14,1978,"U",45683467.2269963
14,1978,"V",1195657.23728092
14,1979,"U",50396823.7897166
14,1979,"V",962263.215576433
14,1980,"U",45707850.3945712
14,1980,"V",1260920.85594804
14,1981,"U",45815759.2125912
14,1981,"V",987388.763118481
14,1982,"U",59630581.5277332
14,1982,"V",1284511.76853878
14,1983,"U",62336122.8289296
14,1983,"V",2289435.07145924
14,1984,"U",59919016.1174009
14,1984,"V",3438493.13068199
14,1985,"U",81346757.98726
14,1985,"V",1798551.70795038
14,1986,"U",112576935.557485
14,1986,"V",1391340.55817311
14,1987,"U",145789868.366551
14,1987,"V",1207449.92174433
14,1988,"U",164719229.813911
14,1988,"V",3276884.53316713
14,1989,"U",175858260.971361
14,1989,"V",4165847.41668444
14,1990,"U",155181180.16347
14,1990,"V",3530731.69972657
14,1991,"U",176138794.171443
14,1991,"V",2141156.36416119
14,1992,"U",179922084.112196
14,1992,"V",3273674.41883903
14,1993,"U",174761596.891187
14,1993,"V",2641833.90326988
14,1994,"U",182005489.353003
14,1994,"V",3234509.51120826
14,1995,"U",212439166.342403
14,1995,"V",2631795.46919684
14,1996,"U",226127567.799735
14,1996,"V",3593515.56549707
14,1997,"U",256062199.900534
14,1997,"V",4510973.91561324
14,1998,"U",247200602.512251
14,1998,"V",6735883.70169748
14,1999,"U",270846767.101487
14,1999,"V",8054138.01165774
14,2000,"U",249179780.076898
14,2000,"V",9231424.87464507
14,2001,"U",208430784.158336
14,2001,"V",13016519.6683313
14,2002,"U",190667547.693449
14,2002,"V",10787187.8874808
14,2003,"U",209915400.92775
14,2003,"V",13468063.4984093
14,2004,"U",153477215.52744
14,2004,"V",9458223.15609082
14,2005,"U",170247781.866029
14,2005,"V",7790831.32398968
14,2006,"U",185888568.301225
14,2006,"V",10741855.5193995
14,2007,"U",223592288.448594
14,2007,"V",10733014.0669001
14,2008,"U",187755739.958687
14,2008,"V",10075589.4903971
14,2009,"U",132219562.129851
14,2009,"V",14296987.9809945
14,2010,"U",130755251.411007
14,2010,"V",13474936.7448442
14,2011,"U",117681904.578379
14,2011,"V",13439652.7663251
14,2012,"U",122587936.955948
14,2012,"V",12251132.1189449
14,2013,"U",125256630.501891
14,2013,"V",11716820.1851789
14,2014,"U",218758036.902145
14,2014,"V",13323425.237832
14,2015,"U",246732643.600996
14,2015,"V",13820802.5876913
14,2016,"U",90897066.1508017
14,2016,"V",17325610.6026793
14,2017,"U",136039415.610232
14,2017,"V",19266893.7263081
15,1841,"U",0.963219429241644
15,1841,"V",0.273238281844034
15,1842,"U",0.963219429241644
15,1842,"V",0.273238281844034
15,1843,"U",0.963219429241644
15,1843,"V",0.273238281844034
15,1844,"U",0.963219429241644
15,1844,"V",0.273238281844034
15,1845,"U",0.963219429241644
15,1845,"V",0.273238281844034
15,1846,"U",0.963219429241644
15,1846,"V",0.273238281844034
15,1847,"U",0.963219429241644
15,1847,"V",0.273238281844034
15,1848,"U",0.963219429241644
15,1848,"V",0.273238281844034
15,1849,"U",0.963219429241644
15,1849,"V",0.273238281844034
15,1850,"U",0.963219429241644
15,1850,"V",0.273238281844034
15,1851,"U",0.963219429241644
15,1851,"V",0.273238281844034
15,1852,"U",0.963219429241644
15,1852,"V",0.273238281844034
15,1853,"U",0.963219429241644
15,1853,"V",0.273238281844034
15,1854,"U",0.963219429241644
15,1854,"V",0.273238281844034
15,1855,"U",0.963219429241644
15,1855,"V",0.273238281844034
15,1856,"U",0.963219429241644
15,1856,"V",0.273238281844034
15,1857,"U",0.963219429241644
15,1857,"V",0.273238281844034
15,1858,"U",0.963219429241644
15,1858,"V",0.273238281844034
15,1859,"U",0.963219429241644
15,1859,"V",0.273238281844034
15,1860,"U",0.963219429241644
15,1860,"V",0.273238281844034
15,1861,"U",0.963219429241644
15,1861,"V",0.273238281844034
15,1862,"U",1.15874063333808
15,1862,"V",0.328702152535935
15,1863,"U",1.39395013454891
15,1863,"V",0.395424477722876
15,1864,"U",1.67690415181384
15,1864,"V",0.475690580306798
15,1865,"U",2.01729420795276
15,1865,"V",0.572249672942024
15,1866,"U",2.42677908592347
15,1866,"V",0.688409024696301
15,1867,"U",2.91938414474771
15,1867,"V",0.828147235756662
15,1868,"U",3.51198171893758
15,1868,"V",0.996250513245641
15,1869,"U",4.22486900965881
15,1869,"V",1.19847660270323
15,1870,"U",5.08246328433329
15,1870,"V",1.44175199667637
15,1871,"U",6.11413820912678
15,1871,"V",1.7344091787414
15,1872,"U",7.35522992425965
15,1872,"V",2.08647201879516
15,1873,"U",8.84824735600316
15,1873,"V",2.50999910455378
15,1874,"U",10.6443281965917
15,1874,"V",3.01949676213506
15,1875,"U",12.8049904340746
15,1875,"V",3.63241591585263
15,1876,"U",15.4042394205496
15,1876,"V",4.36974980425688
15,1877,"U",18.5311026486064
15,1877,"V",5.25675302497494
15,1878,"U",22.2926790481441
15,1878,"V",6.32380653452048
15,1879,"U",26.8178072573352
15,1879,"V",7.6074582336736
15,1880,"U",32.2614785123384
15,1880,"V",9.15167478027285
15,1881,"U",38.8101452833329
15,1881,"V",11.0093475000647
15,1882,"U",46.6881074998265
15,1882,"V",13.2441039793455
15,1883,"U",56.1651951049618
15,1883,"V",15.9324873897085
15,1884,"U",67.5660100655103
15,1884,"V",19.1665781865424
15,1885,"U",81.2810443824422
15,1885,"V",23.0571479761707
15,1886,"U",97.7800549347831
15,1886,"V",27.7374535831677
15,1887,"U",117.6281532263
15,1887,"V",33.3678012593099
15,1888,"U",141.505161157604
15,1888,"V",40.1410373721467
15,1889,"U",170.228895761077
15,1889,"V",48.2891536299099
15,1890,"U",204.783180450934
15,1890,"V",58.0912330859272
15,1891,"U",246.351542187006
15,1891,"V",69.8830090769676
15,1892,"U",296.357748739898
15,1892,"V",84.0683645061116
15,1893,"U",356.514574490595
15,1893,"V",101.133165329588
15,1894,"U",428.882465075903
15,1894,"V",121.661902067981
15,1895,"U",515.940110197953
15,1895,"V",146.357709328913
15,1896,"U",620.669341807474
15,1896,"V",176.066449035671
15,1897,"U",746.657265531678
15,1897,"V",211.805682243001
15,1898,"U",898.21912348456
15,1898,"V",254.79952186347
15,1899,"U",1080.54609663524
15,1899,"V",306.520560045536
15,1900,"U",1299.88310917144
15,1900,"V",368.740306274471
15,1901,"U",1563.7427248775
15,1901,"V",443.589863763477
15,1902,"U",1881.16246172895
15,1902,"V",533.632922372625
15,1903,"U",2263.0143380491
15,1903,"V",641.953568154019
15,1904,"U",2722.37725258033
15,1904,"V",772.261917112674
15,1905,"U",3274.98495292482
15,1905,"V",929.021191263524
15,1906,"U",3939.76493585359
15,1906,"V",1117.60058950383
15,1907,"U",4739.48673746456
15,1907,"V",1344.4591893116
15,1908,"U",5701.5418179343
15,1908,"V",1617.3671781318
15,1909,"U",6858.88175289092
15,1909,"V",1945.67199190201
15,1910,"U",8251.14686559913
15,1910,"V",2340.61847628439
15,1911,"U",9926.02395703694
15,1911,"V",2815.73403653082
15,1912,"U",11940.8796377693
15,1912,"V",3387.29196783258
15,1913,"U",14364.7252052632
15,1913,"V",4074.86883579374
15,1914,"U",17280.5803661295
15,1914,"V",4902.0149980015
15,1915,"U",20788.3167636789
15,1915,"V",5897.06123287944
15,1916,"U",25008.0787051621
15,1916,"V",7094.08910386982
15,1917,"U",30084.3982527904
15,1917,"V",8534.09829510603
15,1918,"U",36191.1456254986
15,1918,"V",10266.4109012668
15,1919,"U",43537.4844688618
15,1919,"V",12350.3607702858
15,1920,"U",52375.035968497
15,1920,"V",14857.3257609834
15,1921,"U",63006.4971866506
15,1921,"V",17873.172522948
15,1922,"U",75796.0088107494
15,1922,"V",21501.1975354255
15,1923,"U",91181.6274220121
15,1923,"V",25865.6651394053
15,1924,"U",109690.329474807
15,1924,"V",31116.0637448929
15,1925,"U",131956.060891575
15,1925,"V",37432.2259937257
15,1926,"U",158741.450494233
15,1926,"V",45030.4882498301
15,1927,"U",190963.930983945
15,1927,"V",54171.1003870807
15,1928,"U",229727.162145132
15,1928,"V",65167.1396691632
15,1929,"U",276358.832557196
15,1929,"V",78395.234032813
15,1930,"U",332456.134569426
15,1930,"V",94308.462060175
15,1931,"U",399940.47011315
15,1931,"V",113451.87148026
15,1932,"U",481123.26109273
15,1932,"V",136481.147727343
15,1933,"U",578785.118442788
15,1933,"V",164185.071977539
15,1934,"U",696271.081489602
15,1934,"V",197512.537879029
15,1935,"U",837605.189682518
15,1935,"V",237605.05233235
15,1936,"U",1007628.31091895
15,1936,"V",285835.833512688
15,1937,"U",1212163.94725327
15,1937,"V",343856.845289689
15,1938,"U",1458217.69704011
15,1938,"V",413655.37903186
15,1939,"U",1754217.20533705
15,1939,"V",497622.120792263
15,1940,"U",2110072.91237792
15,1940,"V",598568.383943115
15,1941,"U",2536261.77950204
15,1941,"V",719466.187972809
15,1942,"U",3042887.79195605
15,1942,"V",863181.749534326
15,1943,"U",3638577.78235045
15,1943,"V",1032162.25859154
15,1944,"U",4329076.4594591
15,1944,"V",1228037.32757483
15,1945,"U",5115660.59879337
15,1945,"V",1451169.14181437
15,1946,"U",5993602.63316363
15,1946,"V",1700216.6233616
15,1947,"U",6951009.99878568
15,1947,"V",1971806.18609846
15,1948,"U",7968406.05265982
15,1948,"V",2260412.85377577
15,1949,"U",9019361.15767837
15,1949,"V",2558539.2811222
15,1950,"U",8641939.50112615
15,1950,"V",1615245.15030468
15,1951,"U",9705255.90735848
15,1951,"V",1693927.36158068
15,1952,"U",9150496.056268
15,1952,"V",1999081.16895335
15,1953,"U",11258486.1106094
15,1953,"V",1958784.17433341
15,1954,"U",12537753.7944964
15,1954,"V",2028710.50198046
15,1955,"U",13397599.8349876
15,1955,"V",2437561.83198254
15,1956,"U",13458042.896024
15,1956,"V",2763789.09510756
15,1957,"U",16594317.2461944
15,1957,"V",3012625.89583813
15,1958,"U",14427526.3473769
15,1958,"V",3322231.6584727
15,1959,"U",17112749.9914728
15,1959,"V",3475452.5785471
15,1960,"U",17800174.8825807
15,1960,"V",4535922.06731664
15,1961,"U",19800916.024176
15,1961,"V",5932188.70405253
15,1962,"U",24439035.796114
15,1962,"V",5560229.09759941
15,1963,"U",30759139.818534
15,1963,"V",7616942.0746544
15,1964,"U",35353440.0427154
15,1964,"V",8289352.94205566
15,1965,"U",36981747.5582395
15,1965,"V",10626498.7052472
15,1966,"U",40677632.5734198
15,1966,"V",11144317.683069
15,1967,"U",41590108.8483323
15,1967,"V",7807899.11933809
15,1968,"U",41178121.2845188
15,1968,"V",8731199.10694288
15,1969,"U",44375359.5807145
15,1969,"V",8915370.54929221
15,1970,"U",56247048.7045375
15,1970,"V",11800213.4220364
15,1971,"U",55800236.509664
15,1971,"V",11729761.5427198
15,1972,"U",61353470.7887054
15,1972,"V",15206101.3265558
15,1973,"U",70292456.9747186
15,1973,"V",12236066.472404
15,1974,"U",62875484.7053192
15,1974,"V",13133714.2906007
15,1975,"U",62047757.7432276
15,1975,"V",10930778.1104707
15,1976,"U",72503266.8916377
15,1976,"V",11514353.9906046
15,1977,"U",68998271.3004542
15,1977,"V",14370852.5975983
15,1978,"U",64488753.3947324
15,1978,"V",15177161.4938552
15,1979,"U",63275247.7325297
15,1979,"V",14213895.2199231
15,1980,"U",62573396.1323943
15,1980,"V",12862207.3401597
15,1981,"U",61647141.4937339
15,1981,"V",11693794.9420661
15,1982,"U",54661679.9921877
15,1982,"V",11834965.1399067
15,1983,"U",52540323.037568
15,1983,"V",10216839.2595841
15,1984,"U",48118977.8775697
15,1984,"V",10804891.4485598
15,1985,"U",47091512.3077276
15,1985,"V",11177879.6792216
15,1986,"U",54465402.0141581
15,1986,"V",9067373.4613502
15,1987,"U",45409953.5338966
15,1987,"V",9205814.20513407
15,1988,"U",49330643.8759773
15,1988,"V",8290222.66094073
15,1989,"U",46300699.1293211
15,1989,"V",8833457.45856388
15,1990,"U",44542396.7951488
15,1990,"V",10969332.4932562
15,1991,"U",38141688.7333127
15,1991,"V",8605448.10245604
15,1992,"U",46341627.6880611
15,1992,"V",8736429.05845726
15,1993,"U",48379045.2301206
15,1993,"V",7896844.92277138
15,1994,"U",35413865.5601411
15,1994,"V",7309524.88713645
15,1995,"U",41588944.6733721
15,1995,"V",9484392.59978125
15,1996,"U",30357026.1741169
15,1996,"V",6739516.34767712
15,1997,"U",48921146.5293128
15,1997,"V",8911135.76817831
15,1998,"U",32392972.5292406
15,1998,"V",7126995.58249663
15,1999,"U",32292196.6136895
15,1999,"V",7742077.00183649
15,2000,"U",32587401.4463697
15,2000,"V",7698469.85405761
15,2001,"U",66468851.5154675
15,2001,"V",5649252.01494072
15,2002,"U",75110176.9640067
15,2002,"V",6532258.23660139
15,2003,"U",56185102.8262557
15,2003,"V",6718794.56444942
15,2004,"U",64283730.6111793
15,2004,"V",6841689.42173346
15,2005,"U",50440979.3828951
15,2005,"V",6949660.74233285
15,2006,"U",110164417.136859
15,2006,"V",6792384.5973482
15,2007,"U",140643548.732123
15,2007,"V",5962390.4813108
15,2008,"U",143719928.271266
15,2008,"V",7044135.21071756
15,2009,"U",89900113.2724975
15,2009,"V",7158613.28868806
15,2010,"U",80079780.4228333
15,2010,"V",6462138.03775349
15,2011,"U",85926464.6016571
15,2011,"V",8838698.1636256
15,2012,"U",101928767.173167
15,2012,"V",7903487.31555247
15,2013,"U",113462186.694698
15,2013,"V",7513440.33255475
15,2014,"U",36896175.228375
15,2014,"V",7610270.43337054
15,2015,"U",29765615.4133767
15,2015,"V",7115246.93732735
15,2016,"U",29611803.8383941
15,2016,"V",7348122.67148905
15,2017,"U",29997796.948535
15,2017,"V",7146740.0308608
16,1841,"U",2616.90216417944
16,1841,"V",760.722066814476
16,1842,"U",2616.90216417944
16,1842,"V",760.722066814476
16,1843,"U",2616.90216417944
16,1843,"V",760.722066814476
16,1844,"U",2616.90216417944
16,1844,"V",760.722066814476
16,1845,"U",2616.90216417944
16,1845,"V",760.722066814476
16,1846,"U",2616.90216417944
16,1846,"V",760.722066814476
16,1847,"U",2616.90216417944
16,1847,"V",760.722066814476
16,1848,"U",2616.90216417944
16,1848,"V",760.722066814476
16,1849,"U",2616.90216417944
16,1849,"V",760.722066814476
16,1850,"U",2616.90216417944
16,1850,"V",760.722066814476
16,1851,"U",2616.90216417944
16,1851,"V",760.722066814476
16,1852,"U",2616.90216417944
16,1852,"V",760.722066814476
16,1853,"U",2616.90216417944
16,1853,"V",760.722066814476
16,1854,"U",2616.90216417944
16,1854,"V",760.722066814476
16,1855,"U",2616.90216417944
16,1855,"V",760.722066814476
16,1856,"U",2616.90216417944
16,1856,"V",760.722066814476
16,1857,"U",2616.90216417944
16,1857,"V",760.722066814476
16,1858,"U",2616.90216417944
16,1858,"V",760.722066814476
16,1859,"U",2616.90216417944
16,1859,"V",760.722066814476
16,1860,"U",2616.90216417944
16,1860,"V",760.722066814476
16,1861,"U",2616.90216417944
16,1861,"V",760.722066814476
16,1862,"U",2880.02248512253
16,1862,"V",837.209998655625
16,1863,"U",3169.59863014511
16,1863,"V",921.388523385006
16,1864,"U",3488.2906394368
16,1864,"V",1014.03090310563
16,1865,"U",3839.02601088197
16,1865,"V",1115.98814870803
16,1866,"U",4225.02659199426
16,1866,"V",1228.19683723858
16,1867,"U",4649.83817574197
16,1867,"V",1351.68771527705
16,1868,"U",5117.36307211479
16,1868,"V",1487.59516734929
16,1869,"U",5631.89595467516
16,1869,"V",1637.16763636365
16,1870,"U",6198.16331131648
16,1870,"V",1801.77909177464
16,1871,"U",6821.36686170254
16,1871,"V",1982.94165084358
16,1872,"U",7507.23134012287
16,1872,"V",2182.31946890662
16,1873,"U",8262.05708280252
16,1873,"V",2401.74402627676
16,1874,"U",9092.77790264241
16,1874,"V",2643.23095217893
16,1875,"U",10007.024783075
16,1875,"V",2908.99854027653
16,1876,"U",11013.195976113
16,1876,"V",3201.48812586906
16,1877,"U",12120.5341485112
16,1877,"V",3523.3865119455
16,1878,"U",13339.211284706
16,1878,"V",3877.65065009926
16,1879,"U",14680.4221264372
16,1879,"V",4267.53480301928
16,1880,"U",16156.4870074019
16,1880,"V",4696.62043807657
16,1881,"U",17780.9650275869
16,1881,"V",5168.84912660965
16,1882,"U",19568.7786068487
16,1882,"V",5688.55875110817
16,1883,"U",21536.3505619439
16,1883,"V",6260.52335290883
16,1884,"U",23701.7549661851
16,1884,"V",6889.99698644072
16,1885,"U",26084.8831774546
16,1885,"V",7582.76198284605
16,1886,"U",28707.626559813
16,1886,"V",8345.18206635626
16,1887,"U",31594.0775770869
16,1887,"V",9184.26081132257
16,1888,"U",34770.7511057096
16,1888,"V",10107.7059768954
16,1889,"U",38266.827999817
16,1889,"V",11124.0003103374
16,1890,"U",42114.4231459258
16,1890,"V",12242.4794693514
16,1891,"U",46348.8804695963
16,1891,"V",13473.4177792329
16,1892,"U",51009.0976039596
16,1892,"V",14828.1226125978
16,1893,"U",56137.8832025326
16,1893,"V",16319.0382586622
16,1894,"U",61782.3501785734
16,1894,"V",17959.8602362107
16,1895,"U",67994.3484833056
16,1895,"V",19765.6611003426
16,1896,"U",74830.9413984152
16,1896,"V",21753.0288986271
16,1897,"U",82354.929718135
16,1897,"V",23940.2195485534
16,1898,"U",90635.4286359784
16,1898,"V",26347.3245359927
16,1899,"U",99748.5026353923
16,1899,"V",28996.455475147
16,1900,"U",109777.864216489
16,1900,"V",31911.9472253683
16,1901,"U",120815.642877202
16,1901,"V",35120.5814306333
16,1902,"U",132963.231412911
16,1902,"V",38651.8325351598
16,1903,"U",146332.217308419
16,1903,"V",42538.1385349998
16,1904,"U",161045.407778192
16,1904,"V",46815.1989527743
16,1905,"U",177237.957870755
16,1905,"V",51522.3027727115
16,1906,"U",195058.612000049
16,1906,"V",56702.6893484067
16,1907,"U",214671.070308377
16,1907,"V",62403.9455985814
16,1908,"U",236255.492412352
16,1908,"V",68678.4431394864
16,1909,"U",260010.152345292
16,1909,"V",75583.8193694483
16,1910,"U",286153.259898075
16,1910,"V",83183.5069247307
16,1911,"U",314924.965089636
16,1911,"V",91547.316370379
16,1912,"U",346589.564179826
16,1912,"V",100752.077478555
16,1913,"U",381437.927489101
16,1913,"V",110882.344985153
16,1914,"U",419790.171326924
16,1914,"V",122031.175307753
16,1915,"U",461998.598573361
16,1915,"V",134300.98135989
16,1916,"U",508450.934925589
16,1916,"V",147804.473313823
16,1917,"U",559573.890537794
16,1917,"V",162665.693953753
16,1918,"U",615837.079771385
16,1918,"V",179021.158130142
16,1919,"U",677757.3350623
16,1919,"V",197021.10678216
16,1920,"U",745903.454532635
16,1920,"V",216830.887047719
16,1921,"U",820901.426957736
16,1921,"V",238632.471138658
16,1922,"U",903440.182085598
16,1922,"V",262626.127933561
16,1923,"U",994277.919130582
16,1923,"V",289032.262643331
16,1924,"U",1094249.07157491
16,1924,"V",318093.441448663
16,1925,"U",1204271.97225658
16,1925,"V",350076.619707727
16,1926,"U",1325357.28915489
16,1926,"V",385275.594202308
16,1927,"U",1458617.30936452
16,1927,"V",424013.701948644
16,1928,"U",1605276.15654069
16,1928,"V",466646.790364263
16,1929,"U",1766681.0356726
16,1929,"V",513566.486074655
16,1930,"U",1944314.60847905
16,1930,"V",565203.792386921
16,1931,"U",2139808.613107
16,1931,"V",622033.048476837
16,1932,"U",2354958.85324277
16,1932,"V",684576.286658243
16,1933,"U",2591741.69432559
16,1933,"V",753408.0277605
16,1934,"U",2852332.21839792
16,1934,"V",829160.558664434
16,1935,"U",3139124.20436165
16,1935,"V",912529.740475844
16,1936,"U",3454752.11717938
16,1936,"V",1004281.4006906
16,1937,"U",3802115.30801236
16,1937,"V",1105258.36806935
16,1938,"U",4184404.64759724
16,1938,"V",1216388.21484424
16,1939,"U",4605131.8375156
16,1939,"V",1338691.77737735
16,1940,"U",5067885.54261333
16,1940,"V",1473212.26491663
16,1941,"U",5575079.8051707
16,1941,"V",1620651.42904375
16,1942,"U",6127272.69666667
16,1942,"V",1781171.49870818
16,1943,"U",6722745.72490972
16,1943,"V",1954272.91571105
16,1944,"U",7357144.6945321
16,1944,"V",2138689.93441432
16,1945,"U",8023253.47771203
16,1945,"V",2332324.85787459
16,1946,"U",8710978.36476693
16,1946,"V",2532243.48862868
16,1947,"U",9407610.85182367
16,1947,"V",2734751.51992531
16,1948,"U",10098408.0092919
16,1948,"V",2935563.24631387
16,1949,"U",10767483.5332225
16,1949,"V",3130060.58839508
16,1950,"U",11366855.5420911
16,1950,"V",1827772.88757188
16,1951,"U",11575025.4903361
16,1951,"V",1983427.95088219
16,1952,"U",11918397.5337416
16,1952,"V",2120131.16522256
16,1953,"U",13039865.2289643
16,1953,"V",2264700.27014357
16,1954,"U",11277289.3748414
16,1954,"V",2322781.45647069
16,1955,"U",14444865.3503907
16,1955,"V",2241894.39318828
16,1956,"U",13310698.700069
16,1956,"V",2834689.52258234
16,1957,"U",15606820.6870064
16,1957,"V",2967532.65932846
16,1958,"U",16847731.8391063
16,1958,"V",3522435.5797562
16,1959,"U",16824107.6367959
16,1959,"V",4014903.33430837
16,1960,"U",17127678.6916095
16,1960,"V",5003023.38593048
16,1961,"U",18735103.5156221
16,1961,"V",5978425.22187214
16,1962,"U",19323238.9124289
16,1962,"V",6378310.0374725
16,1963,"U",24340454.5209435
16,1963,"V",8282665.81568118
16,1964,"U",32058713.2446897
16,1964,"V",8900126.43883252
16,1965,"U",31670640.2727159
16,1965,"V",11080207.4796628
16,1966,"U",36512473.0489945
16,1966,"V",10492918.6450337
16,1967,"U",40337867.0251717
16,1967,"V",7961014.29040276
16,1968,"U",40684653.9670405
16,1968,"V",8510398.57421963
16,1969,"U",40987830.5570581
16,1969,"V",9622754.73478615
16,1970,"U",47221529.2205581
16,1970,"V",13327404.8789418
16,1971,"U",51068396.8580383
16,1971,"V",13889571.2746893
16,1972,"U",52285193.0260913
16,1972,"V",15865914.9354355
16,1973,"U",52239044.2253114
16,1973,"V",11311851.7129798
16,1974,"U",60666750.8680061
16,1974,"V",10947430.1458411
16,1975,"U",70485154.7364173
16,1975,"V",11296287.3390434
16,1976,"U",53441428.3784087
16,1976,"V",10717366.3039967
16,1977,"U",55690509.7615603
16,1977,"V",12635975.6173708
16,1978,"U",56003976.728696
16,1978,"V",13079302.6161731
16,1979,"U",53630197.7330908
16,1979,"V",15085803.6632763
16,1980,"U",55026344.5745427
16,1980,"V",12314204.6037332
16,1981,"U",58547925.0334914
16,1981,"V",11759348.3195252
16,1982,"U",46955441.8859274
16,1982,"V",12890521.3260487
16,1983,"U",51218056.7888631
16,1983,"V",10404523.0441456
16,1984,"U",50017088.5500772
16,1984,"V",11707059.8589417
16,1985,"U",50284807.855521
16,1985,"V",11433411.0483662
16,1986,"U",38384727.6551593
16,1986,"V",8596118.19688289
16,1987,"U",48429348.3178603
16,1987,"V",8274239.98639588
16,1988,"U",48128810.752617
16,1988,"V",8735272.14696891
16,1989,"U",35652899.7078996
16,1989,"V",8105349.26505906
16,1990,"U",29965281.2014213
16,1990,"V",10781747.0240468
16,1991,"U",36281824.3189343
16,1991,"V",9728748.72561731
16,1992,"U",31834821.4485617
16,1992,"V",9224486.66814864
16,1993,"U",28497639.8190748
16,1993,"V",8701303.4517203
16,1994,"U",35586556.367393
16,1994,"V",7371796.32044141
16,1995,"U",24107272.9180872
16,1995,"V",9619395.60857696
16,1996,"U",25015174.9312559
16,1996,"V",6815399.37084309
16,1997,"U",30365699.2659039
16,1997,"V",8089485.8359325
16,1998,"U",29866724.9624525
16,1998,"V",6378622.62478916
16,1999,"U",30926640.5760021
16,1999,"V",6644520.63414546
16,2000,"U",28461123.6707272
16,2000,"V",6243242.88228932
16,2001,"U",40761466.7047616
16,2001,"V",5738438.55180649
16,2002,"U",48030003.3545455
16,2002,"V",5607621.21168711
16,2003,"U",40561111.2255057
16,2003,"V",6573271.02659217
16,2004,"U",51807550.3570637
16,2004,"V",6431128.59363292
16,2005,"U",43270811.2244113
16,2005,"V",6518633.65394879
16,2006,"U",47616397.0757118
16,2006,"V",6115858.45164775
16,2007,"U",47745438.4058398
16,2007,"V",5641564.55383535
16,2008,"U",52549504.6849927
16,2008,"V",6304977.75196834
16,2009,"U",49697982.4639209
16,2009,"V",6277941.41266466
16,2010,"U",49588159.5780522
16,2010,"V",5904097.94149515
16,2011,"U",46276270.9427476
16,2011,"V",6333252.99571718
16,2012,"U",59553665.2551925
16,2012,"V",5986607.77233314
16,2013,"U",49745061.3170504
16,2013,"V",5879644.38092127
16,2014,"U",27124248.3939049
16,2014,"V",5740878.60257063
16,2015,"U",25425071.5390495
16,2015,"V",6169456.40697523
16,2016,"U",26253811.4402317
16,2016,"V",6283066.24057082
16,2017,"U",25918810.8736996
16,2017,"V",6158905.85402194
17,1841,"U",269478.859445843
17,1841,"V",77608.2834326129
17,1842,"U",269478.859445843
17,1842,"V",77608.2834326129
17,1843,"U",269478.859445843
17,1843,"V",77608.2834326129
17,1844,"U",269478.859445843
17,1844,"V",77608.2834326129
17,1845,"U",269478.859445843
17,1845,"V",77608.2834326129
17,1846,"U",269478.859445843
17,1846,"V",77608.2834326129
17,1847,"U",269478.859445843
17,1847,"V",77608.2834326129
17,1848,"U",269478.859445843
17,1848,"V",77608.2834326129
17,1849,"U",269478.859445843
17,1849,"V",77608.2834326129
17,1850,"U",269478.859445843
17,1850,"V",77608.2834326129
17,1851,"U",269478.859445843
17,1851,"V",77608.2834326129
17,1852,"U",269478.859445843
17,1852,"V",77608.2834326129
17,1853,"U",269478.859445843
17,1853,"V",77608.2834326129
17,1854,"U",269478.859445843
17,1854,"V",77608.2834326129
17,1855,"U",269478.859445843
17,1855,"V",77608.2834326129
17,1856,"U",269478.859445843
17,1856,"V",77608.2834326129
17,1857,"U",269478.859445843
17,1857,"V",77608.2834326129
17,1858,"U",269478.859445843
17,1858,"V",77608.2834326129
17,1859,"U",269478.859445843
17,1859,"V",77608.2834326129
17,1860,"U",269478.859445843
17,1860,"V",77608.2834326129
17,1861,"U",269478.859445843
17,1861,"V",77608.2834326129
17,1862,"U",278296.987389365
17,1862,"V",80147.8510046044
17,1863,"U",287403.66999184
17,1863,"V",82770.5205750375
17,1864,"U",296808.349596899
17,1864,"V",85479.0114818321
17,1865,"U",306520.777528411
17,1865,"V",88276.1320473473
17,1866,"U",316551.024202146
17,1866,"V",91164.7824904836
17,1867,"U",326909.489566615
17,1867,"V",94147.9579335811
17,1868,"U",337606.91388735
17,1868,"V",97228.7515082227
17,1869,"U",348654.388881761
17,1869,"V",100410.357562012
17,1870,"U",360063.369220789
17,1870,"V",103696.074970973
17,1871,"U",371845.684405323
17,1871,"V",107089.310559895
17,1872,"U",384013.551031494
17,1872,"V",110593.582634654
17,1873,"U",396579.585457972
17,1873,"V",114212.524630325
17,1874,"U",409556.816887394
17,1874,"V",117949.88887855
17,1875,"U",422958.700874993
17,1875,"V",121809.550497942
17,1876,"U",436799.133281482
17,1876,"V",125795.511412432
17,1877,"U",451092.464679662
17,1877,"V",129911.904500289
17,1878,"U",465853.515235025
17,1878,"V",134162.997879635
17,1879,"U",481097.590071665
17,1879,"V",138553.19933374
17,1880,"U",496840.495141194
17,1880,"V",143087.060881177
17,1881,"U",513098.553612542
17,1881,"V",147769.283495979
17,1882,"U",529888.62279522
17,1882,"V",152604.721981439
17,1883,"U",547228.111618918
17,1883,"V",157598.390004131
17,1884,"U",565134.998684134
17,1884,"V",162755.465292378
17,1885,"U",583627.850902542
17,1885,"V",168081.295004567
17,1886,"U",602725.842749539
17,1886,"V",173581.40127377
17,1887,"U",622448.776144482
17,1887,"V",179261.486933123
17,1888,"U",642817.10098305
17,1888,"V",185127.441429033
17,1889,"U",663851.936340295
17,1889,"V",191185.346927522
17,1890,"U",685575.092369007
17,1890,"V",197441.484620823
17,1891,"U",708009.092912895
17,1891,"V",203902.341239847
17,1892,"U",731177.198861051
17,1892,"V",210574.615780116
17,1893,"U",755103.432266387
17,1893,"V",217465.226447738
17,1894,"U",779812.601252717
17,1894,"V",224581.317832491
17,1895,"U",805330.325737319
17,1895,"V",231930.268315763
17,1896,"U",831683.063995644
17,1896,"V",239519.697721036
17,1897,"U",858898.140094062
17,1897,"V",247357.47521434
17,1898,"U",887003.772221636
17,1898,"V",255451.727463645
17,1899,"U",916029.101948275
17,1899,"V",263810.847065021
17,1900,"U",946004.224440498
17,1900,"V",272443.501244601
17,1901,"U",976960.219665265
17,1901,"V",281358.640845097
17,1902,"U",1008929.18461635
17,1902,"V",290565.509606798
17,1903,"U",1041944.266594
17,1903,"V",300073.653751915
17,1904,"U",1076039.697574
17,1904,"V",309892.931882655
17,1905,"U",1111250.8297012
17,1905,"V",320033.52520315
17,1906,"U",1147614.17194542
17,1906,"V",330505.948076135
17,1907,"U",1185167.42795507
17,1907,"V",341321.05892456
17,1908,"U",1223949.53515123
17,1908,"V",352490.071490453
17,1909,"U",1264000.70510019
17,1909,"V",364024.566461967
17,1910,"U",1305362.46520684
17,1910,"V",375936.503480808
17,1911,"U",1348077.70177297
17,1911,"V",388238.2335428
17,1912,"U",1392190.70446424
17,1912,"V",400942.511804061
17,1913,"U",1437747.2122324
17,1913,"V",414062.510806363
17,1914,"U",1484794.46073977
17,1914,"V",427611.834135076
17,1915,"U",1533381.23133641
17,1915,"V",441604.530524298
17,1916,"U",1583557.90163942
17,1916,"V",456055.10842339
17,1917,"U",1635376.49776707
17,1917,"V",470978.551040094
17,1918,"U",1688890.74828262
17,1918,"V",486390.331876021
17,1919,"U",1744156.13990387
17,1919,"V",502306.430770666
17,1920,"U",1801229.97503399
17,1920,"V",518743.350469944
17,1921,"U",1860171.43117686
17,1921,"V",535718.133737445
17,1922,"U",1921041.62229561
17,1922,"V",553248.381025325
17,1923,"U",1983903.66217864
17,1923,"V",571352.268723334
17,1924,"U",2048822.72988063
17,1924,"V",590048.568005426
17,1925,"U",2115866.13730309
17,1925,"V",609356.664292574
17,1926,"U",2185103.39898801
17,1926,"V",629296.577352881
17,1927,"U",2256606.30419399
17,1927,"V",649888.982059107
17,1928,"U",2330448.99133225
17,1928,"V",671155.229825766
17,1929,"U",2406708.02483701
17,1929,"V",693117.370747337
17,1930,"U",2485462.4745524
17,1930,"V",715798.176461225
17,1931,"U",2566793.99771667
17,1931,"V",739221.163758706
17,1932,"U",2650786.9236291
17,1932,"V",763410.618968474
17,1933,"U",2737528.34108764
17,1933,"V",788391.623138205
17,1934,"U",2827108.18868769
17,1934,"V",814190.078039974
17,1935,"U",2919619.34807568
17,1935,"V",840832.733026818
17,1936,"U",3015157.7402542
17,1936,"V",868347.212767954
17,1937,"U",3113822.42503872
17,1937,"V",896762.045891756
17,1938,"U",3215715.70376827
17,1938,"V",926106.694565803
17,1939,"U",3320943.22537783
17,1939,"V",956411.585045074
17,1940,"U",3432472.73743869
17,1940,"V",988531.41070012
17,1941,"U",3567004.10856649
17,1941,"V",1027275.63279804
17,1942,"U",3753506.92872821
17,1942,"V",1080987.31822619
17,1943,"U",4029187.01227261
17,1943,"V",1160381.51673378
17,1944,"U",4437762.99769688
17,1944,"V",1278048.93207675
17,1945,"U",5029289.91810768
17,1945,"V",1448405.11137655
17,1946,"U",5859157.37363981
17,1946,"V",1687401.92482931
17,1947,"U",6982681.67305758
17,1947,"V",2010970.13515924
17,1948,"U",8441277.2395977
17,1948,"V",2431036.84604848
17,1949,"U",10237936.97797
17,1949,"V",2948463.99597145
17,1950,"U",10705057.6817472
17,1950,"V",1996291.29362528
17,1951,"U",11822941.1641131
17,1951,"V",2273932.29964279
17,1952,"U",13647622.6064641
17,1952,"V",2348481.99743606
17,1953,"U",12442983.2201221
17,1953,"V",3139973.84063996
17,1954,"U",16051089.3864491
17,1954,"V",3059865.5544172
17,1955,"U",15114320.0027662
17,1955,"V",3280686.19197215
17,1956,"U",19621581.7695392
17,1956,"V",3696857.965371
17,1957,"U",17519738.545567
17,1957,"V",4460463.82496602
17,1958,"U",19780971.1944361
17,1958,"V",4431042.61464902
17,1959,"U",22606206.7926665
17,1959,"V",5680489.84805831
17,1960,"U",26454184.0286954
17,1960,"V",6665710.26094284
17,1961,"U",24456276.4471322
17,1961,"V",8713025.00281452
17,1962,"U",32569472.9308838
17,1962,"V",9413273.25639786
17,1963,"U",33388765.5833278
17,1963,"V",12150455.2016222
17,1964,"U",39225164.3068281
17,1964,"V",11888625.4802193
17,1965,"U",42739476.3636081
17,1965,"V",16508481.980505
17,1966,"U",50003351.3813646
17,1966,"V",18412125.654205
17,1967,"U",47701659.8553737
17,1967,"V",14211244.0037729
17,1968,"U",48408994.4295882
17,1968,"V",14047605.4944654
17,1969,"U",51326931.280845
17,1969,"V",16281452.5481882
17,1970,"U",63290259.8650151
17,1970,"V",27501073.7415958
17,1971,"U",71516205.2744493
17,1971,"V",29830339.3264593
17,1972,"U",68931704.0446187
17,1972,"V",37273887.9874396
17,1973,"U",79870994.8023173
17,1973,"V",29629225.9055861
17,1974,"U",82937006.1756657
17,1974,"V",37700884.6445116
17,1975,"U",80967340.4879899
17,1975,"V",37070960.5845269
17,1976,"U",87780942.5869118
17,1976,"V",52732030.9861129
17,1977,"U",82790662.9437528
17,1977,"V",26998861.1389425
17,1978,"U",80568104.8057258
17,1978,"V",21044754.6808168
17,1979,"U",74732627.9362964
17,1979,"V",23741290.9561757
17,1980,"U",74814858.0989783
17,1980,"V",20012609.1671802
17,1981,"U",66945389.7629649
17,1981,"V",19160551.792597
17,1982,"U",73135451.0660056
17,1982,"V",18696829.7555406
17,1983,"U",73135079.0267006
17,1983,"V",16636640.9181041
17,1984,"U",64710253.5829896
17,1984,"V",15579799.0671522
17,1985,"U",60509223.3824157
17,1985,"V",16077682.1351507
17,1986,"U",62477287.7368262
17,1986,"V",15060561.6539879
17,1987,"U",65899126.8149277
17,1987,"V",14737474.5946101
17,1988,"U",49082139.7201144
17,1988,"V",13500223.971546
17,1989,"U",59441350.511465
17,1989,"V",15169343.3336416
17,1990,"U",52185459.3823085
17,1990,"V",17929858.2628942
17,1991,"U",56098748.4118324
17,1991,"V",14466660.5363204
17,1992,"U",54434952.3704479
17,1992,"V",12536535.1398086
17,1993,"U",59658717.6061701
17,1993,"V",11668897.2272119
17,1994,"U",57762106.5853376
17,1994,"V",12224814.3859284
17,1995,"U",60519516.1207992
17,1995,"V",18135068.4255654
17,1996,"U",57284731.5864955
17,1996,"V",19129291.1552477
17,1997,"U",69068440.1931096
17,1997,"V",20688460.5032551
17,1998,"U",57181537.087277
17,1998,"V",19168382.9360478
17,1999,"U",58806588.4765822
17,1999,"V",19634169.4157287
17,2000,"U",53168313.7277134
17,2000,"V",22998645.5581392
17,2001,"U",62220001.1437528
17,2001,"V",23490745.8887566
17,2002,"U",69390692.340136
17,2002,"V",21497287.8791332
17,2003,"U",69357877.5360279
17,2003,"V",22291543.8329105
17,2004,"U",68990828.2146568
17,2004,"V",23447447.8560249
17,2005,"U",73618783.0042517
17,2005,"V",24159150.0951777
17,2006,"U",80272858.4584045
17,2006,"V",23087550.2103244
17,2007,"U",90949072.5655325
17,2007,"V",26651532.3540054
17,2008,"U",79179436.3204296
17,2008,"V",24879285.0126001
17,2009,"U",94814918.6609922
17,2009,"V",35964533.2272708
17,2010,"U",108098649.204553
17,2010,"V",30943184.3798261
17,2011,"U",102940104.121669
17,2011,"V",33727235.1652619
17,2012,"U",93854790.3942713
17,2012,"V",27227778.1511689
17,2013,"U",82358271.7717082
17,2013,"V",26412075.3879333
17,2014,"U",59798294.8336434
17,2014,"V",18405159.8177891
17,2015,"U",58369788.1002305
17,2015,"V",21171997.0872444
17,2016,"U",60015160.4368085
17,2016,"V",20021428.5590698
17,2017,"U",57374207.7825656
17,2017,"V",19062779.701161
18,1841,"U",33737.4010039482
18,1841,"V",183.531990192096
18,1842,"U",33737.4010039482
18,1842,"V",183.531990192096
18,1843,"U",33737.4010039482
18,1843,"V",183.531990192096
18,1844,"U",33737.4010039482
18,1844,"V",183.531990192096
18,1845,"U",33737.4010039482
18,1845,"V",183.531990192096
18,1846,"U",33737.4010039482
18,1846,"V",183.531990192096
18,1847,"U",33737.4010039482
18,1847,"V",183.531990192096
18,1848,"U",33737.4010039482
18,1848,"V",183.531990192096
18,1849,"U",33737.4010039482
18,1849,"V",183.531990192096
18,1850,"U",33737.4010039482
18,1850,"V",183.531990192096
18,1851,"U",33737.4010039482
18,1851,"V",183.531990192096
18,1852,"U",33737.4010039482
18,1852,"V",183.531990192096
18,1853,"U",33737.4010039482
18,1853,"V",183.531990192096
18,1854,"U",33737.4010039482
18,1854,"V",183.531990192096
18,1855,"U",33737.4010039482
18,1855,"V",183.531990192096
18,1856,"U",33737.4010039482
18,1856,"V",183.531990192096
18,1857,"U",33737.4010039482
18,1857,"V",183.531990192096
18,1858,"U",33737.4010039482
18,1858,"V",183.531990192096
18,1859,"U",33737.4010039482
18,1859,"V",183.531990192096
18,1860,"U",33737.4010039482
18,1860,"V",183.531990192096
18,1861,"U",33737.4010039482
18,1861,"V",183.531990192096
18,1862,"U",36897.4227274403
18,1862,"V",200.722557891572
18,1863,"U",40353.4286404682
18,1863,"V",219.523284220771
18,1864,"U",44133.1421728262
18,1864,"V",240.084985072252
18,1865,"U",48266.8834760109
18,1865,"V",262.572602545335
18,1866,"U",52787.812645733
18,1866,"V",287.166528080366
18,1867,"U",57732.1957260066
18,1867,"V",314.064049525143
18,1868,"U",63139.6956285
18,1868,"V",343.480933740736
18,1869,"U",69053.6903009792
18,1869,"V",375.653157442808
18,1870,"U",75521.6206970729
18,1870,"V",410.838800162594
18,1871,"U",82595.37133863
18,1871,"V",449.320114512079
18,1872,"U",90331.6865236573
18,1872,"V",491.405790361716
18,1873,"U",98792.6255183658
18,1873,"V",537.433431092284
18,1874,"U",108046.060384981
18,1874,"V",587.772261785971
18,1875,"U",118166.220438638
18,1875,"V",642.826091080436
18,1876,"U",129234.287701009
18,1876,"V",703.03655044585
18,1877,"U",141339.048127209
18,1877,"V",768.886636869492
18,1878,"U",154577.603830054
18,1878,"V",840.904587366851
18,1879,"U",169056.152014944
18,1879,"V",919.668116399636
18,1880,"U",184890.836873875
18,1880,"V",1005.8090501925
18,1881,"U",202208.681272374
18,1881,"V",1100.0183951246
18,1882,"U",221148.605702996
18,1882,"V",1203.05188085259
18,1883,"U",241862.542679337
18,1883,"V",1315.73602263152
18,1884,"U",264516.655510287
18,1884,"V",1438.97475146584
18,1885,"U",289292.671230651
18,1885,"V",1573.75666527293
18,1886,"U",316389.338381423
18,1886,"V",1721.16295923055
18,1887,"U",346024.021333147
18,1887,"V",1882.37609892098
18,1888,"U",378434.443942035
18,1888,"V",2058.68930584761
18,1889,"U",413880.596526067
18,1889,"V",2251.51693141483
18,1890,"U",452646.821458504
18,1890,"V",2462.40580258934
18,1891,"U",495044.094108858
18,1891,"V",2693.0476302549
18,1892,"U",541412.517428982
18,1892,"V",2945.29257979965
18,1893,"U",592124.050194813
18,1893,"V",3221.16411279401
18,1894,"U",647585.490790091
18,1894,"V",3522.87521882084
18,1895,"U",708241.740466114
18,1895,"V",3852.84616765968
18,1896,"U",774579.37225627
18,1896,"V",4213.7239242377
18,1897,"U",847130.53417337
18,1897,"V",4608.40338208439
18,1898,"U",926477.218000914
18,1898,"V",5040.05058562289
18,1899,"U",1013255.92792176
18,1899,"V",5512.12812758327
18,1900,"U",1108162.78643514
18,1900,"V",6028.42292527095
18,1901,"U",1211959.1185205
18,1901,"V",6593.07659850542
18,1902,"U",1325477.55884322
18,1902,"V",7210.61869291558
18,1903,"U",1449628.73099358
18,1903,"V",7886.00301510361
18,1904,"U",1585408.55233796
18,1904,"V",8624.6473711506
18,1905,"U",1733906.22308073
18,1905,"V",9432.47702723829
18,1906,"U",1896312.96362346
18,1906,"V",10315.9722410199
18,1907,"U",2073931.5703114
18,1907,"V",11282.2202450309
18,1908,"U",2268186.86622039
18,1908,"V",12338.9720991337
18,1909,"U",2480637.1308202
18,1909,"V",13494.704868065
18,1910,"U",2712986.60019928
18,1910,"V",14758.6896228548
18,1911,"U",2967099.13812631
18,1911,"V",16141.065811615
18,1912,"U",3245013.18761522
18,1912,"V",17652.9225962877
18,1913,"U",3548958.12293157
18,1913,"V",19306.3878078163
18,1914,"U",3881372.13321414
18,1914,"V",21114.7252333268
18,1915,"U",4244921.78116956
18,1915,"V",23092.4410157336
18,1916,"U",4642523.39373769
18,1916,"V",25255.4000192939
18,1917,"U",5077366.45631747
18,1917,"V",27620.9530945636
18,1918,"U",5552939.19821957
18,1918,"V",30208.0762636598
18,1919,"U",6073056.57458659
18,1919,"V",33037.522942346
18,1920,"U",6641890.86924523
18,1920,"V",36131.9904200276
18,1921,"U",7264005.16398391
18,1921,"V",39516.3019331457
18,1922,"U",7944389.94273645
18,1922,"V",43217.6057925108
18,1923,"U",8688503.12430643
18,1923,"V",47265.5931619506
18,1924,"U",9502313.84476573
18,1924,"V",51692.7362352443
18,1925,"U",10392350.3407423
18,1925,"V",56534.5487219581
18,1926,"U",11365752.3177073
18,1926,"V",61829.8707317474
18,1927,"U",12430328.2233497
18,1927,"V",67621.1803424149
18,1928,"U",13594617.885477
18,1928,"V",73954.9343510683
18,1929,"U",14867961.0169076
18,1929,"V",80881.9409418115
18,1930,"U",16260572.1368924
18,1930,"V",88457.7672594504
18,1931,"U",17783622.5100671
18,1931,"V",96743.1851586792
18,1932,"U",19449329.7602386
18,1932,"V",105804.658704481
18,1933,"U",21271055.8778655
18,1933,"V",115714.877334358
18,1934,"U",23263414.4074343
18,1934,"V",126553.338959342
18,1935,"U",25442387.6745664
18,1935,"V",138406.987681285
18,1936,"U",27825454.9932304
18,1936,"V",151370.911242112
18,1937,"U",30431732.8815125
18,1937,"V",165549.103799804
18,1938,"U",33282128.4107317
18,1938,"V",181055.300149992
18,1939,"U",36399506.9180361
18,1939,"V",198013.888085106
18,1940,"U",39808875.4278387
18,1940,"V",216560.906209861
18,1941,"U",43537583.253468
18,1941,"V",236845.135217378
18,1942,"U",47615541.3882177
18,1942,"V",259029.291379943
18,1943,"U",52075462.4457131
18,1943,"V",283291.331828346
18,1944,"U",56953123.0743476
18,1944,"V",309825.882090538
18,1945,"U",62287650.9508333
18,1945,"V",338845.797341034
18,1946,"U",68121838.6550663
18,1946,"V",370583.869885117
18,1947,"U",74502486.9441603
18,1947,"V",405294.696574943
18,1948,"U",81480780.1793234
18,1948,"V",443256.721137644
18,1949,"U",89112696.9171814
18,1949,"V",484774.467798553
18,1950,"U",96010275.0903423
18,1950,"V",897722.283623736
18,1951,"U",84631736.4440322
18,1951,"V",784332.534761
18,1952,"U",138283035.545202
18,1952,"V",695862.08720874
18,1953,"U",116839918.132035
18,1953,"V",487082.835931125
18,1954,"U",127831655.029586
18,1954,"V",523375.616847989
18,1955,"U",159033113.638091
18,1955,"V",657266.076447197
18,1956,"U",163067825.858994
18,1956,"V",651641.323618762
18,1957,"U",165385164.438786
18,1957,"V",739218.148768381
18,1958,"U",131738338.786047
18,1958,"V",566107.200622661
18,1959,"U",166152033.340349
18,1959,"V",780796.957539311
18,1960,"U",56325180.887965
18,1960,"V",137553.468539681
18,1961,"U",43370918.9614188
18,1961,"V",186957.794342982
18,1962,"U",55981342.3505446
18,1962,"V",452423.769034213
18,1963,"U",41818227.7115298
18,1963,"V",341339.976907217
18,1964,"U",45381787.7136618
18,1964,"V",367661.49780732
18,1965,"U",39685136.3828845
18,1965,"V",551556.695828169
18,1966,"U",37824543.3055278
18,1966,"V",436990.701218733
18,1967,"U",39535799.7256062
18,1967,"V",528298.28605667
18,1968,"U",55744987.5861558
18,1968,"V",1522273.14106408
18,1969,"U",78147342.6215091
18,1969,"V",1414116.88172742
18,1970,"U",44993475.9683456
18,1970,"V",1805942.59982335
18,1971,"U",36571560.2417722
18,1971,"V",2291876.59015972
18,1972,"U",21909024.2587342
18,1972,"V",2278072.1412285
18,1973,"U",19453284.7617719
18,1973,"V",2615629.21566617
18,1974,"U",23549362.4772377
18,1974,"V",3019396.01935424
18,1975,"U",22280748.8233817
18,1975,"V",4878153.92952014
18,1976,"U",18638925.4149901
18,1976,"V",6619983.333907
18,1977,"U",15245152.3995268
18,1977,"V",5374303.48497873
18,1978,"U",14035975.942833
18,1978,"V",4080788.04727111
18,1979,"U",9428251.43678045
18,1979,"V",6196325.31396333
18,1980,"U",10796685.8121378
18,1980,"V",3871213.43477484
18,1981,"U",12057276.432541
18,1981,"V",7056793.8925297
18,1982,"U",35985090.2441191
18,1982,"V",6431277.18169941
18,1983,"U",12029878.6637639
18,1983,"V",9222328.2394692
18,1984,"U",13182289.7393256
18,1984,"V",6149515.76112046
18,1985,"U",11411210.7025164
18,1985,"V",8690337.27172239
18,1986,"U",11371583.7873177
18,1986,"V",6132572.40601636
18,1987,"U",6126455.89264073
18,1987,"V",12585420.2339316
18,1988,"U",10198199.8631801
18,1988,"V",14341115.8607944
18,1989,"U",11996516.6182888
18,1989,"V",10994054.4552193
18,1990,"U",11220674.3482537
18,1990,"V",12126552.3260861
18,1991,"U",6977333.3513444
18,1991,"V",14415603.9751054
18,1992,"U",5309409.29806146
18,1992,"V",7710515.02019599
18,1993,"U",5912230.65767164
18,1993,"V",13999305.7107081
18,1994,"U",18985477.8565115
18,1994,"V",46850267.6911583
18,1995,"U",23066717.135032
18,1995,"V",45218543.1420595
18,1996,"U",28928054.2723437
18,1996,"V",40141401.7359919
18,1997,"U",22699507.761076
18,1997,"V",39430170.4400129
18,1998,"U",20514299.8181356
18,1998,"V",39593586.1882243
18,1999,"U",17610859.3442947
18,1999,"V",33180277.767466
18,2000,"U",24510319.6126476
18,2000,"V",49949738.616021
18,2001,"U",17016159.3368567
18,2001,"V",44429235.4860138
18,2002,"U",18841115.8862787
18,2002,"V",42467594.1595734
18,2003,"U",40141430.1392767
18,2003,"V",56114695.4985721
18,2004,"U",23633435.0069838
18,2004,"V",46255219.9599232
18,2005,"U",21043749.0641432
18,2005,"V",35765875.1556917
18,2006,"U",39271965.4185198
18,2006,"V",47144327.5622016
18,2007,"U",21983103.0304304
18,2007,"V",26945451.2341455
18,2008,"U",45824225.6447664
18,2008,"V",43110381.3909713
18,2009,"U",58237799.5179112
18,2009,"V",34472018.2315249
18,2010,"U",13448176.2088201
18,2010,"V",35589405.793636
18,2011,"U",20296389.3885717
18,2011,"V",33165220.7455943
18,2012,"U",23982257.4063057
18,2012,"V",39606341.8518818
18,2013,"U",15285889.094053
18,2013,"V",37009059.5094713
18,2014,"U",16698353.7688702
18,2014,"V",26700023.2749942
18,2015,"U",16816674.2098864
18,2015,"V",66601695.4883246
18,2016,"U",25475604.2871578
18,2016,"V",50358541.0685051
18,2017,"U",13498961.1012986
18,2017,"V",46841796.3140111
19,1939,"U",1.45997143470463e-06
19,1939,"V",3.42362292437633e-10
19,1940,"U",0.000650819511188844
19,1940,"V",1.52616725586025e-07
19,1941,"U",0.125507025393424
19,1941,"V",2.94313107156195e-05
19,1942,"U",11.1989125745272
19,1942,"V",0.00262613725904812
19,1943,"U",493.895984972444
19,1943,"V",0.11581826713967
19,1944,"U",11499.9813318127
19,1944,"V",2.69673767455997
19,1945,"U",151011.819296948
19,1945,"V",35.4121672593821
19,1946,"U",1194612.55647196
19,1946,"V",280.135818884198
19,1947,"U",6077452.55404376
19,1947,"V",1425.15842373608
19,1948,"U",21157955.8671317
19,1948,"V",4961.52602837121
19,1949,"U",53415419.1066692
19,1949,"V",12525.8788645929
19,1950,"U",89753476.648013
19,1950,"V",19819.0428329098
19,1951,"U",72879315.0862199
19,1951,"V",7347.78743249287
19,1952,"U",133073511.906348
19,1952,"V",19261.1218070541
19,1953,"U",130234100.50755
19,1953,"V",2616.88202253631
19,1954,"U",134175285.492879
19,1954,"V",13774.6785574969
19,1955,"U",132732803.50576
19,1955,"V",10418.9323849776
19,1956,"U",134210776.758452
19,1956,"V",4170.40143746881
19,1957,"U",134475242.571449
19,1957,"V",9970.72308654583
19,1958,"U",25905338.2782732
19,1958,"V",51521.1699200974
19,1959,"U",27612282.2938689
19,1959,"V",50745.6813743617
19,1960,"U",33312371.525882
19,1960,"V",13649.757600191
19,1961,"U",35341946.1781045
19,1961,"V",26000.4101594226
19,1962,"U",29912868.655861
19,1962,"V",2430.00236850439
19,1963,"U",38829757.7981695
19,1963,"V",133993.406121382
19,1964,"U",27859492.5613196
19,1964,"V",10526.1397308285
19,1965,"U",28612270.4524492
19,1965,"V",5313.6172607175
19,1966,"U",31736271.4063014
19,1966,"V",11438.9364166512
19,1967,"U",33411855.3448245
19,1967,"V",9376.70954982443
19,1968,"U",50375920.8849527
19,1968,"V",16712.3529454392
19,1969,"U",51407524.8194377
19,1969,"V",11469.6872569614
19,1970,"U",61810701.2799826
19,1970,"V",39929.519744934
19,1971,"U",62546415.3930361
19,1971,"V",40607.7885051791
19,1972,"U",40330296.8199701
19,1972,"V",39682.5200632564
19,1973,"U",60445005.2939507
19,1973,"V",35736.5794915548
19,1974,"U",55987496.8352764
19,1974,"V",30053.1320365521
19,1975,"U",68163978.8861099
19,1975,"V",54330.0813195928
19,1976,"U",97660832.7588861
19,1976,"V",56681.0727146803
19,1977,"U",50757106.6426199
19,1977,"V",197714.521126275
19,1978,"U",49348033.224596
19,1978,"V",1704951.86175784
19,1979,"U",39512468.2800786
19,1979,"V",3155390.04911019
19,1980,"U",44579620.9972106
19,1980,"V",4023720.70974407
19,1981,"U",33051622.5488005
19,1981,"V",3279734.37947691
19,1982,"U",37681920.1459495
19,1982,"V",2215671.96092704
19,1983,"U",34771440.301017
19,1983,"V",5150451.56937058
19,1984,"U",5493961.9021803
19,1984,"V",12611405.6688745
19,1985,"U",12134114.3497065
19,1985,"V",15371982.0653645
19,1986,"U",11461723.5912434
19,1986,"V",8133971.60869536
19,1987,"U",14308742.6060648
19,1987,"V",11132226.7157569
19,1988,"U",8912978.05801572
19,1988,"V",16947997.6125118
19,1989,"U",12537617.4393746
19,1989,"V",7003637.27632692
19,1990,"U",11662131.153226
19,1990,"V",7418790.80671106
19,1991,"U",15296632.3715435
19,1991,"V",10226237.8869743
19,1992,"U",18509309.3954353
19,1992,"V",13250085.8113491
19,1993,"U",13620486.4982324
19,1993,"V",15159510.8728724
19,1994,"U",10928813.9235684
19,1994,"V",16858667.3937618
19,1995,"U",11289978.8132503
19,1995,"V",7834531.68599883
19,1996,"U",14667717.2986457
19,1996,"V",11735904.3269072
19,1997,"U",15701200.0661284
19,1997,"V",9301159.42891802
19,1998,"U",11464466.7779563
19,1998,"V",7428393.98491679
19,1999,"U",11941999.6399654
19,1999,"V",5102461.82920316
19,2000,"U",13575939.3078426
19,2000,"V",6418350.2614052
19,2001,"U",22205366.9317008
19,2001,"V",5668434.76092125
19,2002,"U",13446148.9157948
19,2002,"V",5505672.2827573
19,2003,"U",20636348.2006336
19,2003,"V",5608056.23621354
19,2004,"U",10272881.4350626
19,2004,"V",806403.834619211
19,2005,"U",14511058.166874
19,2005,"V",3797474.05070886
19,2006,"U",13797090.1917302
19,2006,"V",478303.584568302
19,2007,"U",10587935.3856474
19,2007,"V",1833134.58439724
19,2008,"U",14201802.5095585
19,2008,"V",2570038.94207789
19,2009,"U",8933689.70308133
19,2009,"V",1413838.77861285
19,2010,"U",8998844.26725006
19,2010,"V",610010.018007525
19,2011,"U",9888369.66931178
19,2011,"V",197037.289749441
19,2012,"U",15015758.0489119
19,2012,"V",1564631.21659105
19,2013,"U",15566197.1456066
19,2013,"V",5033086.68573811
19,2014,"U",8667471.1606863
19,2014,"V",3598458.82991479
19,2015,"U",9436674.89099902
19,2015,"V",3852918.5527283
19,2016,"U",18652203.0833484
19,2016,"V",5220616.85203164
19,2017,"U",26364489.9491121
19,2017,"V",3715308.7682742
20,1841,"U",0.0383173714913286
20,1841,"V",0.000265817757710188
20,1842,"U",0.0383173714913286
20,1842,"V",0.000265817757710188
20,1843,"U",0.0383173714913286
20,1843,"V",0.000265817757710188
20,1844,"U",0.0383173714913286
20,1844,"V",0.000265817757710188
20,1845,"U",0.0383173714913286
20,1845,"V",0.000265817757710188
20,1846,"U",0.0383173714913286
20,1846,"V",0.000265817757710188
20,1847,"U",0.0383173714913286
20,1847,"V",0.000265817757710188
20,1848,"U",0.0383173714913286
20,1848,"V",0.000265817757710188
20,1849,"U",0.0383173714913286
20,1849,"V",0.000265817757710188
20,1850,"U",0.0383173714913286
20,1850,"V",0.000265817757710188
20,1851,"U",0.0383173714913286
20,1851,"V",0.000265817757710188
20,1852,"U",0.0383173714913286
20,1852,"V",0.000265817757710188
20,1853,"U",0.0383173714913286
20,1853,"V",0.000265817757710188
20,1854,"U",0.0383173714913286
20,1854,"V",0.000265817757710188
20,1855,"U",0.0383173714913286
20,1855,"V",0.000265817757710188
20,1856,"U",0.0383173714913286
20,1856,"V",0.000265817757710188
20,1857,"U",0.0383173714913286
20,1857,"V",0.000265817757710188
20,1858,"U",0.0383173714913286
20,1858,"V",0.000265817757710188
20,1859,"U",0.0383173714913286
20,1859,"V",0.000265817757710188
20,1860,"U",0.0383173714913286
20,1860,"V",0.000265817757710188
20,1861,"U",0.0383173714913286
20,1861,"V",0.000265817757710188
20,1862,"U",0.0530566479721568
20,1862,"V",0.000368068023631769
20,1863,"U",0.0734655258029225
20,1863,"V",0.000509649816202875
20,1864,"U",0.101725007925142
20,1864,"V",0.000705693330656354
20,1865,"U",0.14085478747376
20,1865,"V",0.000977146978296606
20,1866,"U",0.195036387824857
20,1866,"V",0.00135301909462216
20,1867,"U",0.270059603746005
20,1867,"V",0.00187347501986431
20,1868,"U",0.373941493057535
20,1868,"V",0.00259413120813491
20,1869,"U",0.517782825026067
20,1869,"V",0.00359199663683674
20,1870,"U",0.716954594503761
20,1870,"V",0.00497370396959865
20,1871,"U",0.992740300273
20,1871,"V",0.00688690247625227
20,1872,"U",1.3746104745084
20,1872,"V",0.00953603704631602
20,1873,"U",1.90337186278744
20,1873,"V",0.0132041948850621
20,1874,"U",2.63552806851146
20,1874,"V",0.0182833564591592
20,1875,"U",3.64931748892262
20,1875,"V",0.0253162822584925
20,1876,"U",5.05307387570792
20,1876,"V",0.0350545122200929
20,1877,"U",6.99680305362545
20,1877,"V",0.048538676492343
20,1878,"U",9.688212359819
20,1878,"V",0.0672096959022888
20,1879,"U",13.4149064997272
20,1879,"V",0.0930627604885766
20,1880,"U",18.5751209536578
20,1880,"V",0.128860535285263
20,1881,"U",25.7202776091047
20,1881,"V",0.178428380017743
20,1882,"U",35.6139096355373
20,1882,"V",0.247063126570522
20,1883,"U",49.3132530737765
20,1883,"V",0.342099101459316
20,1884,"U",68.2822233507068
20,1884,"V",0.47369187384523
20,1885,"U",94.5478493356942
20,1885,"V",0.655903480029225
20,1886,"U",130.916882567465
20,1886,"V",0.90820509904671
20,1887,"U",181.275727215902
20,1887,"V",1.25755774627495
20,1888,"U",251.005742169346
20,1888,"V",1.74129333404137
20,1889,"U",347.558294617262
20,1889,"V",2.41110397067935
20,1890,"U",481.251014834373
20,1890,"V",3.33856579092269
20,1891,"U",666.370340907549
20,1891,"V",4.62278760078063
20,1892,"U",922.698171219902
20,1892,"V",6.40100167028607
20,1893,"U",1277.62576285376
20,1893,"V",8.8632284067662
20,1894,"U",1769.08076856413
20,1894,"V",12.2725819858065
20,1895,"U",2449.580195344
20,1895,"V",16.9933867985956
20,1896,"U",3391.84238497291
20,1896,"V",23.5301092478101
20,1897,"U",4696.55771493201
20,1897,"V",32.5812651586042
20,1898,"U",6503.14839723562
20,1898,"V",45.1140633537713
20,1899,"U",9004.66717184317
20,1899,"V",62.4677618371496
20,1900,"U",12468.4269715107
20,1900,"V",86.4967812442527
20,1901,"U",17264.566049707
20,1901,"V",119.768868702571
20,1902,"U",23905.6010486449
20,1902,"V",165.839487943561
20,1903,"U",33101.194657912
20,1903,"V",229.631757060526
20,1904,"U",45832.7877904757
20,1904,"V",317.954191686356
20,1905,"U",63449.8594390006
20,1905,"V",440.16848511957
20,1906,"U",87797.2492271243
20,1906,"V",609.072778594907
20,1907,"U",121381.102731616
20,1907,"V",842.052867948161
20,1908,"U",167580.757730346
20,1908,"V",1162.55211465473
20,1909,"U",230914.224492574
20,1909,"V",1601.91315293885
20,1910,"U",317363.704733318
20,1910,"V",2201.63610100188
20,1911,"U",434764.975458207
20,1911,"V",3016.07981991613
20,1912,"U",593260.112421364
20,1912,"V",4115.60257619524
20,1913,"U",805806.799313905
20,1913,"V",5590.09525456934
20,1914,"U",1088729.55062331
20,1914,"V",7552.8053369998
20,1915,"U",1462278.66584048
20,1915,"V",10144.2145161008
20,1916,"U",1951107.55910215
20,1916,"V",13535.3500573312
20,1917,"U",2584598.56420472
20,1917,"V",17930.0449946925
20,1918,"U",3396922.90502627
20,1918,"V",23565.3541614358
20,1919,"U",4426687.57420073
20,1919,"V",30709.1044938688
20,1920,"U",5716092.46371616
20,1920,"V",39654.047823009
20,1921,"U",7309832.07351034
20,1921,"V",50710.2417361345
20,1922,"U",9253509.44614595
20,1922,"V",64194.046621419
20,1923,"U",11591610.8924189
20,1923,"V",80414.0758029056
20,1924,"U",14365204.783785
20,1924,"V",99655.2314539001
20,1925,"U",17609553.6361244
20,1925,"V",122162.138989393
20,1926,"U",21351874.4793194
20,1926,"V",148123.610156467
20,1927,"U",25609499.6015317
20,1927,"V",177659.883630058
20,1928,"U",30388670.8096142
20,1928,"V",210814.260477986
20,1929,"U",35684144.5051369
20,1929,"V",247550.364468724
20,1930,"U",41479698.6861293
20,1930,"V",287755.659276796
20,1931,"U",47749529.4054836
20,1931,"V",331251.136084709
20,1932,"U",54460419.9208056
20,1932,"V",377806.361550139
20,1933,"U",61574477.462276
20,1933,"V",427158.463489671
20,1934,"U",69052173.3248465
20,1934,"V",479033.220803779
20,1935,"U",76855398.7504418
20,1935,"V",533166.262941293
20,1936,"U",84950261.5418484
20,1936,"V",589322.470750858
20,1937,"U",93309389.9196264
20,1937,"V",647311.958946716
20,1938,"U",101913569.936086
20,1938,"V",707001.435283253
20,1939,"U",110752608.428903
20,1939,"V",768320.187092899
20,1940,"U",119826140.448158
20,1940,"V",831265.68262136
20,1941,"U",129146685.901921
20,1941,"V",895924.775787913
20,1942,"U",138741848.51877
20,1942,"V",962488.960970932
20,1943,"U",148656064.404498
20,1943,"V",1031266.50320906
20,1944,"U",158952424.825828
20,1944,"V",1102695.08333474
20,1945,"U",169714709.30549
20,1945,"V",1177355.90209342
20,1946,"U",181049796.296806
20,1946,"V",1255990.4036318
20,1947,"U",193087538.478053
20,1947,"V",1339499.41038182
20,1948,"U",205970118.788929
20,1948,"V",1428869.28306564
20,1949,"U",219847004.242095
20,1949,"V",1525136.91394936
20,1950,"U",252576138.822585
20,1950,"V",530104.138176961
20,1951,"U",284740643.762066
20,1951,"V",1110324.51255478
20,1952,"U",229356585.084543
20,1952,"V",1282459.05020741
20,1953,"U",248854870.48505
20,1953,"V",1929072.38445912
20,1954,"U",195933507.166471
20,1954,"V",1546156.76624304
20,1955,"U",238243133.110106
20,1955,"V",2127826.85893356
20,1956,"U",228695370.250516
20,1956,"V",1679413.96785575
20,1957,"U",217223736.113037
20,1957,"V",2163343.62632502
20,1958,"U",272423878.373549
20,1958,"V",2587022.37893094
20,1959,"U",251956630.787919
20,1959,"V",3005692.48746974
20,1960,"U",274435854.272433
20,1960,"V",3707264.43913724
20,1961,"U",302742600.910407
20,1961,"V",4109426.46643943
20,1962,"U",289460368.692801
20,1962,"V",1.13742559080174
20,1963,"U",255629116.997988
20,1963,"V",4243537.34515548
20,1964,"U",226413116.875584
20,1964,"V",3637838.53156111
20,1965,"U",202354268.993161
20,1965,"V",1950395.48728237
20,1966,"U",214978340.412324
20,1966,"V",1123487.58698975
20,1967,"U",208415114.436962
20,1967,"V",1120965.61081692
20,1968,"U",212207878.347147
20,1968,"V",1152975.28262091
20,1969,"U",214944701.229508
20,1969,"V",1006014.24666486
20,1970,"U",238360433.425749
20,1970,"V",1119439.88595269
20,1971,"U",225563656.759729
20,1971,"V",1297851.08060909
20,1972,"U",211515665.442518
20,1972,"V",946180.186120387
20,1973,"U",257168582.720586
20,1973,"V",1246959.41766645
20,1974,"U",251821451.58159
20,1974,"V",1530088.05430982
20,1975,"U",273023560.493212
20,1975,"V",3541300.0053817
20,1976,"U",263486861.914164
20,1976,"V",2931282.15249957
20,1977,"U",274630443.094433
20,1977,"V",3695160.5893269
20,1978,"U",270902035.648045
20,1978,"V",5727272.9260123
20,1979,"U",271057728.856252
20,1979,"V",5777625.19036154
20,1980,"U",269629240.038599
20,1980,"V",6438570.37261749
20,1981,"U",228169503.721335
20,1981,"V",5589003.77689949
20,1982,"U",200324307.592149
20,1982,"V",7740984.2941943
20,1983,"U",203320350.667616
20,1983,"V",7105269.28751304
20,1984,"U",158167701.539864
20,1984,"V",28045290.4343657
20,1985,"U",107090553.214693
20,1985,"V",32789172.7173473
20,1986,"U",86163498.8159176
20,1986,"V",26317721.9102349
20,1987,"U",97793467.2755004
20,1987,"V",27558362.0771242
20,1988,"U",95208785.9148972
20,1988,"V",17368436.2901487
20,1989,"U",102934180.471136
20,1989,"V",16006867.0178323
20,1990,"U",88701259.678746
20,1990,"V",20113255.5165334
20,1991,"U",85181238.8809018
20,1991,"V",18973526.5110217
20,1992,"U",90809696.1562646
20,1992,"V",20557288.6395619
20,1993,"U",105093680.580054
20,1993,"V",15809185.7818194
20,1994,"U",142723791.810644
20,1994,"V",12443178.1926593
20,1995,"U",112770310.876437
20,1995,"V",37018877.0660794
20,1996,"U",119028822.493712
20,1996,"V",32801984.9224161
20,1997,"U",111963819.06552
20,1997,"V",40425923.0543364
20,1998,"U",123115704.134153
20,1998,"V",33585584.7349088
20,1999,"U",99693745.6856131
20,1999,"V",28501811.0987484
20,2000,"U",76998219.4986422
20,2000,"V",24106207.7794984
20,2001,"U",120834463.279727
20,2001,"V",16614853.1561327
20,2002,"U",112507246.037739
20,2002,"V",15465634.0042061
20,2003,"U",110745073.14167
20,2003,"V",10997362.5546861
20,2004,"U",198478453.760173
20,2004,"V",9622126.38603464
20,2005,"U",122034978.56449
20,2005,"V",7314468.69598718
20,2006,"U",101076591.322075
20,2006,"V",9242033.94024663
20,2007,"U",122244129.372871
20,2007,"V",13424308.3196375
20,2008,"U",116163655.811149
20,2008,"V",11042405.6251307
20,2009,"U",107411437.283173
20,2009,"V",9214607.43127767
20,2010,"U",113082357.587073
20,2010,"V",10799468.5757682
20,2011,"U",111011224.645917
20,2011,"V",8614555.46815103
20,2012,"U",97603497.1808188
20,2012,"V",8522671.57918733
20,2013,"U",96303463.5473381
20,2013,"V",4271783.53316897
20,2014,"U",81500533.5195928
20,2014,"V",4973563.46999617
20,2015,"U",99351286.3094264
20,2015,"V",5100938.47143813
20,2016,"U",102143747.927666
20,2016,"V",4095478.11486068
20,2017,"U",91665899.8641225
20,2017,"V",4899231.47770764
21,1841,"U",5845.99948327436
21,1841,"V",50.4222254584968
21,1842,"U",5845.99948327436
21,1842,"V",50.4222254584968
21,1843,"U",5845.99948327436
21,1843,"V",50.4222254584968
21,1844,"U",5845.99948327436
21,1844,"V",50.4222254584968
21,1845,"U",5845.99948327436
21,1845,"V",50.4222254584968
21,1846,"U",5845.99948327436
21,1846,"V",50.4222254584968
21,1847,"U",5845.99948327436
21,1847,"V",50.4222254584968
21,1848,"U",5845.99948327436
21,1848,"V",50.4222254584968
21,1849,"U",5845.99948327436
21,1849,"V",50.4222254584968
21,1850,"U",5845.99948327436
21,1850,"V",50.4222254584968
21,1851,"U",5845.99948327436
21,1851,"V",50.4222254584968
21,1852,"U",5845.99948327436
21,1852,"V",50.4222254584968
21,1853,"U",5845.99948327436
21,1853,"V",50.4222254584968
21,1854,"U",5845.99948327436
21,1854,"V",50.4222254584968
21,1855,"U",5845.99948327436
21,1855,"V",50.4222254584968
21,1856,"U",5845.99948327436
21,1856,"V",50.4222254584968
21,1857,"U",5845.99948327436
21,1857,"V",50.4222254584968
21,1858,"U",5845.99948327436
21,1858,"V",50.4222254584968
21,1859,"U",5845.99948327436
21,1859,"V",50.4222254584968
21,1860,"U",5845.99948327436
21,1860,"V",50.4222254584968
21,1861,"U",5845.99948327436
21,1861,"V",50.4222254584968
21,1862,"U",6526.38782887969
21,1862,"V",56.2906307944194
21,1863,"U",7285.96336946533
21,1863,"V",62.8420321877556
21,1864,"U",8133.94232966909
21,1864,"V",70.1559203325949
21,1865,"U",9080.61356711459
21,1865,"V",78.3210374705828
21,1866,"U",10137.4634111493
21,1866,"V",87.4364541352874
21,1867,"U",11317.3150308286
21,1867,"V",97.6127712125045
21,1868,"U",12634.4840235178
21,1868,"V",108.973461904717
21,1869,"U",14104.952111484
21,1869,"V",121.656369878467
21,1870,"U",15746.5610543983
21,1870,"V",135.815381775599
21,1871,"U",17579.2291303294
21,1871,"V",151.622294379605
21,1872,"U",19625.1928118824
21,1872,"V",169.268899092164
21,1873,"U",21909.2765699815
21,1873,"V",188.969309012909
21,1874,"U",24459.1940788151
21,1874,"V",210.96255685681
21,1875,"U",27305.8844765674
21,1875,"V",235.515495230594
21,1876,"U",30483.8877620164
21,1876,"V",262.926034459207
21,1877,"U",34031.763881662
21,1877,"V",293.526757246715
21,1878,"U",37992.5605926296
21,1878,"V",327.688954032239
21,1879,"U",42414.3357777375
21,1879,"V",365.827128000297
21,1880,"U",47350.7405503828
21,1880,"V",408.404024408319
21,1881,"U",52861.6702243912
21,1881,"V",455.936245255032
21,1882,"U",59013.991047055
21,1882,"V",509.000517412581
21,1883,"U",65882.3515132947
21,1883,"V",568.240690277766
21,1884,"U",73550.0881046907
21,1884,"V",634.37554784556
21,1885,"U",82110.2364434717
21,1885,"V",708.207529995246
21,1886,"U",91666.6601296824
21,1886,"V",790.632468803682
21,1887,"U",102335.310958682
21,1887,"V",882.650458024662
21,1888,"U",114245.635809059
21,1888,"V",985.377987612694
21,1889,"U",127542.147271982
21,1889,"V",1100.06149053005
21,1890,"U",142386.17707846
21,1890,"V",1228.0924662009
21,1891,"U",158957.833599763
21,1891,"V",1371.02436411305
21,1892,"U",177458.187172248
21,1892,"V",1530.59143242406
21,1893,"U",198111.709761657
21,1893,"V",1708.72976026601
21,1894,"U",221168.998568645
21,1894,"V",1907.60076906679
21,1895,"U",246909.816621647
21,1895,"V",2129.61743791323
21,1896,"U",275646.487250418
21,1896,"V",2377.47358116402
21,1897,"U",307727.683625958
21,1897,"V",2654.17653354263
21,1898,"U",343542.659347501
21,1898,"V",2963.0836392974
21,1899,"U",383525.971407232
21,1899,"V",3307.94298816002
21,1900,"U",428162.75283902
21,1900,"V",3692.9388923736
21,1901,"U",477994.599025578
21,1901,"V",4122.74265657514
21,1902,"U",533626.13908529
21,1902,"V",4602.56925654659
21,1903,"U",595732.372071948
21,1903,"V",5138.24061453943
21,1904,"U",665064.704335256
21,1904,"V",5736.2376720051
21,1905,"U",742449.593386067
21,1905,"V",6403.68869282108
21,1906,"U",828791.0622546
21,1906,"V",7148.39094983675
21,1907,"U",925075.07669877
21,1907,"V",7978.84847865505
21,1908,"U",1032374.13512555
21,1908,"V",8904.31166608068
21,1909,"U",1151852.26420923
21,1909,"V",9934.82033773768
21,1910,"U",1284770.69876931
21,1910,"V",11081.2527474828
21,1911,"U",1432494.6247844
21,1911,"V",12355.3837364536
21,1912,"U",1596501.47826004
21,1912,"V",13769.9563114849
21,1913,"U",1778391.4182693
21,1913,"V",15338.7719759438
21,1914,"U",1979900.72785713
21,1914,"V",17076.8063136296
21,1915,"U",2202914.18221628
21,1915,"V",19000.3156653061
21,1916,"U",2449461.96996969
21,1916,"V",21126.8105745109
21,1917,"U",2721721.21195272
21,1917,"V",23475.0688871749
21,1918,"U",3022019.38683262
21,1918,"V",26065.1652978726
21,1919,"U",3352836.54499181
21,1919,"V",28918.490444747
21,1920,"U",3716818.60162074
21,1920,"V",32057.8655635269
21,1921,"U",4116838.81030928
21,1921,"V",35508.0727022986
21,1922,"U",4556049.00710181
21,1922,"V",39296.2967056881
21,1923,"U",5037930.73791287
21,1923,"V",43452.5661930192
21,1924,"U",5566355.77570682
21,1924,"V",48010.2755239543
21,1925,"U",6145656.46320672
21,1925,"V",53006.7915101345
21,1926,"U",6780706.10563811
21,1926,"V",58484.1468091946
21,1927,"U",7477009.39641935
21,1927,"V",64489.8198537632
21,1928,"U",8240802.57841703
21,1928,"V",71077.5987505175
21,1929,"U",9079162.70690005
21,1929,"V",78308.5236821271
21,1930,"U",10000124.9590847
21,1930,"V",86251.8987117145
21,1931,"U",11012806.3882308
21,1931,"V",94986.3591720902
21,1932,"U",12127533.7937829
21,1932,"V",104600.974556221
21,1933,"U",13355972.4067946
21,1933,"V",115196.358439578
21,1934,"U",14711250.7947959
21,1934,"V",126885.745794871
21,1935,"U",16208075.687872
21,1935,"V",139795.9833764
21,1936,"U",17862828.2314141
21,1936,"V",154068.359907944
21,1937,"U",19693630.4004655
21,1937,"V",169859.178911936
21,1938,"U",21720366.9041504
21,1938,"V",187339.947636966
21,1939,"U",23964643.8410356
21,1939,"V",206697.020456881
21,1940,"U",26449813.5198387
21,1940,"V",228131.812951431
21,1941,"U",29201497.9043248
21,1941,"V",251865.31666147
21,1942,"U",32247911.2071489
21,1942,"V",278140.881487339
21,1943,"U",35620093.9090479
21,1943,"V",307226.234123594
21,1944,"U",39352162.9006518
21,1944,"V",339415.635552673
21,1945,"U",43481577.9964553
21,1945,"V",375032.179749785
21,1946,"U",48049424.901138
21,1946,"V",414430.23429063
21,1947,"U",53100337.011299
21,1947,"V",457994.765884971
21,1948,"U",58680953.8212456
21,1948,"V",506128.043999971
21,1949,"U",64838722.7360527
21,1949,"V",559239.306399507
21,1950,"U",76515169.4074263
21,1950,"V",643984.580570075
21,1951,"U",76753471.2055885
21,1951,"V",465081.070803218
21,1952,"U",75811685.0989982
21,1952,"V",436324.645382434
21,1953,"U",79106367.6706676
21,1953,"V",499561.787128858
21,1954,"U",70808205.0523125
21,1954,"V",462214.614785882
21,1955,"U",71308493.1494867
21,1955,"V",698489.980747713
21,1956,"U",69836661.5342406
21,1956,"V",748163.228147495
21,1957,"U",72500178.6296891
21,1957,"V",686841.841307157
21,1958,"U",93335989.5488207
21,1958,"V",736216.905867887
21,1959,"U",91917075.0210354
21,1959,"V",906315.244624743
21,1960,"U",88593739.1467329
21,1960,"V",777700.028267796
21,1961,"U",94068722.6082843
21,1961,"V",896233.744183412
21,1962,"U",78961132.3902965
21,1962,"V",40683.648129515
21,1963,"U",71499054.0718314
21,1963,"V",1037989.41947236
21,1964,"U",74743585.515584
21,1964,"V",503416.434946698
21,1965,"U",90208672.0051866
21,1965,"V",580945.791264308
21,1966,"U",99936185.6792006
21,1966,"V",254375.977405271
21,1967,"U",99362728.4460574
21,1967,"V",378939.240783366
21,1968,"U",84455531.2350708
21,1968,"V",230277.671648577
21,1969,"U",72412216.7946841
21,1969,"V",272170.275598889
21,1970,"U",101039501.632478
21,1970,"V",121936.314518648
21,1971,"U",85073889.648396
21,1971,"V",118378.695363536
21,1972,"U",69990779.7886071
21,1972,"V",146375.054754119
21,1973,"U",44070368.1132354
21,1973,"V",168678.037180457
21,1974,"U",90043383.8498389
21,1974,"V",224072.678189459
21,1975,"U",127707741.334573
21,1975,"V",1306955.87879527
21,1976,"U",124856097.534039
21,1976,"V",249720.232413369
21,1977,"U",126459507.056115
21,1977,"V",297987.459612557
21,1978,"U",104088423.68472
21,1978,"V",528467.133350768
21,1979,"U",104606481.590914
21,1979,"V",926453.731530924
21,1980,"U",99012158.2415579
21,1980,"V",655910.074344586
21,1981,"U",86368072.7090638
21,1981,"V",984003.644549048
21,1982,"U",86827317.9169995
21,1982,"V",994865.403569594
21,1983,"U",84906379.739394
21,1983,"V",929868.827851236
21,1984,"U",55213152.2720241
21,1984,"V",3560775.51558106
21,1985,"U",50262753.5957378
21,1985,"V",3219153.89653171
21,1986,"U",30845304.4430248
21,1986,"V",3949077.1865165
21,1987,"U",50595546.8502681
21,1987,"V",4365369.97694588
21,1988,"U",52529503.3171919
21,1988,"V",1955372.89387304
21,1989,"U",51348166.8263299
21,1989,"V",1920786.74721404
21,1990,"U",43902675.9538082
21,1990,"V",2143772.29502794
21,1991,"U",51903862.638852
21,1991,"V",2165890.01477468
21,1992,"U",59299951.3958464
21,1992,"V",3080520.1739122
21,1993,"U",50873694.5856529
21,1993,"V",2068218.96355923
21,1994,"U",54902103.2931208
21,1994,"V",1225488.24620125
21,1995,"U",34882020.7823734
21,1995,"V",799364.204609809
21,1996,"U",62131005.565398
21,1996,"V",1177415.6890726
21,1997,"U",51824355.0689852
21,1997,"V",1291967.26908136
21,1998,"U",64080463.5976416
21,1998,"V",1757330.48718621
21,1999,"U",65655195.4903031
21,1999,"V",1649810.21980547
21,2000,"U",35860635.0756216
21,2000,"V",2087326.39280722
21,2001,"U",79348754.4708845
21,2001,"V",3514624.1399837
21,2002,"U",73831326.1087203
21,2002,"V",2643338.28505779
21,2003,"U",72824489.6706005
21,2003,"V",1793071.56559747
21,2004,"U",46701437.6081442
21,2004,"V",1362870.77832754
21,2005,"U",58470042.7725884
21,2005,"V",817894.76542902
21,2006,"U",60372354.8812997
21,2006,"V",1059075.24160772
21,2007,"U",71558221.7998451
21,2007,"V",1948577.48960416
21,2008,"U",79135599.5493464
21,2008,"V",947733.216903627
21,2009,"U",59470293.7968527
21,2009,"V",1992157.88709017
21,2010,"U",50928975.3155039
21,2010,"V",1805671.5737424
21,2011,"U",50014733.1693642
21,2011,"V",1041701.79729884
21,2012,"U",39129288.2440072
21,2012,"V",1800587.00165722
21,2013,"U",41086414.9878131
21,2013,"V",617386.322922457
21,2014,"U",36370937.784275
21,2014,"V",818594.645453377
21,2015,"U",49455209.2245282
21,2015,"V",864235.60652578
21,2016,"U",49547475.9515496
21,2016,"V",634504.434944917
21,2017,"U",45179833.6527557
21,2017,"V",790923.466162105
22,1841,"U",65010910.9668366
22,1841,"V",6250734.84778429
22,1842,"U",65010910.9668366
22,1842,"V",6250734.84778429
22,1843,"U",65010910.9668366
22,1843,"V",6250734.84778429
22,1844,"U",65010910.9668366
22,1844,"V",6250734.84778429
22,1845,"U",65010910.9668366
22,1845,"V",6250734.84778429
22,1846,"U",65010910.9668366
22,1846,"V",6250734.84778429
22,1847,"U",65010910.9668366
22,1847,"V",6250734.84778429
22,1848,"U",65010910.9668366
22,1848,"V",6250734.84778429
22,1849,"U",65010910.9668366
22,1849,"V",6250734.84778429
22,1850,"U",65010910.9668366
22,1850,"V",6250734.84778429
22,1851,"U",65010910.9668366
22,1851,"V",6250734.84778429
22,1852,"U",65010910.9668366
22,1852,"V",6250734.84778429
22,1853,"U",65010910.9668366
22,1853,"V",6250734.84778429
22,1854,"U",65010910.9668366
22,1854,"V",6250734.84778429
22,1855,"U",65010910.9668366
22,1855,"V",6250734.84778429
22,1856,"U",65010910.9668366
22,1856,"V",6250734.84778429
22,1857,"U",65010910.9668366
22,1857,"V",6250734.84778429
22,1858,"U",65010910.9668366
22,1858,"V",6250734.84778429
22,1859,"U",65010910.9668366
22,1859,"V",6250734.84778429
22,1860,"U",65010910.9668366
22,1860,"V",6250734.84778429
22,1861,"U",65010910.9668366
22,1861,"V",6250734.84778429
22,1862,"U",66752104.7719879
22,1862,"V",6418148.91155827
22,1863,"U",68539933.1469653
22,1863,"V",6590046.84313821
22,1864,"U",70375645.1101708
22,1864,"V",6766548.73440933
22,1865,"U",72260523.1325993
22,1865,"V",6947777.89369035
22,1866,"U",74195884.0337821
22,1866,"V",7133860.93187811
22,1867,"U",76183079.9017668
22,1867,"V",7324927.85090222
22,1868,"U",78223499.0377145
22,1868,"V",7521112.13454752
22,1869,"U",80318566.9257978
22,1869,"V",7722550.84170846
22,1870,"U",82469747.2290743
22,1870,"V",7929384.70214175
22,1871,"U",84678542.8120311
22,1871,"V",8141758.21478282
22,1872,"U",86946496.7905345
22,1872,"V",8359819.74869721
22,1873,"U",89275193.6098787
22,1873,"V",8583721.64673439
22,1874,"U",91666260.1517158
22,1874,"V",8813620.33195748
22,1875,"U",94121366.8706298
22,1875,"V",9049676.41692415
22,1876,"U",96642228.9611642
22,1876,"V",9292054.81589472
22,1877,"U",99230607.5560883
22,1877,"V",9540924.86004479
22,1878,"U",101888310.956771
22,1878,"V",9796460.41576394
22,1879,"U",104617195.896494
22,1879,"V",10058840.0061226
22,1880,"U",107419168.837624
22,1880,"V",10328246.9355933
22,1881,"U",110296187.303492
22,1881,"V",10604869.41811
22,1882,"U",113250261.245979
22,1882,"V",10888900.7085599
22,1883,"U",116283454.449712
22,1883,"V",11180539.2377956
22,1884,"U",119397885.97387
22,1884,"V",11479988.751263
22,1885,"U",122595731.632608
22,1885,"V",11787458.4513431
22,1886,"U",125879225.515126
22,1886,"V",12103163.1435048
22,1887,"U",129250661.546468
22,1887,"V",12427323.3863745
22,1888,"U",132712395.090106
22,1888,"V",12760165.6458222
22,1889,"U",136266844.59344
22,1889,"V",13101922.4531759
22,1890,"U",139916493.277406
22,1890,"V",13452832.5676746
22,1891,"U",143663890.871285
22,1891,"V",13813141.1432692
22,1892,"U",147511655.394019
22,1892,"V",14183099.8998938
22,1893,"U",151462474.983219
22,1893,"V",14562967.2993233
22,1894,"U",155519109.773154
22,1894,"V",14953008.7257405
22,1895,"U",159684393.823052
22,1895,"V",15353496.6711394
22,1896,"U",163961237.097034
22,1896,"V",15764710.9256946
22,1897,"U",168352627.497081
22,1897,"V",16186938.7732293
22,1898,"U",172861632.950459
22,1898,"V",16620475.1919186
22,1899,"U",177491403.553045
22,1899,"V",17065623.0603677
22,1900,"U",182245173.770043
22,1900,"V",17522693.3692103
22,1901,"U",187126264.695669
22,1901,"V",17992005.4383733
22,1902,"U",192138086.373343
22,1902,"V",18473887.1401618
22,1903,"U",197284140.178025
22,1903,"V",18968675.1283182
22,1904,"U",202563135.612601
22,1904,"V",19476245.3228202
22,1905,"U",207949389.696011
22,1905,"V",19994128.3304182
22,1906,"U",213390156.353047
22,1906,"V",20517252.6681028
22,1907,"U",218809191.93057
22,1907,"V",21038287.5839662
22,1908,"U",224111176.875714
22,1908,"V",21548068.1971919
22,1909,"U",229187121.802233
22,1909,"V",22036115.2859923
22,1910,"U",233920784.222481
22,1910,"V",22491252.2500473
22,1911,"U",238195975.011459
22,1911,"V",22902307.6198024
22,1912,"U",241904466.01218
22,1912,"V",23258875.3649111
22,1913,"U",244954053.009623
22,1913,"V",23552090.1412121
22,1914,"U",247276214.920652
22,1914,"V",23775363.7142723
22,1915,"U",248827954.698742
22,1915,"V",23924561.9605566
22,1916,"U",249577111.218151
22,1916,"V",23996592.6196056
22,1917,"U",249498962.019074
22,1917,"V",23989078.6513388
22,1918,"U",248576910.571383
22,1918,"V",23900424.3157848
22,1919,"U",246803054.2086
22,1919,"V",23729869.7793705
22,1920,"U",244184129.243234
22,1920,"V",23478062.7318875
22,1921,"U",240762955.554714
22,1921,"V",23149120.2624294
22,1922,"U",236620279.803367
22,1922,"V",22750806.0825954
22,1923,"U",231868788.032879
22,1923,"V",22293954.8441333
22,1924,"U",226645611.274966
22,1924,"V",21791751.5602341
22,1925,"U",221104075.79406
22,1925,"V",21258938.3997108
22,1926,"U",215405474.647095
22,1926,"V",20711023.5306034
22,1927,"U",209711552.655561
22,1927,"V",20163558.5576666
22,1928,"U",204178230.223589
22,1928,"V",19631535.0736826
22,1929,"U",198950880.638531
22,1929,"V",19128930.5765769
22,1930,"U",194161259.277993
22,1930,"V",18668413.2157099
22,1931,"U",189925993.002468
22,1931,"V",18261196.5484711
22,1932,"U",186346393.530514
22,1932,"V",17917021.5964869
22,1933,"U",183509266.561747
22,1933,"V",17644234.6419971
22,1934,"U",181488344.886706
22,1934,"V",17449925.0199513
22,1935,"U",180345967.791482
22,1935,"V",17340086.5911054
22,1936,"U",180134646.991941
22,1936,"V",17319768.30505
22,1937,"U",180898188.113103
22,1937,"V",17393182.0293431
22,1938,"U",182672066.621501
22,1938,"V",17563738.6950363
22,1939,"U",185482783.126151
22,1939,"V",17833986.3094994
22,1940,"U",189350827.630762
22,1940,"V",18205894.9663413
22,1941,"U",194307993.955807
22,1941,"V",18682521.6099832
22,1942,"U",200401837.435931
22,1942,"V",19268438.6388584
22,1943,"U",207695943.760685
22,1943,"V",19969759.7541839
22,1944,"U",216270522.637324
22,1944,"V",20794197.0400514
22,1945,"U",226223312.685464
22,1945,"V",21751147.9681552
22,1946,"U",237670791.700735
22,1946,"V",22851811.7634455
22,1947,"U",250744602.681804
22,1947,"V",24108845.7701585
22,1948,"U",265570858.619302
22,1948,"V",25534375.627723
22,1949,"U",282260832.483428
22,1949,"V",27139100.122267
22,1950,"U",323346527.394756
22,1950,"V",36200289.031764
22,1951,"U",347717721.23462
22,1951,"V",35883880.1257915
22,1952,"U",273131755.848433
22,1952,"V",33890032.5302605
22,1953,"U",254327603.11176
22,1953,"V",31838096.2177365
22,1954,"U",311365376.403565
22,1954,"V",27778926.4353014
22,1955,"U",337257933.910998
22,1955,"V",30843803.0563935
22,1956,"U",329444224.198467
22,1956,"V",30910217.1008443
22,1957,"U",340429619.653885
22,1957,"V",28085337.8287068
22,1958,"U",363016817.231744
22,1958,"V",26470516.007452
22,1959,"U",378864743.497362
22,1959,"V",28437565.4531969
22,1960,"U",363499219.878753
22,1960,"V",28222963.4155214
22,1961,"U",352534217.329615
22,1961,"V",29253499.2446509
22,1962,"U",384313538.924348
22,1962,"V",26813167.1153104
22,1963,"U",396872424.746871
22,1963,"V",26112157.822127
22,1964,"U",376634972.435178
22,1964,"V",25558963.106521
22,1965,"U",418536721.301467
22,1965,"V",24231800.9867562
22,1966,"U",426617378.830707
22,1966,"V",24151492.3334162
22,1967,"U",426513901.120815
22,1967,"V",22265277.8127398
22,1968,"U",416770130.469992
22,1968,"V",21044177.503775
22,1969,"U",424610757.649492
22,1969,"V",19489173.1486595
22,1970,"U",328441738.942038
22,1970,"V",19381425.556596
22,1971,"U",296155889.017167
22,1971,"V",19713292.1499014
22,1972,"U",326841358.827366
22,1972,"V",19687484.3145997
22,1973,"U",334893148.875229
22,1973,"V",21204475.4712219
22,1974,"U",392878855.123642
22,1974,"V",23210203.1219847
22,1975,"U",331754032.209258
22,1975,"V",24184019.4015606
22,1976,"U",317872407.86919
22,1976,"V",25876588.9366716
22,1977,"U",305013084.226803
22,1977,"V",23741769.8328312
22,1978,"U",285600386.181264
22,1978,"V",27197858.0112058
22,1979,"U",303111260.016842
22,1979,"V",24906667.1230744
22,1980,"U",299002912.591932
22,1980,"V",31609096.4052959
22,1981,"U",268944468.821565
22,1981,"V",25307599.9299516
22,1982,"U",276440685.250522
22,1982,"V",31774800.3388909
22,1983,"U",280433792.608017
22,1983,"V",29696078.34179
22,1984,"U",335106359.074234
22,1984,"V",32632128.4289098
22,1985,"U",376970345.738987
22,1985,"V",34914562.3763918
22,1986,"U",410892219.546202
22,1986,"V",33178695.1447163
22,1987,"U",386931212.055761
22,1987,"V",35523938.4268361
22,1988,"U",401909412.327733
22,1988,"V",34703186.2642553
22,1989,"U",339496198.83619
22,1989,"V",34618273.0310155
22,1990,"U",337010781.051158
22,1990,"V",33072538.1683657
22,1991,"U",342070993.944531
22,1991,"V",32356385.9126872
22,1992,"U",322648575.69034
22,1992,"V",32170943.0974508
22,1993,"U",339610278.612064
22,1993,"V",26061322.6212676
22,1994,"U",304271288.16196
22,1994,"V",28850638.4438857
22,1995,"U",339652256.51881
22,1995,"V",29293582.4657473
22,1996,"U",277734035.110841
22,1996,"V",26375418.352654
22,1997,"U",294920379.892482
22,1997,"V",27791763.0929092
22,1998,"U",271542824.626362
22,1998,"V",28129370.1240364
22,1999,"U",247907366.745394
22,1999,"V",28702443.7738494
22,2000,"U",241188743.102244
22,2000,"V",27593567.9685426
22,2001,"U",208013032.462525
22,2001,"V",26529020.5213281
22,2002,"U",220786249.233932
22,2002,"V",28780878.1881951
22,2003,"U",202426195.661819
22,2003,"V",27032725.4838294
22,2004,"U",186962907.452202
22,2004,"V",27611375.4816297
22,2005,"U",208382372.224124
22,2005,"V",23760836.1402509
22,2006,"U",193449807.615354
22,2006,"V",23021752.9917416
22,2007,"U",189525422.724635
22,2007,"V",26838394.343188
22,2008,"U",173201363.100376
22,2008,"V",22648488.6282938
22,2009,"U",178036311.123502
22,2009,"V",25022263.1856384
22,2010,"U",159476165.303207
22,2010,"V",23512787.7495298
22,2011,"U",161200764.044682
22,2011,"V",27900213.6213472
22,2012,"U",171952908.673112
22,2012,"V",26786592.3104104
22,2013,"U",162071119.287383
22,2013,"V",25375249.9773749
22,2014,"U",155711535.330207
22,2014,"V",24840841.4520035
22,2015,"U",151371264.890736
22,2015,"V",25136181.2461315
22,2016,"U",155064674.862457
22,2016,"V",25206242.2496249
22,2017,"U",152041742.634661
22,2017,"V",26362111.0776906
23,1841,"U",5085041.02234845
23,1841,"V",110902.864443127
23,1842,"U",5085041.02234845
23,1842,"V",110902.864443127
23,1843,"U",5085041.02234845
23,1843,"V",110902.864443127
23,1844,"U",5085041.02234845
23,1844,"V",110902.864443127
23,1845,"U",5085041.02234845
23,1845,"V",110902.864443127
23,1846,"U",5085041.02234845
23,1846,"V",110902.864443127
23,1847,"U",5085041.02234845
23,1847,"V",110902.864443127
23,1848,"U",5085041.02234845
23,1848,"V",110902.864443127
23,1849,"U",5085041.02234845
23,1849,"V",110902.864443127
23,1850,"U",5085041.02234845
23,1850,"V",110902.864443127
23,1851,"U",5085041.02234845
23,1851,"V",110902.864443127
23,1852,"U",5085041.02234845
23,1852,"V",110902.864443127
23,1853,"U",5085041.02234845
23,1853,"V",110902.864443127
23,1854,"U",5085041.02234845
23,1854,"V",110902.864443127
23,1855,"U",5085041.02234845
23,1855,"V",110902.864443127
23,1856,"U",5085041.02234845
23,1856,"V",110902.864443127
23,1857,"U",5085041.02234845
23,1857,"V",110902.864443127
23,1858,"U",5085041.02234845
23,1858,"V",110902.864443127
23,1859,"U",5085041.02234845
23,1859,"V",110902.864443127
23,1860,"U",5085041.02234845
23,1860,"V",110902.864443127
23,1861,"U",5085041.02234845
23,1861,"V",110902.864443127
23,1862,"U",5282836.54730597
23,1862,"V",115216.711705207
23,1863,"U",5488325.82921102
23,1863,"V",119698.356961455
23,1864,"U",5701808.13618883
23,1864,"V",124354.327139023
23,1865,"U",5923594.3771551
23,1865,"V",129191.403046401
23,1866,"U",6154007.55461365
23,1866,"V",134216.629248764
23,1867,"U",6393383.23506719
23,1867,"V",139437.324327456
23,1868,"U",6642070.03772549
23,1868,"V",144861.091538536
23,1869,"U",6900430.14222504
23,1869,"V",150495.829885954
23,1870,"U",7168839.81609336
23,1870,"V",156349.745625359
23,1871,"U",7447689.96273508
23,1871,"V",162431.364215463
23,1872,"U",7737386.6907314
23,1872,"V",168749.542734257
23,1873,"U",8038351.90528273
23,1873,"V",175313.482778161
23,1874,"U",8351023.92265922
23,1874,"V",182132.743862951
23,1875,"U",8675858.10855016
23,1875,"V",189217.257345935
23,1876,"U",9013327.54124453
23,1876,"V",196577.34088967
23,1877,"U",9363923.70060695
23,1877,"V",204223.713488272
23,1878,"U",9728157.18385428
23,1878,"V",212167.511078241
23,1879,"U",10106558.4491723
23,1879,"V",220420.302756467
23,1880,"U",10499678.5882595
23,1880,"V",228994.107629119
23,1881,"U",10908090.1289183
23,1881,"V",237901.412315873
23,1882,"U",11332387.8688686
23,1882,"V",247155.189135061
23,1883,"U",11773189.7419891
23,1883,"V",256768.914996093
23,1884,"U",12231137.718261
23,1884,"V",266756.59102688
23,1885,"U",12706898.7387091
23,1885,"V",277132.762964568
23,1886,"U",13201165.6867159
23,1886,"V",287912.542339526
23,1887,"U",13714658.3971157
23,1887,"V",299111.628483317
23,1888,"U",14248124.7045359
23,1888,"V",310746.331392652
23,1889,"U",14802341.532524
23,1889,"V",322833.595482819
23,1890,"U",15378116.0250329
23,1890,"V",335391.024264983
23,1891,"U",15976286.7219186
23,1891,"V",348436.905983345
23,1892,"U",16597724.780166
23,1892,"V",361990.24024962
23,1893,"U",17243335.2426122
23,1893,"V",376070.765713436
23,1894,"U",17914058.3560235
23,1894,"V",390698.988809102
23,1895,"U",18610870.9404411
23,1895,"V",405896.213620524
23,1896,"U",19334787.8117911
23,1896,"V",421684.572907808
23,1897,"U",20086863.2598296
23,1897,"V",438087.060340706
23,1898,"U",20868192.5835794
23,1898,"V",455127.56398589
23,1899,"U",21679913.6864864
23,1899,"V",472830.901096778
23,1900,"U",22523208.7336275
23,1900,"V",491222.854256571
23,1901,"U",23399305.8733792
23,1901,"V",510330.208927235
23,1902,"U",24309481.0260534
23,1902,"V",530180.792458991
23,1903,"U",25255059.7421076
23,1903,"V",550803.514617177
23,1904,"U",26236500.9024459
23,1904,"V",572208.383424631
23,1905,"U",27249642.367482
23,1905,"V",594304.624155982
23,1906,"U",28285050.18756
23,1906,"V",616886.485857551
23,1907,"U",29328592.6583709
23,1907,"V",639645.761283717
23,1908,"U",30362262.7884036
23,1908,"V",662189.724607929
23,1909,"U",31365290.270819
23,1909,"V",684065.383118087
23,1910,"U",32315551.6642465
23,1910,"V",704790.232738308
23,1911,"U",33191240.7994491
23,1911,"V",723888.688980621
23,1912,"U",33972709.2845865
23,1912,"V",740932.227684215
23,1913,"U",34644340.886355
23,1913,"V",755580.26457503
23,1914,"U",35196295.7207157
23,1914,"V",767618.195420581
23,1915,"U",35624833.6900588
23,1915,"V",776964.450074953
23,1916,"U",35928681.3558646
23,1916,"V",783591.255314895
23,1917,"U",36108011.1523585
23,1917,"V",787502.371867103
23,1918,"U",36164380.2610335
23,1918,"V",788731.761284163
23,1919,"U",36100645.5422278
23,1919,"V",787341.730633677
23,1920,"U",35922025.9848551
23,1920,"V",783446.104134082
23,1921,"U",35640491.0066885
23,1921,"V",777305.93036117
23,1922,"U",35275026.2929321
23,1922,"V",769335.280089061
23,1923,"U",34850320.7879244
23,1923,"V",760072.610064745
23,1924,"U",34395270.215738
23,1924,"V",750148.12534571
23,1925,"U",33941481.4526658
23,1925,"V",740251.160216887
23,1926,"U",33521945.2696052
23,1926,"V",731101.231192822
23,1927,"U",33170005.3776122
23,1927,"V",723425.552282411
23,1928,"U",32918700.3481425
23,1928,"V",717944.682512691
23,1929,"U",32800502.8056788
23,1929,"V",715366.837816503
23,1930,"U",32847435.6008411
23,1930,"V",716390.424725035
23,1931,"U",33091511.7343493
23,1931,"V",721713.634946801
23,1932,"U",33565423.7993506
23,1932,"V",732049.481849866
23,1933,"U",34303396.6115856
23,1933,"V",748144.396010502
23,1934,"U",35342108.5383437
23,1934,"V",770798.319057026
23,1935,"U",36721577.1686748
23,1935,"V",800884.019809644
23,1936,"U",38485888.0636657
23,1936,"V",839362.988054496
23,1937,"U",40683617.1666308
23,1937,"V",887294.647153737
23,1938,"U",43367755.6620141
23,1938,"V",945834.715245966
23,1939,"U",46594891.0732763
23,1939,"V",1016217.34529396
23,1940,"U",50425171.4047371
23,1940,"V",1099754.34303149
23,1941,"U",54927747.9710179
23,1941,"V",1197953.87306093
23,1942,"U",60182348.3968047
23,1942,"V",1312554.76539645
23,1943,"U",66279159.6571761
23,1943,"V",1445523.9646168
23,1944,"U",73318400.3722979
23,1944,"V",1599047.20177077
23,1945,"U",81409425.9953176
23,1945,"V",1775509.47885605
23,1946,"U",90669188.0846787
23,1946,"V",1977461.46611804
23,1947,"U",101218199.22102
23,1947,"V",2207531.49837952
23,1948,"U",113169204.826712
23,1948,"V",2468178.51161344
23,1949,"U",126617565.458913
23,1949,"V",2761482.28431075
23,1950,"U",139485971.32556
23,1950,"V",5736928.14249997
23,1951,"U",135303826.401747
23,1951,"V",1851787.49767141
23,1952,"U",145792705.184486
23,1952,"V",2168741.21607847
23,1953,"U",148184945.343775
23,1953,"V",3818571.66948639
23,1954,"U",152146353.344167
23,1954,"V",2142764.07235988
23,1955,"U",176239196.749334
23,1955,"V",2325334.68710325
23,1956,"U",167960120.6194
23,1956,"V",1654011.63763022
23,1957,"U",167334930.595689
23,1957,"V",1062784.3021434
23,1958,"U",185299562.60232
23,1958,"V",519675.174181966
23,1959,"U",178458965.003976
23,1959,"V",2206801.43957323
23,1960,"U",167493237.405008
23,1960,"V",915687.010483904
23,1961,"U",175016479.979629
23,1961,"V",1372087.94665115
23,1962,"U",171550047.72221
23,1962,"V",846777.281572417
23,1963,"U",168893348.520054
23,1963,"V",1006566.23477073
23,1964,"U",187827932.70698
23,1964,"V",1209063.57764035
23,1965,"U",185370086.56403
23,1965,"V",1710973.87266576
23,1966,"U",170263420.956767
23,1966,"V",2017708.54531412
23,1967,"U",152306178.959072
23,1967,"V",1511237.83965312
23,1968,"U",160792949.295764
23,1968,"V",909509.836167816
23,1969,"U",134207702.94656
23,1969,"V",1182776.17764779
23,1970,"U",115907624.620171
23,1970,"V",736787.897772248
23,1971,"U",146926491.259659
23,1971,"V",581928.233331739
23,1972,"U",121140760.276974
23,1972,"V",893975.558572091
23,1973,"U",110866956.401152
23,1973,"V",1451977.47448673
23,1974,"U",103324138.42291
23,1974,"V",863001.446239625
23,1975,"U",119512148.294619
23,1975,"V",2838840.52165238
23,1976,"U",99567852.3339654
23,1976,"V",2010819.75974529
23,1977,"U",102107692.96819
23,1977,"V",2214303.2536561
23,1978,"U",129774961.267753
23,1978,"V",1771319.51573552
23,1979,"U",125439887.558235
23,1979,"V",1552754.65374366
23,1980,"U",113758108.807374
23,1980,"V",1221833.54294326
23,1981,"U",119893789.143556
23,1981,"V",1532156.34306921
23,1982,"U",104183640.361932
23,1982,"V",1018195.22296872
23,1983,"U",96480107.8883589
23,1983,"V",1958118.47341951
23,1984,"U",94654534.6757211
23,1984,"V",3463224.29738122
23,1985,"U",88747953.5620586
23,1985,"V",1109523.76317495
23,1986,"U",87984083.3573332
23,1986,"V",1890762.88630332
23,1987,"U",89484772.4901139
23,1987,"V",471074.627043705
23,1988,"U",84312902.9750482
23,1988,"V",719900.954275466
23,1989,"U",100731818.192241
23,1989,"V",506564.652301619
23,1990,"U",81986083.1291292
23,1990,"V",814482.938064845
23,1991,"U",80681867.1220346
23,1991,"V",2778263.81890515
23,1992,"U",93910179.323128
23,1992,"V",1129533.69105409
23,1993,"U",78965856.6388444
23,1993,"V",303720.483896241
23,1994,"U",87314399.6996397
23,1994,"V",1500539.76186697
23,1995,"U",81417337.6958922
23,1995,"V",1100702.44768951
23,1996,"U",87630910.9387437
23,1996,"V",807734.876296507
23,1997,"U",93699000.6135581
23,1997,"V",914273.003232544
23,1998,"U",84031188.1898479
23,1998,"V",1042685.56945962
23,1999,"U",78103880.8474247
23,1999,"V",834177.536690328
23,2000,"U",101808599.682137
23,2000,"V",621045.173762022
23,2001,"U",87977822.5823369
23,2001,"V",1515244.17932104
23,2002,"U",79364716.8647898
23,2002,"V",1225593.61998883
23,2003,"U",88158689.3942468
23,2003,"V",4409485.50758693
23,2004,"U",82034623.1810032
23,2004,"V",1558533.17196525
23,2005,"U",72507612.250639
23,2005,"V",709413.980892795
23,2006,"U",62989355.1381909
23,2006,"V",504451.579664291
23,2007,"U",64052336.2807945
23,2007,"V",1710667.52290823
23,2008,"U",59982811.6883018
23,2008,"V",1269487.01760643
23,2009,"U",58955249.8284542
23,2009,"V",671870.61549297
23,2010,"U",53280000.036869
23,2010,"V",688770.710216257
23,2011,"U",60469663.278933
23,2011,"V",1736893.52942508
23,2012,"U",61944953.4608047
23,2012,"V",724744.936448033
23,2013,"U",59133756.29497
23,2013,"V",854879.54889741
23,2014,"U",62572395.7592833
23,2014,"V",874409.756145951
23,2015,"U",62345265.474155
23,2015,"V",888278.99333377
23,2016,"U",63498583.3639487
23,2016,"V",1960846.95723076
23,2017,"U",61240441.962124
23,2017,"V",1201035.97703649
24,1841,"U",15197847.0407863
24,1841,"V",12214549.7243539
24,1842,"U",15197847.0407863
24,1842,"V",12214549.7243539
24,1843,"U",15197847.0407863
24,1843,"V",12214549.7243539
24,1844,"U",15197847.0407863
24,1844,"V",12214549.7243539
24,1845,"U",15197847.0407863
24,1845,"V",12214549.7243539
24,1846,"U",15197847.0407863
24,1846,"V",12214549.7243539
24,1847,"U",15197847.0407863
24,1847,"V",12214549.7243539
24,1848,"U",15197847.0407863
24,1848,"V",12214549.7243539
24,1849,"U",15197847.0407863
24,1849,"V",12214549.7243539
24,1850,"U",15197847.0407863
24,1850,"V",12214549.7243539
24,1851,"U",15197847.0407863
24,1851,"V",12214549.7243539
24,1852,"U",15197847.0407863
24,1852,"V",12214549.7243539
24,1853,"U",15197847.0407863
24,1853,"V",12214549.7243539
24,1854,"U",15197847.0407863
24,1854,"V",12214549.7243539
24,1855,"U",15197847.0407863
24,1855,"V",12214549.7243539
24,1856,"U",15197847.0407863
24,1856,"V",12214549.7243539
24,1857,"U",15197847.0407863
24,1857,"V",12214549.7243539
24,1858,"U",15197847.0407863
24,1858,"V",12214549.7243539
24,1859,"U",15197847.0407863
24,1859,"V",12214549.7243539
24,1860,"U",15197847.0407863
24,1860,"V",12214549.7243539
24,1861,"U",15197847.0407863
24,1861,"V",12214549.7243539
24,1862,"U",15602193.2222108
24,1862,"V",12539523.8161189
24,1863,"U",16017297.2322944
24,1863,"V",12873144.003132
24,1864,"U",16443445.2883478
24,1864,"V",13215640.3190004
24,1865,"U",16880931.2226364
24,1865,"V",13567248.9174903
24,1866,"U",17330056.6849768
24,1866,"V",13928212.2353541
24,1867,"U",17791131.350727
24,1867,"V",14298779.1594936
24,1868,"U",18264473.1343094
24,1868,"V",14679205.1985677
24,1869,"U",18750408.4084161
24,1869,"V",15069752.6591695
24,1870,"U",19249272.2290453
24,1870,"V",15470690.8266878
24,1871,"U",19761408.5665236
24,1871,"V",15882296.1509809
24,1872,"U",20287170.5426782
24,1872,"V",16304852.4369917
24,1873,"U",20826920.6743141
24,1873,"V",16738651.040432
24,1874,"U",21381031.1231762
24,1874,"V",17183991.0686771
24,1875,"U",21949883.9525527
24,1875,"V",17641179.5869991
24,1876,"U",22533871.3907154
24,1876,"V",18110531.8302933
24,1877,"U",23133396.1013613
24,1877,"V",18592371.4204346
24,1878,"U",23748871.4612511
24,1878,"V",19087030.5894151
24,1879,"U",24380721.8452386
24,1879,"V",19594850.4084235
24,1880,"U",25029382.9188803
24,1880,"V",20116181.0230154
24,1881,"U",25695301.9388253
24,1881,"V",20651381.8945391
24,1882,"U",26378938.0612079
24,1882,"V",21200822.0479895
24,1883,"U",27080762.6582359
24,1883,"V",21764880.3264528
24,1884,"U",27801259.643207
24,1884,"V",22343945.6523215
24,1885,"U",28540925.8041682
24,1885,"V",22938417.2954587
24,1886,"U",29300271.146458
24,1886,"V",23548705.1484989
24,1887,"U",30079819.2443562
24,1887,"V",24175230.0094709
24,1888,"U",30880107.6020933
24,1888,"V",24818423.8719416
24,1889,"U",31701688.0244646
24,1889,"V",25478730.2228791
24,1890,"U",32545126.9973018
24,1890,"V",26156604.3484399
24,1891,"U",33411006.0780714
24,1891,"V",26852513.6478923
24,1892,"U",34299922.2968613
24,1892,"V",27566937.9558915
24,1893,"U",35212488.568037
24,1893,"V",28300369.873329
24,1894,"U",36149334.1128534
24,1894,"V",29053315.1069853
24,1895,"U",37111104.8933045
24,1895,"V",29826292.8182179
24,1896,"U",38098464.0575201
24,1896,"V",30619835.9809268
24,1897,"U",39112092.3970132
24,1897,"V",31434491.7490448
24,1898,"U",40152688.8160871
24,1898,"V",32270821.8338031
24,1899,"U",41220970.8137385
24,1899,"V",33129402.8910361
24,1900,"U",42317674.9783774
24,1900,"V",34010826.9187906
24,1901,"U",43443557.4957085
24,1901,"V",34915701.6655107
24,1902,"U",44599394.6701297
24,1902,"V",35844651.0490869
24,1903,"U",45785983.4599988
24,1903,"V",36798315.5870521
24,1904,"U",47003862.6481378
24,1904,"V",37777128.3005803
24,1905,"U",48252178.1339467
24,1905,"V",38780402.7467683
24,1906,"U",49528464.2564826
24,1906,"V",39806157.2674172
24,1907,"U",50828803.8783655
24,1907,"V",40851243.6488902
24,1908,"U",52148075.0226111
24,1908,"V",41911545.3447851
24,1909,"U",53480279.5870055
24,1909,"V",42982241.6645423
24,1910,"U",54818943.4512199
24,1910,"V",44058129.3405903
24,1911,"U",56157571.0311747
24,1911,"V",45133987.854883
24,1912,"U",57490131.8166827
24,1912,"V",46204970.4704885
24,1913,"U",58811552.5829338
24,1913,"V",47266999.8232547
24,1914,"U",60118187.6894167
24,1914,"V",48317145.9022938
24,1915,"U",61407884.463929
24,1915,"V",49353678.5992836
24,1916,"U",62678833.7586934
24,1916,"V",50375143.8973858
24,1917,"U",63929261.5621715
24,1917,"V",51380116.0188523
24,1918,"U",65157434.0449576
24,1918,"V",52367201.480419
24,1919,"U",66361662.417318
24,1919,"V",53335042.9973258
24,1920,"U",67540602.2768917
24,1920,"V",54282560.0698522
24,1921,"U",68694422.7815885
24,1921,"V",55209888.6506555
24,1922,"U",69824920.7766055
24,1922,"V",56118472.8689567
24,1923,"U",70935206.6251525
24,1923,"V",57010812.5318661
24,1924,"U",72029299.5507936
24,1924,"V",57890137.8999555
24,1925,"U",73111654.5752653
24,1925,"V",58760029.485937
24,1926,"U",74186648.5473516
24,1926,"V",59624004.9747143
24,1927,"U",75258056.3056759
24,1927,"V",60485098.2140389
24,1928,"U",76328549.9995369
24,1928,"V",61345456.8173455
24,1929,"U",77399255.408205
24,1929,"V",62205985.5764
24,1930,"U",78469399.0902511
24,1930,"V",63066062.8742882
24,1931,"U",79536079.4922467
24,1931,"V",63923356.7248712
24,1932,"U",80594193.5823896
24,1932,"V",64773765.8080398
24,1933,"U",81636547.6718725
24,1933,"V",65611508.5371386
24,1934,"U",82654176.1488791
24,1934,"V",66429379.2263194
24,1935,"U",83636884.1527886
24,1935,"V",67219184.2392307
24,1936,"U",84574019.280342
24,1936,"V",67972362.2112964
24,1937,"U",85455463.3190245
24,1937,"V",68680781.1084481
24,1938,"U",86272818.6645161
24,1938,"V",69337691.7539619
24,1939,"U",87020747.4275405
24,1939,"V",69938804.0721549
24,1940,"U",87697453.2732802
24,1940,"V",70482674.3440014
24,1941,"U",88302064.4708763
24,1941,"V",70968601.9571113
24,1942,"U",88833912.2030392
24,1942,"V",71396049.381266
24,1943,"U",89292529.9366713
24,1943,"V",71764641.6625864
24,1944,"U",89677651.8546926
24,1944,"V",72074165.163184
24,1945,"U",89989210.3818536
24,1945,"V",72324565.5726526
24,1946,"U",90227332.8425081
24,1946,"V",72515945.2219111
24,1947,"U",90394329.5700397
24,1947,"V",72650160.9319898
24,1948,"U",90502660.0377024
24,1948,"V",72737226.4143814
24,1949,"U",90576787.6855814
24,1949,"V",72796803.000363
24,1950,"U",161440649.270935
24,1950,"V",13433109.6459759
24,1951,"U",144821887.576799
24,1951,"V",9501017.09235433
24,1952,"U",147345696.282871
24,1952,"V",11677845.5564387
24,1953,"U",151375301.166798
24,1953,"V",10885671.2924548
24,1954,"U",150192847.652832
24,1954,"V",13877437.067031
24,1955,"U",154752457.771401
24,1955,"V",15108951.8773442
24,1956,"U",156552105.178353
24,1956,"V",13685651.2254584
24,1957,"U",168122170.674771
24,1957,"V",11956934.2062435
24,1958,"U",154852117.545999
24,1958,"V",25226195.8226197
24,1959,"U",163034034.601806
24,1959,"V",22080102.9657252
24,1960,"U",100183640.568736
24,1960,"V",122341079.817831
24,1961,"U",100017680.355964
24,1961,"V",122758899.466028
24,1962,"U",165140653.13821
24,1962,"V",42200161.179152
24,1963,"U",180843356.358125
24,1963,"V",30654418.8774772
24,1964,"U",183335140.86627
24,1964,"V",32714478.446532
24,1965,"U",168962330.010837
24,1965,"V",28720802.4210821
24,1966,"U",109910111.992241
24,1966,"V",93192229.2275175
24,1967,"U",169306762.028763
24,1967,"V",38017051.9655003
24,1968,"U",172748606.896894
24,1968,"V",44838320.1009082
24,1969,"U",191545754.181887
24,1969,"V",33877568.1701113
24,1970,"U",186256871.188961
24,1970,"V",51358299.7371245
24,1971,"U",179673452.631192
24,1971,"V",84563017.3101815
24,1972,"U",191542527.419803
24,1972,"V",121370958.974527
24,1973,"U",197032033.566391
24,1973,"V",122272999.20972
24,1974,"U",203237436.435039
24,1974,"V",122026599.325417
24,1975,"U",209417489.979552
24,1975,"V",124269577.114018
24,1976,"U",198909937.543322
24,1976,"V",129990281.361171
24,1977,"U",227281009.769316
24,1977,"V",103724068.694059
24,1978,"U",205085108.344707
24,1978,"V",137327654.488861
24,1979,"U",202723827.305433
24,1979,"V",143580475.026955
24,1980,"U",198351416.443641
24,1980,"V",154971618.845069
24,1981,"U",209074668.774436
24,1981,"V",142264918.702421
24,1982,"U",235226036.927404
24,1982,"V",133590440.023661
24,1983,"U",268778339.864441
24,1983,"V",88436796.9586222
24,1984,"U",288074893.65068
24,1984,"V",78498910.7276063
24,1985,"U",283912689.391153
24,1985,"V",70576005.3469024
24,1986,"U",279448351.521234
24,1986,"V",52019330.1952489
24,1987,"U",272859404.344142
24,1987,"V",51553556.3473767
24,1988,"U",271887320.567632
24,1988,"V",63461729.8398827
24,1989,"U",267940049.014436
24,1989,"V",44988452.7745412
24,1990,"U",250770520.085485
24,1990,"V",48428465.2752754
24,1991,"U",218577183.396763
24,1991,"V",48221607.8303343
24,1992,"U",205949306.286955
24,1992,"V",46622783.5093195
24,1993,"U",231858138.499985
24,1993,"V",42848402.8709974
24,1994,"U",216237274.074666
24,1994,"V",43744027.9213561
24,1995,"U",218672494.654438
24,1995,"V",43350811.0625178
24,1996,"U",220436374.353858
24,1996,"V",38627276.6762837
24,1997,"U",209518728.457584
24,1997,"V",48880356.5684782
24,1998,"U",201711011.658138
24,1998,"V",38599554.6660572
24,1999,"U",142001059.682286
24,1999,"V",18987680.1220615
24,2000,"U",185421490.758437
24,2000,"V",45782156.2785441
24,2001,"U",196290642.034768
24,2001,"V",42847861.7473657
24,2002,"U",218835335.366894
24,2002,"V",41019788.8978052
24,2003,"U",216825858.903477
24,2003,"V",39756392.6517638
24,2004,"U",181879621.549873
24,2004,"V",37614581.9106137
24,2005,"U",167745616.536774
24,2005,"V",39626285.2289154
24,2006,"U",147076502.438656
24,2006,"V",44851869.09157
24,2007,"U",140541220.604989
24,2007,"V",46087325.9495243
24,2008,"U",144190805.260577
24,2008,"V",40551253.4601912
24,2009,"U",138181817.302438
24,2009,"V",39989528.2682288
24,2010,"U",140844568.914107
24,2010,"V",45964818.9374748
24,2011,"U",130450073.783839
24,2011,"V",45059538.5134295
24,2012,"U",132710879.72283
24,2012,"V",50146527.790238
24,2013,"U",123457258.164353
24,2013,"V",54757790.7692188
24,2014,"U",129472365.137156
24,2014,"V",39195959.0388045
24,2015,"U",126076014.214214
24,2015,"V",59860396.3284678
24,2016,"U",127818926.926193
24,2016,"V",49559008.5412253
24,2017,"U",137343628.987764
24,2017,"V",48626162.4220621
25,1841,"U",8728.4318385721
25,1841,"V",2410.85800240928
25,1842,"U",8728.4318385721
25,1842,"V",2410.85800240928
25,1843,"U",8728.4318385721
25,1843,"V",2410.85800240928
25,1844,"U",8728.4318385721
25,1844,"V",2410.85800240928
25,1845,"U",8728.4318385721
25,1845,"V",2410.85800240928
25,1846,"U",8728.4318385721
25,1846,"V",2410.85800240928
25,1847,"U",8728.4318385721
25,1847,"V",2410.85800240928
25,1848,"U",8728.4318385721
25,1848,"V",2410.85800240928
25,1849,"U",8728.4318385721
25,1849,"V",2410.85800240928
25,1850,"U",8728.4318385721
25,1850,"V",2410.85800240928
25,1851,"U",8728.4318385721
25,1851,"V",2410.85800240928
25,1852,"U",8728.4318385721
25,1852,"V",2410.85800240928
25,1853,"U",8728.4318385721
25,1853,"V",2410.85800240928
25,1854,"U",8728.4318385721
25,1854,"V",2410.85800240928
25,1855,"U",8728.4318385721
25,1855,"V",2410.85800240928
25,1856,"U",8728.4318385721
25,1856,"V",2410.85800240928
25,1857,"U",8728.4318385721
25,1857,"V",2410.85800240928
25,1858,"U",8728.4318385721
25,1858,"V",2410.85800240928
25,1859,"U",8728.4318385721
25,1859,"V",2410.85800240928
25,1860,"U",8728.4318385721
25,1860,"V",2410.85800240928
25,1861,"U",8728.4318385721
25,1861,"V",2410.85800240928
25,1862,"U",9630.41549439531
25,1862,"V",2659.99261844353
25,1863,"U",10625.6088504737
25,1863,"V",2934.8724491874
25,1864,"U",11723.6440638538
25,1864,"V",3238.15796828904
25,1865,"U",12935.1486648937
25,1865,"V",3572.78457893236
25,1866,"U",14271.8484177468
25,1866,"V",3941.99102467023
25,1867,"U",15746.6808102445
25,1867,"V",4349.35073617681
25,1868,"U",17373.9202717011
25,1868,"V",4798.80641733962
25,1869,"U",19169.3163305181
25,1869,"V",5294.7082054209
25,1870,"U",21150.2460488457
25,1870,"V",5841.85577464811
25,1871,"U",23335.8822095691
25,1871,"V",6445.54479071508
25,1872,"U",25747.378883494
25,1872,"V",7111.61816582278
25,1873,"U",28408.0761728535
25,1873,"V",7846.52261036391
25,1874,"U",31343.7261126419
25,1874,"V",8657.37102855687
25,1875,"U",34582.7419162936
25,1875,"V",9552.01136196194
25,1876,"U",38156.4729780691
25,1876,"V",10539.1025471925
25,1877,"U",42099.5082937653
25,1877,"V",11628.198322979
25,1878,"U",46450.0112365166
25,1878,"V",12829.8396977431
25,1879,"U",51250.088927803
25,1879,"V",14155.6569726268
25,1880,"U",56546.1997787925
25,1880,"V",15618.4823074516
25,1881,"U",62389.60314641
25,1881,"V",17232.4739190801
25,1882,"U",68836.8554561329
25,1882,"V",19013.2531142339
25,1883,"U",75950.3575935264
25,1883,"V",20978.0554831203
25,1884,"U",83798.9588623982
25,1884,"V",23145.8977171813
25,1885,"U",92458.6233550481
25,1885,"V",25537.7616655283
25,1886,"U",102013.165184409
25,1886,"V",28176.7974115457
25,1887,"U",112555.059693877
25,1887,"V",31088.5473350993
25,1888,"U",124186.338496521
25,1888,"V",34301.193329044
25,1889,"U",137019.57700628
25,1889,"V",37845.8295627092
25,1890,"U",151178.984019299
25,1890,"V",41756.763432394
25,1891,"U",166801.603890952
25,1891,"V",46071.8476116314
25,1892,"U",184038.642944195
25,1892,"V",50832.8464150717
25,1893,"U",203056.932947019
25,1893,"V",56085.8400218762
25,1894,"U",224040.545823602
25,1894,"V",61881.670470985
25,1895,"U",247192.57522732
25,1895,"V",68276.4337448771
25,1896,"U",272737.102219101
25,1896,"V",75332.0227045968
25,1897,"U",300921.364076036
25,1897,"V",83116.7261308775
25,1898,"U",332018.147221624
25,1898,"V",91705.8896693295
25,1899,"U",366328.427438042
25,1899,"V",101182.645076769
25,1900,"U",404184.282914049
25,1900,"V",111638.714826786
25,1901,"U",445952.108323273
25,1901,"V",123175.29986215
25,1902,"U",492036.161040597
25,1902,"V",135904.059086233
25,1903,"U",542882.473819511
25,1903,"V",149948.190073697
25,1904,"U",598980.461219948
25,1904,"V",165442.872777838
25,1905,"U",660855.118886957
25,1905,"V",182533.114913158
25,1906,"U",729067.326119268
25,1906,"V",201373.83552706
25,1907,"U",804221.94862254
25,1907,"V",222132.103040747
25,1908,"U",886969.238899816
25,1908,"V",244987.522047523
25,1909,"U",978009.672722404
25,1909,"V",270133.569182138
25,1910,"U",1078102.40162906
25,1910,"V",297779.927764127
25,1911,"U",1188076.56112702
25,1911,"V",328155.61120731
25,1912,"U",1308845.94729625
25,1912,"V",361513.01680742
25,1913,"U",1441427.55331067
25,1913,"V",398133.045667542
25,1914,"U",1586964.42909081
25,1914,"V",438331.416704784
25,1915,"U",1746746.43449586
25,1915,"V",482464.398836749
25,1916,"U",1922209.56909019
25,1916,"V",530928.625858056
25,1917,"U",2114948.01599265
25,1917,"V",584164.423041381
25,1918,"U",2326733.53082945
25,1918,"V",642661.162510933
25,1919,"U",2559537.43269759
25,1919,"V",706963.337310606
25,1920,"U",2815561.33439368
25,1920,"V",777679.04932252
25,1921,"U",3097291.48090914
25,1921,"V",855495.017964814
25,1922,"U",3407540.54290221
25,1922,"V",941188.12386049
25,1923,"U",3749483.15062811
25,1923,"V",1035635.22357406
25,1924,"U",4126689.09088839
25,1924,"V",1139822.31885664
25,1925,"U",4543152.03884195
25,1925,"V",1254852.49258657
25,1926,"U",5003311.27155991
25,1926,"V",1381951.90621527
25,1927,"U",5512063.36261601
25,1927,"V",1522473.02990038
25,1928,"U",6074760.41844729
25,1928,"V",1677894.15537541
25,1929,"U",6697191.04263052
25,1929,"V",1849814.13814087
25,1930,"U",7385539.98599558
25,1930,"V",2039941.25252446
25,1931,"U",8146322.46959849
25,1931,"V",2250075.05119624
25,1932,"U",8986289.58966815
25,1932,"V",2482080.23730902
25,1933,"U",9912302.17826527
25,1933,"V",2737851.82387117
25,1934,"U",10931172.144525
25,1934,"V",3019271.31101394
25,1935,"U",12049472.7686819
25,1935,"V",3328154.28778577
25,1936,"U",13273322.7033718
25,1936,"V",3666190.7716999
25,1937,"U",14608152.4815071
25,1937,"V",4034880.7164676
25,1938,"U",16058466.9175136
25,1938,"V",4435468.38544663
25,1939,"U",17627621.5307437
25,1939,"V",4868880.59811988
25,1940,"U",19317593.1455586
25,1940,"V",5335663.3681263
25,1941,"U",21128619.6818031
25,1941,"V",5835882.41070234
25,1942,"U",23058826.5235088
25,1942,"V",6369019.94292971
25,1943,"U",25103853.724687
25,1943,"V",6933871.71519397
25,1944,"U",27256485.6550813
25,1944,"V",7528444.71657768
25,1945,"U",29506299.3132981
25,1945,"V",8149860.036323
25,1946,"U",31839350.6531882
25,1946,"V",8794266.22483785
25,1947,"U",34238283.5436268
25,1947,"V",9456869.38919991
25,1948,"U",36683862.0063439
25,1948,"V",10132356.4086788
25,1949,"U",39156074.3937408
25,1949,"V",10815199.9168875
25,1950,"U",46067017.2089077
25,1950,"V",10633185.3396279
25,1951,"U",40060953.3466561
25,1951,"V",12950013.7674513
25,1952,"U",34999475.6135931
25,1952,"V",11401745.181024
25,1953,"U",44134970.914327
25,1953,"V",10988619.451534
25,1954,"U",41652950.50365
25,1954,"V",15160874.1615715
25,1955,"U",41406621.5885737
25,1955,"V",9006121.52603766
25,1956,"U",46334276.4119349
25,1956,"V",10408524.443667
25,1957,"U",48974373.7433931
25,1957,"V",6330737.34393104
25,1958,"U",49898152.8149573
25,1958,"V",8704274.57980945
25,1959,"U",51127851.8980128
25,1959,"V",8704561.43027106
25,1960,"U",52144320.137061
25,1960,"V",10628775.2027985
25,1961,"U",47037792.4491112
25,1961,"V",31697902.0976892
25,1962,"U",63413263.2497977
25,1962,"V",35489209.7189455
25,1963,"U",63358547.2304976
25,1963,"V",41807860.7372896
25,1964,"U",67800383.8518929
25,1964,"V",53011804.7494299
25,1965,"U",53133834.0889282
25,1965,"V",33959107.7711312
25,1966,"U",48173868.9689015
25,1966,"V",50106277.8606383
25,1967,"U",50257542.4476659
25,1967,"V",29932641.5676623
25,1968,"U",52027931.7024665
25,1968,"V",34135864.412039
25,1969,"U",47955127.9280535
25,1969,"V",45347553.785508
25,1970,"U",66914890.2688731
25,1970,"V",47019747.8357535
25,1971,"U",48355134.0206195
25,1971,"V",15311258.5095185
25,1972,"U",49517507.9520144
25,1972,"V",60968839.8439192
25,1973,"U",44591718.2724848
25,1973,"V",50490654.7242139
25,1974,"U",47850431.7031765
25,1974,"V",44102762.1708475
25,1975,"U",58236970.9584682
25,1975,"V",45157739.376865
25,1976,"U",63785329.8518624
25,1976,"V",36484990.7290268
25,1977,"U",75347693.1883895
25,1977,"V",28483037.9239885
25,1978,"U",62118517.3312577
25,1978,"V",30357528.1934083
25,1979,"U",62512579.0496533
25,1979,"V",37990437.2755608
25,1980,"U",64709717.4134808
25,1980,"V",46980114.5817436
25,1981,"U",75010948.5579568
25,1981,"V",50947564.8194531
25,1982,"U",64601893.9501912
25,1982,"V",71849900.4958219
25,1983,"U",77707089.1812931
25,1983,"V",63598325.3047517
25,1984,"U",74056662.7420035
25,1984,"V",52398018.6078622
25,1985,"U",61120517.6468285
25,1985,"V",51113678.4372937
25,1986,"U",83518147.9103707
25,1986,"V",7233763.45224051
25,1987,"U",80138422.1470339
25,1987,"V",6238829.55940388
25,1988,"U",76518562.2360893
25,1988,"V",9792158.3670693
25,1989,"U",87054111.448361
25,1989,"V",7682504.50540276
25,1990,"U",93316901.9641
25,1990,"V",6629086.39177372
25,1991,"U",79681172.7735545
25,1991,"V",9354943.16962519
25,1992,"U",81043899.1598767
25,1992,"V",10420328.5414466
25,1993,"U",78309189.576861
25,1993,"V",9829679.03946291
25,1994,"U",70475149.7250856
25,1994,"V",10735588.9300656
25,1995,"U",72667661.4391718
25,1995,"V",7999236.99253047
25,1996,"U",72669181.6417731
25,1996,"V",7942572.71821012
25,1997,"U",72222905.387186
25,1997,"V",10556415.2619273
25,1998,"U",66028148.5312298
25,1998,"V",9641505.85744085
25,1999,"U",62522781.9865948
25,1999,"V",6863479.22108152
25,2000,"U",57180226.7820534
25,2000,"V",7105076.61910525
25,2001,"U",62507560.7350118
25,2001,"V",5494479.61258549
25,2002,"U",52819913.5102176
25,2002,"V",8171540.00994035
25,2003,"U",45982428.5547602
25,2003,"V",6103420.9081855
25,2004,"U",50360757.3305002
25,2004,"V",5416584.24808187
25,2005,"U",46748033.1394572
25,2005,"V",5317151.42491809
25,2006,"U",64000077.6360979
25,2006,"V",7570122.21020009
25,2007,"U",56515131.3807469
25,2007,"V",6948591.07770344
25,2008,"U",52893874.1374706
25,2008,"V",6754435.66449264
25,2009,"U",56954992.2858532
25,2009,"V",5652769.89396672
25,2010,"U",51869527.7333847
25,2010,"V",4897360.43296384
25,2011,"U",50841004.5863896
25,2011,"V",4300276.3846899
25,2012,"U",51639653.8752761
25,2012,"V",5137199.90918158
25,2013,"U",36378010.3243984
25,2013,"V",5451239.63578141
25,2014,"U",42314349.829266
25,2014,"V",5305993.44096757
25,2015,"U",45274308.8316282
25,2015,"V",3424135.9727456
25,2016,"U",44444711.3361483
25,2016,"V",4387238.8743367
25,2017,"U",47394130.0756695
25,2017,"V",5593157.10228071
26,1841,"U",7457003.05137968
26,1841,"V",1055872.93917334
26,1842,"U",7457003.05137968
26,1842,"V",1055872.93917334
26,1843,"U",7457003.05137968
26,1843,"V",1055872.93917334
26,1844,"U",7457003.05137968
26,1844,"V",1055872.93917334
26,1845,"U",7457003.05137968
26,1845,"V",1055872.93917334
26,1846,"U",7457003.05137968
26,1846,"V",1055872.93917334
26,1847,"U",7457003.05137968
26,1847,"V",1055872.93917334
26,1848,"U",7457003.05137968
26,1848,"V",1055872.93917334
26,1849,"U",7457003.05137968
26,1849,"V",1055872.93917334
26,1850,"U",7457003.05137968
26,1850,"V",1055872.93917334
26,1851,"U",7457003.05137968
26,1851,"V",1055872.93917334
26,1852,"U",7457003.05137968
26,1852,"V",1055872.93917334
26,1853,"U",7457003.05137968
26,1853,"V",1055872.93917334
26,1854,"U",7457003.05137968
26,1854,"V",1055872.93917334
26,1855,"U",7457003.05137968
26,1855,"V",1055872.93917334
26,1856,"U",7457003.05137968
26,1856,"V",1055872.93917334
26,1857,"U",7457003.05137968
26,1857,"V",1055872.93917334
26,1858,"U",7457003.05137968
26,1858,"V",1055872.93917334
26,1859,"U",7457003.05137968
26,1859,"V",1055872.93917334
26,1860,"U",7457003.05137968
26,1860,"V",1055872.93917334
26,1861,"U",7457003.05137968
26,1861,"V",1055872.93917334
26,1862,"U",7762209.9450303
26,1862,"V",1099088.65165655
26,1863,"U",8079908.61953308
26,1863,"V",1144073.13549107
26,1864,"U",8410610.34967282
26,1864,"V",1190898.78453351
26,1865,"U",8754847.33614593
26,1865,"V",1239640.95564103
26,1866,"U",9113173.56203584
26,1866,"V",1290378.08994369
26,1867,"U",9486165.68434071
26,1867,"V",1343191.8390803
26,1868,"U",9874423.96199246
26,1868,"V",1398167.19660101
26,1869,"U",10278573.2218576
26,1869,"V",1455392.634748
26,1870,"U",10699263.8642763
26,1870,"V",1514960.24683461
26,1871,"U",11137172.9097555
26,1871,"V",1576965.89545174
26,1872,"U",11593005.0885026
26,1872,"V",1641509.36674006
26,1873,"U",12067493.9745548
26,1873,"V",1708694.53097681
26,1874,"U",12561403.1663232
26,1874,"V",1778629.50973489
26,1875,"U",13075527.515458
26,1875,"V",1851426.84988364
26,1876,"U",13610694.4060086
26,1876,"V",1927203.70471131
26,1877,"U",14167765.0859404
26,1877,"V",2006082.02246097
26,1878,"U",14747636.0531451
26,1878,"V",2088188.74258235
26,1879,"U",15351240.4981824
26,1879,"V",2173656.0000165
26,1880,"U",15979549.8060707
26,1880,"V",2262621.33784175
26,1881,"U",16633575.1195434
26,1881,"V",2355227.92862254
26,1882,"U",17314368.9662887
26,1882,"V",2451624.80481812
26,1883,"U",18023026.9527894
26,1883,"V",2551967.09862165
26,1884,"U",18760689.5274911
26,1884,"V",2656416.2916154
26,1885,"U",19528543.8161347
26,1885,"V",2765140.4746445
26,1886,"U",20327825.5322039
26,1886,"V",2878314.61832645
26,1887,"U",21159820.9655716
26,1887,"V",2996120.85463289
26,1888,"U",22025869.0525317
26,1888,"V",3118748.7699956
26,1889,"U",22927363.5305627
26,1889,"V",3246395.71040968
26,1890,"U",23865755.1812761
26,1890,"V",3379267.09902352
26,1891,"U",24842554.1651725
26,1891,"V",3517576.76672813
26,1892,"U",25859332.4519532
26,1892,"V",3661547.29627646
26,1893,"U",26917726.3503006
26,1893,"V",3811410.38048751
26,1894,"U",28019439.1412041
26,1894,"V",3967407.19511148
26,1895,"U",29166243.8190613
26,1895,"V",4129788.78695524
26,1896,"U",30359985.9449712
26,1896,"V",4298816.4778942
26,1897,"U",31602586.6168087
26,1897,"V",4474762.28541926
26,1898,"U",32896045.5608619
26,1898,"V",4657909.36039661
26,1899,"U",34242444.3500058
26,1899,"V",4848552.44274449
26,1900,"U",35643949.7535917
26,1900,"V",5046998.33576021
26,1901,"U",37102817.224448
26,1901,"V",5253566.39986104
26,1902,"U",38621394.5285916
26,1902,"V",5468589.06653292
26,1903,"U",40202125.5235118
26,1903,"V",5692412.3733156
26,1904,"U",41847554.0910794
26,1904,"V",5925396.52068242
26,1905,"U",43560328.2314425
26,1905,"V",6167916.45171433
26,1906,"U",45343204.3244672
26,1906,"V",6420362.45549812
26,1907,"U",47199051.5656017
26,1907,"V",6683140.79522146
26,1908,"U",49130856.5832925
26,1908,"V",6956674.36197539
26,1909,"U",51141728.2453877
26,1909,"V",7241403.35531598
26,1910,"U",53234902.6622619
26,1910,"V",7537785.99168059
26,1911,"U",55413748.3947082
26,1911,"V",7846299.24179891
26,1912,"U",57681771.8749924
26,1912,"V",8167439.5982856
26,1913,"U",60042623.0497786
26,1913,"V",8501723.87464918
26,1914,"U",62500101.2540102
26,1914,"V",8849690.03700404
26,1915,"U",65058161.3252145
26,1915,"V",9211898.06982287
26,1916,"U",67720919.9680454
26,1916,"V",9588930.8771241
26,1917,"U",70492662.3793329
26,1917,"V",9981395.22054364
26,1918,"U",73377849.1442736
26,1918,"V",10389922.6958003
26,1919,"U",76381123.4148849
26,1919,"V",10815170.7491275
26,1920,"U",79507318.3822699
26,1920,"V",11257823.7353069
26,1921,"U",82761465.0546991
26,1921,"V",11718594.0190046
26,1922,"U",86148800.3540505
26,1922,"V",12198223.1211853
26,1923,"U",89674775.5436307
26,1923,"V",12697482.9124476
26,1924,"U",93345065.0009236
26,1924,"V",13217176.8552001
26,1925,"U",97165575.3494162
26,1925,"V",13758141.2966803
26,1926,"U",101142454.964167
26,1926,"V",14321246.8148936
26,1927,"U",105282103.866429
26,1927,"V",14907399.6196411
26,1928,"U",109591184.023253
26,1928,"V",15517543.0108896
26,1929,"U",114076630.068636
26,1929,"V",16152658.8968307
26,1930,"U",118745660.463485
26,1930,"V",16813769.3740734
26,1931,"U",123605789.112333
26,1931,"V",17501938.3725116
26,1932,"U",128664837.455516
26,1932,"V",18218273.3675133
26,1933,"U",133930947.056288
26,1933,"V",18963927.1621899
26,1934,"U",139412592.703081
26,1934,"V",19740099.7426097
26,1935,"U",145118596.048059
26,1935,"V",20548040.2089449
26,1936,"U",151058139.803854
26,1936,"V",21389048.785657
26,1937,"U",157240782.521377
26,1937,"V",22264478.9139581
26,1938,"U",163676473.97247
26,1938,"V",23175739.429913
26,1939,"U",170375571.162135
26,1939,"V",24124296.8316898
26,1940,"U",177348854.996144
26,1940,"V",25111677.6396061
26,1941,"U",184607547.630827
26,1941,"V",26139470.8527683
26,1942,"U",192163330.532971
26,1942,"V",27209330.506261
26,1943,"U",200028363.27889
26,1943,"V",28322978.3329963
26,1944,"U",208215303.122915
26,1944,"V",29482206.5345118
26,1945,"U",216737325.36681
26,1945,"V",30688880.6651732
26,1946,"U",225608144.562881
26,1946,"V",31944942.6344247
26,1947,"U",234842036.5849
26,1947,"V",33252413.8319182
26,1948,"U",244453861.602375
26,1948,"V",34613398.3805492
26,1949,"U",254459087.995138
26,1949,"V",36030086.5226388
26,1950,"U",236851294.150966
26,1950,"V",16765675.063151
26,1951,"U",306220671.069801
26,1951,"V",32248966.5336318
26,1952,"U",307207320.294103
26,1952,"V",30162957.1158979
26,1953,"U",295210937.432972
26,1953,"V",32149651.2274229
26,1954,"U",299235773.082935
26,1954,"V",39049445.9968425
26,1955,"U",314928339.731054
26,1955,"V",50964880.2073355
26,1956,"U",350471493.5824
26,1956,"V",52169679.6658075
26,1957,"U",343965655.782184
26,1957,"V",63389879.6310643
26,1958,"U",373694242.967952
26,1958,"V",57805204.3899092
26,1959,"U",368675588.274387
26,1959,"V",63102629.7053996
26,1960,"U",377849182.026177
26,1960,"V",69971382.0796559
26,1961,"U",401238608.597273
26,1961,"V",71999956.2637037
26,1962,"U",362733318.52087
26,1962,"V",87149119.7234425
26,1963,"U",365745247.781601
26,1963,"V",82467896.5385102
26,1964,"U",420228512.409789
26,1964,"V",86368549.7666877
26,1965,"U",388248457.736856
26,1965,"V",78011419.7075035
26,1966,"U",396614757.818118
26,1966,"V",69531134.1980728
26,1967,"U",410101465.149343
26,1967,"V",76770690.6312697
26,1968,"U",429458754.163029
26,1968,"V",82401190.5034286
26,1969,"U",467338248.412184
26,1969,"V",80687927.5178755
26,1970,"U",458256597.173545
26,1970,"V",102342346.854601
26,1971,"U",469958951.701326
26,1971,"V",112140008.03645
26,1972,"U",451675970.71597
26,1972,"V",117115867.108697
26,1973,"U",468599944.663022
26,1973,"V",108157521.741111
26,1974,"U",502293568.118849
26,1974,"V",97681639.046917
26,1975,"U",480325157.56756
26,1975,"V",126179660.96642
26,1976,"U",514267084.261512
26,1976,"V",109747746.673955
26,1977,"U",543262061.075285
26,1977,"V",94128257.7716452
26,1978,"U",574094606.290209
26,1978,"V",87958512.6332604
26,1979,"U",583802764.417404
26,1979,"V",92551417.0104994
26,1980,"U",582721601.057665
26,1980,"V",106157865.439614
26,1981,"U",579602160.010033
26,1981,"V",114296615.678158
26,1982,"U",591542681.432462
26,1982,"V",139332065.477294
26,1983,"U",595876626.795168
26,1983,"V",131131684.902038
26,1984,"U",575379449.923146
26,1984,"V",115622615.677218
26,1985,"U",613462136.508153
26,1985,"V",125139824.334228
26,1986,"U",616398460.461246
26,1986,"V",149686159.88795
26,1987,"U",633507410.474771
26,1987,"V",155864860.816631
26,1988,"U",647632999.033664
26,1988,"V",146514817.486678
26,1989,"U",669723532.752286
26,1989,"V",145740470.73015
26,1990,"U",684694904.356366
26,1990,"V",129054987.453774
26,1991,"U",672999945.485967
26,1991,"V",147324308.775117
26,1992,"U",659718079.780663
26,1992,"V",154086416.660323
26,1993,"U",659209910.017734
26,1993,"V",145807083.867207
26,1994,"U",682721243.981435
26,1994,"V",133291122.555895
26,1995,"U",675709364.392882
26,1995,"V",140865301.436424
26,1996,"U",648944860.260877
26,1996,"V",145603428.67557
26,1997,"U",641236999.340764
26,1997,"V",148666350.22047
26,1998,"U",633769064.120964
26,1998,"V",159147573.91692
26,1999,"U",661901711.661554
26,1999,"V",167413220.755423
26,2000,"U",600593312.173967
26,2000,"V",166584845.191819
26,2001,"U",584272490.338141
26,2001,"V",153314989.089304
26,2002,"U",576562910.868373
26,2002,"V",148258135.523304
26,2003,"U",566870035.427535
26,2003,"V",162396395.472735
26,2004,"U",574854622.063062
26,2004,"V",145169517.947463
26,2005,"U",639344655.223957
26,2005,"V",105224372.538474
26,2006,"U",631477143.425735
26,2006,"V",98118147.9596485
26,2007,"U",643884052.537909
26,2007,"V",101002264.936401
26,2008,"U",635750102.075323
26,2008,"V",99177111.9574583
26,2009,"U",663515140.998178
26,2009,"V",100543329.748636
26,2010,"U",651674089.018925
26,2010,"V",99928264.3364901
26,2011,"U",626944311.581438
26,2011,"V",93380953.3983362
26,2012,"U",604508430.333125
26,2012,"V",95977488.7349583
26,2013,"U",612919855.78843
26,2013,"V",97358916.5900339
26,2014,"U",586482656.162403
26,2014,"V",98409299.0877231
26,2015,"U",603226062.339443
26,2015,"V",88997538.6608904
26,2016,"U",598192910.732132
26,2016,"V",94480613.3864578
26,2017,"U",588808368.59703
26,2017,"V",93426690.4518
27,1841,"U",1379.28122171901
27,1841,"V",26.683293256235
27,1842,"U",1379.28122171901
27,1842,"V",26.683293256235
27,1843,"U",1379.28122171901
27,1843,"V",26.683293256235
27,1844,"U",1379.28122171901
27,1844,"V",26.683293256235
27,1845,"U",1379.28122171901
27,1845,"V",26.683293256235
27,1846,"U",1379.28122171901
27,1846,"V",26.683293256235
27,1847,"U",1379.28122171901
27,1847,"V",26.683293256235
27,1848,"U",1379.28122171901
27,1848,"V",26.683293256235
27,1849,"U",1379.28122171901
27,1849,"V",26.683293256235
27,1850,"U",1379.28122171901
27,1850,"V",26.683293256235
27,1851,"U",1379.28122171901
27,1851,"V",26.683293256235
27,1852,"U",1379.28122171901
27,1852,"V",26.683293256235
27,1853,"U",1379.28122171901
27,1853,"V",26.683293256235
27,1854,"U",1379.28122171901
27,1854,"V",26.683293256235
27,1855,"U",1379.28122171901
27,1855,"V",26.683293256235
27,1856,"U",1379.28122171901
27,1856,"V",26.683293256235
27,1857,"U",1379.28122171901
27,1857,"V",26.683293256235
27,1858,"U",1379.28122171901
27,1858,"V",26.683293256235
27,1859,"U",1379.28122171901
27,1859,"V",26.683293256235
27,1860,"U",1379.28122171901
27,1860,"V",26.683293256235
27,1861,"U",1379.28122171901
27,1861,"V",26.683293256235
27,1862,"U",1534.50485415936
27,1862,"V",29.6862179966602
27,1863,"U",1707.19727808946
27,1863,"V",33.0270904150592
27,1864,"U",1899.32442273886
27,1864,"V",36.7439429774203
27,1865,"U",2113.07346204848
27,1865,"V",40.8790883048025
27,1866,"U",2350.87771344237
27,1866,"V",45.4796008598956
27,1867,"U",2615.44433869432
27,1867,"V",50.5978528423388
27,1868,"U",2909.78516223704
27,1868,"V",56.2921103934451
27,1869,"U",3237.25095774782
27,1869,"V",62.627196897494
27,1870,"U",3601.56959333127
27,1870,"V",69.6752309306615
27,1871,"U",4006.8884695406
27,1871,"V",77.516447258324
27,1872,"U",4457.82173335351
27,1872,"V",86.2401102270073
27,1873,"U",4959.50280558613
27,1873,"V",95.9455299490292
27,1874,"U",5517.64281971746
27,1874,"V",106.743192848074
27,1875,"U",6138.59563738714
27,1875,"V",118.756019435763
27,1876,"U",6829.43018070821
27,1876,"V",132.120763637818
27,1877,"U",7598.01090482371
27,1877,"V",146.989569599741
27,1878,"U",8453.08732680082
27,1878,"V",163.531703694535
27,1879,"U",9404.39363006991
27,1879,"V",181.935481449877
27,1880,"U",10462.7594782894
27,1880,"V",202.410411330551
27,1881,"U",11640.2333001588
27,1881,"V",225.18957978129
27,1882,"U",12950.2194486339
27,1882,"V",250.532304681005
27,1883,"U",14407.6307959816
27,1883,"V",278.727087415577
27,1884,"U",16029.0585018011
27,1884,"V",310.094897175392
27,1885,"U",17832.9608866589
27,1885,"V",344.992824866157
27,1886,"U",19839.873561468
27,1886,"V",383.818148229035
27,1887,"U",22072.6432047249
27,1887,"V",427.012854447388
27,1888,"U",24556.6876489217
27,1888,"V",475.068671725476
27,1889,"U",27320.2852369608
27,1889,"V",528.532667118644
27,1890,"U",30394.8967425848
27,1890,"V",588.013474340327
27,1891,"U",33815.5235195907
27,1891,"V",654.188222443709
27,1892,"U",37621.105956971
27,1892,"V",727.810244253621
27,1893,"U",41854.9667760042
27,1893,"V",809.717652301664
27,1894,"U",46565.3042157795
27,1894,"V",900.842879892818
27,1895,"U",51805.7407215823
27,1895,"V",1002.22329591903
27,1896,"U",57635.933382398
27,1896,"V",1115.01301425871
27,1897,"U",64122.2530667606
27,1897,"V",1240.49603220035
27,1898,"U",71338.5399882022
27,1898,"V",1380.10084745766
27,1899,"U",79366.9443016896
27,1899,"V",1535.4167201768
27,1900,"U",88298.8613003455
27,1900,"V",1708.21176506144
27,1901,"U",98235.9718587743
27,1901,"V",1900.45307957721
27,1902,"U",109291.399967353
27,1902,"V",2114.32913737402
27,1903,"U",121591.000534873
27,1903,"V",2352.27470185336
27,1904,"U",135274.792119854
27,1904,"V",2616.99854349618
27,1905,"U",150498.550900743
27,1905,"V",2911.51427648525
27,1906,"U",167435.584030729
27,1906,"V",3239.17466566587
27,1907,"U",186278.702565053
27,1907,"V",3603.70979439527
27,1908,"U",207242.416420587
27,1908,"V",4009.26952778295
27,1909,"U",230565.376355055
27,1909,"V",4460.4707547229
27,1910,"U",256513.090765469
27,1910,"V",4962.44994652193
27,1911,"U",285380.948233646
27,1911,"V",5520.92163044911
27,1912,"U",317497.580227587
27,1912,"V",6142.24344387077
27,1913,"U",353228.602239563
27,1913,"V",6833.48850954515
27,1914,"U",392980.775950093
27,1914,"V",7602.5259559978
27,1915,"U",437206.639799809
27,1915,"V",8458.11049962081
27,1916,"U",486409.660683527
27,1916,"V",9409.98210829579
27,1917,"U",541149.965413611
27,1917,"V",10468.9768811153
27,1918,"U",602050.717199233
27,1918,"V",11647.1504064501
27,1919,"U",669805.209731594
27,1919,"V",12957.915002676
27,1920,"U",745184.759633995
27,1920,"V",14416.1924039024
27,1921,"U",829047.487124344
27,1921,"V",16038.5836288796
27,1922,"U",922348.084849159
27,1922,"V",17843.5579668688
27,1923,"U",1026148.68609729
27,1923,"V",19851.663231889
27,1924,"U",1141630.95611718
27,1924,"V",22085.7596788746
27,1925,"U",1270109.54418497
27,1925,"V",24571.2802446422
27,1926,"U",1413047.04956174
27,1926,"V",27336.5200762479
27,1927,"U",1572070.67171237
27,1927,"V",30412.9586427248
27,1928,"U",1748990.73433168
27,1928,"V",33835.6180971175
27,1929,"U",1945821.29405548
27,1929,"V",37643.4619684009
27,1930,"U",2164803.06846595
27,1930,"V",41879.8387219992
27,1931,"U",2408428.94440338
27,1931,"V",46592.9752383825
27,1932,"U",2679472.35697073
27,1932,"V",51836.5258275012
27,1933,"U",2981018.86229771
27,1933,"V",57670.1830290432
27,1934,"U",3316501.26348809
27,1934,"V",64160.357151846
27,1935,"U",3689738.68962376
27,1935,"V",71380.9322883423
27,1936,"U",4104980.07270102
27,1936,"V",79414.1074105019
27,1937,"U",4566952.51743988
27,1937,"V",88351.3321223004
27,1938,"U",5080915.11460777
27,1938,"V",98294.3477213058
27,1939,"U",5652718.81046872
27,1939,"V",109356.345420833
27,1940,"U",6288873.01391053
27,1940,"V",121663.254917845
27,1941,"U",6996619.69950572
27,1941,"V",135355.177975659
27,1942,"U",7784015.85009459
27,1942,"V",150587.983341347
27,1943,"U",8660025.17741589
27,1943,"V",167535.081154351
27,1944,"U",9634620.16493276
27,1944,"V",186389.397046187
27,1945,"U",10718895.5945076
27,1945,"V",207365.568404351
27,1946,"U",11925194.8493143
27,1946,"V",230702.387802695
27,1947,"U",13267250.4308167
27,1947,"V",256665.521414249
27,1948,"U",14760340.2894611
27,1948,"V",285550.533352905
27,1949,"U",16421461.7487458
27,1949,"V",317686.250373019
27,1950,"U",29090228.5423491
27,1950,"V",506036.675137408
27,1951,"U",31112576.7673795
27,1951,"V",468267.767166195
27,1952,"U",29447022.1158552
27,1952,"V",403475.05693104
27,1953,"U",29404804.4500659
27,1953,"V",388371.560496672
27,1954,"U",32053444.9131242
27,1954,"V",431340.69014047
27,1955,"U",36467115.9876926
27,1955,"V",528726.831629583
27,1956,"U",43805808.9943458
27,1956,"V",478514.351688081
27,1957,"U",44356175.3090088
27,1957,"V",629803.708552683
27,1958,"U",45694734.5599134
27,1958,"V",609183.550197875
27,1959,"U",45086004.2717182
27,1959,"V",795554.595520582
27,1960,"U",48130038.0435998
27,1960,"V",1201136.88984079
27,1961,"U",57508314.1645748
27,1961,"V",1352359.93839024
27,1962,"U",51501061.7244728
27,1962,"V",897531.09663284
27,1963,"U",53211238.847424
27,1963,"V",1418566.28672136
27,1964,"U",67856768.1473469
27,1964,"V",1130604.77977159
27,1965,"U",59606872.2468251
27,1965,"V",4715490.68624506
27,1966,"U",73728429.856511
27,1966,"V",6214267.9361378
27,1967,"U",67429476.0812942
27,1967,"V",6341580.34040049
27,1968,"U",83948389.1279165
27,1968,"V",5081509.6651213
27,1969,"U",84685230.9851122
27,1969,"V",7770705.81778459
27,1970,"U",128026601.588486
27,1970,"V",19259237.0149329
27,1971,"U",123823298.780162
27,1971,"V",22885403.203761
27,1972,"U",151828614.251317
27,1972,"V",10159315.7228105
27,1973,"U",160222840.121067
27,1973,"V",11033453.1788673
27,1974,"U",175701815.401442
27,1974,"V",11258283.8220954
27,1975,"U",170266478.557863
27,1975,"V",12208488.5320493
27,1976,"U",154348982.029115
27,1976,"V",20483457.1333907
27,1977,"U",190349741.524772
27,1977,"V",14499061.0295335
27,1978,"U",155863958.107187
27,1978,"V",10421155.3269799
27,1979,"U",194870421.15524
27,1979,"V",11232007.0013256
27,1980,"U",180576241.100115
27,1980,"V",9255441.01345275
27,1981,"U",166430583.292165
27,1981,"V",10936330.3725603
27,1982,"U",186552896.13314
27,1982,"V",11737068.1176022
27,1983,"U",174752956.193619
27,1983,"V",10213386.5383029
27,1984,"U",192875290.646716
27,1984,"V",8391557.70265263
27,1985,"U",178547420.171333
27,1985,"V",10655155.8244081
27,1986,"U",186304282.190984
27,1986,"V",9869408.84509933
27,1987,"U",186767808.146749
27,1987,"V",10005866.8252542
27,1988,"U",178597066.804185
27,1988,"V",10641687.4974683
27,1989,"U",173441095.881019
27,1989,"V",9388541.38332665
27,1990,"U",200988405.242952
27,1990,"V",8770122.67519148
27,1991,"U",190142234.249393
27,1991,"V",9757095.19959993
27,1992,"U",237083449.291342
27,1992,"V",7933272.04574518
27,1993,"U",213867439.688412
27,1993,"V",9017419.29197635
27,1994,"U",204100598.279616
27,1994,"V",6974317.23046204
27,1995,"U",258147425.367577
27,1995,"V",9214700.58974838
27,1996,"U",261617154.388966
27,1996,"V",9193571.94294192
27,1997,"U",270241934.821263
27,1997,"V",8246826.8012369
27,1998,"U",261868140.299588
27,1998,"V",12015417.0279637
27,1999,"U",275939449.518628
27,1999,"V",9708038.81980628
27,2000,"U",281565676.676278
27,2000,"V",7661387.46370631
27,2001,"U",293057270.549884
27,2001,"V",8151986.39463644
27,2002,"U",299596794.467596
27,2002,"V",7853732.03501882
27,2003,"U",279600703.210671
27,2003,"V",8109655.64559176
27,2004,"U",290639420.525201
27,2004,"V",8974755.1257406
27,2005,"U",292705064.826062
27,2005,"V",5953190.53540795
27,2006,"U",293796781.75505
27,2006,"V",6354071.79927211
27,2007,"U",271474514.134194
27,2007,"V",7384512.82298863
27,2008,"U",284155246.337008
27,2008,"V",5905032.47379804
27,2009,"U",271670970.935842
27,2009,"V",7411440.9321491
27,2010,"U",292246895.395446
27,2010,"V",6504757.68315043
27,2011,"U",282707148.338195
27,2011,"V",7428750.76719961
27,2012,"U",273491925.25635
27,2012,"V",7245068.98687079
27,2013,"U",267419072.953072
27,2013,"V",14562494.0149485
27,2014,"U",281659935.711195
27,2014,"V",12240519.2589734
27,2015,"U",283612776.724582
27,2015,"V",7825747.14456744
27,2016,"U",313143841.722285
27,2016,"V",10969075.1859632
27,2017,"U",309391388.622888
27,2017,"V",15954818.7462389
28,1841,"U",408361.059972299
28,1841,"V",3053.0315644112
28,1842,"U",408361.059972299
28,1842,"V",3053.0315644112
28,1843,"U",408361.059972299
28,1843,"V",3053.0315644112
28,1844,"U",408361.059972299
28,1844,"V",3053.0315644112
28,1845,"U",408361.059972299
28,1845,"V",3053.0315644112
28,1846,"U",408361.059972299
28,1846,"V",3053.0315644112
28,1847,"U",408361.059972299
28,1847,"V",3053.0315644112
28,1848,"U",408361.059972299
28,1848,"V",3053.0315644112
28,1849,"U",408361.059972299
28,1849,"V",3053.0315644112
28,1850,"U",408361.059972299
28,1850,"V",3053.0315644112
28,1851,"U",408361.059972299
28,1851,"V",3053.0315644112
28,1852,"U",408361.059972299
28,1852,"V",3053.0315644112
28,1853,"U",408361.059972299
28,1853,"V",3053.0315644112
28,1854,"U",408361.059972299
28,1854,"V",3053.0315644112
28,1855,"U",408361.059972299
28,1855,"V",3053.0315644112
28,1856,"U",408361.059972299
28,1856,"V",3053.0315644112
28,1857,"U",408361.059972299
28,1857,"V",3053.0315644112
28,1858,"U",408361.059972299
28,1858,"V",3053.0315644112
28,1859,"U",408361.059972299
28,1859,"V",3053.0315644112
28,1860,"U",408361.059972299
28,1860,"V",3053.0315644112
28,1861,"U",408361.059972299
28,1861,"V",3053.0315644112
28,1862,"U",434045.100636699
28,1862,"V",3245.05326906479
28,1863,"U",461344.549843964
28,1863,"V",3449.15225961613
28,1864,"U",490361.009394005
28,1864,"V",3666.08814204268
28,1865,"U",521202.471374659
28,1865,"V",3896.66829805929
28,1866,"U",553983.720081576
28,1866,"V",4141.75088999355
28,1867,"U",588826.759216999
28,1867,"V",4402.24805465387
28,1868,"U",625861.2659573
28,1868,"V",4679.12929807655
28,1869,"U",665225.07357944
28,1869,"V",4973.42510378819
28,1870,"U",707064.684442333
28,1870,"V",5286.23076801032
28,1871,"U",751535.815232354
28,1871,"V",5618.71047608091
28,1872,"U",798803.976502415
28,1872,"V",5972.10163526482
28,1873,"U",849045.088661269
28,1873,"V",6347.71948007726
28,1874,"U",902446.136705775
28,1874,"V",6746.96196726145
28,1875,"U",959205.866132868
28,1875,"V",7171.31497863844
28,1876,"U",1019535.52262108
28,1876,"V",7622.35785119121
28,1877,"U",1083659.6382348
28,1877,"V",8101.76925496692
28,1878,"U",1151816.86707707
28,1878,"V",8611.33344067144
28,1879,"U",1224260.8735011
28,1879,"V",9152.94688020941
28,1880,"U",1301261.27618635
28,1880,"V",9728.62532488382
28,1881,"U",1383104.65159252
28,1881,"V",10340.5113075237
28,1882,"U",1470095.60052643
28,1882,"V",10990.8821164624
28,1883,"U",1562557.88179055
28,1883,"V",11682.15827104
28,1884,"U",1660835.61713369
28,1884,"V",12416.9125301796
28,1885,"U",1765294.57198664
28,1885,"V",13197.8794675587
28,1886,"U",1876323.51675096
28,1886,"V",14027.9656490172
28,1887,"U",1994335.67370606
28,1887,"V",14910.2604500755
28,1888,"U",2119770.25492056
28,1888,"V",15848.0475538276
28,1889,"U",2253094.09689092
28,1889,"V",16844.8171719974
28,1890,"U",2394803.39799125
28,1890,"V",17904.2790346427
28,1891,"U",2545425.56520143
28,1891,"V",19030.3761968545
28,1892,"U",2705521.17698497
28,1892,"V",20227.2997138325
28,1893,"U",2875686.06962386
28,1893,"V",21499.5042389566
28,1894,"U",3056553.55477365
28,1894,"V",22851.7246029046
28,1895,"U",3248796.77649289
28,1895,"V",24288.9934355223
28,1896,"U",3453131.21651878
28,1896,"V",25816.6598960258
28,1897,"U",3670317.35711366
28,1897,"V",27440.4095812524
28,1898,"U",3901163.51139133
28,1898,"V",29166.2856860418
28,1899,"U",4146528.83165931
28,1899,"V",31000.7114945183
28,1900,"U",4407326.50697067
28,1900,"V",32950.5142859615
28,1901,"U",4684527.16178835
28,1901,"V",35022.9507442544
28,1902,"U",4979162.468409
28,1902,"V",37225.7339654653
28,1903,"U",5292328.98659261
28,1903,"V",39567.0621640848
28,1904,"U",5625192.24468655
28,1904,"V",42055.6491847535
28,1905,"U",5978991.07743377
28,1905,"V",44700.7569330349
28,1906,"U",6355042.23660978
28,1906,"V",47512.2298459409
28,1907,"U",6754745.29164688
28,1907,"V",50500.531530491
28,1908,"U",7179587.83848543
28,1908,"V",53676.7837066682
28,1909,"U",7631151.03603879
28,1909,"V",57052.8075997158
28,1910,"U",8111115.49087473
28,1910,"V",60641.1679358093
28,1911,"U",8621267.51201865
28,1911,"V",64455.2197048641
28,1912,"U",9163505.75915327
28,1912,"V",68509.1578645042
28,1913,"U",9739848.30896089
28,1913,"V",72818.0701701866
28,1914,"U",10352440.1659059
28,1914,"V",77397.9933280933
28,1915,"U",11003561.245411
28,1915,"V",82265.9726797903
28,1916,"U",11695634.8591379
28,1916,"V",87440.1256407701
28,1917,"U",12431236.7339555
28,1917,"V",92939.7091289966
28,1918,"U",13213104.5981574
28,1918,"V",98785.1912343892
28,1919,"U",14044148.3706101
28,1919,"V",104998.327395994
28,1920,"U",14927460.9907511
28,1920,"V",111602.241370348
28,1921,"U",15866329.9297454
28,1921,"V",118621.511292385
28,1922,"U",16864249.4256398
28,1922,"V",126082.261149176
28,1923,"U",17924933.4880531
28,1923,"V",134012.258006945
28,1924,"U",19052329.7208017
28,1924,"V",142441.015353233
28,1925,"U",20250634.0139041
28,1925,"V",151399.902938791
28,1926,"U",21524306.1596478
28,1926,"V",160922.263528047
28,1927,"U",22878086.4508316
28,1927,"V",171043.536992619
28,1928,"U",24317013.322965
28,1928,"V",181801.392209766
28,1929,"U",25846442.1060775
28,1929,"V",193235.867256623
28,1930,"U",27472064.9559341
28,1930,"V",205389.518422033
28,1931,"U",29199932.0388318
28,1931,"V",218307.578590531
28,1932,"U",31036474.048822
28,1932,"V",232038.125587955
28,1933,"U",32988526.1411638
28,1933,"V",246632.261115222
28,1934,"U",35063353.3710811
28,1934,"V",262144.300936225
28,1935,"U",37268677.7325036
28,1935,"V",278631.977027684
28,1936,"U",39612706.8974176
28,1936,"V",296156.652443278
28,1937,"U",42104164.7627918
28,1937,"V",314783.549691767
28,1938,"U",44752323.9187644
28,1938,"V",334581.99347903
28,1939,"U",47567040.1589323
28,1939,"V",355625.668717498
28,1940,"U",50558789.1611761
28,1940,"V",377992.894763159
28,1941,"U",53738705.475545
28,1941,"V",401766.916900853
28,1942,"U",57118623.964296
28,1942,"V",427036.216162626
28,1943,"U",60711123.8483286
28,1943,"V",453894.838632258
28,1944,"U",64529575.5239314
28,1944,"V",482442.745461534
28,1945,"U",68588190.3240935
28,1945,"V",512786.184900943
28,1946,"U",72902073.4095706
28,1946,"V",545038.087729371
28,1947,"U",77487279.9865593
28,1947,"V",579318.48755457
28,1948,"U",82360875.0602027
28,1948,"V",615754.967548529
28,1949,"U",87540996.9463247
28,1949,"V",654483.135280536
28,1950,"U",102598757.483416
28,1950,"V",316335.952490326
28,1951,"U",107763434.25732
28,1951,"V",378447.865903408
28,1952,"U",107083025.866865
28,1952,"V",387656.800673999
28,1953,"U",110533218.939046
28,1953,"V",393500.966353971
28,1954,"U",109316409.462253
28,1954,"V",401705.763932595
28,1955,"U",110822781.837925
28,1955,"V",434230.149842101
28,1956,"U",134423689.585185
28,1956,"V",752812.861541581
28,1957,"U",139664743.938616
28,1957,"V",370419.790055172
28,1958,"U",146888298.184761
28,1958,"V",603624.408173914
28,1959,"U",154878513.101647
28,1959,"V",834907.968475742
28,1960,"U",164220103.772775
28,1960,"V",1373751.08298937
28,1961,"U",174366527.879765
28,1961,"V",1498080.36380483
28,1962,"U",182971386.073296
28,1962,"V",1897345.12522215
28,1963,"U",184303630.207621
28,1963,"V",1702772.2264389
28,1964,"U",210420259.452241
28,1964,"V",2310216.83967019
28,1965,"U",214547408.968018
28,1965,"V",6374657.42112794
28,1966,"U",244527336.307264
28,1966,"V",8928632.93034761
28,1967,"U",257761901.445536
28,1967,"V",10557152.690553
28,1968,"U",272837578.921838
28,1968,"V",10922369.931218
28,1969,"U",271093165.829709
28,1969,"V",15911368.5564634
28,1970,"U",265975624.429924
28,1970,"V",27956766.859185
28,1971,"U",283821999.234021
28,1971,"V",27974217.1951656
28,1972,"U",274774811.446147
28,1972,"V",10694257.5192338
28,1973,"U",282636919.160377
28,1973,"V",10024441.2483291
28,1974,"U",277097596.858763
28,1974,"V",12680614.019818
28,1975,"U",269005878.928285
28,1975,"V",9417862.42542149
28,1976,"U",317968303.244892
28,1976,"V",10499885.4013133
28,1977,"U",340041432.255465
28,1977,"V",17507190.6806126
28,1978,"U",323379847.15043
28,1978,"V",16287863.3857613
28,1979,"U",343143572.732091
28,1979,"V",24510485.5158408
28,1980,"U",351829837.331413
28,1980,"V",18599359.1575075
28,1981,"U",372633249.886018
28,1981,"V",13709562.4866974
28,1982,"U",354093839.944595
28,1982,"V",14146991.6449447
28,1983,"U",385025280.752183
28,1983,"V",13603581.5316769
28,1984,"U",355255603.667355
28,1984,"V",30364165.8917531
28,1985,"U",350427141.635601
28,1985,"V",14268765.9884178
28,1986,"U",334428082.033822
28,1986,"V",27530083.8140587
28,1987,"U",337021361.347421
28,1987,"V",24615218.9271501
28,1988,"U",341663443.386833
28,1988,"V",27765076.7434627
28,1989,"U",348248819.76119
28,1989,"V",23414175.6218576
28,1990,"U",356603690.166916
28,1990,"V",21905800.8765356
28,1991,"U",357314402.051645
28,1991,"V",23581269.469804
28,1992,"U",359879963.078503
28,1992,"V",26542236.2469016
28,1993,"U",358303074.077329
28,1993,"V",36721447.0237334
28,1994,"U",373707709.965411
28,1994,"V",26294661.4513173
28,1995,"U",366053535.662587
28,1995,"V",32557200.6069717
28,1996,"U",381479130.140808
28,1996,"V",23402053.9760991
28,1997,"U",374180602.426124
28,1997,"V",31860659.4150649
28,1998,"U",392887875.747299
28,1998,"V",27762594.9494958
28,1999,"U",395195525.755108
28,1999,"V",31005105.4569269
28,2000,"U",417920465.85604
28,2000,"V",26047194.4581242
28,2001,"U",425440605.159673
28,2001,"V",28763647.5079018
28,2002,"U",435444525.792349
28,2002,"V",35078370.5387233
28,2003,"U",447659485.224268
28,2003,"V",36579561.296265
28,2004,"U",466240051.418455
28,2004,"V",30695357.2266263
28,2005,"U",474665883.249058
28,2005,"V",34636468.3892088
28,2006,"U",468356950.49471
28,2006,"V",32539277.0506118
28,2007,"U",483333718.992316
28,2007,"V",30053117.2218559
28,2008,"U",519790045.345276
28,2008,"V",25210283.0638197
28,2009,"U",516147200.710262
28,2009,"V",32927081.0935039
28,2010,"U",560990116.83962
28,2010,"V",33963888.4070506
28,2011,"U",613319801.601765
28,2011,"V",33195367.8157183
28,2012,"U",626478070.056461
28,2012,"V",40582343.1619454
28,2013,"U",654240366.934566
28,2013,"V",39842755.1204374
28,2014,"U",663811560.956271
28,2014,"V",40452809.7991081
28,2015,"U",687295881.254394
28,2015,"V",41612383.1108593
28,2016,"U",705121941.600817
28,2016,"V",40425173.5415171
28,2017,"U",718840805.532155
28,2017,"V",47166694.2130072
29,1841,"U",1058.48337079919
29,1841,"V",62.1241329199394
29,1842,"U",1058.48337079919
29,1842,"V",62.1241329199394
29,1843,"U",1058.48337079919
29,1843,"V",62.1241329199394
29,1844,"U",1058.48337079919
29,1844,"V",62.1241329199394
29,1845,"U",1058.48337079919
29,1845,"V",62.1241329199394
29,1846,"U",1058.48337079919
29,1846,"V",62.1241329199394
29,1847,"U",1058.48337079919
29,1847,"V",62.1241329199394
29,1848,"U",1058.48337079919
29,1848,"V",62.1241329199394
29,1849,"U",1058.48337079919
29,1849,"V",62.1241329199394
29,1850,"U",1058.48337079919
29,1850,"V",62.1241329199394
29,1851,"U",1058.48337079919
29,1851,"V",62.1241329199394
29,1852,"U",1058.48337079919
29,1852,"V",62.1241329199394
29,1853,"U",1058.48337079919
29,1853,"V",62.1241329199394
29,1854,"U",1058.48337079919
29,1854,"V",62.1241329199394
29,1855,"U",1058.48337079919
29,1855,"V",62.1241329199394
29,1856,"U",1058.48337079919
29,1856,"V",62.1241329199394
29,1857,"U",1058.48337079919
29,1857,"V",62.1241329199394
29,1858,"U",1058.48337079919
29,1858,"V",62.1241329199394
29,1859,"U",1058.48337079919
29,1859,"V",62.1241329199394
29,1860,"U",1058.48337079919
29,1860,"V",62.1241329199394
29,1861,"U",1058.48337079919
29,1861,"V",62.1241329199394
29,1862,"U",1175.47811991309
29,1862,"V",68.9907474983045
29,1863,"U",1305.40436299067
29,1863,"V",76.6163327624791
29,1864,"U",1449.69142517183
29,1864,"V",85.0847781597853
29,1865,"U",1609.92661569013
29,1865,"V",94.4892454842882
29,1866,"U",1787.87268994183
29,1866,"V",104.933193754394
29,1867,"U",1985.48724164642
29,1867,"V",116.531517370703
29,1868,"U",2204.94423843405
29,1868,"V",129.411810075114
29,1869,"U",2448.65793777243
29,1869,"V",143.71576861598
29,1870,"U",2719.30944633519
29,1870,"V",159.600751561192
29,1871,"U",3019.87621499085
29,1871,"V",177.241510407674
29,1872,"U",3353.66479389022
29,1872,"V",196.832112031435
29,1873,"U",3724.34720799086
29,1873,"V",218.58807362702
29,1874,"U",4136.00135318809
29,1874,"V",242.748733622999
29,1875,"U",4593.15585745344
29,1875,"V",269.579884656091
29,1876,"U",5100.83990049873
29,1876,"V",299.376697569331
29,1877,"U",5664.63854003546
29,1877,"V",332.466968601377
29,1878,"U",6290.75415327543
29,1878,"V",369.214725489424
29,1879,"U",6986.07466959468
29,1879,"V",410.024232156651
29,1880,"U",7758.24934499155
29,1880,"V",455.344436040012
29,1881,"U",8615.77291193699
29,1881,"V",505.67390698359
29,1882,"U",9568.07903035328
29,1882,"V",561.566322030505
29,1883,"U",10625.6440677827
29,1883,"V",623.636556451985
29,1884,"U",11800.1023504337
29,1884,"V",692.567448021158
29,1885,"U",13104.3741529887
29,1885,"V",769.117308945741
29,1886,"U",14552.8078351973
29,1886,"V",854.128268098835
29,1887,"U",16161.3376889025
29,1887,"V",948.535535321016
29,1888,"U",17947.659231989
29,1888,"V",1053.37768971091
29,1889,"U",19931.4238776655
29,1889,"V",1169.8081050861
29,1890,"U",22134.455120649
29,1890,"V",1299.10763830649
29,1891,"U",24580.988618532
29,1891,"V",1442.69872004528
29,1892,"U",27297.9388094685
29,1892,"V",1602.16100302016
29,1893,"U",30315.1949992638
29,1893,"V",1779.24873983253
29,1894,"U",33665.9501751324
29,1894,"V",1975.91008158858
29,1895,"U",37387.0661634219
29,1895,"V",2194.30850960778
29,1896,"U",41519.479148418
29,1896,"V",2436.84663598963
29,1897,"U",46108.6500133695
29,1897,"V",2706.19263487037
29,1898,"U",51205.0644579534
29,1898,"V",3005.30959514096
29,1899,"U",56864.7883939979
29,1899,"V",3337.48811753714
29,1900,"U",63150.0847293998
29,1900,"V",3706.38251470362
29,1901,"U",70130.0983255108
29,1901,"V",4116.05101247169
29,1902,"U",77881.6166632325
29,1902,"V",4571.00039460546
29,1903,"U",86489.9145859632
29,1903,"V",5076.23558215724
29,1904,"U",96049.6924124437
29,1904,"V",5637.31469285593
29,1905,"U",106666.117739724
29,1905,"V",6260.41018623962
29,1906,"U",118455.982397197
29,1906,"V",6952.376767194
29,1907,"U",131548.987279392
29,1907,"V",7720.8267949056
29,1908,"U",146089.169192041
29,1908,"V",8574.21402680838
29,1909,"U",162236.485408233
29,1909,"V",9521.92661879518
29,1910,"U",180168.573366421
29,1910,"V",10574.3904047925
29,1911,"U",200082.704868827
29,1911,"V",11743.1835918849
29,1912,"U",222197.956278471
29,1912,"V",13041.1641327537
29,1913,"U",246757.618589259
29,1913,"V",14482.6111766616
29,1914,"U",274031.873882459
29,1914,"V",16083.3821550926
29,1915,"U",304320.767613376
29,1915,"V",17861.0872301535
29,1916,"U",337957.509426505
29,1916,"V",19835.2830248544
29,1917,"U",375312.138811608
29,1917,"V",22027.6877665019
29,1918,"U",416795.59592676
29,1918,"V",24462.4202100117
29,1919,"U",462864.242371716
29,1919,"V",27166.2649695445
29,1920,"U",514024.881644838
29,1920,"V",30168.9671773958
29,1921,"U",570840.334513892
29,1921,"V",33503.5597116919
29,1922,"U",633935.630635643
29,1922,"V",37206.7265927466
29,1923,"U",704004.884538565
29,1923,"V",41319.2065458133
29,1924,"U",781818.931611724
29,1924,"V",45886.241169854
29,1925,"U",868233.808103659
29,1925,"V",50958.0726426449
29,1926,"U",964200.168420272
29,1926,"V",56590.4964375041
29,1927,"U",1070773.74332178
29,1927,"V",62845.4751321014
29,1928,"U",1189126.95406996
29,1928,"V",69791.8200618947
29,1929,"U",1320561.81029345
29,1929,"V",77505.9483170943
29,1930,"U",1466524.2334612
29,1930,"V",86072.7234109186
29,1931,"U",1628619.96353738
29,1931,"V",95586.3888673763
29,1932,"U",1808632.22380748
29,1932,"V",106151.604999015
29,1933,"U",2008541.33820748
29,1933,"V",117884.600280288
29,1934,"U",2230546.51696713
29,1934,"V",130914.449982855
29,1935,"U",2477090.05023241
29,1935,"V",145384.496139138
29,1936,"U",2750884.17582228
29,1936,"V",161453.92445524
29,1937,"U",3054940.9166935
29,1937,"V",179299.515520905
29,1938,"U",3392605.21635687
29,1938,"V",199117.589581687
29,1939,"U",3767591.73676896
29,1939,"V",221126.166267854
29,1940,"U",4184025.72351542
29,1940,"V",245567.363039309
29,1941,"U",4646488.38784525
29,1941,"V",272710.058731962
29,1942,"U",5160067.30480637
29,1942,"V",302852.851507329
29,1943,"U",5730412.38191483
29,1943,"V",336327.343745942
29,1944,"U",6363798.01407159
29,1944,"V",373501.79002182
29,1945,"U",7067192.10849693
29,1945,"V",414785.148289591
29,1946,"U",7848332.73902828
29,1946,"V",460631.578851515
29,1947,"U",8715813.27306014
29,1947,"V",511545.440597842
29,1948,"U",9679176.90761111
29,1948,"V",568086.839484337
29,1949,"U",10749021.6545149
29,1949,"V",630877.790286118
29,1950,"U",22331126.4997523
29,1950,"V",1662695.58589725
29,1951,"U",22576546.3710986
29,1951,"V",1484935.34398876
29,1952,"U",21632388.4570926
29,1952,"V",1181188.46428271
29,1953,"U",21646245.8170074
29,1953,"V",1807819.87441887
29,1954,"U",21452825.11985
29,1954,"V",1176730.38666254
29,1955,"U",22437851.4840056
29,1955,"V",1182299.9261537
29,1956,"U",20895694.157649
29,1956,"V",1415393.95282359
29,1957,"U",21330158.2959476
29,1957,"V",1600610.27673805
29,1958,"U",22484045.7834421
29,1958,"V",979744.192151924
29,1959,"U",22226755.015921
29,1959,"V",825824.421697045
29,1960,"U",22759115.1409786
29,1960,"V",792397.307501021
29,1961,"U",32041806.6111404
29,1961,"V",944801.616914719
29,1962,"U",26655424.8048171
29,1962,"V",986091.681059399
29,1963,"U",27527468.7262333
29,1963,"V",591938.067478401
29,1964,"U",42047884.914541
29,1964,"V",993659.971227223
29,1965,"U",59349563.5602411
29,1965,"V",942773.259641839
29,1966,"U",66611994.7350247
29,1966,"V",1166614.26583994
29,1967,"U",72836216.2447525
29,1967,"V",867235.497784624
29,1968,"U",78426589.0107705
29,1968,"V",1035709.02836093
29,1969,"U",74904665.2855893
29,1969,"V",953971.777813373
29,1970,"U",93121525.5481675
29,1970,"V",2912133.42744723
29,1971,"U",94392320.1511463
29,1971,"V",3692810.10908851
29,1972,"U",92943082.2208353
29,1972,"V",8447424.29148173
29,1973,"U",98527040.7223525
29,1973,"V",4882797.52748993
29,1974,"U",83290117.8600662
29,1974,"V",5280796.50310773
29,1975,"U",111292814.026103
29,1975,"V",12082458.7043757
29,1976,"U",122933482.559053
29,1976,"V",3527922.05904636
29,1977,"U",135416643.751232
29,1977,"V",4563482.16273002
29,1978,"U",139740450.865726
29,1978,"V",3747619.52953591
29,1979,"U",117508826.148413
29,1979,"V",3923646.83776282
29,1980,"U",112954723.195531
29,1980,"V",4258915.00742966
29,1981,"U",102331196.402809
29,1981,"V",4063957.83825757
29,1982,"U",124151803.313411
29,1982,"V",3578126.07770034
29,1983,"U",129487242.694724
29,1983,"V",3379786.72206281
29,1984,"U",106111966.208734
29,1984,"V",5827921.8476002
29,1985,"U",131863814.279921
29,1985,"V",5937011.47341389
29,1986,"U",132222748.708339
29,1986,"V",4788145.72417945
29,1987,"U",133463371.252867
29,1987,"V",5641090.31479098
29,1988,"U",134275546.85209
29,1988,"V",5048989.28542404
29,1989,"U",144383085.864127
29,1989,"V",6250043.50336317
29,1990,"U",93112459.3127796
29,1990,"V",4705967.66433989
29,1991,"U",82398225.7284705
29,1991,"V",4652978.56881502
29,1992,"U",85627263.0971916
29,1992,"V",5037822.356967
29,1993,"U",88239667.2625949
29,1993,"V",5701964.95902664
29,1994,"U",88328630.9058615
29,1994,"V",5956322.2104601
29,1995,"U",91842888.45329
29,1995,"V",6112982.19627633
29,1996,"U",76671615.0412914
29,1996,"V",7345235.67881503
29,1997,"U",78391546.928306
29,1997,"V",6324387.91591072
29,1998,"U",87557465.720749
29,1998,"V",8141498.40949144
29,1999,"U",89876817.2181289
29,1999,"V",7798078.25896872
29,2000,"U",101842036.501467
29,2000,"V",8213070.2811799
29,2001,"U",94251160.842897
29,2001,"V",8218509.0505428
29,2002,"U",90660912.961564
29,2002,"V",7685989.82894945
29,2003,"U",79882042.7760392
29,2003,"V",7873813.3734923
29,2004,"U",79067152.2301589
29,2004,"V",7904802.1794984
29,2005,"U",77610125.833792
29,2005,"V",7181780.72396063
29,2006,"U",71538902.6317447
29,2006,"V",7078724.27217953
29,2007,"U",81738723.0003446
29,2007,"V",7206421.96660437
29,2008,"U",88830394.1861486
29,2008,"V",7218548.2114186
29,2009,"U",75165670.0287135
29,2009,"V",5741722.77562993
29,2010,"U",79407890.4512075
29,2010,"V",5702923.35191964
29,2011,"U",77441938.5325114
29,2011,"V",4264110.85789534
29,2012,"U",80975323.3120154
29,2012,"V",3345826.41573226
29,2013,"U",94585087.4465208
29,2013,"V",4653406.22139761
29,2014,"U",107906524.244721
29,2014,"V",6741664.40327879
29,2015,"U",96287345.608947
29,2015,"V",7589789.67372116
29,2016,"U",115108607.218261
29,2016,"V",6562260.48749094
29,2017,"U",104358012.803534
29,2017,"V",6782684.88720957
30,1841,"U",3410.59433926445
30,1841,"V",225.809045301633
30,1842,"U",3410.59433926445
30,1842,"V",225.809045301633
30,1843,"U",3410.59433926445
30,1843,"V",225.809045301633
30,1844,"U",3410.59433926445
30,1844,"V",225.809045301633
30,1845,"U",3410.59433926445
30,1845,"V",225.809045301633
30,1846,"U",3410.59433926445
30,1846,"V",225.809045301633
30,1847,"U",3410.59433926445
30,1847,"V",225.809045301633
30,1848,"U",3410.59433926445
30,1848,"V",225.809045301633
30,1849,"U",3410.59433926445
30,1849,"V",225.809045301633
30,1850,"U",3410.59433926445
30,1850,"V",225.809045301633
30,1851,"U",3410.59433926445
30,1851,"V",225.809045301633
30,1852,"U",3410.59433926445
30,1852,"V",225.809045301633
30,1853,"U",3410.59433926445
30,1853,"V",225.809045301633
30,1854,"U",3410.59433926445
30,1854,"V",225.809045301633
30,1855,"U",3410.59433926445
30,1855,"V",225.809045301633
30,1856,"U",3410.59433926445
30,1856,"V",225.809045301633
30,1857,"U",3410.59433926445
30,1857,"V",225.809045301633
30,1858,"U",3410.59433926445
30,1858,"V",225.809045301633
30,1859,"U",3410.59433926445
30,1859,"V",225.809045301633
30,1860,"U",3410.59433926445
30,1860,"V",225.809045301633
30,1861,"U",3410.59433926445
30,1861,"V",225.809045301633
30,1862,"U",3756.678271538
30,1862,"V",248.722612430164
30,1863,"U",4137.88044898082
30,1863,"V",273.961292611
30,1864,"U",4557.764432419
30,1864,"V",301.761022513229
30,1865,"U",5020.25538861091
30,1865,"V",332.381680055532
30,1866,"U",5529.67678355872
30,1866,"V",366.109513801425
30,1867,"U",6090.79079920815
30,1867,"V",403.259818873028
30,1868,"U",6708.84285136221
30,1868,"V",444.179884398535
30,1869,"U",7389.61062496592
30,1869,"V",489.252240046299
30,1870,"U",8139.45808516355
30,1870,"V",538.898231995489
30,1871,"U",8965.39496902484
30,1871,"V",593.581961771557
30,1872,"U",9875.14231409895
30,1872,"V",653.814624768699
30,1873,"U",10877.2046363402
30,1873,"V",720.159289014767
30,1874,"U",11980.9494321815
30,1874,"V",793.236158854209
30,1875,"U",13196.694747925
30,1875,"V",873.728372752965
30,1876,"U",14535.8056350802
30,1876,"V",962.388389425241
30,1877,"U",16010.8003933367
30,1877,"V",1060.04502198115
30,1878,"U",17635.4675943537
30,1878,"V",1167.61118585206
30,1879,"U",19424.9949803216
30,1879,"V",1286.09243292224
30,1880,"U",21396.1114422806
30,1880,"V",1416.59635164664
30,1881,"U",23567.2434054301
30,1881,"V",1560.34292102856
30,1882,"U",25958.6870833547
30,1882,"V",1718.67591524835
30,1883,"U",28592.798211449
30,1883,"V",1893.07546555712
30,1884,"U",31494.2010331829
30,1884,"V",2085.1718968649
30,1885,"U",34690.0184928857
30,1885,"V",2296.76096837241
30,1886,"U",38210.1257869288
30,1886,"V",2529.82066071877
30,1887,"U",42087.4296435542
30,1887,"V",2786.52966657426
30,1888,"U",46358.1759421236
30,1888,"V",3069.2877575331
30,1889,"U",51062.2885474791
30,1889,"V",3380.73821770003
30,1890,"U",56243.742526911
30,1890,"V",3723.79255368482
30,1891,"U",61950.9752386461
30,1891,"V",4101.65771199888
30,1892,"U",68237.3391348014
30,1892,"V",4517.86605828835
30,1893,"U",75161.6005117102
30,1893,"V",4976.30839865649
30,1894,"U",82788.4888700279
30,1894,"V",5481.27035176443
30,1895,"U",91189.3020201842
30,1895,"V",6037.4724117266
30,1896,"U",100442.572589809
30,1896,"V",6650.1140763156
30,1897,"U",110634.802163811
30,1897,"V",7324.92245299775
30,1898,"U",121861.269919998
30,1898,"V",8068.20579717897
30,1899,"U",134226.923319542
30,1899,"V",8886.91248314743
30,1900,"U",147847.359178655
30,1900,"V",9788.69595898638
30,1901,"U",162849.904292796
30,1901,"V",10781.9862926733
30,1902,"U",179374.805715176
30,1902,"V",11876.0689781843
30,1903,"U",197576.541816733
30,1903,"V",13081.1717383124
30,1904,"U",217625.266383522
30,1904,"V",14408.5601356434
30,1905,"U",239708.399251325
30,1905,"V",15870.6428854854
30,1906,"U",264032.378346958
30,1906,"V",17481.0878552342
30,1907,"U",290824.589514939
30,1907,"V",19254.9498345706
30,1908,"U",320335.492169796
30,1908,"V",21208.811270909
30,1909,"U",352840.960645088
30,1909,"V",23360.937285717
30,1910,"U",388644.863126681
30,1910,"V",25731.4464208447
30,1911,"U",428081.902278592
30,1911,"V",28342.4987110261
30,1912,"U",471520.744116278
30,1912,"V",31218.5028407029
30,1913,"U",519367.464376662
30,1913,"V",34386.3443217104
30,1914,"U",572069.344602394
30,1914,"V",37875.6368248874
30,1915,"U",630119.053427042
30,1915,"V",41718.9990151146
30,1916,"U",694059.252148446
30,1916,"V",45952.3594776758
30,1917,"U",764487.6676446
30,1917,"V",50615.2925864907
30,1918,"U",842062.680054394
30,1918,"V",55751.3884539621
30,1919,"U",927509.477458353
30,1919,"V",61408.6604208273
30,1920,"U",1021626.83509437
30,1920,"V",67639.9938952991
30,1921,"U",1125294.58248239
30,1921,"V",74503.6407373647
30,1922,"U",1239481.82826192
30,1922,"V",82063.7638098313
30,1923,"U",1365256.01963035
30,1923,"V",90391.0367867214
30,1924,"U",1503792.92107144
30,1924,"V",99563.3048261401
30,1925,"U",1656387.60565711
30,1925,"V",109666.312283728
30,1926,"U",1824466.56167245
30,1926,"V",120794.504269557
30,1927,"U",2009601.02773789
30,1927,"V",133051.909541531
30,1928,"U",2213521.68108975
30,1928,"V",146553.112988846
30,1929,"U",2438134.81632702
30,1929,"V",161424.326796429
30,1930,"U",2685540.16586797
30,1930,"V",177804.570303902
30,1931,"U",2958050.52870493
30,1931,"V",195846.969588563
30,1932,"U",3258213.39095241
30,1932,"V",215720.188921276
30,1933,"U",3588834.7403009
30,1933,"V",237610.007476718
30,1934,"U",3953005.29699981
30,1934,"V",261721.056037504
30,1935,"U",4354129.4065823
30,1935,"V",288278.729927217
30,1936,"U",4795956.86442767
30,1936,"V",317531.296054923
30,1937,"U",5282617.96966311
30,1937,"V",349752.213768154
30,1938,"U",5818662.13609874
30,1938,"V",385242.691210406
30,1939,"U",6409100.42113612
30,1939,"V",424334.50108029
30,1940,"U",7059452.37022271
30,1940,"V",467393.082114869
30,1941,"U",7775797.61476237
30,1941,"V",514820.955290414
30,1942,"U",8564832.70583167
30,1942,"V",567061.486676
30,1943,"U",9433933.71499495
30,1943,"V",624603.032115898
30,1944,"U",10391225.1874247
30,1944,"V",687983.502486168
30,1945,"U",11445656.0919168
30,1945,"V",757795.392202502
30,1946,"U",12607083.4777952
30,1946,"V",834691.317986788
30,1947,"U",13886364.6207528
30,1947,"V",919390.119670113
30,1948,"U",15295458.5190245
30,1948,"V",1012683.58006379
30,1949,"U",16847537.6887025
30,1949,"V",1115443.82671721
30,1950,"U",22542333.0366219
30,1950,"V",3997058.1817977
30,1951,"U",25320863.5254078
30,1951,"V",1407082.39421394
30,1952,"U",26123987.3977432
30,1952,"V",1654857.90414795
30,1953,"U",26706261.0751719
30,1953,"V",1029455.74885185
30,1954,"U",27559455.23538
30,1954,"V",1641018.35365373
30,1955,"U",29166234.8286451
30,1955,"V",2132329.4893228
30,1956,"U",29271436.8645885
30,1956,"V",1579412.10196535
30,1957,"U",32485837.2193202
30,1957,"V",1138251.31284718
30,1958,"U",30946392.9759059
30,1958,"V",1545154.52946969
30,1959,"U",32414810.5526953
30,1959,"V",1083947.49241614
30,1960,"U",36489657.1895301
30,1960,"V",1336442.17590038
30,1961,"U",39189498.1803212
30,1961,"V",1627240.98254557
30,1962,"U",81178656.7632863
30,1962,"V",1642659.23523494
30,1963,"U",44455369.2693699
30,1963,"V",1989776.39779967
30,1964,"U",42201703.3582112
30,1964,"V",16315733.3893564
30,1965,"U",51265602.0471119
30,1965,"V",7611421.44398837
30,1966,"U",58559405.2407436
30,1966,"V",3424723.74015076
30,1967,"U",59944576.4140554
30,1967,"V",5957781.94470158
30,1968,"U",62044698.584502
30,1968,"V",7080098.8212161
30,1969,"U",60448663.735324
30,1969,"V",9322716.86653321
30,1970,"U",68404143.1260139
30,1970,"V",11070360.4473087
30,1971,"U",71426334.9046692
30,1971,"V",14226425.4659411
30,1972,"U",71701128.1161779
30,1972,"V",13718240.7410318
30,1973,"U",72177366.4373889
30,1973,"V",13676619.3051057
30,1974,"U",74279852.5968407
30,1974,"V",13033532.0442179
30,1975,"U",43440520.3615096
30,1975,"V",16087907.5835843
30,1976,"U",48076699.3379625
30,1976,"V",14492693.0564131
30,1977,"U",45281952.4020387
30,1977,"V",16960658.35129
30,1978,"U",41906751.3642881
30,1978,"V",15923304.1199411
30,1979,"U",41554807.4007843
30,1979,"V",15181835.9086102
30,1980,"U",44117673.3991026
30,1980,"V",17947642.9678479
30,1981,"U",48806997.9367653
30,1981,"V",16969548.3902732
30,1982,"U",50771204.6927895
30,1982,"V",15192084.6327035
30,1983,"U",55462282.0672284
30,1983,"V",14115645.8779009
30,1984,"U",65783035.8847858
30,1984,"V",13568046.787983
30,1985,"U",68263886.1019633
30,1985,"V",15124035.678867
30,1986,"U",78910775.5544486
30,1986,"V",12987851.102985
30,1987,"U",94809044.7645031
30,1987,"V",17940792.2629798
30,1988,"U",102485961.757903
30,1988,"V",17879908.04161
30,1989,"U",107002936.085885
30,1989,"V",18602634.0221277
30,1990,"U",111229993.192929
30,1990,"V",19899633.5346522
30,1991,"U",112072424.478955
30,1991,"V",20958865.5458142
30,1992,"U",110578833.554128
30,1992,"V",22856847.8617427
30,1993,"U",110630554.492946
30,1993,"V",23254013.1776099
30,1994,"U",104509962.620775
30,1994,"V",31366345.0304156
30,1995,"U",96679183.6195794
30,1995,"V",30074568.3472703
30,1996,"U",100575416.640525
30,1996,"V",28993666.775608
30,1997,"U",101574221.542028
30,1997,"V",30898123.9511892
30,1998,"U",99245240.2618295
30,1998,"V",30130796.7564233
30,1999,"U",116437200.223378
30,1999,"V",31747262.6766457
30,2000,"U",108354133.01705
30,2000,"V",36186816.2807447
30,2001,"U",126553828.941449
30,2001,"V",33789022.5724659
30,2002,"U",147020849.654146
30,2002,"V",35480747.6277531
30,2003,"U",169463751.572634
30,2003,"V",29022196.5541597
30,2004,"U",187172797.829807
30,2004,"V",26891176.2043278
30,2005,"U",190540846.35881
30,2005,"V",25616938.2979053
30,2006,"U",184128237.675083
30,2006,"V",29342399.1745306
30,2007,"U",181098758.178955
30,2007,"V",32631699.2729503
30,2008,"U",182801579.277036
30,2008,"V",21411365.3873999
30,2009,"U",187878586.542918
30,2009,"V",24307748.280201
30,2010,"U",198717531.273116
30,2010,"V",9913209.80255265
30,2011,"U",211840134.755954
30,2011,"V",8184451.74367222
30,2012,"U",186137153.122091
30,2012,"V",30618635.4036031
30,2013,"U",207605003.777016
30,2013,"V",19371362.8702181
30,2014,"U",174764908.738008
30,2014,"V",51935928.7724218
30,2015,"U",211607540.743866
30,2015,"V",17439271.2795744
30,2016,"U",186233354.113639
30,2016,"V",49528636.4398907
30,2017,"U",212412094.537471
30,2017,"V",21243706.0158433
31,1841,"U",79.9158094899519
31,1841,"V",2.06576431418844
31,1842,"U",79.9158094899519
31,1842,"V",2.06576431418844
31,1843,"U",79.9158094899519
31,1843,"V",2.06576431418844
31,1844,"U",79.9158094899519
31,1844,"V",2.06576431418844
31,1845,"U",79.9158094899519
31,1845,"V",2.06576431418844
31,1846,"U",79.9158094899519
31,1846,"V",2.06576431418844
31,1847,"U",79.9158094899519
31,1847,"V",2.06576431418844
31,1848,"U",79.9158094899519
31,1848,"V",2.06576431418844
31,1849,"U",79.9158094899519
31,1849,"V",2.06576431418844
31,1850,"U",79.9158094899519
31,1850,"V",2.06576431418844
31,1851,"U",79.9158094899519
31,1851,"V",2.06576431418844
31,1852,"U",79.9158094899519
31,1852,"V",2.06576431418844
31,1853,"U",79.9158094899519
31,1853,"V",2.06576431418844
31,1854,"U",79.9158094899519
31,1854,"V",2.06576431418844
31,1855,"U",79.9158094899519
31,1855,"V",2.06576431418844
31,1856,"U",79.9158094899519
31,1856,"V",2.06576431418844
31,1857,"U",79.9158094899519
31,1857,"V",2.06576431418844
31,1858,"U",79.9158094899519
31,1858,"V",2.06576431418844
31,1859,"U",79.9158094899519
31,1859,"V",2.06576431418844
31,1860,"U",79.9158094899519
31,1860,"V",2.06576431418844
31,1861,"U",79.9158094899519
31,1861,"V",2.06576431418844
31,1862,"U",89.7741594531025
31,1862,"V",2.32059533799504
31,1863,"U",100.848627536258
31,1863,"V",2.60686211187634
31,1864,"U",113.289233092298
31,1864,"V",2.92844252467053
31,1865,"U",127.26450174075
31,1865,"V",3.28969283846231
31,1866,"U",142.963748285996
31,1866,"V",3.6955067003227
31,1867,"U",160.599641254395
31,1867,"V",4.15138143368878
31,1868,"U",180.411083790575
31,1868,"V",4.66349250739291
31,1869,"U",202.666449938897
31,1869,"V",5.23877719113477
31,1870,"U",227.66722014992
31,1870,"V",5.88502853062285
31,1871,"U",255.752065260041
31,1871,"V",6.61100091541479
31,1872,"U",287.301434267564
31,1872,"V",7.42652866952077
31,1873,"U",322.742708053067
31,1873,"V",8.34265927124711
31,1874,"U",362.555988858808
31,1874,"V",9.37180300693816
31,1875,"U",407.280603953352
31,1875,"V",10.5279010858763
31,1876,"U",457.522411583151
31,1876,"V",11.8266144937035
31,1877,"U",513.962008180608
31,1877,"V",13.285536142653
31,1878,"U",577.363948006365
31,1878,"V",14.9244291924549
31,1879,"U",648.587100119569
31,1879,"V",16.7654947703237
31,1880,"U",728.596282975545
31,1880,"V",18.8336727166664
31,1881,"U",818.475334257908
31,1881,"V",21.1569794305347
31,1882,"U",919.44179299519
31,1882,"V",23.766887391433
31,1883,"U",1032.86339285059
31,1883,"V",26.6987514986083
31,1884,"U",1160.27659001188
31,1884,"V",29.9922880032411
31,1885,"U",1303.40737666591
31,1885,"V",33.6921125213022
31,1886,"U",1464.19466200698
31,1886,"V",37.8483444152504
31,1887,"U",1644.81653750774
31,1887,"V",42.5172857317763
31,1888,"U",1847.7197822527
31,1888,"V",47.7621838927576
31,1889,"U",2075.6530080255
31,1889,"V",53.6540884711439
31,1890,"U",2331.70389314793
31,1890,"V",60.2728136580396
31,1891,"U",2619.34100945566
31,1891,"V",67.7080194589552
31,1892,"U",2942.46080901542
31,1892,"V",76.0604262655484
31,1893,"U",3305.44040708577
31,1893,"V",85.4431792559499
31,1894,"U",3713.19687634217
31,1894,"V",95.983381106439
31,1895,"U",4171.25385558931
31,1895,"V",107.823813777182
31,1896,"U",4685.81637527074
31,1896,"V",121.124872696074
31,1897,"U",5263.85491339369
31,1897,"V",136.06673954196
31,1898,"U",5913.19982052381
31,1898,"V",152.85182306061
31,1899,"U",6642.64739297307
31,1899,"V",171.707500977838
31,1900,"U",7462.07903108936
31,1900,"V",192.889200152774
31,1901,"U",8382.59509681748
31,1901,"V",216.683856696387
31,1902,"U",9416.66528382079
31,1902,"V",243.413802927442
31,1903,"U",10578.2975371415
31,1903,"V",273.441133820236
31,1904,"U",11883.2278106513
31,1904,"V",307.172612093751
31,1905,"U",13349.1332328312
31,1905,"V",345.065178388725
31,1906,"U",14995.8715685108
31,1906,"V",387.632141175741
31,1907,"U",16845.7502204115
31,1907,"V",435.450130245299
31,1908,"U",18923.8284145082
31,1908,"V",489.166907974967
31,1909,"U",21258.2566627292
31,1909,"V",549.510144188005
31,1910,"U",23880.6581015088
31,1910,"V",617.297273471711
31,1911,"U",26826.5568719468
31,1911,"V",693.446568486331
31,1912,"U",30135.8593446103
31,1912,"V",778.989579268736
31,1913,"U",33853.3947078325
31,1913,"V",875.085107038414
31,1914,"U",38029.5222425531
31,1914,"V",983.034901800993
31,1915,"U",42720.8135100917
31,1915,"V",1104.30129639547
31,1916,"U",47990.8186940588
31,1916,"V",1240.52701586335
31,1917,"U",53910.9274775854
31,1917,"V",1393.55743048563
31,1918,"U",60561.3361176788
31,1918,"V",1565.46555393651
31,1919,"U",68032.1338170891
31,1919,"V",1758.58012518919
31,1920,"U",76424.5231101371
31,1920,"V",1975.51715458305
31,1921,"U",85852.1907943567
31,1921,"V",2219.21536138827
31,1922,"U",96442.8479791562
31,1922,"V",2492.97598291977
31,1923,"U",108339.960113657
31,1923,"V",2800.50749447182
31,1924,"U",121704.690429357
31,1924,"V",3145.97584586726
31,1925,"U",136718.083124335
31,1925,"V",3534.06089514755
31,1926,"U",153583.515863275
31,1926,"V",3970.0198038767
31,1927,"U",172529.454815961
31,1927,"V",4459.75825283997
31,1928,"U",193812.54955507
31,1928,"V",5009.91044285276
31,1929,"U",217721.109738077
31,1929,"V",5627.92896440565
31,1930,"U",244579.010669848
31,1930,"V",6322.18575355621
31,1931,"U",274750.080652285
31,1931,"V",7102.08550165843
31,1932,"U",308643.029553896
31,1932,"V",7978.19305522536
31,1933,"U",346716.985363754
31,1933,"V",8962.37653173609
31,1934,"U",389487.713730261
31,1934,"V",10067.9680900934
31,1935,"U",437534.604737264
31,1935,"V",11309.944533596
31,1936,"U",491508.521563206
31,1936,"V",12705.1301919484
31,1937,"U",552140.617344576
31,1937,"V",14272.4248306314
31,1938,"U",620252.239680545
31,1938,"V",16033.0596749899
31,1939,"U",696766.056949294
31,1939,"V",18010.8850172457
31,1940,"U",782718.55715783
31,1940,"V",20232.6933024812
31,1941,"U",879274.0886398
31,1941,"V",22728.5820702478
31,1942,"U",987740.632802514
31,1942,"V",25532.3616683617
31,1943,"U",1109587.52258738
31,1943,"V",28682.0132619438
31,1944,"U",1246465.34666531
31,1944,"V",32220.2033420869
31,1945,"U",1400228.3089977
31,1945,"V",36194.8617038981
31,1946,"U",1572959.34665484
31,1946,"V",40659.8307234476
31,1947,"U",1766998.34614819
31,1947,"V",45675.5947289987
31,1948,"U",1984973.84050675
31,1948,"V",51310.099346888
31,1949,"U",2229838.6164792
31,1949,"V",57639.6719212512
31,1950,"U",7774564.23768064
31,1951,"U",7931442.5287375
31,1952,"U",7821093.38305901
31,1953,"U",7878866.50133297
31,1953,"V",47815.5342343554
31,1954,"U",8170728.08926366
31,1954,"V",54310.3492166437
31,1955,"U",8046968.14179839
31,1955,"V",69012.0008864686
31,1956,"U",7978978.03382253
31,1956,"V",87634.7681872324
31,1957,"U",7477260.58398411
31,1957,"V",53998.2830632098
31,1958,"U",7710078.96207686
31,1958,"V",55229.8250235807
31,1959,"U",8258855.20291988
31,1959,"V",36498.8508645257
31,1960,"U",8733695.68681516
31,1960,"V",215492.85314144
31,1961,"U",11523306.406602
31,1961,"V",253077.97060337
31,1962,"U",7678789.17785964
31,1962,"V",202512.613619551
31,1963,"U",7892459.30915267
31,1963,"V",423738.893008478
31,1964,"U",8631208.96953802
31,1964,"V",322667.97125409
31,1965,"U",10748091.4806169
31,1965,"V",320355.023804189
31,1966,"U",10208639.5453716
31,1966,"V",326446.285570285
31,1967,"U",10626364.6353527
31,1967,"V",367912.023720875
31,1968,"U",9735775.14243189
31,1968,"V",474804.748796528
31,1969,"U",11033567.481681
31,1969,"V",387591.314977575
31,1970,"U",10290590.7330119
31,1970,"V",370045.228521139
31,1971,"U",8903819.7243577
31,1971,"V",240883.852440719
31,1972,"U",9909694.52193809
31,1972,"V",237741.052381089
31,1973,"U",10253243.6947777
31,1973,"V",723362.2054466
31,1974,"U",9775099.30600475
31,1974,"V",713648.542178078
31,1975,"U",10397163.0358412
31,1975,"V",2168605.84317496
31,1976,"U",11520164.2766905
31,1976,"V",928863.821499338
31,1977,"U",13833811.0736982
31,1977,"V",1185886.35814701
31,1978,"U",19003175.627204
31,1978,"V",1187671.68784384
31,1979,"U",17408578.3187844
31,1979,"V",1235430.50960893
31,1980,"U",22647876.3726335
31,1980,"V",2610324.0732511
31,1981,"U",29578737.1938842
31,1981,"V",1847335.46731282
31,1982,"U",17454654.7357924
31,1982,"V",941468.971752229
31,1983,"U",13702601.9459259
31,1983,"V",1446096.77697976
31,1984,"U",16754506.1715078
31,1984,"V",5526486.18079227
31,1985,"U",29763370.6813144
31,1985,"V",1545556.64376538
31,1986,"U",24151831.3194154
31,1986,"V",702916.974795553
31,1987,"U",19557235.279289
31,1987,"V",1435984.9741987
31,1988,"U",17408913.5538621
31,1988,"V",1373244.7364579
31,1989,"U",9491400.20179919
31,1989,"V",553150.28073473
31,1990,"U",11637242.9616131
31,1990,"V",533847.107109346
31,1991,"U",12960808.3213342
31,1991,"V",818014.219768086
31,1992,"U",12682492.7301551
31,1992,"V",632792.236025278
31,1993,"U",14309498.8404571
31,1993,"V",913298.640122833
31,1994,"U",14154366.5489143
31,1994,"V",865109.529469901
31,1995,"U",13926000.8946192
31,1995,"V",828414.69647633
31,1996,"U",10917362.635681
31,1996,"V",831703.919753714
31,1997,"U",11782121.9241819
31,1997,"V",926556.462703548
31,1998,"U",13447949.58656
31,1998,"V",1406231.30546164
31,1999,"U",13767641.4575482
31,1999,"V",825212.787235761
31,2000,"U",14040020.8713009
31,2000,"V",1239097.97180986
31,2001,"U",18229665.6330683
31,2001,"V",1214060.08661841
31,2002,"U",21965927.9767862
31,2002,"V",1328416.51461237
31,2003,"U",24775323.3130775
31,2003,"V",1036205.49443731
31,2004,"U",27146181.2784404
31,2004,"V",1060227.49995932
31,2005,"U",29654448.6583248
31,2005,"V",1177182.62539089
31,2006,"U",34959685.5024314
31,2006,"V",1447529.33495137
31,2007,"U",40519788.0366039
31,2007,"V",1645364.28808734
31,2008,"U",46537589.5046389
31,2008,"V",1449522.30529038
31,2009,"U",62508845.9516705
31,2009,"V",1735350.56076191
31,2010,"U",68258876.0416246
31,2010,"V",1927313.84208658
31,2011,"U",73642731.6309475
31,2011,"V",1995018.0399458
31,2012,"U",89024073.8601149
31,2012,"V",2362998.38865437
31,2013,"U",76439450.9629376
31,2013,"V",2489538.46100361
31,2014,"U",101219741.587955
31,2014,"V",2428913.93007985
31,2015,"U",84055881.364294
31,2015,"V",2573687.7219313
31,2016,"U",96126790.1616208
31,2016,"V",2995533.92153548
31,2017,"U",83624411.8947293
31,2017,"V",1926832.06002056
32,1841,"U",693825.504552445
32,1841,"V",56987.9390131387
32,1842,"U",693825.504552445
32,1842,"V",56987.9390131387
32,1843,"U",693825.504552445
32,1843,"V",56987.9390131387
32,1844,"U",693825.504552445
32,1844,"V",56987.9390131387
32,1845,"U",693825.504552445
32,1845,"V",56987.9390131387
32,1846,"U",693825.504552445
32,1846,"V",56987.9390131387
32,1847,"U",693825.504552445
32,1847,"V",56987.9390131387
32,1848,"U",693825.504552445
32,1848,"V",56987.9390131387
32,1849,"U",693825.504552445
32,1849,"V",56987.9390131387
32,1850,"U",693825.504552445
32,1850,"V",56987.9390131387
32,1851,"U",693825.504552445
32,1851,"V",56987.9390131387
32,1852,"U",693825.504552445
32,1852,"V",56987.9390131387
32,1853,"U",693825.504552445
32,1853,"V",56987.9390131387
32,1854,"U",693825.504552445
32,1854,"V",56987.9390131387
32,1855,"U",693825.504552445
32,1855,"V",56987.9390131387
32,1856,"U",693825.504552445
32,1856,"V",56987.9390131387
32,1857,"U",693825.504552445
32,1857,"V",56987.9390131387
32,1858,"U",693825.504552445
32,1858,"V",56987.9390131387
32,1859,"U",693825.504552445
32,1859,"V",56987.9390131387
32,1860,"U",693825.504552445
32,1860,"V",56987.9390131387
32,1861,"U",693825.504552445
32,1861,"V",56987.9390131387
32,1862,"U",733278.165876969
32,1862,"V",60228.4163993341
32,1863,"U",774974.204643514
32,1863,"V",63653.1554709395
32,1864,"U",819041.184929514
32,1864,"V",67272.6338103124
32,1865,"U",865613.924426477
32,1865,"V",71097.9247814761
32,1866,"U",914834.906898457
32,1866,"V",75140.7314077464
32,1867,"U",966854.718094364
32,1867,"V",79413.4221757511
32,1868,"U",1021832.50644706
32,1868,"V",83929.0688753373
32,1869,"U",1079936.46996923
32,1869,"V",88701.48659117
32,1870,"U",1141344.37083501
32,1870,"V",93745.2759683299
32,1871,"U",1206244.07922245
32,1871,"V",99075.8678812623
32,1872,"U",1274834.14807987
32,1872,"V",104709.5706427
32,1873,"U",1347324.42057505
32,1873,"V",110663.619897011
32,1874,"U",1423936.67208564
32,1874,"V",116956.231350607
32,1875,"U",1504905.28869422
32,1875,"V",123606.656500724
32,1876,"U",1590477.98426508
32,1876,"V",130635.241533105
32,1877,"U",1680916.558295
32,1877,"V",138063.489568723
32,1878,"U",1776497.69685808
32,1878,"V",145914.126450041
32,1879,"U",1877513.81909353
32,1879,"V",154211.170268012
32,1880,"U",1984273.97182764
32,1880,"V",162980.004842592
32,1881,"U",2097104.77506555
32,1881,"V",172247.457381503
32,1882,"U",2216351.42124651
32,1882,"V",182041.880554899
32,1883,"U",2342378.73131924
32,1883,"V",192393.239237005
32,1884,"U",2475572.27086798
32,1884,"V",203333.202180055
32,1885,"U",2616339.52970481
32,1885,"V",214895.238901111
32,1886,"U",2765111.16853643
32,1886,"V",227114.722078065
32,1887,"U",2922342.33651909
32,1887,"V",240029.035768134
32,1888,"U",3088514.0637337
32,1888,"V",253677.689779957
32,1889,"U",3264134.73284003
32,1889,"V",268102.440549149
32,1890,"U",3449741.63441313
32,1890,"V",283347.418887165
32,1891,"U",3645902.61072004
32,1891,"V",299459.264994272
32,1892,"U",3853217.79296568
32,1892,"V",316487.271149701
32,1893,"U",4072321.43732309
32,1893,"V",334483.532515518
32,1894,"U",4303883.86536464
32,1894,"V",353503.106515582
32,1895,"U",4548613.51483155
32,1895,"V",373604.181277203
32,1896,"U",4807259.10701484
32,1896,"V",394848.253650799
32,1897,"U",5080611.93737913
32,1897,"V",417300.317352198
32,1898,"U",5369508.29643713
32,1898,"V",441029.061803206
32,1899,"U",5674832.02828129
32,1899,"V",466107.082278715
32,1900,"U",5997517.23459954
32,1900,"V",492611.102003343
32,1901,"U",6338551.13244871
32,1901,"V",520622.206877006
32,1902,"U",6698977.07452768
32,1902,"V",550226.093547616
32,1903,"U",7079897.74119097
32,1903,"V",581513.331589774
32,1904,"U",7482478.51396854
32,1904,"V",614579.640591645
32,1905,"U",7907951.04091192
32,1905,"V",649526.182997656
32,1906,"U",8357617.00467508
32,1906,"V",686459.873602976
32,1907,"U",8832852.10485823
32,1907,"V",725493.706646647
32,1908,"U",9335110.26679679
32,1908,"V",766747.101504002
32,1909,"U",9865928.08967393
32,1909,"V",810346.268036114
32,1910,"U",10426929.5475624
32,1910,"V",856424.592713803
32,1911,"U",11019830.9577809
32,1911,"V",905123.046697747
32,1912,"U",11646446.2317628
32,1912,"V",956590.617122993
32,1913,"U",12308692.4245034
32,1913,"V",1010984.76290742
32,1914,"U",13008595.5995604
32,1914,"V",1068471.89647853
32,1915,"U",13748297.027556
32,1915,"V",1129227.89289256
32,1916,"U",14530059.7371396
32,1916,"V",1193438.62790328
32,1917,"U",15356275.4384555
32,1917,"V",1261300.54662687
32,1918,"U",16229471.8402949
32,1918,"V",1333021.26454226
32,1919,"U",17152320.3833218
32,1919,"V",1408820.20266621
32,1920,"U",18127644.4130282
32,1920,"V",1488929.25884569
32,1921,"U",19158427.8174232
32,1921,"V",1573593.51722188
32,1922,"U",20247824.1558856
32,1922,"V",1663071.99803599
32,1923,"U",21399166.3071028
32,1923,"V",1757638.45007085
32,1924,"U",22615976.665618
32,1924,"V",1857582.18815287
32,1925,"U",23901977.9181775
32,1925,"V",1963208.97827635
32,1926,"U",25261104.4328485
32,1926,"V",2074841.9730582
32,1927,"U",26697514.2957515
32,1927,"V",2192822.700385
32,1928,"U",28215602.0322301
32,1928,"V",2317512.10827704
32,1929,"U",29820012.0513795
32,1929,"V",2449291.66916581
32,1930,"U",31515652.8550644
32,1930,"V",2588564.54696369
32,1931,"U",33307712.0548981
32,1931,"V",2735756.83049603
32,1932,"U",35201672.2431224
32,1932,"V",2891318.83706922
32,1933,"U",37203327.7659484
32,1933,"V",3055726.49016307
32,1934,"U",39318802.4506708
32,1934,"V",3229482.77546217
32,1935,"U",41554568.3407892
32,1935,"V",3413119.27968076
32,1936,"U",43917465.4964561
32,1936,"V",3607197.81688924
32,1937,"U",46414722.9208299
32,1937,"V",3812312.14731749
32,1938,"U",49053980.6763498
32,1938,"V",4029089.79389383
32,1939,"U",51843313.2585995
32,1939,"V",4258193.96207678
32,1940,"U",54791254.2992685
32,1940,"V",4500325.56885355
32,1941,"U",57906822.6737832
32,1941,"V",4756225.38711205
32,1942,"U",61199550.0934853
32,1942,"V",5026676.31194787
32,1943,"U",64679510.2667701
32,1943,"V",5312505.75583842
32,1944,"U",68357349.7184026
32,1944,"V",5614588.18001355
32,1945,"U",72244320.3612903
32,1945,"V",5933847.76976537
32,1946,"U",76352313.9203825
32,1946,"V",6271261.26188384
32,1947,"U",80693898.3139805
32,1947,"V",6627860.93286645
32,1948,"U",85282356.1037979
32,1948,"V",7004737.75704598
32,1949,"U",90131725.1313769
32,1949,"V",7403044.74429652
32,1950,"U",116102358.891626
32,1950,"V",487599.611545578
32,1951,"U",122045174.539979
32,1951,"V",1559414.68752164
32,1952,"U",114162072.804824
32,1952,"V",2152446.96209377
32,1953,"U",120956706.217987
32,1953,"V",2046753.74739356
32,1954,"U",131750526.033925
32,1954,"V",3398759.22725319
32,1955,"U",126933181.985242
32,1955,"V",3499087.98765949
32,1956,"U",125731345.191467
32,1956,"V",4627214.80482579
32,1957,"U",118088199.130688
32,1957,"V",11367673.990542
32,1958,"U",132870690.810154
32,1958,"V",2705601.46939225
32,1959,"U",146157324.314342
32,1959,"V",2905627.71509746
32,1960,"U",175070276.52384
32,1960,"V",6201080.8073453
32,1961,"U",193139319.13578
32,1961,"V",8093390.38420419
32,1962,"U",192045139.567864
32,1962,"V",9972121.27837707
32,1963,"U",210105544.609112
32,1963,"V",14471905.3616996
32,1964,"U",222795039.960969
32,1964,"V",21347330.3708178
32,1965,"U",220869592.39665
32,1965,"V",16557082.8181961
32,1966,"U",217106492.595042
32,1966,"V",15645379.8125141
32,1967,"U",256105231.13027
32,1967,"V",22090811.337122
32,1968,"U",241717801.485321
32,1968,"V",21575661.026208
32,1969,"U",285168611.781601
32,1969,"V",26771252.2132248
32,1970,"U",295120395.773371
32,1970,"V",26418624.1174975
32,1971,"U",316561085.712238
32,1971,"V",31246472.9723076
32,1972,"U",305067706.423131
32,1972,"V",36810762.1963102
32,1973,"U",363532222.848006
32,1973,"V",44560560.9438335
32,1974,"U",333650408.996781
32,1974,"V",40108626.3157248
32,1975,"U",342140999.411812
32,1975,"V",45602387.0898922
32,1976,"U",403432690.262863
32,1976,"V",47434951.6453234
32,1977,"U",386075174.180171
32,1977,"V",39102916.2386602
32,1978,"U",413606587.141241
32,1978,"V",42066054.9866181
32,1979,"U",440520317.377032
32,1979,"V",45341493.1351676
32,1980,"U",480335952.503448
32,1980,"V",58706949.6670667
32,1981,"U",509146483.368499
32,1981,"V",54918204.0868277
32,1982,"U",535575864.671062
32,1982,"V",71947821.0298437
32,1983,"U",517144201.185263
32,1983,"V",56206671.0670278
32,1984,"U",571394003.962447
32,1984,"V",60242032.568374
32,1985,"U",690996807.163419
32,1985,"V",108577696.720763
32,1986,"U",662218433.96349
32,1986,"V",79665542.0822189
32,1987,"U",712162364.294251
32,1987,"V",87556120.684134
32,1988,"U",741484881.28187
32,1988,"V",95490347.6574974
32,1989,"U",803465019.842178
32,1989,"V",91691700.1424692
32,1990,"U",828049471.308042
32,1990,"V",112558534.1858
32,1991,"U",879526512.487161
32,1991,"V",125924421.534033
32,1992,"U",922385495.863553
32,1992,"V",136991560.289698
32,1993,"U",912904278.928716
32,1993,"V",153200289.367394
32,1994,"U",989021766.841297
32,1994,"V",175143024.417236
32,1995,"U",1038379783.40726
32,1995,"V",156892640.780905
32,1996,"U",1053490524.10403
32,1996,"V",164205440.885534
32,1997,"U",1089743739.64079
32,1997,"V",145453729.196562
32,1998,"U",1090841084.5278
32,1998,"V",176613368.830619
32,1999,"U",1176253196.98479
32,1999,"V",177616290.711698
32,2000,"U",1262430985.52892
32,2000,"V",179455192.793501
32,2001,"U",1288029976.9466
32,2001,"V",194322273.244347
32,2002,"U",1352414148.88807
32,2002,"V",183801648.019393
32,2003,"U",1430434909.69359
32,2003,"V",198388780.497425
32,2004,"U",1368441676.31047
32,2004,"V",221929130.627947
32,2005,"U",1380915583.54264
32,2005,"V",229829162.900338
32,2006,"U",1442089497.80614
32,2006,"V",235138943.443076
32,2007,"U",1459551619.1804
32,2007,"V",236020226.437636
32,2008,"U",1519714122.13131
32,2008,"V",246953184.061381
32,2009,"U",1542157109.47367
32,2009,"V",234821284.475135
32,2010,"U",1571540666.78834
32,2010,"V",221751326.078372
32,2011,"U",1586517807.62856
32,2011,"V",261597182.731688
32,2012,"U",1521046901.54478
32,2012,"V",249966830.892197
32,2013,"U",1626512981.77455
32,2013,"V",257184633.876923
32,2014,"U",1592049089.23458
32,2014,"V",216339215.69512
32,2015,"U",1612266957.63366
32,2015,"V",212573122.21468
32,2016,"U",1661030994.6551
32,2016,"V",202470550.218849
32,2017,"U",1675468638.41341
32,2017,"V",197744848.125684
33,1841,"U",5598091.57217315
33,1841,"V",962234.348492203
33,1842,"U",5598091.57217315
33,1842,"V",962234.348492203
33,1843,"U",5598091.57217315
33,1843,"V",962234.348492203
33,1844,"U",5598091.57217315
33,1844,"V",962234.348492203
33,1845,"U",5598091.57217315
33,1845,"V",962234.348492203
33,1846,"U",5598091.57217315
33,1846,"V",962234.348492203
33,1847,"U",5598091.57217315
33,1847,"V",962234.348492203
33,1848,"U",5598091.57217315
33,1848,"V",962234.348492203
33,1849,"U",5598091.57217315
33,1849,"V",962234.348492203
33,1850,"U",5598091.57217315
33,1850,"V",962234.348492203
33,1851,"U",5598091.57217315
33,1851,"V",962234.348492203
33,1852,"U",5598091.57217315
33,1852,"V",962234.348492203
33,1853,"U",5598091.57217315
33,1853,"V",962234.348492203
33,1854,"U",5598091.57217315
33,1854,"V",962234.348492203
33,1855,"U",5598091.57217315
33,1855,"V",962234.348492203
33,1856,"U",5598091.57217315
33,1856,"V",962234.348492203
33,1857,"U",5598091.57217315
33,1857,"V",962234.348492203
33,1858,"U",5598091.57217315
33,1858,"V",962234.348492203
33,1859,"U",5598091.57217315
33,1859,"V",962234.348492203
33,1860,"U",5598091.57217315
33,1860,"V",962234.348492203
33,1861,"U",5598091.57217315
33,1861,"V",962234.348492203
33,1862,"U",5596633.35637293
33,1862,"V",961983.701407856
33,1863,"U",5595175.52041617
33,1863,"V",961733.119613333
33,1864,"U",5593718.06420183
33,1864,"V",961482.603091268
33,1865,"U",5592260.98763349
33,1865,"V",961232.151825088
33,1866,"U",5590804.29061067
33,1866,"V",960981.765797523
33,1867,"U",5589347.97303418
33,1867,"V",960731.444991523
33,1868,"U",5587892.03480618
33,1868,"V",960481.189390271
33,1869,"U",5586436.47582776
33,1869,"V",960230.998976763
33,1870,"U",5584981.29599854
33,1870,"V",959980.87373375
33,1871,"U",5583526.49522196
33,1871,"V",959730.813644626
33,1872,"U",5582072.0733984
33,1872,"V",959480.81869228
33,1873,"U",5580618.03042969
33,1873,"V",959230.88885983
33,1874,"U",5579164.36621547
33,1874,"V",958981.024130025
33,1875,"U",5577711.08065844
33,1875,"V",958731.224486145
33,1876,"U",5576258.17366006
33,1876,"V",958481.489911248
33,1877,"U",5574805.64512142
33,1877,"V",958231.820388336
33,1878,"U",5573353.49494387
33,1878,"V",957982.215900449
33,1879,"U",5571901.72302804
33,1879,"V",957732.676430511
33,1880,"U",5570450.32927722
33,1880,"V",957483.201961898
33,1881,"U",5568999.31359092
33,1881,"V",957233.792477334
33,1882,"U",5567548.67587234
33,1882,"V",956984.447960182
33,1883,"U",5566098.41602226
33,1883,"V",956735.168393387
33,1884,"U",5564648.53394223
33,1884,"V",956485.953760027
33,1885,"U",5563199.02953388
33,1885,"V",956236.804043196
33,1886,"U",5561749.90269906
33,1886,"V",955987.71922602
33,1887,"U",5560301.15333935
33,1887,"V",955738.699291585
33,1888,"U",5558852.78135632
33,1888,"V",955489.744222969
33,1889,"U",5557404.78665119
33,1889,"V",955240.854003195
33,1890,"U",5555957.16912627
33,1890,"V",954992.028615475
33,1891,"U",5554509.92868327
33,1891,"V",954743.268042905
33,1892,"U",5553063.06522444
33,1892,"V",954494.572268692
33,1893,"U",5551616.5786503
33,1893,"V",954245.941275732
33,1894,"U",5550170.468864
33,1894,"V",953997.375047377
33,1895,"U",5548724.73576634
33,1895,"V",953748.873566581
33,1896,"U",5547279.3792598
33,1896,"V",953500.436816577
33,1897,"U",5545834.3992465
33,1897,"V",953252.064780544
33,1898,"U",5544389.79562731
33,1898,"V",953003.757441442
33,1899,"U",5542945.56830564
33,1899,"V",952755.514782666
33,1900,"U",5541501.71718241
33,1900,"V",952507.336787191
33,1901,"U",5540058.24216024
33,1901,"V",952259.223438272
33,1902,"U",5538615.14314023
33,1902,"V",952011.174718913
33,1903,"U",5537172.42002545
33,1903,"V",951763.190612455
33,1904,"U",5535730.0727176
33,1904,"V",951515.271101997
33,1905,"U",5534288.10111884
33,1905,"V",951267.416170724
33,1906,"U",5532846.50513114
33,1906,"V",951019.625801787
33,1907,"U",5531405.28465656
33,1907,"V",950771.899978349
33,1908,"U",5529964.43959794
33,1908,"V",950524.238683712
33,1909,"U",5528523.96985682
33,1909,"V",950276.641900952
33,1910,"U",5527083.87533564
33,1910,"V",950029.109613298
33,1911,"U",5525644.15593687
33,1911,"V",949781.641803989
33,1912,"U",5524204.81156268
33,1912,"V",949534.238456206
33,1913,"U",5522765.84211472
33,1913,"V",949286.899553042
33,1914,"U",5521327.24749672
33,1914,"V",949039.625077956
33,1915,"U",5519889.02760993
33,1915,"V",948792.415013972
33,1916,"U",5518451.18235681
33,1916,"V",948545.26934432
33,1917,"U",5517013.71164037
33,1917,"V",948298.188052332
33,1918,"U",5515576.6153625
33,1918,"V",948051.171121147
33,1919,"U",5514139.89342591
33,1919,"V",947804.218534038
33,1920,"U",5512703.54573295
33,1920,"V",947557.330274225
33,1921,"U",5511267.57218648
33,1921,"V",947310.506325004
33,1922,"U",5509831.9726886
33,1922,"V",947063.746669552
33,1923,"U",5508396.7471421
33,1923,"V",946817.051291159
33,1924,"U",5506961.89544958
33,1924,"V",946570.420173083
33,1925,"U",5505527.41751347
33,1925,"V",946323.85329855
33,1926,"U",5504093.31323652
33,1926,"V",946077.350650855
33,1927,"U",5502659.58252177
33,1927,"V",945830.912213319
33,1928,"U",5501226.22527122
33,1928,"V",945584.537969106
33,1929,"U",5499793.24138821
33,1929,"V",945338.227901597
33,1930,"U",5498360.63077515
33,1930,"V",945091.981994017
33,1931,"U",5496928.39333471
33,1931,"V",944845.800229638
33,1932,"U",5495496.52896988
33,1932,"V",944599.682591786
33,1933,"U",5494065.03758357
33,1933,"V",944353.629063774
33,1934,"U",5492633.91907855
33,1934,"V",944107.639628882
33,1935,"U",5491203.17335755
33,1935,"V",943861.714270401
33,1936,"U",5489772.80032358
33,1936,"V",943615.852971653
33,1937,"U",5488342.79987946
33,1937,"V",943370.055715938
33,1938,"U",5486913.17192829
33,1938,"V",943124.322486595
33,1939,"U",5485483.91637298
33,1939,"V",942878.65326694
33,1940,"U",5484055.03311658
33,1940,"V",942633.04804031
33,1941,"U",5482626.52206192
33,1941,"V",942387.506789995
33,1942,"U",5481198.38311224
33,1942,"V",942142.029499373
33,1943,"U",5479770.61617048
33,1943,"V",941896.616151754
33,1944,"U",5478343.22113992
33,1944,"V",941651.266730515
33,1945,"U",5476916.1979235
33,1945,"V",941405.981218974
33,1946,"U",5475489.54642447
33,1946,"V",941160.759600499
33,1947,"U",5474063.26654596
33,1947,"V",940915.601858442
33,1948,"U",5472637.35819118
33,1948,"V",940670.507976162
33,1949,"U",5471211.8212633
33,1949,"V",940425.477937021
33,1950,"U",4524475.77722169
33,1950,"V",332483.814263919
33,1951,"U",5411683.8051929
33,1951,"V",241082.104836419
33,1952,"U",6337126.15433503
33,1952,"V",455487.908900504
33,1953,"U",8063990.314652
33,1953,"V",659230.745806345
33,1954,"U",8818002.8877015
33,1954,"V",823545.424059874
33,1955,"U",9140257.60329303
33,1955,"V",990284.742319952
33,1956,"U",10738000.2010007
33,1956,"V",1060095.36515031
33,1957,"U",10452547.1080198
33,1957,"V",2086332.47267342
33,1958,"U",11250805.3300554
33,1958,"V",2132406.34933789
33,1959,"U",16691940.793045
33,1959,"V",2177042.44937609
33,1960,"U",6214019.707619
33,1960,"V",1033153.56194194
33,1961,"U",6173802.53039551
33,1961,"V",993569.816729111
33,1962,"U",6643186.86240571
33,1962,"V",809431.638085495
33,1963,"U",7113626.0842948
33,1963,"V",8221001.21725443
33,1964,"U",7435881.85122075
33,1964,"V",1492031.92026658
33,1965,"U",9509395.19202818
33,1965,"V",1228563.93908696
33,1966,"U",9451243.94509942
33,1966,"V",1604949.28062213
33,1967,"U",9213666.7127789
33,1967,"V",1573109.66001395
33,1968,"U",9353073.45447224
33,1968,"V",1478652.9185374
33,1969,"U",11075115.7613863
33,1969,"V",826644.001713068
33,1970,"U",11485577.1851228
33,1970,"V",619167.808253275
33,1971,"U",13935277.8244913
33,1971,"V",442281.976134935
33,1972,"U",13907988.9149545
33,1972,"V",825643.127682128
33,1973,"U",13107726.8371038
33,1973,"V",1574787.97412495
33,1974,"U",14556736.2751066
33,1974,"V",1937382.40104358
33,1975,"U",18287828.7342668
33,1975,"V",1335928.1123686
33,1976,"U",23887135.6868174
33,1976,"V",1997424.96064618
33,1977,"U",29365535.2508804
33,1977,"V",2854617.75105284
33,1978,"U",47757077.9265569
33,1978,"V",4085070.62453545
33,1979,"U",29589172.2727604
33,1979,"V",3739733.3644055
33,1980,"U",38948230.5884243
33,1980,"V",11516117.2320179
33,1981,"U",74598930.1649079
33,1981,"V",6162227.735993
33,1982,"U",47891450.2941354
33,1982,"V",4987403.15112101
33,1983,"U",46981519.451239
33,1983,"V",5447259.34008612
33,1984,"U",65738645.0780406
33,1984,"V",5162880.58860033
33,1985,"U",64309474.2121484
33,1985,"V",5071831.88337934
33,1986,"U",54383120.5684365
33,1986,"V",5798160.45194202
33,1987,"U",56529076.1413754
33,1987,"V",6600469.88826198
33,1988,"U",60506979.9046917
33,1988,"V",6970414.6237398
33,1989,"U",69980796.7718163
33,1989,"V",9153463.81167454
33,1990,"U",72376568.0629311
33,1990,"V",9311014.53870644
33,1991,"U",72539007.0572207
33,1991,"V",10004512.6772383
33,1992,"U",78868425.2734357
33,1992,"V",4715985.52488496
33,1993,"U",97658792.4543446
33,1993,"V",5498545.87010325
33,1994,"U",82339836.62786
33,1994,"V",5924326.59732926
33,1995,"U",71901447.404349
33,1995,"V",16057084.8181696
33,1996,"U",212950730.164149
33,1996,"V",34064718.0505643
33,1997,"U",201949522.974713
33,1997,"V",29157290.6400187
33,1998,"U",226992661.79146
33,1998,"V",31839410.0823462
33,1999,"U",228207545.677745
33,1999,"V",33031377.373017
33,2000,"U",257605246.104927
33,2000,"V",31518917.8472724
33,2001,"U",285207007.997909
33,2001,"V",36118826.2874746
33,2002,"U",250365141.985678
33,2002,"V",40472430.1254722
33,2003,"U",267720706.384158
33,2003,"V",40355367.5556108
33,2004,"U",317054780.95544
33,2004,"V",46352871.02142
33,2005,"U",289062681.335761
33,2005,"V",46832810.6343333
33,2006,"U",289599579.176436
33,2006,"V",45223775.8676895
33,2007,"U",282743253.043757
33,2007,"V",44191809.0698871
33,2008,"U",340337851.429066
33,2008,"V",47480981.1926213
33,2009,"U",348482918.92926
33,2009,"V",50822034.2142988
33,2010,"U",389838836.11937
33,2010,"V",47189794.2804259
33,2011,"U",326426225.27417
33,2011,"V",60844033.1158409
33,2012,"U",375108861.978653
33,2012,"V",59931221.3571798
33,2013,"U",334428142.480684
33,2013,"V",61395822.2233446
33,2014,"U",346753832.507258
33,2014,"V",46274456.2823793
33,2015,"U",350739586.93297
33,2015,"V",30563289.2554435
33,2016,"U",344396321.397244
33,2016,"V",44073714.5231746
33,2017,"U",320885057.880369
33,2017,"V",46397165.0817907
34,1841,"U",1220222.46392457
34,1841,"V",130934.292037557
34,1842,"U",1220222.46392457
34,1842,"V",130934.292037557
34,1843,"U",1220222.46392457
34,1843,"V",130934.292037557
34,1844,"U",1220222.46392457
34,1844,"V",130934.292037557
34,1845,"U",1220222.46392457
34,1845,"V",130934.292037557
34,1846,"U",1220222.46392457
34,1846,"V",130934.292037557
34,1847,"U",1220222.46392457
34,1847,"V",130934.292037557
34,1848,"U",1220222.46392457
34,1848,"V",130934.292037557
34,1849,"U",1220222.46392457
34,1849,"V",130934.292037557
34,1850,"U",1220222.46392457
34,1850,"V",130934.292037557
34,1851,"U",1220222.46392457
34,1851,"V",130934.292037557
34,1852,"U",1220222.46392457
34,1852,"V",130934.292037557
34,1853,"U",1220222.46392457
34,1853,"V",130934.292037557
34,1854,"U",1220222.46392457
34,1854,"V",130934.292037557
34,1855,"U",1220222.46392457
34,1855,"V",130934.292037557
34,1856,"U",1220222.46392457
34,1856,"V",130934.292037557
34,1857,"U",1220222.46392457
34,1857,"V",130934.292037557
34,1858,"U",1220222.46392457
34,1858,"V",130934.292037557
34,1859,"U",1220222.46392457
34,1859,"V",130934.292037557
34,1860,"U",1220222.46392457
34,1860,"V",130934.292037557
34,1861,"U",1220222.46392457
34,1861,"V",130934.292037557
34,1862,"U",1283122.73124805
34,1862,"V",137683.718649885
34,1863,"U",1349265.39391037
34,1863,"V",144781.066031375
34,1864,"U",1418817.59154351
34,1864,"V",152244.268870193
34,1865,"U",1491955.07952608
34,1865,"V",160092.186355341
34,1866,"U",1568862.67310944
34,1866,"V",168344.649832994
34,1867,"U",1649734.7144379
34,1867,"V",177022.512919465
34,1868,"U",1734775.56364275
34,1868,"V",186147.704197371
34,1869,"U",1824200.1152515
34,1869,"V",195743.282628216
34,1870,"U",1918234.34121699
34,1870,"V",205833.495821384
34,1871,"U",2017115.86193867
34,1871,"V",216443.841306788
34,1872,"U",2121094.54671907
34,1872,"V",227601.130966028
34,1873,"U",2230433.14517259
34,1873,"V",239333.558784842
34,1874,"U",2345407.95118236
34,1874,"V",251670.772098082
34,1875,"U",2466309.50108295
34,1875,"V",264643.94650725
34,1876,"U",2593443.30783293
34,1876,"V",278285.86465987
34,1877,"U",2727130.6330329
34,1877,"V",292630.999089827
34,1878,"U",2867709.29873957
34,1878,"V",307715.599327957
34,1879,"U",3015534.54112741
34,1879,"V",323577.78350303
34,1880,"U",3170979.90815505
34,1880,"V",340257.634664613
34,1881,"U",3334438.20350457
34,1881,"V",357797.302071179
34,1882,"U",3506322.47917962
34,1882,"V",376241.10769947
34,1883,"U",3687067.07926952
34,1883,"V",395635.658244184
34,1884,"U",3877128.73751803
34,1884,"V",416029.962891076
34,1885,"U",4076987.73146992
34,1885,"V",437475.557161044
34,1886,"U",4287149.09611095
34,1886,"V",460026.633138139
34,1887,"U",4508143.90006961
34,1887,"V",483740.176410602
34,1888,"U",4740530.58760456
34,1888,"V",508676.110070991
34,1889,"U",4984896.38976857
34,1889,"V",534897.446139191
34,1890,"U",5241858.80831623
34,1890,"V",562470.444791081
34,1891,"U",5512067.17610403
34,1891,"V",591464.781795112
34,1892,"U",5796204.29792592
34,1892,"V",621953.724579924
34,1893,"U",6094988.17593157
34,1893,"V",654014.317377966
34,1894,"U",6409173.82398671
34,1894,"V",687727.57591293
34,1895,"U",6739555.17555995
34,1895,"V",723178.692122938
34,1896,"U",7086967.08995846
34,1896,"V",760457.249436886
34,1897,"U",7452287.46198092
34,1897,"V",799657.449147861
34,1898,"U",7836439.44031968
34,1898,"V",840878.348455713
34,1899,"U",8240393.76031723
34,1899,"V",884224.110780295
34,1900,"U",8665171.19697219
34,1900,"V",929804.268977896
34,1901,"U",9111845.14439349
34,1901,"V",977734.002125999
34,1902,"U",9581544.32822034
34,1902,"V",1028134.4265758
34,1903,"U",10075455.657863
34,1903,"V",1081132.90200797
34,1904,"U",10594827.2257713
34,1904,"V",1136863.35326503
34,1905,"U",11140971.46131
34,1905,"V",1195466.60877358
34,1906,"U",11715268.4472101
34,1906,"V",1257090.75641163
34,1907,"U",12319169.4069792
34,1907,"V",1321891.51772022
34,1908,"U",12954200.3720788
34,1908,"V",1390032.64140502
34,1909,"U",13621966.0381403
34,1909,"V",1461686.3171221
34,1910,"U",14324153.8199606
34,1910,"V",1537033.61059377
34,1911,"U",15062538.115526
34,1911,"V",1616264.92115379
34,1912,"U",15838984.7898395
34,1912,"V",1699580.46287818
34,1913,"U",16655455.889879
34,1913,"V",1787190.77051747
34,1914,"U",17514014.6026061
34,1914,"V",1879317.23150889
34,1915,"U",18416830.4685492
34,1915,"V",1976192.6454128
34,1916,"U",19366184.8641382
34,1916,"V",2078061.81218701
34,1917,"U",20364476.7666428
34,1917,"V",2185182.15078565
34,1918,"U",21414228.8162851
34,1918,"V",2297824.34964572
34,1919,"U",22518093.6908413
34,1919,"V",2416273.05070492
34,1920,"U",23678860.8088419
34,1920,"V",2540827.5686795
34,1921,"U",24899463.3783118
34,1921,"V",2671802.64741946
34,1922,"U",26182985.808861
34,1922,"V",2809529.25525272
34,1923,"U",27532671.5058505
34,1923,"V",2954355.42132754
34,1924,"U",28951931.066339
34,1924,"V",3106647.11506704
34,1925,"U",30444350.897512
34,1925,"V",3266789.17095819
34,1926,"U",32013702.2793775
34,1926,"V",3435186.26101162
34,1927,"U",33663950.8946264
34,1927,"V",3612263.9173503
34,1928,"U",35399266.8497403
34,1928,"V",3798469.60751072
34,1929,"U",37224035.2126686
34,1929,"V",3994273.86517377
34,1930,"U",39142867.0937049
34,1930,"V",4200171.47918306
34,1931,"U",41160611.2975634
34,1931,"V",4416682.74385473
34,1932,"U",43282366.5760948
34,1932,"V",4644354.77373848
34,1933,"U",45513494.5126133
34,1933,"V",4883762.88615241
34,1934,"U",47859633.070382
34,1934,"V",5135512.05498469
34,1935,"U",50326710.8395034
34,1935,"V",5400238.4394364
34,1936,"U",52920962.0182063
34,1936,"V",5678610.99156807
34,1937,"U",55648942.1663957
34,1937,"V",5971333.14671252
34,1938,"U",58517544.7712661
34,1938,"V",6279144.60102535
34,1939,"U",61534018.6668443
34,1939,"V",6602823.1806648
34,1940,"U",64705986.3514776
34,1940,"V",6943186.80732493
34,1941,"U",68041463.2495565
34,1941,"V",7301095.56508781
34,1942,"U",71548877.9661425
34,1942,"V",7677453.87381888
34,1943,"U",75237093.5856876
34,1943,"V",8073212.77459647
34,1944,"U",79115430.0686596
34,1944,"V",8489372.33295124
34,1945,"U",83193687.802685
34,1945,"V",8926984.16598852
34,1946,"U",87482172.367691
34,1946,"V",9387154.09977843
34,1947,"U",91991720.5776699
34,1947,"V",9871044.96373094
34,1948,"U",96733727.8648265
34,1948,"V",10379879.529015
34,1949,"U",101720177.075346
34,1949,"V",10914943.5984475
34,1950,"U",124563062.64697
34,1950,"V",3942525.83364423
34,1951,"U",121653238.263525
34,1951,"V",2738818.36853304
34,1952,"U",133648470.362424
34,1952,"V",4824687.00096201
34,1953,"U",123296767.664017
34,1953,"V",6455736.76214715
34,1954,"U",121833436.418974
34,1954,"V",7020660.66809126
34,1955,"U",137016338.548079
34,1955,"V",6623131.06942816
34,1956,"U",143816402.819899
34,1956,"V",9025008.09650168
34,1957,"U",144035059.882587
34,1957,"V",19262434.1809934
34,1958,"U",155205065.864918
34,1958,"V",6810199.72722898
34,1959,"U",158822494.352826
34,1959,"V",5970867.48304265
34,1960,"U",175061871.80213
34,1960,"V",9227180.60732537
34,1961,"U",175599482.407069
34,1961,"V",9646580.70384081
34,1962,"U",191308048.63946
34,1962,"V",14903785.5644165
34,1963,"U",200272169.314603
34,1963,"V",13958810.6361456
34,1964,"U",226940892.490072
34,1964,"V",13680128.3645037
34,1965,"U",222555820.090305
34,1965,"V",15050027.0357038
34,1966,"U",244377481.06329
34,1966,"V",15570068.823728
34,1967,"U",245551154.77783
34,1967,"V",22878679.1663278
34,1968,"U",276578540.593937
34,1968,"V",42889446.6615871
34,1969,"U",277359931.52945
34,1969,"V",28201298.0060201
34,1970,"U",308153769.682703
34,1970,"V",26726620.1309012
34,1971,"U",300157760.150418
34,1971,"V",29800355.6207497
34,1972,"U",346143101.488744
34,1972,"V",40668962.1072303
34,1973,"U",359492481.895966
34,1973,"V",44032945.9511393
34,1974,"U",387389375.144092
34,1974,"V",46862293.8442124
34,1975,"U",390725531.192523
34,1975,"V",45141590.4975168
34,1976,"U",354830403.471014
34,1976,"V",43862917.1383671
34,1977,"U",355427982.306009
34,1977,"V",43702087.8541795
34,1978,"U",412010190.866242
34,1978,"V",48094474.7847041
34,1979,"U",445869675.427994
34,1979,"V",58481441.8056065
34,1980,"U",388965048.913256
34,1980,"V",63431941.2653096
34,1981,"U",443069558.522418
34,1981,"V",67236169.7456809
34,1982,"U",457891330.896774
34,1982,"V",72817128.0775485
34,1983,"U",477759360.769166
34,1983,"V",80352467.2026782
34,1984,"U",545406381.486546
34,1984,"V",91855359.950657
34,1985,"U",554680882.170879
34,1985,"V",122767807.754287
34,1986,"U",520768462.54953
34,1986,"V",96301277.4410871
34,1987,"U",551816120.882316
34,1987,"V",99561338.752348
34,1988,"U",609636987.246995
34,1988,"V",106268085.799727
34,1989,"U",654729957.388977
34,1989,"V",102331186.325449
34,1990,"U",693495354.122492
34,1990,"V",108317250.519853
34,1991,"U",686246749.94927
34,1991,"V",117618796.828207
34,1992,"U",734735469.012423
34,1992,"V",131165053.266522
34,1993,"U",778284073.208094
34,1993,"V",139636229.286777
34,1994,"U",767523256.66354
34,1994,"V",162374574.142414
34,1995,"U",784519149.625456
34,1995,"V",139871301.022137
34,1996,"U",815789094.138243
34,1996,"V",129971999.118895
34,1997,"U",820384919.383207
34,1997,"V",127844997.246874
34,1998,"U",875341286.044857
34,1998,"V",142596901.388862
34,1999,"U",947820160.840678
34,1999,"V",169830543.227029
34,2000,"U",880844975.289375
34,2000,"V",159184635.264855
34,2001,"U",878141188.92967
34,2001,"V",164624052.7216
34,2002,"U",1059707019.69293
34,2002,"V",169958627.817377
34,2003,"U",1082917551.17892
34,2003,"V",197224207.661911
34,2004,"U",1071877310.37354
34,2004,"V",193302424.541343
34,2005,"U",1147689747.03906
34,2005,"V",185837958.247373
34,2006,"U",1090906957.36555
34,2006,"V",200169884.564816
34,2007,"U",1186225012.79591
34,2007,"V",212389151.969875
34,2008,"U",1155148689.87307
34,2008,"V",199155019.464181
34,2009,"U",1322648078.29419
34,2009,"V",216233507.358725
34,2010,"U",1213531425.74612
34,2010,"V",203409843.502567
34,2011,"U",1207181472.3545
34,2011,"V",258510323.208923
34,2012,"U",1313381548.01016
34,2012,"V",242489212.35184
34,2013,"U",1280667177.95272
34,2013,"V",285324518.219045
34,2014,"U",1383572348.32693
34,2014,"V",245960018.928704
34,2015,"U",1415617196.09326
34,2015,"V",210528987.12674
34,2016,"U",1346560604.66891
34,2016,"V",242505858.06063
34,2017,"U",1363397005.11454
34,2017,"V",251647645.474165
35,1841,"U",1513159.43474989
35,1841,"V",1819280.28857268
35,1842,"U",1513159.43474989
35,1842,"V",1819280.28857268
35,1843,"U",1513159.43474989
35,1843,"V",1819280.28857268
35,1844,"U",1513159.43474989
35,1844,"V",1819280.28857268
35,1845,"U",1513159.43474989
35,1845,"V",1819280.28857268
35,1846,"U",1513159.43474989
35,1846,"V",1819280.28857268
35,1847,"U",1513159.43474989
35,1847,"V",1819280.28857268
35,1848,"U",1513159.43474989
35,1848,"V",1819280.28857268
35,1849,"U",1513159.43474989
35,1849,"V",1819280.28857268
35,1850,"U",1513159.43474989
35,1850,"V",1819280.28857268
35,1851,"U",1513159.43474989
35,1851,"V",1819280.28857268
35,1852,"U",1513159.43474989
35,1852,"V",1819280.28857268
35,1853,"U",1513159.43474989
35,1853,"V",1819280.28857268
35,1854,"U",1513159.43474989
35,1854,"V",1819280.28857268
35,1855,"U",1513159.43474989
35,1855,"V",1819280.28857268
35,1856,"U",1513159.43474989
35,1856,"V",1819280.28857268
35,1857,"U",1513159.43474989
35,1857,"V",1819280.28857268
35,1858,"U",1513159.43474989
35,1858,"V",1819280.28857268
35,1859,"U",1513159.43474989
35,1859,"V",1819280.28857268
35,1860,"U",1513159.43474989
35,1860,"V",1819280.28857268
35,1861,"U",1513159.43474989
35,1861,"V",1819280.28857268
35,1862,"U",1565538.06521669
35,1862,"V",1882255.41714295
35,1863,"U",1619729.80332205
35,1863,"V",1947410.45545182
35,1864,"U",1675797.41052567
35,1864,"V",2014820.86196318
35,1865,"U",1733805.82080113
35,1865,"V",2084564.7071668
35,1866,"U",1793822.21583739
35,1866,"V",2156722.76399357
35,1867,"U",1855916.10284527
35,1867,"V",2231378.60136274
35,1868,"U",1920159.39505612
35,1868,"V",2308618.68096579
35,1869,"U",1986626.49500684
35,1869,"V",2388532.45740068
35,1870,"U",2055394.38070865
35,1870,"V",2471212.48177288
35,1871,"U",2126542.69479772
35,1871,"V",2556754.50888174
35,1872,"U",2200153.83677306
35,1872,"V",2645257.60811873
35,1873,"U",2276313.05842532
35,1873,"V",2736824.27820192
35,1874,"U",2355108.56257096
35,1874,"V",2831560.56588465
35,1875,"U",2436631.60520289
35,1875,"V",2929576.1887719
35,1876,"U",2520976.60117718
35,1876,"V",3030984.66238798
35,1877,"U",2608241.23355897
35,1877,"V",3135903.43164377
35,1878,"U",2698526.56675192
35,1878,"V",3244454.00685284
35,1879,"U",2791937.16354611
35,1879,"V",3356762.10445895
35,1880,"U",2888581.20621433
35,1880,"V",3472957.79263066
35,1881,"U",2988570.62180307
35,1881,"V",3593175.64189951
35,1882,"U",3092021.2117598
35,1882,"V",3717554.8810116
35,1883,"U",3199052.78604508
35,1883,"V",3846239.55817142
35,1884,"U",3309789.30189124
35,1884,"V",3979378.7078721
35,1885,"U",3424359.00736003
35,1885,"V",4117126.52349564
35,1886,"U",3542894.58987232
35,1886,"V",4259642.53589105
35,1887,"U",3665533.32987808
35,1887,"V",4407091.79813273
35,1888,"U",3792417.25984603
35,1888,"V",4559645.07667436
35,1889,"U",3923693.3287568
35,1889,"V",4717479.04912034
35,1890,"U",4059513.57228967
35,1890,"V",4880776.50884198
35,1891,"U",4200035.28890093
35,1891,"V",5049726.57667771
35,1892,"U",4345421.22199733
35,1892,"V",5224524.91996117
35,1893,"U",4495839.74841447
35,1893,"V",5405373.97912993
35,1894,"U",4651465.07342123
35,1894,"V",5592483.20218038
35,1895,"U",4812477.43247252
35,1895,"V",5786069.28723625
35,1896,"U",4979063.29994693
35,1896,"V",5986356.43351511
35,1897,"U",5151415.60511004
35,1897,"V",6193576.60098222
35,1898,"U",5329733.95555229
35,1898,"V",6407969.77899126
35,1899,"U",5514224.86836225
35,1899,"V",6629784.26422521
35,1900,"U",5705102.0093015
35,1900,"V",6859276.94825775
35,1901,"U",5902586.44025958
35,1901,"V",7096713.61506966
35,1902,"U",6106906.87527268
35,1902,"V",7342369.24886172
35,1903,"U",6318299.94540714
35,1903,"V",7596528.35252556
35,1904,"U",6537010.47280991
35,1904,"V",7859485.27713604
35,1905,"U",6763291.75424615
35,1905,"V",8131544.56285036
35,1906,"U",6997405.854452
35,1906,"V",8413021.29160753
35,1907,"U",7239623.90964109
35,1907,"V",8704241.45203611
35,1908,"U",7490226.44151758
35,1908,"V",9005542.31699397
35,1909,"U",7749503.68215901
35,1909,"V",9317272.8341767
35,1910,"U",8017755.91014417
35,1910,"V",9639794.03024604
35,1911,"U",8295293.79831752
35,1911,"V",9973479.42894911
35,1912,"U",8582438.77359038
35,1912,"V",10318715.4837096
35,1913,"U",8879523.3891978
35,1913,"V",10675902.0251939
35,1914,"U",9186891.7098403
35,1914,"V",11045452.72437
35,1915,"U",9504899.71015873
35,1915,"V",11427795.571595
35,1916,"U",9833915.68700078
35,1916,"V",11823373.3722867
35,1917,"U",10174320.6859594
35,1917,"V",12232644.2597523
35,1918,"U",10526508.9426769
35,1918,"V",12656082.2257713
35,1919,"U",10890888.3394221
35,1919,"V",13094177.6695406
35,1920,"U",11267880.8774749
35,1920,"V",13547437.9656256
35,1921,"U",11657923.1658623
35,1921,"V",14016388.0515695
35,1922,"U",12061466.9270094
35,1922,"V",14501571.0358417
35,1923,"U",12478979.5198983
35,1923,"V",15003548.8268332
35,1924,"U",12910944.4813321
35,1924,"V",15522902.7836225
35,1925,"U",13357862.0859374
35,1925,"V",16060234.3892698
35,1926,"U",13820249.925551
35,1926,"V",16616165.9474165
35,1927,"U",14298643.5086621
35,1927,"V",17191341.3029979
35,1928,"U",14793596.8806045
35,1928,"V",17786426.5879046
35,1929,"U",15305683.2652169
35,1929,"V",18402110.9924536
35,1930,"U",15835495.7287147
35,1930,"V",19039107.5635658
35,1931,"U",16383647.8665424
35,1931,"V",19698154.0305719
35,1932,"U",16950774.514
35,1932,"V",20380013.6596034
35,1933,"U",17537532.4814714
35,1933,"V",21085476.137561
35,1934,"U",18144601.3150985
35,1934,"V",21815358.4866786
35,1935,"U",18772684.0837905
35,1935,"V",22570506.0107478
35,1936,"U",19422508.1934727
35,1936,"V",23351793.2740953
35,1937,"U",20094826.2295238
35,1937,"V",24160125.1144487
35,1938,"U",20790416.8283715
35,1938,"V",24996437.6908624
35,1939,"U",21510085.5792609
35,1939,"V",25861699.567917
35,1940,"U",22254665.957237
35,1940,"V",26756912.8374518
35,1941,"U",23025020.2884231
35,1941,"V",27683114.279123
35,1942,"U",23822040.7487133
35,1942,"V",28641376.5611374
35,1943,"U",24646650.3970328
35,1943,"V",29632809.4825482
35,1944,"U",25499804.2443687
35,1944,"V",30658561.2585562
35,1945,"U",26382490.3598015
35,1945,"V",31719819.8502982
35,1946,"U",27295731.0148268
35,1946,"V",32817814.3406708
35,1947,"U",28240583.8672835
35,1947,"V",33953816.3577751
35,1948,"U",29218143.1862679
35,1948,"V",35129141.5476372
35,1949,"U",30229541.1194481
35,1949,"V",36345151.0979078
35,1950,"U",32515564.694488
35,1950,"V",38059274.4868621
35,1951,"U",31239296.7508599
35,1951,"V",40471462.3075649
35,1952,"U",34083747.3793804
35,1952,"V",41827634.5647014
35,1953,"U",28471317.4267859
35,1953,"V",43068168.4414608
35,1954,"U",26620307.8941293
35,1954,"V",42798546.5638605
35,1955,"U",32281611.6287882
35,1955,"V",45314006.9761024
35,1956,"U",37300223.3886517
35,1956,"V",46030758.0423732
35,1957,"U",37096827.5759593
35,1957,"V",45011992.1425298
35,1958,"U",36743338.7693134
35,1958,"V",44480289.9612232
35,1959,"U",46643700.4759442
35,1959,"V",51368614.8920653
35,1960,"U",46785658.7784502
35,1960,"V",56647066.643633
35,1961,"U",48375903.6923446
35,1961,"V",60925428.9701227
35,1962,"U",51912274.7040028
35,1962,"V",61352195.7068788
35,1963,"U",76277704.403115
35,1963,"V",55872614.5178382
35,1964,"U",71377070.8640644
35,1964,"V",44264652.890793
35,1965,"U",76936854.740903
35,1965,"V",43944109.2736781
35,1966,"U",74377298.5281903
35,1966,"V",56133491.2631397
35,1967,"U",97808753.2262871
35,1967,"V",50137970.2432732
35,1968,"U",92478923.018742
35,1968,"V",54769963.3985649
35,1969,"U",104966769.072181
35,1969,"V",59821226.4514395
35,1970,"U",72704944.1351597
35,1970,"V",49404737.4386026
35,1971,"U",92214939.3380977
35,1971,"V",43302615.7893319
35,1972,"U",92104989.7574989
35,1972,"V",37824657.5340666
35,1973,"U",121574360.162352
35,1973,"V",34824756.3644543
35,1974,"U",107410371.778452
35,1974,"V",29034639.7505298
35,1975,"U",102297723.036325
35,1975,"V",47887016.7499971
35,1976,"U",94904100.8705483
35,1976,"V",54975341.5337637
35,1977,"U",106432076.169795
35,1977,"V",25850415.6199862
35,1978,"U",117790906.795137
35,1978,"V",41867475.7024046
35,1979,"U",129310087.919124
35,1979,"V",36213897.5268582
35,1980,"U",143987273.592544
35,1980,"V",48244886.9410318
35,1981,"U",111722449.360352
35,1981,"V",53197342.3838153
35,1982,"U",115457049.95299
35,1982,"V",77886220.2892061
35,1983,"U",135668518.339337
35,1983,"V",53441272.9787614
35,1984,"U",137842645.874826
35,1984,"V",53869568.0878478
35,1985,"U",141665616.199598
35,1985,"V",67599884.665407
35,1986,"U",189886665.707259
35,1986,"V",36633121.5606829
35,1987,"U",163044516.071409
35,1987,"V",50053098.9786323
35,1988,"U",157303311.818364
35,1988,"V",65926392.9553129
35,1989,"U",200436109.485202
35,1989,"V",67743508.906917
35,1990,"U",178780767.429241
35,1990,"V",65302465.554855
35,1991,"U",221038115.880962
35,1991,"V",58541647.7918155
35,1992,"U",203909188.094346
35,1992,"V",79206890.2051285
35,1993,"U",194183020.533451
35,1993,"V",77034757.1908528
35,1994,"U",259908155.805668
35,1994,"V",93372057.1143394
35,1995,"U",319480866.04914
35,1995,"V",93265445.6685157
35,1996,"U",338184910.891774
35,1996,"V",115357682.996647
35,1997,"U",363555254.106501
35,1997,"V",125572078.893285
35,1998,"U",381313842.457064
35,1998,"V",117234127.935876
35,1999,"U",444423392.712335
35,1999,"V",118605777.3594
35,2000,"U",437077994.777665
35,2000,"V",159952778.541096
35,2001,"U",568128069.41868
35,2001,"V",112611785.947278
35,2002,"U",713584409.918037
35,2002,"V",148049390.667229
35,2003,"U",627020203.243
35,2003,"V",168750355.090041
35,2004,"U",871045044.020865
35,2004,"V",165513710.553724
35,2005,"U",807043639.299569
35,2005,"V",169312285.652176
35,2006,"U",800318330.709025
35,2006,"V",166930160.370904
35,2007,"U",906266562.245303
35,2007,"V",163757891.880959
35,2008,"U",836844238.933023
35,2008,"V",158159325.668103
35,2009,"U",811122275.168465
35,2009,"V",154201307.025797
35,2010,"U",787838419.669881
35,2010,"V",151023638.74285
35,2011,"U",682416344.2582
35,2011,"V",106913048.8462
35,2012,"U",610982653.198778
35,2012,"V",121038635.008638
35,2013,"U",627555155.871815
35,2013,"V",129200017.642868
35,2014,"U",729115403.041692
35,2014,"V",151025792.935765
35,2015,"U",644282274.625806
35,2015,"V",148572122.49597
35,2016,"U",487963655.229422
35,2016,"V",152037355.115195
35,2017,"U",527664692.881404
35,2017,"V",157485620.489714
36,1841,"U",5860.63088551803
36,1841,"V",822.67071972133
36,1842,"U",5860.63088551803
36,1842,"V",822.67071972133
36,1843,"U",5860.63088551803
36,1843,"V",822.67071972133
36,1844,"U",5860.63088551803
36,1844,"V",822.67071972133
36,1845,"U",5860.63088551803
36,1845,"V",822.67071972133
36,1846,"U",5860.63088551803
36,1846,"V",822.67071972133
36,1847,"U",5860.63088551803
36,1847,"V",822.67071972133
36,1848,"U",5860.63088551803
36,1848,"V",822.67071972133
36,1849,"U",5860.63088551803
36,1849,"V",822.67071972133
36,1850,"U",5860.63088551803
36,1850,"V",822.67071972133
36,1851,"U",5860.63088551803
36,1851,"V",822.67071972133
36,1852,"U",5860.63088551803
36,1852,"V",822.67071972133
36,1853,"U",5860.63088551803
36,1853,"V",822.67071972133
36,1854,"U",5860.63088551803
36,1854,"V",822.67071972133
36,1855,"U",5860.63088551803
36,1855,"V",822.67071972133
36,1856,"U",5860.63088551803
36,1856,"V",822.67071972133
36,1857,"U",5860.63088551803
36,1857,"V",822.67071972133
36,1858,"U",5860.63088551803
36,1858,"V",822.67071972133
36,1859,"U",5860.63088551803
36,1859,"V",822.67071972133
36,1860,"U",5860.63088551803
36,1860,"V",822.67071972133
36,1861,"U",5860.63088551803
36,1861,"V",822.67071972133
36,1862,"U",6541.60906876297
36,1862,"V",918.26124966052
36,1863,"U",7301.71376502529
36,1863,"V",1024.95895674234
36,1864,"U",8150.13910888554
36,1864,"V",1144.0544435419
36,1865,"U",9097.14755080538
36,1865,"V",1276.9882746797
36,1866,"U",10154.1939904923
36,1866,"V",1425.36840171771
36,1867,"U",11334.0643339815
36,1867,"V",1590.98961274716
36,1868,"U",12651.030150411
36,1868,"V",1775.85524192845
36,1869,"U",14121.0212991946
36,1869,"V",1982.2014015786
36,1870,"U",15761.8186156832
36,1870,"V",2212.5240299168
36,1871,"U",17593.2689859946
36,1871,"V",2469.60908163043
36,1872,"U",19637.5254125553
36,1872,"V",2756.56622644729
36,1873,"U",21919.3149741381
36,1873,"V",3076.86646332423
36,1874,"U",24466.2379216228
36,1874,"V",3434.38410523199
36,1875,"U",27309.1015272925
36,1875,"V",3833.44364237584
36,1876,"U",30482.2927258806
36,1876,"V",4278.87205070752
36,1877,"U",34024.194054781
36,1877,"V",4776.0571784433
36,1878,"U",37977.6479245754
36,1878,"V",5331.01291682388
36,1879,"U",42390.4748356688
36,1879,"V",5950.45194341842
36,1880,"U",47316.051809266
36,1880,"V",6641.86691785829
36,1881,"U",52813.9580294011
36,1881,"V",7413.62111214745
36,1882,"U",58950.6955055153
36,1882,"V",8275.04957178489
36,1883,"U",65800.4934727529
36,1883,"V",9236.57203135108
36,1884,"U",73446.2062598202
36,1884,"V",10309.8189503581
36,1885,"U",81980.3154849283
36,1885,"V",11507.7721938815
36,1886,"U",91506.0487022688
36,1886,"V",12844.9220596319
36,1887,"U",102138.628030065
36,1887,"V",14337.4425508484
36,1888,"U",114006.663863359
36,1888,"V",16003.3870150837
36,1889,"U",127253.710529837
36,1889,"V",17862.9065153175
36,1890,"U",142040.002705638
36,1890,"V",19938.4935747815
36,1891,"U",158544.393594607
36,1891,"V",22255.2542437978
36,1892,"U",176966.518315085
36,1892,"V",24841.2117795371
36,1893,"U",197529.208662153
36,1893,"V",27727.6456119476
36,1894,"U",220481.188454111
36,1894,"V",30949.4696959617
36,1895,"U",246100.082065748
36,1895,"V",34545.654826479
36,1896,"U",274695.772539213
36,1896,"V",38559.7000243885
36,1897,"U",306614.14989191
36,1897,"V",43040.1586954789
36,1898,"U",342241.294960276
36,1898,"V",48041.2259265574
36,1899,"U",382008.149387036
36,1899,"V",53623.3940226844
36,1900,"U",426395.728239199
36,1900,"V",59854.1842147828
36,1901,"U",475940.938308173
36,1901,"V",66808.9633882855
36,1902,"U",531243.072469488
36,1902,"V",74571.8557118812
36,1903,"U",592971.058657046
36,1903,"V",83236.7601932997
36,1904,"U",661871.551134562
36,1904,"V",92908.4864703631
36,1905,"U",738777.96193527
36,1905,"V",103704.022575689
36,1906,"U",824620.541713365
36,1906,"V",115753.950009831
36,1907,"U",920437.63194334
36,1907,"V",129204.023239299
36,1908,"U",1027388.22457319
36,1908,"V",144216.932725006
36,1909,"U",1146765.98105088
36,1909,"V",160974.272806412
36,1910,"U",1280014.88029695
36,1910,"V",179678.738244718
36,1911,"U",1428746.68489927
36,1911,"V",200556.575994233
36,1912,"U",1594760.43679818
36,1912,"V",223860.321858148
36,1913,"U",1780064.21828103
36,1913,"V",249871.855131175
36,1914,"U",1986899.4415024
36,1914,"V",278905.808177374
36,1915,"U",2217767.9603351
36,1915,"V",311313.372185275
36,1916,"U",2475462.33249202
36,1916,"V",347486.545133999
36,1917,"U",2763099.59796745
36,1917,"V",387862.873353555
36,1918,"U",3084158.98237573
36,1918,"V",432930.744032308
36,1919,"U",3442523.98124409
36,1919,"V",483235.292689431
36,1920,"U",3842529.33430549
36,1920,"V",539384.997068284
36,1921,"U",4289013.45798683
36,1921,"V",602059.037209711
36,1922,"U",4787376.97030933
36,1922,"V",672015.510731752
36,1923,"U",5343648.01611181
36,1923,"V",750100.602686842
36,1924,"U",5964555.18276236
36,1924,"V",837258.820913949
36,1925,"U",6657608.88833826
36,1925,"V",934544.420691367
36,1926,"U",7431192.22673582
36,1926,"V",1043134.15688113
36,1927,"U",8294662.36856128
36,1927,"V",1164341.51781368
36,1928,"U",9258463.7443365
36,1928,"V",1299632.6130841
36,1929,"U",10334254.3790676
36,1929,"V",1450643.90743649
36,1930,"U",11535046.9063083
36,1930,"V",1619202.015244
36,1931,"U",12875365.9674035
36,1931,"V",1807345.79501557
36,1932,"U",14371423.8997944
36,1932,"V",2017351.01118199
36,1933,"U",16041316.8394959
36,1933,"V",2251757.86146777
36,1934,"U",17905243.6097704
36,1934,"V",2513401.70281575
36,1935,"U",19985750.043654
36,1935,"V",2805447.34752224
36,1936,"U",22308001.6956294
36,1936,"V",3131427.34442417
36,1937,"U",24900088.2411325
36,1937,"V",3495284.70818318
36,1938,"U",27793363.2458733
36,1938,"V",3901420.61351439
36,1939,"U",31022823.4147792
36,1939,"V",4354747.63126428
36,1940,"U",34627531.907908
36,1940,"V",4860749.15027413
36,1941,"U",38651090.8437161
36,1941,"V",5425545.70378883
36,1942,"U",43142168.7050133
36,1942,"V",6055969.00268788
36,1943,"U",48155089.027052
36,1943,"V",6759644.57103458
36,1944,"U",53750487.4884471
36,1944,"V",7545083.98349416
36,1945,"U",59996045.3530202
36,1945,"V",8421787.82031243
36,1946,"U",66967308.134188
36,1946,"V",9400360.58518683
36,1947,"U",74748599.3843678
36,1947,"V",10492638.976062
36,1948,"U",83434040.662481
36,1948,"V",11711835.060398
36,1949,"U",93128690.0169557
36,1949,"V",13072696.0867425
36,1950,"U",105040198.362262
36,1950,"V",21334523.1090216
36,1951,"U",122367147.859471
36,1951,"V",23344241.1513801
36,1952,"U",124413601.036337
36,1952,"V",27084952.8432342
36,1953,"U",125070529.006785
36,1953,"V",28998077.292705
36,1954,"U",138382476.380436
36,1954,"V",26875648.4049973
36,1955,"U",152285516.616152
36,1955,"V",31717103.4176837
36,1956,"U",164646036.468245
36,1956,"V",24237292.8467555
36,1957,"U",190948271.795963
36,1957,"V",26213260.7079046
36,1958,"U",204047478.27134
36,1958,"V",35635500.2957454
36,1959,"U",266225664.193338
36,1959,"V",24053119.9096957
36,1960,"U",330845053.239526
36,1960,"V",24711218.8611823
36,1961,"U",347390202.591727
36,1961,"V",27141832.8538699
36,1962,"U",314120973.942504
36,1962,"V",34761232.3793261
36,1963,"U",436067045.483657
36,1963,"V",29479151.5345951
36,1964,"U",420617560.347635
36,1964,"V",70485697.2629505
36,1965,"U",429281870.694256
36,1965,"V",74820667.3308007
36,1966,"U",403630814.312996
36,1966,"V",72197061.6857235
36,1967,"U",396878403.791802
36,1967,"V",61755470.2587644
36,1968,"U",373048557.722351
36,1968,"V",46478654.8172299
36,1969,"U",423584517.209098
36,1969,"V",58698611.5097106
36,1970,"U",436670885.646712
36,1970,"V",73278298.7020129
36,1971,"U",433438147.689178
36,1971,"V",77611851.8212154
36,1972,"U",469600883.427765
36,1972,"V",81815762.2263746
36,1973,"U",480845329.254559
36,1973,"V",98905907.6288206
36,1974,"U",516185229.89302
36,1974,"V",96249129.4516938
36,1975,"U",481676583.229036
36,1975,"V",94467246.4249742
36,1976,"U",467632256.13938
36,1976,"V",105712039.216499
36,1977,"U",469406754.326234
36,1977,"V",107932669.460887
36,1978,"U",493512589.303995
36,1978,"V",104547333.21614
36,1979,"U",512787471.179244
36,1979,"V",104347904.029323
36,1980,"U",512865171.389891
36,1980,"V",106830509.640706
36,1981,"U",503567362.654364
36,1981,"V",114974205.642478
36,1982,"U",540915363.195371
36,1982,"V",130888066.622684
36,1983,"U",547004978.546325
36,1983,"V",119225631.068052
36,1984,"U",572899290.371064
36,1984,"V",137738293.038985
36,1985,"U",529194146.861188
36,1985,"V",142905687.930239
36,1986,"U",593884469.934718
36,1986,"V",137414837.488723
36,1987,"U",619586566.23239
36,1987,"V",158435618.396901
36,1988,"U",653717819.116004
36,1988,"V",173177493.940552
36,1989,"U",755042629.087626
36,1989,"V",171069744.202337
36,1990,"U",832020360.241358
36,1990,"V",169782371.238718
36,1991,"U",821613470.840466
36,1991,"V",168291751.146393
36,1992,"U",832291130.046225
36,1992,"V",185575927.029674
36,1993,"U",900063080.431729
36,1993,"V",192682013.136551
36,1994,"U",958224644.599339
36,1994,"V",217424707.543934
36,1995,"U",930705302.262771
36,1995,"V",232431299.295831
36,1996,"U",1063943998.43075
36,1996,"V",251587768.285727
36,1997,"U",1110993930.51566
36,1997,"V",273976315.603401
36,1998,"U",1114196185.18436
36,1998,"V",275717765.259057
36,1999,"U",1175403008.86708
36,1999,"V",281648970.633208
36,2000,"U",1225258047.91055
36,2000,"V",292487797.725623
36,2001,"U",1163602454.3841
36,2001,"V",282814392.878893
36,2002,"U",1258856482.34454
36,2002,"V",295366349.750021
36,2003,"U",1357211277.98124
36,2003,"V",310625453.385686
36,2004,"U",1435052120.72536
36,2004,"V",306848645.207652
36,2005,"U",1450741855.17474
36,2005,"V",289557852.678691
36,2006,"U",1599742814.6298
36,2006,"V",377034082.632964
36,2007,"U",1695573162.26488
36,2007,"V",327558324.443591
36,2008,"U",1706908281.49813
36,2008,"V",322724917.633306
36,2009,"U",1933371803.18755
36,2009,"V",336727539.408361
36,2010,"U",2113609426.11052
36,2010,"V",364822181.509657
36,2011,"U",2170986203.93133
36,2011,"V",493522088.091012
36,2012,"U",2179781716.51098
36,2012,"V",421964507.960513
36,2013,"U",2275746923.73651
36,2013,"V",509943184.936911
36,2014,"U",2330982885.63636
36,2014,"V",476430832.217766
36,2015,"U",2368561338.44463
36,2015,"V",496178134.113659
36,2016,"U",2504416516.88989
36,2016,"V",476115657.684302
36,2017,"U",2587177465.97984
36,2017,"V",494594194.151139
37,1841,"U",46894.3034663416
37,1841,"V",3287.75448101158
37,1842,"U",46894.3034663416
37,1842,"V",3287.75448101158
37,1843,"U",46894.3034663416
37,1843,"V",3287.75448101158
37,1844,"U",46894.3034663416
37,1844,"V",3287.75448101158
37,1845,"U",46894.3034663416
37,1845,"V",3287.75448101158
37,1846,"U",46894.3034663416
37,1846,"V",3287.75448101158
37,1847,"U",46894.3034663416
37,1847,"V",3287.75448101158
37,1848,"U",46894.3034663416
37,1848,"V",3287.75448101158
37,1849,"U",46894.3034663416
37,1849,"V",3287.75448101158
37,1850,"U",46894.3034663416
37,1850,"V",3287.75448101158
37,1851,"U",46894.3034663416
37,1851,"V",3287.75448101158
37,1852,"U",46894.3034663416
37,1852,"V",3287.75448101158
37,1853,"U",46894.3034663416
37,1853,"V",3287.75448101158
37,1854,"U",46894.3034663416
37,1854,"V",3287.75448101158
37,1855,"U",46894.3034663416
37,1855,"V",3287.75448101158
37,1856,"U",46894.3034663416
37,1856,"V",3287.75448101158
37,1857,"U",46894.3034663416
37,1857,"V",3287.75448101158
37,1858,"U",46894.3034663416
37,1858,"V",3287.75448101158
37,1859,"U",46894.3034663416
37,1859,"V",3287.75448101158
37,1860,"U",46894.3034663416
37,1860,"V",3287.75448101158
37,1861,"U",46894.3034663416
37,1861,"V",3287.75448101158
37,1862,"U",50226.16310765
37,1862,"V",3521.35079561887
37,1863,"U",53794.7527534325
37,1863,"V",3771.54422491745
37,1864,"U",57616.8921683392
37,1864,"V",4039.51400076518
37,1865,"U",61710.5961682525
37,1865,"V",4326.52313993088
37,1866,"U",66095.1595291661
37,1866,"V",4633.92439704668
37,1867,"U",70791.2479288828
37,1867,"V",4963.16664052038
37,1868,"U",75820.9953501524
37,1868,"V",5315.80168145888
37,1869,"U",81208.1084043499
37,1869,"V",5693.49158778973
37,1870,"U",86977.9780673823
37,1870,"V",6098.01651805346
37,1871,"U",93157.7993544875
37,1871,"V",6531.28311179046
37,1872,"U",99776.6994979789
37,1872,"V",6995.33347606874
37,1873,"U",106865.875232061
37,1873,"V",7492.35481050727
37,1874,"U",114458.739831796
37,1874,"V",8024.68971616188
37,1875,"U",122591.080599248
37,1875,"V",8594.84723686145
37,1876,"U",131301.227539081
37,1876,"V",9205.51468503587
37,1877,"U",140630.234018636
37,1877,"V",9859.57030777381
37,1878,"U",150622.070263966
37,1878,"V",10560.0968528092
37,1879,"U",161323.830603853
37,1879,"V",11310.396098376
37,1880,"U",172785.955438612
37,1880,"V",12114.0044154169
37,1881,"U",185062.468979838
37,1881,"V",12974.7094354911
37,1882,"U",198211.233881684
37,1882,"V",13896.5679029453
37,1883,"U",212294.223963803
37,1883,"V",14883.924795489
37,1884,"U",227377.816311335
37,1884,"V",15941.433803293
37,1885,"U",243533.104128764
37,1885,"V",17074.0792631389
37,1886,"U",260836.231822122
37,1886,"V",18287.1996509954
37,1887,"U",279368.753888961
37,1887,"V",19586.5127437558
37,1888,"U",299218.019307593
37,1888,"V",20978.1425687245
37,1889,"U",320477.583237329
37,1889,"V",22468.6482678764
37,1890,"U",343247.647970222
37,1890,"V",24065.055012935
37,1891,"U",367635.535212577
37,1891,"V",25774.8871169774
37,1892,"U",393756.191922295
37,1892,"V",27606.2034986351
37,1893,"U",421732.732086128
37,1893,"V",29567.6356660382
37,1894,"U",451697.016990478
37,1894,"V",31668.4283995372
37,1895,"U",483790.276720633
37,1895,"V",33918.4833249466
37,1896,"U",518163.775817806
37,1896,"V",36328.4055826871
37,1897,"U",554979.52623138
37,1897,"V",38909.5538127895
37,1898,"U",594411.050926695
37,1898,"V",41674.0936913526
37,1899,"U",636644.201747496
37,1899,"V",44635.0552707903
37,1900,"U",681878.035387824
37,1900,"V",47806.3943941246
37,1901,"U",730325.751602095
37,1901,"V",51203.0584727919
37,1902,"U",782215.698075399
37,1902,"V",54841.0569379893
37,1903,"U",837792.446690203
37,1903,"V",58737.5366976156
37,1904,"U",897317.946262312
37,1904,"V",62910.8629544631
37,1905,"U",961072.757179144
37,1905,"V",67380.7057665715
37,1906,"U",1029357.37375959
37,1906,"V",72168.1327577335
37,1907,"U",1102493.64056808
37,1907,"V",77295.7084151195
37,1908,"U",1180826.26935836
37,1908,"V",82787.6004420374
37,1909,"U",1264724.46379675
37,1909,"V",88669.693667104
37,1910,"U",1354583.65962261
37,1910,"V",94969.712046706
37,1911,"U",1450827.38844805
37,1911,"V",101717.34933579
37,1912,"U",1553909.27398122
37,1912,"V",108944.409042861
37,1913,"U",1664315.1700822
37,1913,"V",116684.954328849
37,1914,"U",1782565.45072864
37,1914,"V",124975.468556346
37,1915,"U",1909217.46268433
37,1915,"V",133855.027245928
37,1916,"U",2044868.152431
37,1916,"V",143365.482250064
37,1917,"U",2190156.87974458
37,1917,"V",153551.659012632
37,1918,"U",2345768.43117731
37,1918,"V",164461.567843826
37,1919,"U",2512436.247649
37,1919,"V",176146.630206219
37,1920,"U",2690945.88135983
37,1920,"V",188661.921078548
37,1921,"U",2882138.69831857
37,1921,"V",202066.428539556
37,1922,"U",3086915.84393654
37,1922,"V",216423.331795352
37,1923,"U",3306242.49037901
37,1923,"V",231800.298960757
37,1924,"U",3541152.3856924
37,1924,"V",248269.805998108
37,1925,"U",3792752.72614908
37,1925,"V",265909.47831682
37,1926,"U",4062229.37477418
37,1926,"V",284802.45664373
37,1927,"U",4350852.45065081
37,1927,"V",305037.788888675
37,1928,"U",4659982.31534782
37,1928,"V",326710.849852287
37,1929,"U",4991075.98468577
37,1929,"V",349923.790754196
37,1930,"U",5345693.99606136
37,1930,"V",374786.020700405
37,1931,"U",5725507.7636983
37,1931,"V",401414.722359116
37,1932,"U",6132307.4564916
37,1932,"V",429935.40427553
37,1933,"U",6568010.43557611
37,1933,"V",460482.492428856
37,1934,"U",7034670.29138772
37,1934,"V",493199.963819684
37,1935,"U",7534486.5228114
37,1935,"V",528242.025073988
37,1936,"U",8069814.904037
37,1936,"V",565773.839262262
37,1937,"U",8643178.58798395
37,1937,"V",605972.30435939
37,1938,"U",9257279.99862961
37,1938,"V",649026.887014507
37,1939,"U",9915013.56829142
37,1939,"V",695140.515560446
37,1940,"U",10619479.3798996
37,1940,"V",744530.536471975
37,1941,"U",11373997.7785573
37,1941,"V",797429.738780695
37,1942,"U",12182125.0212598
37,1942,"V",854087.451275126
37,1943,"U",13047670.0385312
37,1943,"V",914770.717657238
37,1944,"U",13974712.3869839
37,1944,"V",979765.555194388
37,1945,"U",14967621.4774133
37,1945,"V",1049378.30279899
37,1946,"U",16031077.1690575
37,1946,"V",1123937.06488979
37,1947,"U",17170091.8270878
37,1947,"V",1203793.25784006
37,1948,"U",18390033.9472921
37,1948,"V",1289323.26630165
37,1949,"U",19696653.4593027
37,1949,"V",1380930.21721145
37,1950,"U",19481498.9635406
37,1950,"V",1827006.88462964
37,1951,"U",20600384.7545696
37,1951,"V",1598549.27087889
37,1952,"U",23822773.2327317
37,1952,"V",1780636.11963718
37,1953,"U",22365293.8471095
37,1953,"V",1968052.49012904
37,1954,"U",30182046.2667806
37,1954,"V",1950901.17630369
37,1955,"U",27679030.4691857
37,1955,"V",2615007.4274556
37,1956,"U",28287439.8083568
37,1956,"V",2285855.07367093
37,1957,"U",30352398.4387428
37,1957,"V",2310191.82262287
37,1958,"U",33169936.1136359
37,1958,"V",3038795.53176298
37,1959,"U",33657907.2875371
37,1959,"V",2852981.61192484
37,1960,"U",38834619.6260273
37,1960,"V",2992783.42104569
37,1961,"U",41278686.5110468
37,1961,"V",3732800.79584723
37,1962,"U",47607733.7524924
37,1962,"V",4413437.71178199
37,1963,"U",54254480.8122994
37,1963,"V",5029007.74382159
37,1964,"U",48054504.8898114
37,1964,"V",3795127.78690835
37,1965,"U",83308226.8289045
37,1965,"V",4252878.12757324
37,1966,"U",59168781.0294082
37,1966,"V",4767843.33913365
37,1967,"U",63159034.0289011
37,1967,"V",4994716.32319506
37,1968,"U",68029392.564153
37,1968,"V",4933021.94931133
37,1969,"U",69342158.2287766
37,1969,"V",5112571.45805121
37,1970,"U",87564744.8786195
37,1970,"V",9668128.53018582
37,1971,"U",74854594.2819485
37,1971,"V",9316471.64095433
37,1972,"U",87073330.8248088
37,1972,"V",10802477.117259
37,1973,"U",92617109.9265389
37,1973,"V",10931369.5990346
37,1974,"U",101151698.105162
37,1974,"V",11040175.6226348
37,1975,"U",108934705.827429
37,1975,"V",10118362.2561961
37,1976,"U",120264451.266828
37,1976,"V",12942918.6709928
37,1977,"U",113669114.011334
37,1977,"V",8836060.71752142
37,1978,"U",127581986.645502
37,1978,"V",12411944.7833365
37,1979,"U",132991905.67223
37,1979,"V",16001897.9573359
37,1980,"U",127422830.799866
37,1980,"V",15858160.6905775
37,1981,"U",135132128.27323
37,1981,"V",21913593.0237654
37,1982,"U",154987939.347783
37,1982,"V",19496233.6659866
37,1983,"U",148385322.417883
37,1983,"V",18035551.2952604
37,1984,"U",164762551.033647
37,1984,"V",22792971.6509697
37,1985,"U",170327893.203307
37,1985,"V",24971648.5679891
37,1986,"U",172428807.404705
37,1986,"V",23037589.190583
37,1987,"U",202903932.960223
37,1987,"V",19881984.8843409
37,1988,"U",192225767.386996
37,1988,"V",27729871.515431
37,1989,"U",210021946.84952
37,1989,"V",30249399.5631683
37,1990,"U",208608718.133052
37,1990,"V",27219588.9140732
37,1991,"U",196652612.97831
37,1991,"V",28730084.0785506
37,1992,"U",220089372.050272
37,1992,"V",35001713.6517156
37,1993,"U",213268552.610509
37,1993,"V",26584894.3172248
37,1994,"U",216037149.842643
37,1994,"V",28447628.0914695
37,1995,"U",237713665.190779
37,1995,"V",27274721.1497375
37,1996,"U",253973570.143537
37,1996,"V",27174857.805606
37,1997,"U",269904349.226777
37,1997,"V",29116480.971892
37,1998,"U",290140934.101571
37,1998,"V",22664871.1351583
37,1999,"U",313615890.549825
37,1999,"V",35405524.6061577
37,2000,"U",301530635.498692
37,2000,"V",36119646.6950406
37,2001,"U",315064051.500833
37,2001,"V",32849529.9351829
37,2002,"U",313392665.119336
37,2002,"V",33767405.3439926
37,2003,"U",330226318.702078
37,2003,"V",32294140.5771322
37,2004,"U",352604942.920672
37,2004,"V",30488192.6333851
37,2005,"U",361793766.466837
37,2005,"V",31854140.964
37,2006,"U",372507906.785968
37,2006,"V",38336105.2167863
37,2007,"U",385980513.710989
37,2007,"V",34648697.2920321
37,2008,"U",414736000.485038
37,2008,"V",36074960.4387382
37,2009,"U",420168268.097652
37,2009,"V",42839114.2236202
37,2010,"U",437270535.301583
37,2010,"V",48334228.614946
37,2011,"U",451851162.108047
37,2011,"V",45760484.9914124
37,2012,"U",476846213.049788
37,2012,"V",49417107.5096523
37,2013,"U",501058126.611168
37,2013,"V",55680572.4879084
37,2014,"U",517528788.467467
37,2014,"V",51416810.484066
37,2015,"U",531739073.405301
37,2015,"V",48791971.2587847
37,2016,"U",479168004.441262
37,2016,"V",52980234.5904501
37,2017,"U",502757992.234413
37,2017,"V",52866228.8129248
38,1841,"U",198200.009133307
38,1841,"V",20884.261639533
38,1842,"U",198200.009133307
38,1842,"V",20884.261639533
38,1843,"U",198200.009133307
38,1843,"V",20884.261639533
38,1844,"U",198200.009133307
38,1844,"V",20884.261639533
38,1845,"U",198200.009133307
38,1845,"V",20884.261639533
38,1846,"U",198200.009133307
38,1846,"V",20884.261639533
38,1847,"U",198200.009133307
38,1847,"V",20884.261639533
38,1848,"U",198200.009133307
38,1848,"V",20884.261639533
38,1849,"U",198200.009133307
38,1849,"V",20884.261639533
38,1850,"U",198200.009133307
38,1850,"V",20884.261639533
38,1851,"U",198200.009133307
38,1851,"V",20884.261639533
38,1852,"U",198200.009133307
38,1852,"V",20884.261639533
38,1853,"U",198200.009133307
38,1853,"V",20884.261639533
38,1854,"U",198200.009133307
38,1854,"V",20884.261639533
38,1855,"U",198200.009133307
38,1855,"V",20884.261639533
38,1856,"U",198200.009133307
38,1856,"V",20884.261639533
38,1857,"U",198200.009133307
38,1857,"V",20884.261639533
38,1858,"U",198200.009133307
38,1858,"V",20884.261639533
38,1859,"U",198200.009133307
38,1859,"V",20884.261639533
38,1860,"U",198200.009133307
38,1860,"V",20884.261639533
38,1861,"U",198200.009133307
38,1861,"V",20884.261639533
38,1862,"U",209586.747178193
38,1862,"V",22084.0780148707
38,1863,"U",221627.661798904
38,1863,"V",23352.8247339947
38,1864,"U",234360.335926621
38,1864,"V",24694.4618964598
38,1865,"U",247824.5116599
38,1865,"V",26113.1771124885
38,1866,"U",262062.214310431
38,1866,"V",27613.3985736266
38,1867,"U",277117.883575363
38,1867,"V",29199.8088743225
38,1868,"U",293038.512245487
38,1868,"V",30877.3596275572
38,1869,"U",309873.792882413
38,1869,"V",32651.2869201644
38,1870,"U",327676.272922444
38,1870,"V",34527.1276560671
38,1871,"U",346501.518691133
38,1871,"V",36510.736838433
38,1872,"U",366408.28884087
38,1872,"V",38608.3058447266
38,1873,"U",387458.717752307
38,1873,"V",40826.3817516514
38,1874,"U",409718.509472524
38,1874,"V",43171.8877703411
38,1875,"U",433257.142795025
38,1875,"V",45652.1448555643
38,1876,"U",458148.088121699
38,1876,"V",48274.8945563875
38,1877,"U",484469.036783708
38,1877,"V",51048.3231796341
38,1878,"U",512302.143537019
38,1878,"V",53981.0873415484
38,1879,"U",541734.282989473
38,1879,"V",57082.3409874191
38,1880,"U",572857.320759809
38,1880,"V",60361.7639635076
38,1881,"U",605768.400214908
38,1881,"V",63829.5922304454
38,1882,"U",640570.245680411
38,1882,"V",67496.649812422
38,1883,"U",677371.483070902
38,1883,"V",71374.3825818725
38,1884,"U",716286.978940613
38,1884,"V",75474.8939851215
38,1885,"U",757438.199012829
38,1885,"V",79810.9828204966
38,1886,"U",800953.587307026
38,1886,"V",84396.1831868128
38,1887,"U",846968.967047211
38,1887,"V",89244.8067269367
38,1888,"U",895627.964602716
38,1888,"V",94371.9872982705
38,1889,"U",947082.457784631
38,1889,"V",99793.7282095837
38,1890,"U",1001493.0498974
38,1890,"V",105526.952171651
38,1891,"U",1059029.57102485
38,1891,"V",111589.554117577
38,1892,"U",1119871.60811547
38,1892,"V",118000.457057687
38,1893,"U",1184209.06552164
38,1893,"V",124779.671143339
38,1894,"U",1252242.75774213
38,1894,"V",131948.356123978
38,1895,"U",1324185.03621815
38,1895,"V",139528.887392402
38,1896,"U",1400260.45213922
38,1896,"V",147544.925824384
38,1897,"U",1480706.45732784
38,1897,"V",156021.491630618
38,1898,"U",1565774.14539048
38,1898,"V",164985.042451524
38,1899,"U",1655729.03544816
38,1899,"V",174463.555938657
38,1900,"U",1750851.90089304
38,1900,"V",184486.61708048
38,1901,"U",1851439.64575765
38,1901,"V",195085.510545062
38,1902,"U",1957806.23143213
38,1902,"V",206293.318327934
38,1903,"U",2070283.65662221
38,1903,"V",218145.023009898
38,1904,"U",2189222.99360636
38,1904,"V",230677.616947061
38,1905,"U",2314995.48402673
38,1905,"V",243930.217733917
38,1906,"U",2447993.69763418
38,1906,"V",257944.190299884
38,1907,"U",2588632.75760388
38,1907,"V",272763.276020356
38,1908,"U",2737351.63624643
38,1908,"V",288433.729245311
38,1909,"U",2894614.52515842
38,1909,"V",305004.461671552
38,1910,"U",3060912.28408906
38,1910,"V",322527.195009267
38,1911,"U",3236763.97304562
38,1911,"V",341056.622419397
38,1912,"U",3422718.47241908
38,1912,"V",360650.579225684
38,1913,"U",3619356.1961874
38,1913,"V",381370.223434266
38,1914,"U",3827290.90354356
38,1914,"V",403280.226624251
38,1915,"U",4047171.61460304
38,1915,"V",426448.975805106
38,1916,"U",4279684.63617005
38,1916,"V",450948.786870895
38,1917,"U",4525555.70388536
38,1917,"V",476856.130317607
38,1918,"U",4785552.2474427
38,1918,"V",504251.86992816
38,1919,"U",5060485.78594267
38,1919,"V",533221.515169977
38,1920,"U",5351214.46086241
38,1920,"V",563855.488093026
38,1921,"U",5658645.71454549
38,1921,"V",596249.405561361
38,1922,"U",5983739.12257366
38,1922,"V",630504.377699032
38,1923,"U",6327509.38885981
38,1923,"V",666727.323481963
38,1924,"U",6691029.51281228
38,1924,"V",705031.304460856
38,1925,"U",7075434.13845363
38,1925,"V",745535.877656617
38,1926,"U",7481923.09595023
38,1926,"V",788367.468730009
38,1927,"U",7911765.14660465
38,1927,"V",833659.766590105
38,1928,"U",8366301.94300036
38,1928,"V",881554.140673304
38,1929,"U",8846952.21666054
38,1929,"V",932200.082195334
38,1930,"U",9355216.20629025
38,1930,"V",985755.670753566
38,1931,"U",9892680.34042487
38,1931,"V",1042388.06773586
38,1932,"U",10461022.1890999
38,1932,"V",1102274.03807627
38,1933,"U",11062015.6999978
38,1933,"V",1165600.50198582
38,1934,"U",11697536.735416
38,1934,"V",1232565.11838084
38,1935,"U",12369568.9273371
38,1935,"V",1303376.90182949
38,1936,"U",13080209.8688773
38,1936,"V",1378256.87494245
38,1937,"U",13831677.6614387
38,1937,"V",1457438.75824387
38,1938,"U",14626317.8379999
38,1938,"V",1541169.699676
38,1939,"U",15466610.6841548
38,1939,"V",1629711.0460143
38,1940,"U",16355178.979751
38,1940,"V",1723339.15860103
38,1941,"U",17294796.1852901
38,1941,"V",1822346.27594323
38,1942,"U",18288395.098644
38,1942,"V",1927041.42586769
38,1943,"U",19339077.0091055
38,1943,"V",2037751.39007986
38,1944,"U",20450121.3773449
38,1944,"V",2154821.7241374
38,1945,"U",21624996.0714898
38,1945,"V",2278617.83602195
38,1946,"U",22867368.1912716
38,1946,"V",2409526.12667563
38,1947,"U",24181115.5140323
38,1947,"V",2547955.19606239
38,1948,"U",25570338.598307
38,1948,"V",2694337.1185181
38,1949,"U",27039373.5827715
38,1949,"V",2849128.79137089
38,1950,"U",22690152.6482357
38,1950,"V",233547.38385351
38,1951,"U",22065512.4578061
38,1951,"V",2948325.31066422
38,1952,"U",23331973.6784367
38,1952,"V",3320845.69171451
38,1953,"U",26777298.9318029
38,1953,"V",4003451.186449
38,1954,"U",33335846.4078949
38,1954,"V",1483272.98139413
38,1955,"U",30897798.6175676
38,1955,"V",3935204.0559214
38,1956,"U",39539640.7936606
38,1956,"V",4568731.82043084
38,1957,"U",37162692.2159216
38,1957,"V",4969578.7510687
38,1958,"U",54105036.094817
38,1958,"V",5682561.25741945
38,1959,"U",55815970.6601592
38,1959,"V",2489688.84116159
38,1960,"U",46592763.5808089
38,1960,"V",2054514.72464201
38,1961,"U",59320784.3201304
38,1961,"V",2228664.00286438
38,1962,"U",65218114.2597403
38,1962,"V",2935004.8051164
38,1963,"U",75337565.5944619
38,1963,"V",3463499.19687034
38,1964,"U",72022201.9231695
38,1964,"V",3732658.6309452
38,1965,"U",75594307.0260443
38,1965,"V",4091918.18096585
38,1966,"U",80882744.5297738
38,1966,"V",4498202.17296281
38,1967,"U",91270633.7432341
38,1967,"V",4970514.57366887
38,1968,"U",87558346.945794
38,1968,"V",5375905.22852918
38,1969,"U",89315758.5968167
38,1969,"V",4676980.09391685
38,1970,"U",95103733.7275385
38,1970,"V",5766819.94796025
38,1971,"U",96780981.6612126
38,1971,"V",5821699.0080228
38,1972,"U",93667953.9611359
38,1972,"V",6485571.62047635
38,1973,"U",101145509.932006
38,1973,"V",7867835.87155482
38,1974,"U",96509929.1744854
38,1974,"V",6719228.89601288
38,1975,"U",82637554.1220458
38,1975,"V",13832719.9001056
38,1976,"U",77169944.8872865
38,1976,"V",22107412.6299621
38,1977,"U",102367858.830889
38,1977,"V",28344916.8634878
38,1978,"U",118640985.675465
38,1978,"V",30640651.9516898
38,1979,"U",134179540.025224
38,1979,"V",34844069.8629999
38,1980,"U",136297624.654444
38,1980,"V",35355004.2186391
38,1981,"U",123237289.41987
38,1981,"V",40153233.7459942
38,1982,"U",139829854.518923
38,1982,"V",45440103.4878133
38,1983,"U",147661719.327488
38,1983,"V",33105340.5693479
38,1984,"U",146718905.802653
38,1984,"V",34837501.8323455
38,1985,"U",148883074.030679
38,1985,"V",34707641.3278681
38,1986,"U",178242669.333749
38,1986,"V",37388556.1981167
38,1987,"U",200294160.753408
38,1987,"V",37241976.7209647
38,1988,"U",223840651.946935
38,1988,"V",43196451.9529732
38,1989,"U",237700893.069955
38,1989,"V",59708923.2671909
38,1990,"U",251478371.032454
38,1990,"V",51848502.3773931
38,1991,"U",296563928.530611
38,1991,"V",54442702.5984105
38,1992,"U",293381795.546107
38,1992,"V",58937828.6647889
38,1993,"U",294494014.880534
38,1993,"V",57915843.4128938
38,1994,"U",305848295.736127
38,1994,"V",62960803.5131421
38,1995,"U",295585661.522518
38,1995,"V",59620146.2785357
38,1996,"U",359445995.664462
38,1996,"V",65243446.6686191
38,1997,"U",370593772.649525
38,1997,"V",73990004.9052352
38,1998,"U",434646741.580841
38,1998,"V",80723029.1636831
38,1999,"U",476038015.234397
38,1999,"V",75760371.3149591
38,2000,"U",420400568.177262
38,2000,"V",72266739.3003237
38,2001,"U",518509430.688962
38,2001,"V",89675849.9293725
38,2002,"U",531393794.215211
38,2002,"V",93205399.7849773
38,2003,"U",580017498.367469
38,2003,"V",94663030.1214608
38,2004,"U",517755137.699233
38,2004,"V",81206545.6036997
38,2005,"U",655758085.572207
38,2005,"V",84260704.7434979
38,2006,"U",616515028.232335
38,2006,"V",142264151.065122
38,2007,"U",657327385.514586
38,2007,"V",129807375.293776
38,2008,"U",638427804.284505
38,2008,"V",119118824.350049
38,2009,"U",731283014.271819
38,2009,"V",112732700.324076
38,2010,"U",744557356.823332
38,2010,"V",129597210.649678
38,2011,"U",728624113.616023
38,2011,"V",159954352.577667
38,2012,"U",766845735.028981
38,2012,"V",132521182.817895
38,2013,"U",839705235.736179
38,2013,"V",144327790.497457
38,2014,"U",816738401.799748
38,2014,"V",195555479.627048
38,2015,"U",678442398.587657
38,2015,"V",165195261.472268
38,2016,"U",633431266.158763
38,2016,"V",188702334.366858
38,2017,"U",554195975.272266
38,2017,"V",211184863.687656
39,1841,"U",19.8557393944779
39,1841,"V",13.8429020285999
39,1842,"U",19.8557393944779
39,1842,"V",13.8429020285999
39,1843,"U",19.8557393944779
39,1843,"V",13.8429020285999
39,1844,"U",19.8557393944779
39,1844,"V",13.8429020285999
39,1845,"U",19.8557393944779
39,1845,"V",13.8429020285999
39,1846,"U",19.8557393944779
39,1846,"V",13.8429020285999
39,1847,"U",19.8557393944779
39,1847,"V",13.8429020285999
39,1848,"U",19.8557393944779
39,1848,"V",13.8429020285999
39,1849,"U",19.8557393944779
39,1849,"V",13.8429020285999
39,1850,"U",19.8557393944779
39,1850,"V",13.8429020285999
39,1851,"U",19.8557393944779
39,1851,"V",13.8429020285999
39,1852,"U",19.8557393944779
39,1852,"V",13.8429020285999
39,1853,"U",19.8557393944779
39,1853,"V",13.8429020285999
39,1854,"U",19.8557393944779
39,1854,"V",13.8429020285999
39,1855,"U",19.8557393944779
39,1855,"V",13.8429020285999
39,1856,"U",19.8557393944779
39,1856,"V",13.8429020285999
39,1857,"U",19.8557393944779
39,1857,"V",13.8429020285999
39,1858,"U",19.8557393944779
39,1858,"V",13.8429020285999
39,1859,"U",19.8557393944779
39,1859,"V",13.8429020285999
39,1860,"U",19.8557393944779
39,1860,"V",13.8429020285999
39,1861,"U",19.8557393944779
39,1861,"V",13.8429020285999
39,1862,"U",21.5809059106737
39,1862,"V",15.0456429888968
39,1863,"U",23.455963571668
39,1863,"V",16.3528841338091
39,1864,"U",25.4939356741011
39,1864,"V",17.7737049650317
39,1865,"U",27.7089770441207
39,1865,"V",19.317973857028
39,1866,"U",30.1164723503867
39,1866,"V",20.9964165982851
39,1867,"U",32.7331429589568
39,1867,"V",22.8206908877445
39,1868,"U",35.5771630722728
39,1868,"V",24.8034673038648
39,1869,"U",38.6682859589306
39,1869,"V",26.9585173087146
39,1870,"U",42.027981150827
39,1870,"V",29.3008088982343
39,1871,"U",45.6795835608077
39,1871,"V",31.8466105631584
39,1872,"U",49.6484555563196
39,1872,"V",34.6136042825262
39,1873,"U",53.9621631148871
39,1873,"V",37.6210083346709
39,1874,"U",58.6506672847907
39,1874,"V",40.8897107785953
39,1875,"U",63.7465322809108
39,1875,"V",44.4424145329507
39,1876,"U",69.2851516609288
39,1876,"V",48.3037950601657
39,1877,"U",75.3049941528397
39,1877,"V",52.5006717509577
39,1878,"U",81.8478708412422
39,1878,"V",57.0621941996233
39,1879,"U",88.9592255680668
39,1879,"V",62.0200446638286
39,1880,"U",96.6884505648352
39,1880,"V",67.4086581151629
39,1881,"U",105.089229508585
39,1881,"V",73.2654614087533
39,1882,"U",114.219910384249
39,1882,"V",79.631133233162
39,1883,"U",124.14391074321
39,1883,"V",86.5498866460463
39,1884,"U",134.930158172689
39,1884,"V",94.0697761578938
39,1885,"U",146.653569035431
39,1885,"V",102.243031496806
39,1886,"U",159.395568804601
39,1886,"V",111.126420372373
39,1887,"U",173.244657608051
39,1887,"V",120.781642758342
39,1888,"U",188.297024909916
39,1888,"V",131.275759432545
39,1889,"U",204.657217598833
39,1889,"V",142.681657750523
39,1890,"U",222.438866122996
39,1890,"V",155.078557887894
39,1891,"U",241.76547371554
39,1891,"V",168.552563067634
39,1892,"U",262.771274191704
39,1892,"V",183.197257593829
39,1893,"U",285.602164275837
39,1893,"V",199.114356845659
39,1894,"U",310.416716933581
39,1894,"V",216.414413746094
39,1895,"U",337.387282747481
39,1895,"V",235.21758661215
39,1896,"U",366.701186985632
39,1896,"V",255.654473719831
39,1897,"U",398.562030677714
39,1897,"V",277.867020380304
39,1898,"U",433.191104735003
39,1898,"V",302.00950482737
39,1899,"U",470.828926936283
39,1899,"V",328.249609763833
39,1900,"U",511.736912454797
39,1900,"V",356.769587009186
39,1901,"U",556.199189528989
39,1901,"V",387.767523337746
39,1902,"U",604.524572887891
39,1902,"V",421.458716299206
39,1903,"U",657.048708637577
39,1903,"V",458.077169577354
39,1904,"U",714.136405506158
39,1904,"V",497.877218273096
39,1905,"U",776.18416863911
39,1905,"V",541.135295400261
39,1906,"U",843.62295354342
39,1906,"V",588.151851863417
39,1907,"U",916.921159308315
39,1907,"V",639.253443253047
39,1908,"U",996.587881891972
39,1908,"V",694.794997951934
39,1909,"U",1083.17645007032
39,1909,"V",755.162282306147
39,1910,"U",1177.28826860661
39,1910,"V",820.77457998233
39,1911,"U",1279.57699533513
39,1911,"V",892.087604121182
39,1912,"U",1390.75308117081
39,1912,"V",969.596662513359
39,1913,"U",1511.58870457772
39,1913,"V",1053.84009778185
39,1914,"U",1642.92313476912
39,1914,"V",1145.40302646468
39,1915,"U",1785.66856088915
39,1915,"V",1244.92140296795
39,1916,"U",1940.81642766326
39,1916,"V",1353.08643661547
39,1917,"U",2109.44432152178
39,1917,"V",1470.64939247407
39,1918,"U",2292.72345502452
39,1918,"V",1598.42680929848
39,1919,"U",2491.92680156993
39,1919,"V",1737.30617083785
39,1920,"U",2708.43793688851
39,1920,"V",1888.25206989359
39,1921,"U",2943.75570525125
39,1921,"V",2052.30946147781
39,1922,"U",3199.48224179933
39,1922,"V",2230.59531229498
39,1923,"U",3477.32346277403
39,1923,"V",2424.29894251733
39,1924,"U",3779.09504165476
39,1924,"V",2634.68619219203
39,1925,"U",4106.72922570835
39,1925,"V",2863.10417356095
39,1926,"U",4462.28268281397
39,1926,"V",3110.98674166174
39,1927,"U",4847.94559662339
39,1927,"V",3379.86083523555
39,1928,"U",5266.05225493551
39,1928,"V",3671.35385866482
39,1929,"U",5719.09340096535
39,1929,"V",3987.20229295479
39,1930,"U",6209.73063936451
39,1930,"V",4329.26173923415
39,1931,"U",6740.81320786141
39,1931,"V",4699.51861150375
39,1932,"U",7315.39744076401
39,1932,"V",5100.10370608156
39,1933,"U",7936.76926191602
39,1933,"V",5533.30788310314
39,1934,"U",8608.47005168868
39,1934,"V",6001.60010031173
39,1935,"U",9334.32623493136
39,1935,"V",6507.64804100319
39,1936,"U",10118.4829341826
39,1936,"V",7054.34157616431
39,1937,"U",10965.4420244652
39,1937,"V",7644.81929528038
39,1938,"U",11880.1049120833
39,1938,"V",8282.49833059322
39,1939,"U",12867.8203391579
39,1939,"V",8971.10768517268
39,1940,"U",13934.4374869266
39,1940,"V",9714.72525514814
39,1941,"U",15086.3646123075
39,1941,"V",10517.8187095862
39,1942,"U",16330.6334014106
39,1942,"V",11385.290356076
39,1943,"U",17674.9691573004
39,1943,"V",12322.5260738001
39,1944,"U",19127.8668530993
39,1944,"V",13335.4483357691
39,1945,"U",20698.6729701655
39,1945,"V",14430.5732642581
39,1946,"U",22397.6728980567
39,1946,"V",15615.0715637743
39,1947,"U",24236.1834905744
39,1947,"V",16896.8330487102
39,1948,"U",26226.6501414046
39,1948,"V",18284.53432194
39,1949,"U",28382.7474536595
39,1949,"V",19787.7089589909
39,1950,"U",9865.30147698085
39,1950,"V",0.656579692857451
39,1951,"U",44628.2291015866
39,1951,"V",3748.46257536015
39,1952,"U",38919.2018054341
39,1952,"V",20890.6578626657
39,1953,"U",41601.6941916959
39,1953,"V",22045.5856115847
39,1954,"U",41462.2754534876
39,1954,"V",28861.9182802033
39,1955,"U",37153.789914457
39,1955,"V",33783.8189352849
39,1956,"U",35472.5135975728
39,1956,"V",47941.8054993796
39,1957,"U",45814.9853590953
39,1957,"V",27754.7171382181
39,1958,"U",61186.5365587209
39,1958,"V",24822.5918667562
39,1959,"U",24597.3672567996
39,1959,"V",16863.6548371247
39,1960,"U",42511.6965748401
39,1960,"V",41170.8162289976
39,1961,"U",27217.5348787735
39,1961,"V",29696.5885271606
39,1962,"U",39846.4336212628
39,1962,"V",23204.21309272
39,1963,"U",21952.3335598452
39,1963,"V",31337.3622430854
39,1964,"U",29399.2020454593
39,1964,"V",28400.1916241426
39,1965,"U",51046.8492242216
39,1965,"V",14502.3265498717
39,1966,"U",32335.903894217
39,1966,"V",84707.7970464347
39,1967,"U",32764.0190944073
39,1967,"V",33393.9679277947
39,1968,"U",35382.3382131841
39,1968,"V",80152.7811932921
39,1969,"U",57753.8092055604
39,1969,"V",47362.8684800458
39,1970,"U",172279.315387952
39,1970,"V",57023.7924365794
39,1971,"U",58975.2772097912
39,1971,"V",73511.643258675
39,1972,"U",46137.7525401403
39,1972,"V",67112.7639235725
39,1973,"U",73225.2336289484
39,1973,"V",68807.3539945445
39,1974,"U",51761.8300049282
39,1974,"V",94789.4839711567
39,1975,"U",106257.437755072
39,1975,"V",69317.7778430301
39,1976,"U",105227.163439809
39,1976,"V",100724.371464532
39,1977,"U",117593.491502705
39,1977,"V",67405.162529443
39,1978,"U",149356.235067084
39,1978,"V",182549.612021945
39,1979,"U",126751.199098764
39,1979,"V",218562.506667391
39,1980,"U",120802.09075085
39,1980,"V",121469.564911443
39,1981,"U",166676.686293377
39,1981,"V",115523.730581817
39,1982,"U",135175.410512644
39,1982,"V",177656.69539934
39,1983,"U",154978.315189119
39,1983,"V",172088.060287136
39,1984,"U",137742.323088306
39,1984,"V",122003.033312986
39,1985,"U",359646.53297422
39,1985,"V",146498.505851244
39,1986,"U",267453.053857516
39,1986,"V",95294.4211340713
39,1987,"U",110471.000208564
39,1987,"V",111517.996955005
39,1988,"U",260483.694737605
39,1988,"V",105776.60424572
39,1989,"U",268455.581659947
39,1989,"V",213091.747874242
39,1990,"U",438034.560429402
39,1990,"V",183315.4652251
39,1991,"U",244868.237139652
39,1991,"V",192606.878324639
39,1992,"U",383457.378109087
39,1992,"V",227744.300066464
39,1993,"U",288933.248417148
39,1993,"V",212720.235202096
39,1994,"U",371739.916935768
39,1994,"V",256749.592973143
39,1995,"U",392505.52059586
39,1995,"V",298214.219378657
39,1996,"U",444950.06482419
39,1996,"V",323648.652120199
39,1997,"U",380396.662154226
39,1997,"V",271108.38488423
39,1998,"U",475108.629994165
39,1998,"V",284694.717014057
39,1999,"U",297649.380573604
39,1999,"V",217721.493742402
39,2000,"U",643907.168624814
39,2000,"V",344363.737423255
39,2001,"U",504866.917372845
39,2001,"V",405973.202234353
39,2002,"U",705716.444696929
39,2002,"V",324041.6278925
39,2003,"U",715952.5004935
39,2003,"V",215660.260834738
39,2004,"U",629568.627885185
39,2004,"V",245705.531873187
39,2005,"U",339345.81234261
39,2005,"V",153282.981351215
39,2006,"U",771626.499727668
39,2006,"V",211388.660046297
39,2007,"U",325204.203975017
39,2007,"V",187522.912772947
39,2008,"U",321975.899503679
39,2008,"V",255088.543612917
39,2009,"U",430049.264424739
39,2009,"V",392904.700124183
39,2010,"U",461649.775835312
39,2010,"V",496652.036350675
39,2011,"U",560345.886832112
39,2011,"V",261805.312349265
39,2012,"U",604614.176022419
39,2012,"V",157224.313635378
39,2013,"U",469035.360349062
39,2013,"V",251402.797860131
39,2014,"U",484141.475583115
39,2014,"V",221284.848234162
39,2015,"U",368476.896590735
39,2015,"V",454133.339535077
39,2016,"U",411125.984152226
39,2016,"V",311150.979282362
39,2017,"U",304019.821756627
39,2017,"V",285029.0478853
40,1841,"U",7.29589397098679e-09
40,1841,"V",3.87997692439896e-09
40,1842,"U",7.29589397098679e-09
40,1842,"V",3.87997692439896e-09
40,1843,"U",7.29589397098679e-09
40,1843,"V",3.87997692439896e-09
40,1844,"U",7.29589397098679e-09
40,1844,"V",3.87997692439896e-09
40,1845,"U",7.29589397098679e-09
40,1845,"V",3.87997692439896e-09
40,1846,"U",7.29589397098679e-09
40,1846,"V",3.87997692439896e-09
40,1847,"U",7.29589397098679e-09
40,1847,"V",3.87997692439896e-09
40,1848,"U",7.29589397098679e-09
40,1848,"V",3.87997692439896e-09
40,1849,"U",7.29589397098679e-09
40,1849,"V",3.87997692439896e-09
40,1850,"U",7.29589397098679e-09
40,1850,"V",3.87997692439896e-09
40,1851,"U",7.29589397098679e-09
40,1851,"V",3.87997692439896e-09
40,1852,"U",7.29589397098679e-09
40,1852,"V",3.87997692439896e-09
40,1853,"U",7.29589397098679e-09
40,1853,"V",3.87997692439896e-09
40,1854,"U",7.29589397098679e-09
40,1854,"V",3.87997692439896e-09
40,1855,"U",7.29589397098679e-09
40,1855,"V",3.87997692439896e-09
40,1856,"U",7.29589397098679e-09
40,1856,"V",3.87997692439896e-09
40,1857,"U",7.29589397098679e-09
40,1857,"V",3.87997692439896e-09
40,1858,"U",7.29589397098679e-09
40,1858,"V",3.87997692439896e-09
40,1859,"U",7.29589397098679e-09
40,1859,"V",3.87997692439896e-09
40,1860,"U",7.29589397098679e-09
40,1860,"V",3.87997692439896e-09
40,1861,"U",7.29589397098679e-09
40,1861,"V",3.87997692439896e-09
40,1862,"U",7.29589397098679e-09
40,1862,"V",3.87997692439896e-09
40,1863,"U",7.29589397098679e-09
40,1863,"V",3.87997692439896e-09
40,1864,"U",7.29589397098679e-09
40,1864,"V",3.87997692439896e-09
40,1865,"U",7.29589397098679e-09
40,1865,"V",3.87997692439896e-09
40,1866,"U",7.29589397098679e-09
40,1866,"V",3.87997692439896e-09
40,1867,"U",7.29589397098679e-09
40,1867,"V",3.87997692439896e-09
40,1868,"U",7.29589397098679e-09
40,1868,"V",3.87997692439896e-09
40,1869,"U",7.29589397098679e-09
40,1869,"V",3.87997692439896e-09
40,1870,"U",7.29589397098679e-09
40,1870,"V",3.87997692439896e-09
40,1871,"U",7.29589397098679e-09
40,1871,"V",3.87997692439896e-09
40,1872,"U",7.29589397098679e-09
40,1872,"V",3.87997692439896e-09
40,1873,"U",7.29589397098679e-09
40,1873,"V",3.87997692439896e-09
40,1874,"U",7.29589397098679e-09
40,1874,"V",3.87997692439896e-09
40,1875,"U",7.29589397098679e-09
40,1875,"V",3.87997692439896e-09
40,1876,"U",7.29589397098679e-09
40,1876,"V",3.87997692439896e-09
40,1877,"U",7.29589397098679e-09
40,1877,"V",3.87997692439896e-09
40,1878,"U",7.29589397098679e-09
40,1878,"V",3.87997692439896e-09
40,1879,"U",7.29589397098679e-09
40,1879,"V",3.87997692439896e-09
40,1880,"U",7.29589397098679e-09
40,1880,"V",3.87997692439896e-09
40,1881,"U",7.29589397098679e-09
40,1881,"V",3.87997692439896e-09
40,1882,"U",7.29589397098679e-09
40,1882,"V",3.87997692439896e-09
40,1883,"U",7.29589397098679e-09
40,1883,"V",3.87997692439896e-09
40,1884,"U",7.29589397098679e-09
40,1884,"V",3.87997692439896e-09
40,1885,"U",7.29589397098679e-09
40,1885,"V",3.87997692439896e-09
40,1886,"U",7.29589397098679e-09
40,1886,"V",3.87997692439896e-09
40,1887,"U",7.29589397098679e-09
40,1887,"V",3.87997692439896e-09
40,1888,"U",7.29589397098679e-09
40,1888,"V",3.87997692439896e-09
40,1889,"U",7.29589397098679e-09
40,1889,"V",3.87997692439896e-09
40,1890,"U",7.29589397098679e-09
40,1890,"V",3.87997692439896e-09
40,1891,"U",7.29589397098679e-09
40,1891,"V",3.87997692439896e-09
40,1892,"U",7.29589397098679e-09
40,1892,"V",3.87997692439896e-09
40,1893,"U",7.29589397098679e-09
40,1893,"V",3.87997692439896e-09
40,1894,"U",7.29589397098679e-09
40,1894,"V",3.87997692439896e-09
40,1895,"U",7.29589397098679e-09
40,1895,"V",3.87997692439896e-09
40,1896,"U",7.29589397098679e-09
40,1896,"V",3.87997692439896e-09
40,1897,"U",7.29589397098679e-09
40,1897,"V",3.87997692439896e-09
40,1898,"U",7.29589397098679e-09
40,1898,"V",3.87997692439896e-09
40,1899,"U",7.29589397098679e-09
40,1899,"V",3.87997692439896e-09
40,1900,"U",7.29589397098679e-09
40,1900,"V",3.87997692439896e-09
40,1901,"U",7.29589397098679e-09
40,1901,"V",3.87997692439896e-09
40,1902,"U",7.29589397098679e-09
40,1902,"V",3.87997692439896e-09
40,1903,"U",7.29589397098679e-09
40,1903,"V",3.87997692439896e-09
40,1904,"U",7.29589397098679e-09
40,1904,"V",3.87997692439896e-09
40,1905,"U",7.29589397098679e-09
40,1905,"V",3.87997692439896e-09
40,1906,"U",7.29589397098679e-09
40,1906,"V",3.87997692439896e-09
40,1907,"U",7.29589397098679e-09
40,1907,"V",3.87997692439896e-09
40,1908,"U",7.29589397098679e-09
40,1908,"V",3.87997692439896e-09
40,1909,"U",7.29589397098679e-09
40,1909,"V",3.87997692439896e-09
40,1910,"U",7.29589397098679e-09
40,1910,"V",3.87997692439896e-09
40,1911,"U",7.29589397098679e-09
40,1911,"V",3.87997692439896e-09
40,1912,"U",7.29589397098679e-09
40,1912,"V",3.87997692439896e-09
40,1913,"U",7.29589397098679e-09
40,1913,"V",3.87997692439896e-09
40,1914,"U",7.29589397098679e-09
40,1914,"V",3.87997692439896e-09
40,1915,"U",7.29589397098679e-09
40,1915,"V",3.87997692439896e-09
40,1916,"U",7.29589397098679e-09
40,1916,"V",3.87997692439896e-09
40,1917,"U",7.29589397098679e-09
40,1917,"V",3.87997692439896e-09
40,1918,"U",7.29589397098679e-09
40,1918,"V",3.87997692439896e-09
40,1919,"U",7.29589397098679e-09
40,1919,"V",3.87997692439896e-09
40,1920,"U",7.29589397098679e-09
40,1920,"V",3.87997692439896e-09
40,1921,"U",7.29589397098679e-09
40,1921,"V",3.87997692439896e-09
40,1922,"U",7.29589397098679e-09
40,1922,"V",3.87997692439896e-09
40,1923,"U",7.29589397098679e-09
40,1923,"V",3.87997692439896e-09
40,1924,"U",7.29589397098679e-09
40,1924,"V",3.87997692439896e-09
40,1925,"U",7.29589397098679e-09
40,1925,"V",3.87997692439896e-09
40,1926,"U",7.29589397098679e-09
40,1926,"V",3.87997692439896e-09
40,1927,"U",7.29589397098679e-09
40,1927,"V",3.87997692439896e-09
40,1928,"U",7.29589397098679e-09
40,1928,"V",3.87997692439896e-09
40,1929,"U",7.29589397098679e-09
40,1929,"V",3.87997692439896e-09
40,1930,"U",7.29589397098679e-09
40,1930,"V",3.87997692439896e-09
40,1931,"U",7.29589397098679e-09
40,1931,"V",3.87997692439896e-09
40,1932,"U",7.29589397098679e-09
40,1932,"V",3.87997692439896e-09
40,1933,"U",7.29589397098679e-09
40,1933,"V",3.87997692439896e-09
40,1934,"U",1.45917879419736e-08
40,1934,"V",7.75995384879793e-09
40,1935,"U",1.2159823284978e-07
40,1935,"V",6.4666282073316e-08
40,1936,"U",1.08708820167703e-06
40,1936,"V",5.78116561735445e-07
40,1937,"U",9.42143108120094e-06
40,1937,"V",5.01034353504052e-06
40,1938,"U",7.8455179834678e-05
40,1938,"V",4.17226851937034e-05
40,1939,"U",0.000627018855725232
40,1939,"V",0.000333450390185412
40,1940,"U",0.00479737860115251
40,1940,"V",0.00255125942675391
40,1941,"U",0.0350565176062673
40,1941,"V",0.0186431546158703
40,1942,"U",0.244123956220621
40,1942,"V",0.129825806213146
40,1943,"U",1.61668292290164
40,1943,"V",0.859756523309215
40,1944,"U",10.1617771503922
40,1944,"V",5.404061655939
40,1945,"U",60.5155698813937
40,1945,"V",32.1823501877048
40,1946,"U",340.884157985969
40,1946,"V",181.283153529689
40,1947,"U",1813.62645343887
40,1947,"V",964.491646507658
40,1948,"U",9101.6618702799
40,1948,"V",4840.28936971949
40,1949,"U",43035.6998719682
40,1949,"V",22886.5061762968
40,1950,"U",13139893.5138893
40,1950,"V",2248439.98209598
40,1951,"U",19597493.8939765
40,1951,"V",3042539.20444945
40,1952,"U",18802115.9098571
40,1952,"V",5649145.97702174
40,1953,"U",22641118.6527772
40,1953,"V",5762261.61493238
40,1954,"U",22348137.6026114
40,1954,"V",10370542.1730212
40,1955,"U",18075908.8477617
40,1955,"V",15695662.2243263
40,1956,"U",21197269.4508657
40,1956,"V",17118716.7859447
40,1957,"U",20086995.1138176
40,1957,"V",14192453.5316315
40,1958,"U",21835125.2971067
40,1958,"V",12075267.2510972
40,1959,"U",16740157.0124995
40,1959,"V",10962419.1423089
40,1960,"U",15275376.9696365
40,1960,"V",12233815.7101033
40,1961,"U",17443506.0018978
40,1961,"V",12470036.1639959
40,1962,"U",14570318.2478064
40,1962,"V",17687285.2509918
40,1963,"U",14231410.7909799
40,1963,"V",18210526.9083073
40,1964,"U",16230671.0957083
40,1964,"V",24327115.9152142
40,1965,"U",15679502.0724715
40,1965,"V",25651228.9461873
40,1966,"U",15316127.0594257
40,1966,"V",27446406.0849085
40,1967,"U",13593419.0194946
40,1967,"V",29561979.2701318
40,1968,"U",13342861.5852988
40,1968,"V",28561347.5385233
40,1969,"U",24893115.8378482
40,1969,"V",22332827.5635009
40,1970,"U",25090643.5581463
40,1970,"V",29816881.0603863
40,1971,"U",26641164.8897187
40,1971,"V",37564058.7137819
40,1972,"U",26669999.5573187
40,1972,"V",37477361.5858792
40,1973,"U",33063774.3452543
40,1973,"V",32496130.7552978
40,1974,"U",37340811.0736185
40,1974,"V",37664673.8137699
40,1975,"U",66189618.8396939
40,1975,"V",35240423.2402068
40,1976,"U",81208298.2112282
40,1976,"V",49338514.7568446
40,1977,"U",72613601.0071575
40,1977,"V",53180746.0085174
40,1978,"U",81387829.6453069
40,1978,"V",54381156.2201118
40,1979,"U",81240784.1553912
40,1979,"V",62841815.3560456
40,1980,"U",101520373.202446
40,1980,"V",60813952.3295943
40,1981,"U",84794182.9003404
40,1981,"V",62654727.788639
40,1982,"U",85310194.0885281
40,1982,"V",83328372.6256127
40,1983,"U",97138302.0379242
40,1983,"V",74588811.1765475
40,1984,"U",87722545.6730131
40,1984,"V",82207638.0842684
40,1985,"U",98753826.5430507
40,1985,"V",70386638.5498472
40,1986,"U",115162562.54459
40,1986,"V",58681830.2386262
40,1987,"U",91988905.5695232
40,1987,"V",47183273.91631
40,1988,"U",128695343.764065
40,1988,"V",57302624.0747464
40,1989,"U",121150092.005261
40,1989,"V",65878991.5857844
40,1990,"U",139800166.539952
40,1990,"V",45968106.2083647
40,1991,"U",91374484.1719028
40,1991,"V",62443657.3777038
40,1992,"U",98812195.494635
40,1992,"V",64389209.764807
40,1993,"U",113062324.41294
40,1993,"V",75441749.8060351
40,1994,"U",112999560.301803
40,1994,"V",75784961.4078786
40,1995,"U",108068906.778382
40,1995,"V",69907867.6209367
40,1996,"U",116176545.064099
40,1996,"V",75997659.4152123
40,1997,"U",135913722.980577
40,1997,"V",76225951.2270391
40,1998,"U",145678039.460329
40,1998,"V",80324210.9995001
40,1999,"U",52602055.7900259
40,1999,"V",63130491.9574266
40,2000,"U",58620032.8543913
40,2000,"V",61695341.7038045
40,2001,"U",59130012.3385839
40,2001,"V",66874471.2296109
40,2002,"U",64969270.1577074
40,2002,"V",59835465.892829
40,2003,"U",61764652.5715097
40,2003,"V",52845031.6948534
40,2004,"U",57863245.0746225
40,2004,"V",52213891.7747293
40,2005,"U",68245984.624752
40,2005,"V",52921834.1198068
40,2006,"U",69693704.3744526
40,2006,"V",52687456.0544743
40,2007,"U",49449163.1845333
40,2007,"V",53980567.3126453
40,2008,"U",51821105.5010132
40,2008,"V",60345251.6293007
40,2009,"U",46109088.3876079
40,2009,"V",64835764.0668145
40,2010,"U",47349845.732231
40,2010,"V",67996980.2919376
40,2011,"U",46792789.2560302
40,2011,"V",74418125.8427678
40,2012,"U",68773077.9878395
40,2012,"V",62984403.3577953
40,2013,"U",66927969.5281226
40,2013,"V",58870456.9203112
40,2014,"U",45660724.6842143
40,2014,"V",70377303.777732
40,2015,"U",47218275.4386014
40,2015,"V",63705219.1032738
40,2016,"U",43923568.6980721
40,2016,"V",48959582.7870487
40,2017,"U",49408474.3640332
40,2017,"V",44178806.9514668
41,1841,"U",6306.60918819511
41,1841,"V",775.187767686527
41,1842,"U",6306.60918819511
41,1842,"V",775.187767686527
41,1843,"U",6306.60918819511
41,1843,"V",775.187767686527
41,1844,"U",6306.60918819511
41,1844,"V",775.187767686527
41,1845,"U",6306.60918819511
41,1845,"V",775.187767686527
41,1846,"U",6306.60918819511
41,1846,"V",775.187767686527
41,1847,"U",6306.60918819511
41,1847,"V",775.187767686527
41,1848,"U",6306.60918819511
41,1848,"V",775.187767686527
41,1849,"U",6306.60918819511
41,1849,"V",775.187767686527
41,1850,"U",6306.60918819511
41,1850,"V",775.187767686527
41,1851,"U",6306.60918819511
41,1851,"V",775.187767686527
41,1852,"U",6306.60918819511
41,1852,"V",775.187767686527
41,1853,"U",6306.60918819511
41,1853,"V",775.187767686527
41,1854,"U",6306.60918819511
41,1854,"V",775.187767686527
41,1855,"U",6306.60918819511
41,1855,"V",775.187767686527
41,1856,"U",6306.60918819511
41,1856,"V",775.187767686527
41,1857,"U",6306.60918819511
41,1857,"V",775.187767686527
41,1858,"U",6306.60918819511
41,1858,"V",775.187767686527
41,1859,"U",6306.60918819511
41,1859,"V",775.187767686527
41,1860,"U",6306.60918819511
41,1860,"V",775.187767686527
41,1861,"U",6306.60918819511
41,1861,"V",775.187767686527
41,1862,"U",6826.69723215026
41,1862,"V",839.115288445018
41,1863,"U",7389.67545137879
41,1863,"V",908.314729221654
41,1864,"U",7999.0808761147
41,1864,"V",983.220850200476
41,1865,"U",8658.74222536989
41,1865,"V",1064.30426499577
41,1866,"U",9372.8039616716
41,1866,"V",1152.07439738168
41,1867,"U",10145.7523295415
41,1867,"V",1247.08268185689
41,1868,"U",10982.4435412628
41,1868,"V",1349.92602814687
41,1869,"U",11888.1342870788
41,1869,"V",1461.25057141771
41,1870,"U",12868.5147614584
41,1870,"V",1581.75573175654
41,1871,"U",13929.7444129524
41,1871,"V",1712.19860842698
41,1872,"U",15078.4906422405
41,1872,"V",1853.39873650642
41,1873,"U",16321.9706914877
41,1873,"V",2006.2432357887
41,1874,"U",17667.9969882048
41,1874,"V",2171.69238430302
41,1875,"U",19125.0262284831
41,1875,"V",2350.78565146464
41,1876,"U",20702.2125079808
41,1876,"V",2544.64822876182
41,1877,"U",22409.4648344723
41,1877,"V",2754.49809901029
41,1878,"U",24257.5093833014
41,1878,"V",2981.65368858982
41,1879,"U",26257.956886854
41,1879,"V",3227.5421507377
41,1880,"U",28423.3755814362
41,1880,"V",3493.70833194041
41,1881,"U",30767.370169911
41,1881,"V",3781.82447776253
41,1882,"U",33304.6672961182
41,1882,"V",4093.70073908274
41,1883,"U",36051.2080681467
41,1883,"V",4431.29654475182
41,1884,"U",39024.2482117295
41,1884,"V",4796.73291212025
41,1885,"U",42242.4664830089
41,1885,"V",5192.30577278059
41,1886,"U",45726.0820217889
41,1886,"V",5620.5003972453
41,1887,"U",49496.9813825692
41,1887,"V",6084.00700918592
41,1888,"U",53578.8560414823
41,1888,"V",6585.73768733573
41,1889,"U",57997.3512430148
41,1889,"V",7128.84466124193
41,1890,"U",62780.2271217104
41,1890,"V",7716.74011581803
41,1891,"U",67957.5331111019
41,1891,"V",8353.11762911928
41,1892,"U",73561.7967356723
41,1892,"V",9041.97537803282
41,1893,"U",79628.2279719261
41,1893,"V",9787.6412576719
41,1894,"U",86194.9404625424
41,1894,"V",10594.8000722959
41,1895,"U",93303.1909734396
41,1895,"V",11468.522968589
41,1896,"U",100997.638598164
41,1896,"V",12414.2992962162
41,1897,"U",109326.625338133
41,1897,"V",13438.0710958281
41,1898,"U",118342.479821518
41,1898,"V",14546.2704311926
41,1899,"U",128101.846068982
41,1899,"V",15745.8598000039
41,1900,"U",138666.039371747
41,1900,"V",17044.3758772501
41,1901,"U",150101.431517955
41,1901,"V",18449.9768659767
41,1902,"U",162479.867787513
41,1902,"V",19971.4937529292
41,1903,"U",175879.118335323
41,1903,"V",21618.4857911026
41,1904,"U",190383.366798799
41,1904,"V",23401.3005577793
41,1905,"U",206083.739199451
41,1905,"V",25331.1389653803
41,1906,"U",223078.876461465
41,1906,"V",27420.125633577
41,1907,"U",241475.554144266
41,1907,"V",29681.3850647897
41,1908,"U",261389.353282639
41,1908,"V",32129.1241016605
41,1909,"U",282945.386549137
41,1909,"V",34778.7211845608
41,1910,"U",306279.084301013
41,1910,"V",37646.8229699079
41,1911,"U",331537.045450206
41,1911,"V",40751.4489163207
41,1912,"U",358877.958502137
41,1912,"V",44112.1044956944
41,1913,"U",388473.598549956
41,1913,"V",47749.9037404719
41,1914,"U",420509.90648804
41,1914,"V",51687.7018970354
41,1915,"U",455188.157225156
41,1915,"V",55950.2390186471
41,1916,"U",492726.224236831
41,1916,"V",60564.2954000884
41,1917,"U",533359.948401716
41,1917,"V",65558.8598305477
41,1918,"U",577344.619722028
41,1918,"V",70965.3117218494
41,1919,"U",624956.581237174
41,1919,"V",76817.6182562686
41,1920,"U",676494.965207613
41,1920,"V",83152.5477925716
41,1921,"U",732282.464186266
41,1921,"V",90009.7646435893
41,1922,"U",792662.687085025
41,1922,"V",97431.5040925657
41,1923,"U",858001.717399045
41,1923,"V",105462.763924986
41,1924,"U",928691.350172059
41,1924,"V",114151.702305767
41,1925,"U",1005152.54841624
41,1925,"V",123550.062631074
41,1926,"U",1087839.09243366
41,1926,"V",133713.622090975
41,1927,"U",1177241.42892714
41,1927,"V",144702.664789556
41,1928,"U",1273890.77434297
41,1928,"V",156582.486114381
41,1929,"U",1378363.58915467
41,1929,"V",169423.942700814
41,1930,"U",1491286.61639918
41,1930,"V",183304.071752402
41,1931,"U",1613342.76734083
41,1931,"V",198306.814487431
41,1932,"U",1745278.23731012
41,1932,"V",214523.890794556
41,1933,"U",1887911.34227992
41,1933,"V",232055.885395822
41,1934,"U",2042143.67757682
41,1934,"V",251013.619438971
41,1935,"U",2208974.30977754
41,1935,"V",271519.894918905
41,1936,"U",2389517.81677
41,1936,"V",293711.712102971
41,1937,"U",2585027.08520826
41,1937,"V",317743.071719542
41,1938,"U",2796921.85652502
41,1938,"V",343788.483740466
41,1939,"U",3026824.08173088
41,1939,"V",372047.313077328
41,1940,"U",3276601.20354757
41,1940,"V",402749.099679657
41,1941,"U",3548418.53698172
41,1941,"V",436159.996983668
41,1942,"U",3844801.97365966
41,1942,"V",472590.479323954
41,1943,"U",4168712.29966698
41,1943,"V",512404.476839169
41,1944,"U",4523632.49871067
41,1944,"V",556030.106491079
41,1945,"U",4913669.51527949
41,1945,"V",603972.180459298
41,1946,"U",5343672.07090706
41,1946,"V",656826.687730872
41,1947,"U",5819366.24244651
41,1947,"V",715297.458938226
41,1948,"U",6347510.58830089
41,1948,"V",780215.233967868
41,1949,"U",6936072.58769408
41,1949,"V",852559.349298295
41,1950,"U",8134539.8422536
41,1950,"V",227082.129198178
41,1951,"U",9845555.74127276
41,1951,"V",146223.761424634
41,1952,"U",10098776.8082446
41,1952,"V",386674.971381227
41,1953,"U",8930753.52194482
41,1953,"V",349688.188342997
41,1954,"U",8063555.21828255
41,1954,"V",750889.479971049
41,1955,"U",5622490.51505797
41,1955,"V",1422392.71983808
41,1956,"U",7405799.97780036
41,1956,"V",1082923.93493976
41,1957,"U",6849923.43893853
41,1957,"V",863835.734950469
41,1958,"U",6572414.52150565
41,1958,"V",822840.316725753
41,1959,"U",4781927.42700393
41,1959,"V",678884.57289935
41,1960,"U",5310755.17300454
41,1960,"V",924147.719565717
41,1961,"U",5280692.55707421
41,1961,"V",1430669.06675448
41,1962,"U",5447579.0279112
41,1962,"V",1358117.19943231
41,1963,"U",5260179.91462606
41,1963,"V",1503262.09028716
41,1964,"U",5158618.62130992
41,1964,"V",1718793.25027014
41,1965,"U",6206006.12177218
41,1965,"V",2636258.82608785
41,1966,"U",5572048.96222164
41,1966,"V",1981952.02615837
41,1967,"U",5424199.96084607
41,1967,"V",3367783.7341522
41,1968,"U",6169329.57454461
41,1968,"V",3341073.2345175
41,1969,"U",7147215.75334958
41,1969,"V",2298027.97742321
41,1970,"U",6152374.64712811
41,1970,"V",3001731.28560832
41,1971,"U",4952670.01653503
41,1971,"V",5455067.59108248
41,1972,"U",5777966.88388139
41,1972,"V",7155694.28423296
41,1973,"U",7025338.25089273
41,1973,"V",5413554.40615162
41,1974,"U",8688831.36702896
41,1974,"V",4920009.63737374
41,1975,"U",8515557.41911825
41,1975,"V",4660397.31139649
41,1976,"U",9370452.52291982
41,1976,"V",5152838.99882897
41,1977,"U",12569751.1041708
41,1977,"V",6110080.53268539
41,1978,"U",10298705.4775035
41,1978,"V",5935636.77385235
41,1979,"U",7046015.23922214
41,1979,"V",6401532.08451954
41,1980,"U",12026116.4774582
41,1980,"V",7097999.31986798
41,1981,"U",11197468.0005291
41,1981,"V",7543274.10497683
41,1982,"U",11990145.1926136
41,1982,"V",8701781.33702739
41,1983,"U",11966215.0283101
41,1983,"V",9075914.11767681
41,1984,"U",12260859.7936786
41,1984,"V",9019855.83064606
41,1985,"U",11701193.4300596
41,1985,"V",8477673.56410114
41,1986,"U",17203846.4562419
41,1986,"V",6804891.96421517
41,1987,"U",20221177.4693037
41,1987,"V",5834734.41537797
41,1988,"U",28006958.1508683
41,1988,"V",6732194.83574658
41,1989,"U",17815812.0800895
41,1989,"V",5603711.17235616
41,1990,"U",23227105.7588402
41,1990,"V",4230284.56946103
41,1991,"U",16690737.8955576
41,1991,"V",5859279.09502967
41,1992,"U",13397862.9863032
41,1992,"V",9052656.91300419
41,1993,"U",13610137.0318131
41,1993,"V",7495668.32639473
41,1994,"U",13348712.282854
41,1994,"V",8297806.95469469
41,1995,"U",12048061.7451798
41,1995,"V",6667477.57957253
41,1996,"U",16540647.6193739
41,1996,"V",6455888.73508951
41,1997,"U",15994732.7126407
41,1997,"V",7565558.65130707
41,1998,"U",16457298.9133041
41,1998,"V",7384866.41567886
41,1999,"U",12461710.6668099
41,1999,"V",6442714.76076343
41,2000,"U",10269706.7935964
41,2000,"V",6053067.06260027
41,2001,"U",10750592.7006418
41,2001,"V",5586307.31172288
41,2002,"U",11341321.2028805
41,2002,"V",4529494.6392889
41,2003,"U",13633857.9936007
41,2003,"V",5296235.91583995
41,2004,"U",10313754.0615471
41,2004,"V",3927930.31985324
41,2005,"U",10192799.5927499
41,2005,"V",5239269.29396019
41,2006,"U",11112177.2107862
41,2006,"V",5478980.82923957
41,2007,"U",8806111.61997619
41,2007,"V",4382090.38574942
41,2008,"U",10582895.660914
41,2008,"V",5072426.94949228
41,2009,"U",10352355.2430772
41,2009,"V",4659707.77084889
41,2010,"U",8826859.83226808
41,2010,"V",5589509.84040315
41,2011,"U",8925439.94320914
41,2011,"V",5917091.90070362
41,2012,"U",10178166.0372703
41,2012,"V",5469179.76008812
41,2013,"U",7255049.83999406
41,2013,"V",5045335.86379829
41,2014,"U",8903108.24668902
41,2014,"V",5339997.45645865
41,2015,"U",8070785.3313418
41,2015,"V",4986894.09417803
41,2016,"U",3870384.61688564
41,2016,"V",4325136.64543433
41,2017,"U",4354415.19356077
41,2017,"V",5254564.77737375
42,1841,"U",21005.4170853875
42,1841,"V",15172.6383777552
42,1842,"U",21005.4170853875
42,1842,"V",15172.6383777552
42,1843,"U",21005.4170853875
42,1843,"V",15172.6383777552
42,1844,"U",21005.4170853875
42,1844,"V",15172.6383777552
42,1845,"U",21005.4170853875
42,1845,"V",15172.6383777552
42,1846,"U",21005.4170853875
42,1846,"V",15172.6383777552
42,1847,"U",21005.4170853875
42,1847,"V",15172.6383777552
42,1848,"U",21005.4170853875
42,1848,"V",15172.6383777552
42,1849,"U",21005.4170853875
42,1849,"V",15172.6383777552
42,1850,"U",21005.4170853875
42,1850,"V",15172.6383777552
42,1851,"U",21005.4170853875
42,1851,"V",15172.6383777552
42,1852,"U",21005.4170853875
42,1852,"V",15172.6383777552
42,1853,"U",21005.4170853875
42,1853,"V",15172.6383777552
42,1854,"U",21005.4170853875
42,1854,"V",15172.6383777552
42,1855,"U",21005.4170853875
42,1855,"V",15172.6383777552
42,1856,"U",21005.4170853875
42,1856,"V",15172.6383777552
42,1857,"U",21005.4170853875
42,1857,"V",15172.6383777552
42,1858,"U",21005.4170853875
42,1858,"V",15172.6383777552
42,1859,"U",21005.4170853875
42,1859,"V",15172.6383777552
42,1860,"U",21005.4170853875
42,1860,"V",15172.6383777552
42,1861,"U",21005.4170853875
42,1861,"V",15172.6383777552
42,1862,"U",23099.7216174127
42,1862,"V",16685.3969765557
42,1863,"U",25402.8347370087
42,1863,"V",18348.9822490902
42,1864,"U",27935.575301014
42,1864,"V",20178.4320774897
42,1865,"U",30720.8378701795
42,1865,"V",22190.2836668801
42,1866,"U",33783.7996632087
42,1866,"V",24402.723032478
42,1867,"U",37152.1481447483
42,1867,"V",26835.7493910079
42,1868,"U",40856.3313046329
42,1868,"V",29511.355942472
42,1869,"U",44929.8328906963
42,1869,"V",32453.7286763868
42,1870,"U",49409.4750831677
42,1870,"V",35689.464999632
42,1871,"U",54335.7513466212
42,1871,"V",39247.814162158
42,1872,"U",59753.1924682941
42,1872,"V",43160.9416538802
42,1873,"U",65710.7690915359
42,1873,"V",47464.2199627455
42,1874,"U",72262.3343830898
42,1874,"V",52196.5483222785
42,1875,"U",79467.1108356695
42,1875,"V",57400.7043389474
42,1876,"U",87390.2256061906
42,1876,"V",63123.7306778148
42,1877,"U",96103.299228947
42,1877,"V",69417.3603019943
42,1878,"U",105685.093025263
42,1878,"V",76338.4841097597
42,1879,"U",116222.221061843
42,1879,"V",83949.6651964874
42,1880,"U",127809.933093573
42,1880,"V",92319.7043901061
42,1881,"U",140552.975568177
42,1881,"V",101524.262172206
42,1882,"U",154566.538475566
42,1882,"V",111646.542606506
42,1883,"U",169977.296601105
42,1883,"V",122778.045457192
42,1884,"U",186924.554594899
42,1884,"V",135019.393295662
42,1885,"U",205561.506208069
42,1885,"V",148481.241072399
42,1886,"U",226056.619078794
42,1886,"V",163285.276375993
42,1887,"U",248595.157585637
42,1887,"V",179565.319420952
42,1888,"U",273380.857534118
42,1888,"V",197468.53270775
42,1889,"U",300637.767814713
42,1889,"V",217156.751289712
42,1890,"U",330612.275679663
42,1890,"V",238807.945671491
42,1891,"U",363575.333946231
42,1891,"V",262617.83056311
42,1892,"U",399824.910258916
42,1892,"V",288801.634031683
42,1893,"U",439688.680550566
42,1893,"V",317596.043042959
42,1894,"U",483526.991049909
42,1894,"V",349261.342979374
42,1895,"U",531736.115610311
42,1895,"V",384083.770474611
42,1896,"U",584751.837804162
42,1896,"V",422378.100832965
42,1897,"U",643053.390163033
42,1897,"V",464490.493422316
42,1898,"U",707167.786172341
42,1898,"V",510801.62076166
42,1899,"U",777674.584178908
42,1899,"V",561730.109588062
42,1900,"U",855211.126275019
42,1900,"V",617736.325008765
42,1901,"U",940478.299514934
42,1901,"V",679326.531944603
42,1902,"U",1034246.87154278
42,1902,"V",747057.471482422
42,1903,"U",1137364.45790161
42,1903,"V",821541.393503555
42,1904,"U",1250763.18400479
42,1904,"V",903451.591081049
42,1905,"U",1375468.11102928
42,1905,"V",993528.486673049
42,1906,"U",1512606.50189652
42,1906,"V",1092586.32512861
42,1907,"U",1663418.0110999
42,1907,"V",1201520.53400648
42,1908,"U",1829265.89048923
42,1908,"V",1321315.81774033
42,1909,"U",2011649.31230652
42,1909,"V",1453055.05881716
42,1910,"U",2212216.92086595
42,1910,"V",1597929.10643036
42,1911,"U",2432781.73537839
42,1911,"V",1757247.54109175
42,1912,"U",2675337.53863243
42,1912,"V",1932450.5125081
42,1913,"U",2942076.89967823
42,1913,"V",2125121.75773068
42,1914,"U",3235410.99342736
42,1914,"V",2337002.91725397
42,1915,"U",3557991.39632808
42,1915,"V",2570009.27847343
42,1916,"U",3912734.05513595
42,1916,"V",2826247.08881424
42,1917,"U",4302845.64544487
42,1917,"V",3108032.59503233
42,1918,"U",4731852.55824412
42,1918,"V",3417912.98079189
42,1919,"U",5203632.77652428
42,1919,"V",3758689.39178364
42,1920,"U",5722450.93007831
42,1920,"V",4133442.25651805
42,1921,"U",6292589.2366659
42,1921,"V",4545264.70765029
42,1922,"U",6916500.40787258
42,1922,"V",4995928.38845603
42,1923,"U",7593840.79188002
42,1923,"V",5485185.07226374
42,1924,"U",8320895.62160534
42,1924,"V",6010351.50753994
42,1925,"U",9090089.62534716
42,1925,"V",6565955.92204268
42,1926,"U",9889687.46425928
42,1926,"V",7143521.64273896
42,1927,"U",10703799.0635223
42,1927,"V",7731570.94661816
42,1928,"U",11512792.1673629
42,1928,"V",8315923.05754148
42,1929,"U",12294173.8346829
42,1929,"V",8880330.86839618
42,1930,"U",13023935.5688039
42,1930,"V",9407452.55556533
42,1931,"U",13678272.8879902
42,1931,"V",9880093.65955893
42,1932,"U",14235506.6096962
42,1932,"V",10282594.8675553
42,1933,"U",14677971.214095
42,1933,"V",10602196.0166403
42,1934,"U",14993614.4965471
42,1934,"V",10830191.555198
42,1935,"U",15177082.5432849
42,1935,"V",10962714.2428319
42,1936,"U",15230141.6827995
42,1936,"V",11001039.9344008
42,1937,"U",15161397.7860312
42,1937,"V",10951384.8248591
42,1938,"U",14985387.6886845
42,1938,"V",10824249.1651853
42,1939,"U",14721211.3485542
42,1939,"V",10633429.2419025
42,1940,"U",14390927.5159153
42,1940,"V",10394858.5372943
42,1941,"U",14017943.1595186
42,1941,"V",10125444.3791674
42,1942,"U",13625593.1619571
42,1942,"V",9842042.02603556
42,1943,"U",13236046.3233772
42,1943,"V",9560664.45143442
42,1944,"U",12869604.2168533
42,1944,"V",9295975.89295123
42,1945,"U",12544396.5477716
42,1945,"V",9061071.80413496
42,1946,"U",12276430.5009013
42,1946,"V",8867514.49888586
42,1947,"U",12079925.8096476
42,1947,"V",8725575.17876647
42,1948,"U",11967860.3209344
42,1948,"V",8644628.00557019
42,1949,"U",11952657.7955835
42,1949,"V",8633646.91347184
42,1950,"U",19181914.8201093
42,1950,"V",818333.936174463
42,1951,"U",18434269.2908705
42,1951,"V",780181.319581596
42,1952,"U",20998442.5894189
42,1952,"V",646829.434624045
42,1953,"U",22488773.6647107
42,1953,"V",1366931.73554627
42,1954,"U",20995404.2963427
42,1954,"V",3124718.59824388
42,1955,"U",18166477.6553654
42,1955,"V",3995785.3550197
42,1956,"U",18535939.5469579
42,1956,"V",5780026.8938216
42,1957,"U",21231000.4702968
42,1957,"V",4646511.07671688
42,1958,"U",20330717.4582071
42,1958,"V",12396545.8533419
42,1959,"U",14508438.8292535
42,1959,"V",15118353.2239049
42,1960,"U",14043656.909821
42,1960,"V",14354027.3502478
42,1961,"U",15768841.8161772
42,1961,"V",16397108.2509403
42,1962,"U",14617728.6448652
42,1962,"V",18141991.4886262
42,1963,"U",14142657.0812302
42,1963,"V",18703294.198392
42,1964,"U",16846483.9351705
42,1964,"V",20471564.518515
42,1965,"U",16797813.9650102
42,1965,"V",17202602.3797162
42,1966,"U",17965109.776812
42,1966,"V",17606364.4374316
42,1967,"U",18325948.566298
42,1967,"V",20897800.9150764
42,1968,"U",17069339.5448169
42,1968,"V",21491447.7150471
42,1969,"U",18328799.4259526
42,1969,"V",23042972.4863441
42,1970,"U",19103228.3916444
42,1970,"V",22659628.4447498
42,1971,"U",16831140.844531
42,1971,"V",26198405.4985216
42,1972,"U",19650220.8785233
42,1972,"V",26998159.1505662
42,1973,"U",25387249.5683081
42,1973,"V",22789447.5418441
42,1974,"U",27565069.9342341
42,1974,"V",19384892.2037201
42,1975,"U",29648836.0099351
42,1975,"V",18425365.7328379
42,1976,"U",31700163.5629033
42,1976,"V",22196533.9019513
42,1977,"U",27444806.7536487
42,1977,"V",28247359.2623774
42,1978,"U",29835468.8077645
42,1978,"V",28159347.5318584
42,1979,"U",27201763.6208495
42,1979,"V",28055605.339266
42,1980,"U",38161784.0123664
42,1980,"V",28282711.7954426
42,1981,"U",35880261.4616706
42,1981,"V",29931966.5429129
42,1982,"U",26733960.6741715
42,1982,"V",34039606.8838402
42,1983,"U",28738597.1925784
42,1983,"V",32761934.2233472
42,1984,"U",32492317.7700635
42,1984,"V",36568129.10831
42,1985,"U",36630591.2181369
42,1985,"V",31154352.7857637
42,1986,"U",44619325.8965754
42,1986,"V",27889444.4625908
42,1987,"U",44042502.6969015
42,1987,"V",25729045.1346654
42,1988,"U",50137561.312207
42,1988,"V",29748524.5374151
42,1989,"U",52837800.6053358
42,1989,"V",24715764.7563247
42,1990,"U",75580037.6792631
42,1990,"V",18864914.0958059
42,1991,"U",56605548.1929442
42,1991,"V",23996754.2428092
42,1992,"U",50893446.8541062
42,1992,"V",29895445.0725433
42,1993,"U",51658615.6585229
42,1993,"V",28671525.3498143
42,1994,"U",51580454.6404279
42,1994,"V",26326416.3607501
42,1995,"U",56512029.5948814
42,1995,"V",23470933.444534
42,1996,"U",55109970.4536077
42,1996,"V",24539193.7276326
42,1997,"U",49850896.0585693
42,1997,"V",25245856.0716476
42,1998,"U",57406405.9139221
42,1998,"V",25284054.9499372
42,1999,"U",36167666.9548778
42,1999,"V",23576377.841602
42,2000,"U",40708777.1830024
42,2000,"V",21798379.0854065
42,2001,"U",39378091.6034471
42,2001,"V",22000902.3895845
42,2002,"U",49370695.8426703
42,2002,"V",19651271.9424497
42,2003,"U",48133436.9718266
42,2003,"V",18690594.8831487
42,2004,"U",45876728.9749327
42,2004,"V",17915989.0028698
42,2005,"U",36940321.4624173
42,2005,"V",18875431.7109172
42,2006,"U",40347518.6673193
42,2006,"V",19218083.5308517
42,2007,"U",43683777.588322
42,2007,"V",20569785.6285078
42,2008,"U",36592002.8839162
42,2008,"V",21735078.1801315
42,2009,"U",42222215.8430435
42,2009,"V",18372815.0730343
42,2010,"U",41825397.8442691
42,2010,"V",19970050.1128983
42,2011,"U",32499349.7727069
42,2011,"V",19973405.0832101
42,2012,"U",37169484.6387708
42,2012,"V",17613726.3412574
42,2013,"U",31881196.8242186
42,2013,"V",21096931.9109522
42,2014,"U",33220148.6362952
42,2014,"V",18592775.5231233
42,2015,"U",32321435.9163376
42,2015,"V",19058924.55534
42,2016,"U",36107139.9540181
42,2016,"V",16337822.762235
42,2017,"U",34027369.7522718
42,2017,"V",22286038.2808515
43,1841,"U",7.11844861365035
43,1841,"V",3.31426135220452
43,1842,"U",7.11844861365035
43,1842,"V",3.31426135220452
43,1843,"U",7.11844861365035
43,1843,"V",3.31426135220452
43,1844,"U",7.11844861365035
43,1844,"V",3.31426135220452
43,1845,"U",7.11844861365035
43,1845,"V",3.31426135220452
43,1846,"U",7.11844861365035
43,1846,"V",3.31426135220452
43,1847,"U",7.11844861365035
43,1847,"V",3.31426135220452
43,1848,"U",7.11844861365035
43,1848,"V",3.31426135220452
43,1849,"U",7.11844861365035
43,1849,"V",3.31426135220452
43,1850,"U",7.11844861365035
43,1850,"V",3.31426135220452
43,1851,"U",7.11844861365035
43,1851,"V",3.31426135220452
43,1852,"U",7.11844861365035
43,1852,"V",3.31426135220452
43,1853,"U",7.11844861365035
43,1853,"V",3.31426135220452
43,1854,"U",7.11844861365035
43,1854,"V",3.31426135220452
43,1855,"U",7.11844861365035
43,1855,"V",3.31426135220452
43,1856,"U",7.11844861365035
43,1856,"V",3.31426135220452
43,1857,"U",7.11844861365035
43,1857,"V",3.31426135220452
43,1858,"U",7.11844861365035
43,1858,"V",3.31426135220452
43,1859,"U",7.11844861365035
43,1859,"V",3.31426135220452
43,1860,"U",7.11844861365035
43,1860,"V",3.31426135220452
43,1861,"U",7.11844861365035
43,1861,"V",3.31426135220452
43,1862,"U",8.88127065753843
43,1862,"V",4.13500942358469
43,1863,"U",11.0806402857845
43,1863,"V",5.15900863376802
43,1864,"U",13.8246647214706
43,1864,"V",6.43659236447861
43,1865,"U",17.2482230061499
43,1865,"V",8.03055862394896
43,1866,"U",21.519595796712
43,1866,"V",10.0192567980808
43,1867,"U",26.8487370032905
43,1867,"V",12.5004388224245
43,1868,"U",33.4975937975174
43,1868,"V",15.5960640499765
43,1869,"U",41.7929822917058
43,1869,"V",19.4582940076516
43,1870,"U",52.1426517818957
43,1870,"V",24.2769717085273
43,1871,"U",65.0553271343853
43,1871,"V",30.288953138337
43,1872,"U",81.1657145154414
43,1872,"V",37.7897496129634
43,1873,"U",101.265699563667
43,1873,"V",47.1480532604011
43,1874,"U",126.343271533149
43,1874,"V",58.8238596188546
43,1875,"U",157.631086643317
43,1875,"V",73.3910781298796
43,1876,"U",196.667057723919
43,1876,"V",91.5657419253198
43,1877,"U",245.369948394389
43,1877,"V",114.241203539281
43,1878,"U",306.13368741246
43,1878,"V",142.532046498638
43,1879,"U",381.945039247793
43,1879,"V",177.828871282118
43,1880,"U",476.530414663928
43,1880,"V",221.8666485057
43,1881,"U",594.539037731737
43,1881,"V",276.809999211431
43,1882,"U",741.771472520183
43,1882,"V",345.359594059189
43,1883,"U",925.464742476405
43,1883,"V",430.884901372432
43,1884,"U",1154.64805710962
43,1884,"V",537.589809068533
43,1885,"U",1440.58663133966
43,1885,"V",670.719261440757
43,1886,"U",1797.33541282551
43,1886,"V",836.817067732048
43,1887,"U",2242.42993508878
43,1887,"V",1044.04755477754
43,1888,"U",2797.74825438016
43,1888,"V",1302.59687411509
43,1889,"U",3490.58633780273
43,1889,"V",1625.17368935255
43,1890,"U",4354.99976188493
43,1890,"V",2027.63385437625
43,1891,"U",5433.47767125088
43,1891,"V",2529.75978773815
43,1892,"U",6779.03127857071
43,1892,"V",3156.23285231965
43,1893,"U",8457.79956343477
43,1893,"V",3937.84653639714
43,1894,"U",10552.3002499442
43,1894,"V",4913.0200684716
43,1895,"U",13165.4858606932
43,1895,"V",6129.68686567718
43,1896,"U",16425.8042173343
43,1896,"V",7647.65064005604
43,1897,"U",20493.5121302048
43,1897,"V",9541.52497411125
43,1898,"U",25568.5526184256
43,1898,"V",11904.400856748
43,1899,"U",31900.3828552007
43,1899,"V",14852.4224526645
43,1900,"U",39800.2359185238
43,1900,"V",18530.4960213434
43,1901,"U",49656.419058041
43,1901,"V",23119.4126002889
43,1902,"U",61953.4004450609
43,1902,"V",28844.7345590125
43,1903,"U",77295.6225905001
43,1903,"V",35987.8828309632
43,1904,"U",96437.212949279
43,1904,"V",44899.9698022983
43,1905,"U",120319.052098149
43,1905,"V",56019.0577955565
43,1906,"U",150115.021526084
43,1906,"V",69891.6914670428
43,1907,"U",187289.704288851
43,1907,"V",87199.7625156758
43,1908,"U",233670.374730022
43,1908,"V",108794.027203875
43,1909,"U",291536.815831908
43,1909,"V",135735.924201745
43,1910,"U",363733.379054168
43,1910,"V",169349.748257549
43,1911,"U",453808.794819384
43,1911,"V",211287.744225089
43,1912,"U",566190.605852415
43,1912,"V",263611.321062223
43,1913,"U",706402.797422912
43,1913,"V",328892.37777153
43,1914,"U",881337.321829331
43,1914,"V",410339.721831117
43,1915,"U",1099592.86356604
43,1915,"V",511956.794053192
43,1916,"U",1371897.49674475
43,1916,"V",638738.452635345
43,1917,"U",1711636.00995984
43,1917,"V",796916.489075057
43,1918,"U",2135507.81858181
43,1918,"V",994265.943970458
43,1919,"U",2664347.80332241
43,1919,"V",1240487.27927169
43,1920,"U",3324150.42234927
43,1920,"V",1547683.19217479
43,1921,"U",4145785.20621192
43,1921,"V",1930226.15308919
43,1922,"U",5157446.87991549
43,1922,"V",2401243.27615063
43,1923,"U",6375716.99247512
43,1923,"V",2968454.72484461
43,1924,"U",7795091.21186505
43,1924,"V",3629297.75047504
43,1925,"U",9376908.59899366
43,1925,"V",4365772.29948736
43,1926,"U",11041702.8690506
43,1926,"V",5140879.85565355
43,1927,"U",12670183.89194
43,1927,"V",5899080.414496
43,1928,"U",14116863.9251657
43,1928,"V",6572636.68825087
43,1929,"U",15236033.9655447
43,1929,"V",7093708.37292393
43,1930,"U",15913723.4659904
43,1930,"V",7409232.19588376
43,1931,"U",16094851.8508713
43,1931,"V",7493563.32452976
43,1932,"U",15795351.318055
43,1932,"V",7354119.5925101
43,1933,"U",15095043.6929946
43,1933,"V",7028065.05136455
43,1934,"U",14115176.8883952
43,1934,"V",6571851.2248625
43,1935,"U",12990059.5392963
43,1935,"V",6048010.54704081
43,1936,"U",11842565.9665126
43,1936,"V",5513751.77710502
43,1937,"U",10769382.8396397
43,1937,"V",5014091.02877674
43,1938,"U",9836816.16416336
43,1938,"V",4579899.55551693
43,1939,"U",9084446.84580423
43,1939,"V",4229605.73592813
43,1940,"U",8532799.04384555
43,1940,"V",3972765.36391866
43,1941,"U",8191842.10357752
43,1941,"V",3814020.04296077
43,1942,"U",8068471.4919579
43,1942,"V",3756580.2169143
43,1943,"U",8172278.06411306
43,1943,"V",3804911.26892738
43,1944,"U",8519580.70882811
43,1944,"V",3966611.07114134
43,1945,"U",9135872.50014967
43,1945,"V",4253548.8825264
43,1946,"U",10056659.9119657
43,1946,"V",4682256.07677747
43,1947,"U",11326323.0470907
43,1947,"V",5273395.47911778
43,1948,"U",12994262.3987962
43,1948,"V",6049967.34627688
43,1949,"U",15107440.3655052
43,1949,"V",7033836.78827353
43,1950,"U",21222825.1143839
43,1950,"V",3969457.86810017
43,1951,"U",21630461.4536466
43,1951,"V",7275854.09456529
43,1952,"U",24528942.8264521
43,1952,"V",2197837.02533835
43,1953,"U",26340681.78729
43,1953,"V",3516524.78913388
43,1954,"U",23681249.376126
43,1954,"V",5804139.31348128
43,1955,"U",22901358.3019229
43,1955,"V",11076084.60979
43,1956,"U",22907822.7045724
43,1956,"V",17886230.0168971
43,1957,"U",25016472.9177737
43,1957,"V",8370060.28634947
43,1958,"U",23953104.8681531
43,1958,"V",14834413.7787361
43,1959,"U",19081140.6287859
43,1959,"V",14390047.4096332
43,1960,"U",18287457.8035723
43,1960,"V",16876621.7754573
43,1961,"U",19308154.3189591
43,1961,"V",14324452.1468817
43,1962,"U",20631896.3002132
43,1962,"V",22160453.9662842
43,1963,"U",19417026.4720582
43,1963,"V",19033122.9521128
43,1964,"U",21628512.8440522
43,1964,"V",18491800.7021948
43,1965,"U",20439319.7844128
43,1965,"V",19483379.701943
43,1966,"U",20623682.6180126
43,1966,"V",18905280.1505913
43,1967,"U",20866047.5834266
43,1967,"V",24671499.0084148
43,1968,"U",20913821.5396262
43,1968,"V",24760932.7412112
43,1969,"U",22145447.5780361
43,1969,"V",22541503.4322706
43,1970,"U",23277222.7884205
43,1970,"V",22978656.1707613
43,1971,"U",18635827.2878046
43,1971,"V",25628648.4396357
43,1972,"U",23449803.3497028
43,1972,"V",29498983.100767
43,1973,"U",29687064.0390258
43,1973,"V",22293508.6874286
43,1974,"U",28762737.022112
43,1974,"V",22250377.6815174
43,1975,"U",37483380.6954067
43,1975,"V",20405900.278484
43,1976,"U",40625408.3259862
43,1976,"V",28616341.56315
43,1977,"U",42656742.5925206
43,1977,"V",30942298.5762474
43,1978,"U",45632347.4824955
43,1978,"V",30082092.7201998
43,1979,"U",40279287.7759355
43,1979,"V",31198219.0111542
43,1980,"U",42259889.1192843
43,1980,"V",30225185.6616056
43,1981,"U",46783994.6958656
43,1981,"V",30431804.5131322
43,1982,"U",39501681.9129078
43,1982,"V",37234984.8840217
43,1983,"U",42223446.2336018
43,1983,"V",37410069.3032144
43,1984,"U",40044768.5598943
43,1984,"V",38931267.7433795
43,1985,"U",48376645.380397
43,1985,"V",32109933.5145198
43,1986,"U",56032665.3997444
43,1986,"V",30266189.2852394
43,1987,"U",53873994.00418
43,1987,"V",27372644.4784194
43,1988,"U",62391256.2197891
43,1988,"V",34327261.1725861
43,1989,"U",66643170.9474754
43,1989,"V",29058636.7568484
43,1990,"U",80291786.6579106
43,1990,"V",23173972.5852418
43,1991,"U",71701909.8229346
43,1991,"V",28582384.7835912
43,1992,"U",57540561.784683
43,1992,"V",30242813.4687499
43,1993,"U",68062523.8812488
43,1993,"V",31230618.2364312
43,1994,"U",66546434.9256989
43,1994,"V",29266314.8021498
43,1995,"U",61469871.9359
43,1995,"V",25258394.2269183
43,1996,"U",64525634.0914532
43,1996,"V",24743720.8850319
43,1997,"U",61963334.5674582
43,1997,"V",27583820.7887906
43,1998,"U",67283494.1605672
43,1998,"V",28270049.498037
43,1999,"U",38082447.8198784
43,1999,"V",23467058.6354732
43,2000,"U",40641071.3287288
43,2000,"V",25719276.8768737
43,2001,"U",42877301.2934728
43,2001,"V",20811021.6192961
43,2002,"U",46753522.9372584
43,2002,"V",19413531.7286801
43,2003,"U",48555352.9453655
43,2003,"V",25040573.888611
43,2004,"U",51773452.6820227
43,2004,"V",17945731.8156367
43,2005,"U",43896460.3681074
43,2005,"V",20478882.2746241
43,2006,"U",42576225.6726712
43,2006,"V",23200903.201645
43,2007,"U",48345510.6014486
43,2007,"V",21264727.1568216
43,2008,"U",44776058.441844
43,2008,"V",24738207.1748399
43,2009,"U",44315921.7328429
43,2009,"V",21842741.0247933
43,2010,"U",44060223.0100794
43,2010,"V",23218366.7844102
43,2011,"U",41663891.6253591
43,2011,"V",19435311.9402668
43,2012,"U",34304746.3390281
43,2012,"V",19010734.5305606
43,2013,"U",36952017.073432
43,2013,"V",21421411.6706819
43,2014,"U",40431763.2331656
43,2014,"V",19425525.0343466
43,2015,"U",44828095.9194501
43,2015,"V",19547052.8806391
43,2016,"U",46737915.0606173
43,2016,"V",16781812.9724588
43,2017,"U",38693612.5630295
43,2017,"V",25784882.9121731
44,1841,"U",166.64103916164
44,1841,"V",563.38958268736
44,1842,"U",166.64103916164
44,1842,"V",563.38958268736
44,1843,"U",166.64103916164
44,1843,"V",563.38958268736
44,1844,"U",166.64103916164
44,1844,"V",563.38958268736
44,1845,"U",166.64103916164
44,1845,"V",563.38958268736
44,1846,"U",166.64103916164
44,1846,"V",563.38958268736
44,1847,"U",166.64103916164
44,1847,"V",563.38958268736
44,1848,"U",166.64103916164
44,1848,"V",563.38958268736
44,1849,"U",166.64103916164
44,1849,"V",563.38958268736
44,1850,"U",166.64103916164
44,1850,"V",563.38958268736
44,1851,"U",166.64103916164
44,1851,"V",563.38958268736
44,1852,"U",166.64103916164
44,1852,"V",563.38958268736
44,1853,"U",166.64103916164
44,1853,"V",563.38958268736
44,1854,"U",166.64103916164
44,1854,"V",563.38958268736
44,1855,"U",166.64103916164
44,1855,"V",563.38958268736
44,1856,"U",166.64103916164
44,1856,"V",563.38958268736
44,1857,"U",166.64103916164
44,1857,"V",563.38958268736
44,1858,"U",166.64103916164
44,1858,"V",563.38958268736
44,1859,"U",166.64103916164
44,1859,"V",563.38958268736
44,1860,"U",166.64103916164
44,1860,"V",563.38958268736
44,1861,"U",166.64103916164
44,1861,"V",563.38958268736
44,1862,"U",193.110915303341
44,1862,"V",652.880458094069
44,1863,"U",223.785364015755
44,1863,"V",756.586393595878
44,1864,"U",259.332255089858
44,1864,"V",876.765361686966
44,1865,"U",300.52554520708
44,1865,"V",1016.03399950523
44,1866,"U",348.26212917496
44,1866,"V",1177.42458045628
44,1867,"U",403.581367883377
44,1867,"V",1364.45103544787
44,1868,"U",467.687718119599
44,1868,"V",1581.18546106654
44,1869,"U",541.976957032217
44,1869,"V",1832.34678074928
44,1870,"U",628.066572145217
44,1870,"V",2123.40348908619
44,1871,"U",727.830978657694
44,1871,"V",2460.69271648711
44,1872,"U",843.442330777724
44,1872,"V",2851.55820647992
44,1873,"U",977.417815684859
44,1873,"V",3304.51020985138
44,1874,"U",1132.67445983909
44,1874,"V",3829.41077695988
44,1875,"U",1312.59264091942
44,1875,"V",4437.68848253992
44,1876,"U",1521.08968824078
44,1876,"V",5142.58725821297
44,1877,"U",1762.70517412908
44,1877,"V",5959.45475046002
44,1878,"U",2042.69975328998
44,1878,"V",6906.07648242831
44,1879,"U",2367.16970218974
44,1879,"V",8003.06309523923
44,1880,"U",2743.17965229093
44,1880,"V",9274.2991001247
44,1881,"U",3178.91640712894
44,1881,"V",10747.4629120211
44,1882,"U",3683.86719224312
44,1882,"V",12454.6294871598
44,1883,"U",4269.02621901333
44,1883,"V",14432.9686859332
44,1884,"U",4947.13405982915
44,1884,"V",16725.5545661957
44,1885,"U",5732.95504649522
44,1885,"V",19382.3032277024
44,1886,"U",6643.59873164172
44,1886,"V",22461.0596272824
44,1887,"U",7698.89241221977
44,1887,"V",26028.8570276381
44,1888,"U",8921.81282602822
44,1888,"V",30163.3765017222
44,1889,"U",10338.9864204817
44,1889,"V",34954.6382700808
44,1890,"U",11981.2690859229
44,1890,"V",40506.9616964854
44,1891,"U",13884.4179759167
44,1891,"V",46941.2366165154
44,1892,"U",16089.8700419362
44,1892,"V",54397.5554522764
44,1893,"U",18645.6442333735
44,1893,"V",63038.26342194
44,1894,"U",21607.3870063211
44,1894,"V",73051.4932557967
44,1895,"U",25039.5839048187
44,1895,"V",84655.2613796247
44,1896,"U",29016.9635941198
44,1896,"V",98102.2147508825
44,1897,"U",33626.1249157722
44,1897,"V",113685.131699844
44,1898,"U",38967.4223901314
44,1898,"V",131743.296544636
44,1899,"U",45157.1512190116
44,1899,"V",152669.886773518
44,1900,"U",52330.0793622225
44,1900,"V",176920.533634464
44,1901,"U",60642.3818184401
44,1901,"V",205023.24252022
44,1902,"U",70275.0409980931
44,1902,"V",237589.889143986
44,1903,"U",81437.7872239514
44,1903,"V",275329.541809803
44,1904,"U",94373.6651553585
44,1904,"V",319063.899841506
44,1905,"U",109364.32556012
44,1905,"V",369745.184308621
44,1906,"U",126736.157650869
44,1906,"V",428476.870580863
44,1907,"U",146867.395504362
44,1907,"V",496537.714118079
44,1908,"U",170196.353290556
44,1908,"V",575409.592605023
44,1909,"U",197230.968615795
44,1909,"V",666809.770633349
44,1910,"U",228559.861765748
44,1910,"V",772728.28942444
44,1911,"U",264865.151639239
44,1911,"V",895471.295673516
44,1912,"U",306937.307412173
44,1912,"V",1037711.25290685
44,1913,"U",355692.359294432
44,1913,"V",1202545.1285958
44,1914,"U",412191.843106708
44,1914,"V",1393561.82392602
44,1915,"U",477665.912927497
44,1915,"V",1614920.31436004
44,1916,"U",553540.125037826
44,1916,"V",1871440.20233377
44,1917,"U",641466.476326522
44,1917,"V",2168706.65367719
44,1918,"U",743359.37294996
44,1918,"V",2513192.00252216
44,1919,"U",861437.312386191
44,1919,"V",2912396.67238162
44,1920,"U",998271.186419939
44,1920,"V",3375012.4816517
44,1921,"U",1156528.46954873
44,1921,"V",3910057.78110329
44,1922,"U",1337455.70998
44,1922,"V",4521746.97241033
44,1923,"U",1539765.66304408
44,1923,"V",5205728.06496529
44,1924,"U",1758821.40049474
44,1924,"V",5946324.26580803
44,1925,"U",1986135.12197024
44,1925,"V",6714839.53266838
44,1926,"U",2209532.77083702
44,1926,"V",7470115.11665167
44,1927,"U",2414264.43531931
44,1927,"V",8162283.67006359
44,1928,"U",2585084.48205497
44,1928,"V",8739801.88123896
44,1929,"U",2708941.15634417
44,1929,"V",9158543.62932151
44,1930,"U",2777573.53005283
44,1930,"V",9390579.89468023
44,1931,"U",2789220.5136351
44,1931,"V",9429956.68477345
44,1932,"U",2748903.4729197
44,1932,"V",9293650.52118906
44,1933,"U",2667252.03024431
44,1933,"V",9017598.6407751
44,1934,"U",2558349.01401637
44,1934,"V",8649413.07751453
44,1935,"U",2437332.43406447
44,1935,"V",8240273.28325763
44,1936,"U",2318427.57029423
44,1936,"V",7838272.90018248
44,1937,"U",2213791.50190894
44,1937,"V",7484513.27891389
44,1938,"U",2133219.43369405
44,1938,"V",7212110.60958212
44,1939,"U",2084530.92409648
44,1939,"V",7047501.70386573
44,1940,"U",2074370.18229489
44,1940,"V",7013149.68522618
44,1941,"U",2109182.72148653
44,1941,"V",7130845.91435519
44,1942,"U",2196205.27729623
44,1942,"V",7425056.76210714
44,1943,"U",2344371.28144403
44,1943,"V",7925984.88680705
44,1944,"U",2565058.90357538
44,1944,"V",8672098.25697299
44,1945,"U",2872582.63585765
44,1945,"V",9711792.12871435
44,1946,"U",3284257.63962057
44,1946,"V",11103606.5925442
44,1947,"U",3819769.01226209
44,1947,"V",12914094.1547599
44,1948,"U",4499499.666228
44,1948,"V",15212166.5347947
44,1949,"U",5341486.80479596
44,1949,"V",18058804.9439911
44,1950,"U",6945574.06245932
44,1950,"V",31112996.483106
44,1951,"U",7029049.03869961
44,1951,"V",20721111.7933037
44,1952,"U",6887726.52696139
44,1952,"V",16686820.5391055
44,1953,"U",7270342.40802705
44,1953,"V",26397266.5143526
44,1954,"U",5933181.3440925
44,1954,"V",30456667.152403
44,1955,"U",6342691.38341495
44,1955,"V",20777966.3383175
44,1956,"U",5828600.6957396
44,1956,"V",24813983.3827246
44,1957,"U",7253452.67494878
44,1957,"V",22384508.0417127
44,1958,"U",6654213.30598657
44,1958,"V",26423379.9937526
44,1959,"U",4801701.74209705
44,1959,"V",16530409.262257
44,1960,"U",5820664.33776691
44,1960,"V",15191924.5724354
44,1961,"U",5869283.09526847
44,1961,"V",13269923.8452249
44,1962,"U",5725577.23309813
44,1962,"V",15605540.4739333
44,1963,"U",4734948.14021618
44,1963,"V",15986056.0901356
44,1964,"U",7146169.50137622
44,1964,"V",17720469.3996821
44,1965,"U",6137337.35793766
44,1965,"V",15120019.7997877
44,1966,"U",6147832.88061447
44,1966,"V",16028351.7114634
44,1967,"U",6568878.47550611
44,1967,"V",15851846.5914683
44,1968,"U",5893345.10636689
44,1968,"V",20791196.6829439
44,1969,"U",6986470.9684978
44,1969,"V",13689524.5734611
44,1970,"U",6941912.9053878
44,1970,"V",12208744.9819153
44,1971,"U",6086624.82712789
44,1971,"V",13290482.3651326
44,1972,"U",7748813.02244252
44,1972,"V",14803416.7431852
44,1973,"U",8973369.72260042
44,1973,"V",16087760.1286614
44,1974,"U",9246695.15887625
44,1974,"V",16451441.8182314
44,1975,"U",11316200.2058686
44,1975,"V",15552684.1140275
44,1976,"U",13023361.3937482
44,1976,"V",21611481.9699007
44,1977,"U",16732928.1260206
44,1977,"V",16182220.5701908
44,1978,"U",16378925.9745648
44,1978,"V",23995723.9089358
44,1979,"U",12867242.9818803
44,1979,"V",23336489.1288979
44,1980,"U",13416175.8317224
44,1980,"V",27826907.4163489
44,1981,"U",14258175.933853
44,1981,"V",21607857.8446113
44,1982,"U",13147466.6343072
44,1982,"V",19130554.1875432
44,1983,"U",13288779.8147665
44,1983,"V",17654771.4776694
44,1984,"U",15505173.7880803
44,1984,"V",23347920.5819411
44,1985,"U",17813184.3259384
44,1985,"V",22659377.2061417
44,1986,"U",18775089.4639153
44,1986,"V",22685817.6462248
44,1987,"U",17089192.4060064
44,1987,"V",16063911.5747877
44,1988,"U",22475345.7728086
44,1988,"V",22690630.9628729
44,1989,"U",19887782.7605027
44,1989,"V",18297086.1859597
44,1990,"U",19186827.5396212
44,1990,"V",17400156.3760169
44,1991,"U",15322994.4257598
44,1991,"V",15476640.2135796
44,1992,"U",17998386.3927455
44,1992,"V",19415589.1458508
44,1993,"U",17286521.0133236
44,1993,"V",26918861.3539218
44,1994,"U",19147024.4851056
44,1994,"V",22512953.1559185
44,1995,"U",19324929.9019849
44,1995,"V",24121039.5197708
44,1996,"U",22938190.9239031
44,1996,"V",18642812.8635162
44,1997,"U",20759050.4408222
44,1997,"V",19372420.6995229
44,1998,"U",20561841.6070831
44,1998,"V",22732214.860226
44,1999,"U",9003296.30888467
44,1999,"V",24543991.7966121
44,2000,"U",9309330.1658782
44,2000,"V",23390663.5843087
44,2001,"U",9026141.28857856
44,2001,"V",21821001.6605136
44,2002,"U",8965381.65718569
44,2002,"V",16689093.1282598
44,2003,"U",10930916.0438693
44,2003,"V",17856055.7796366
44,2004,"U",10950042.1290117
44,2004,"V",21123464.3727996
44,2005,"U",8513261.38159264
44,2005,"V",22504747.9922369
44,2006,"U",9112610.91068893
44,2006,"V",15989389.1013461
44,2007,"U",14524390.8679688
44,2007,"V",17024631.0366408
44,2008,"U",10817364.2171832
44,2008,"V",19016423.4257682
44,2009,"U",18493377.6787877
44,2009,"V",15354619.6596416
44,2010,"U",12324581.5875009
44,2010,"V",15934937.7315263
44,2011,"U",13789505.8796171
44,2011,"V",12185355.3293056
44,2012,"U",10349723.5047074
44,2012,"V",13692071.9279984
44,2013,"U",11540608.5004499
44,2013,"V",15745170.0314471
44,2014,"U",10634015.2100323
44,2014,"V",12947516.294675
44,2015,"U",8481744.00494807
44,2015,"V",10655514.6631192
44,2016,"U",16865428.253564
44,2016,"V",15250094.4817783
44,2017,"U",13163679.2356774
44,2017,"V",10759858.4348044
45,1841,"U",1623.77053135495
45,1841,"V",1610.75055210804
45,1842,"U",1623.77053135495
45,1842,"V",1610.75055210804
45,1843,"U",1623.77053135495
45,1843,"V",1610.75055210804
45,1844,"U",1623.77053135495
45,1844,"V",1610.75055210804
45,1845,"U",1623.77053135495
45,1845,"V",1610.75055210804
45,1846,"U",1623.77053135495
45,1846,"V",1610.75055210804
45,1847,"U",1623.77053135495
45,1847,"V",1610.75055210804
45,1848,"U",1623.77053135495
45,1848,"V",1610.75055210804
45,1849,"U",1623.77053135495
45,1849,"V",1610.75055210804
45,1850,"U",1623.77053135495
45,1850,"V",1610.75055210804
45,1851,"U",1623.77053135495
45,1851,"V",1610.75055210804
45,1852,"U",1623.77053135495
45,1852,"V",1610.75055210804
45,1853,"U",1623.77053135495
45,1853,"V",1610.75055210804
45,1854,"U",1623.77053135495
45,1854,"V",1610.75055210804
45,1855,"U",1623.77053135495
45,1855,"V",1610.75055210804
45,1856,"U",1623.77053135495
45,1856,"V",1610.75055210804
45,1857,"U",1623.77053135495
45,1857,"V",1610.75055210804
45,1858,"U",1623.77053135495
45,1858,"V",1610.75055210804
45,1859,"U",1623.77053135495
45,1859,"V",1610.75055210804
45,1860,"U",1623.77053135495
45,1860,"V",1610.75055210804
45,1861,"U",1623.77053135495
45,1861,"V",1610.75055210804
45,1862,"U",1791.92488181429
45,1862,"V",1777.55658018378
45,1863,"U",1977.4929523984
45,1863,"V",1961.63669887985
45,1864,"U",2182.27807229824
45,1864,"V",2164.77977764168
45,1865,"U",2408.27031977382
45,1865,"V",2388.95993756223
45,1866,"U",2657.66586153007
45,1866,"V",2636.35573568769
45,1867,"U",2932.88829478558
45,1867,"V",2909.37133595783
45,1868,"U",3236.61219952489
45,1868,"V",3210.65987260778
45,1869,"U",3571.78912975748
45,1869,"V",3543.14923301976
45,1870,"U",3941.67629638176
45,1870,"V",3910.07051059743
45,1871,"U",4349.86822039141
45,1871,"V",4314.98940416545
45,1872,"U",4800.33166400278
45,1872,"V",4761.84086900641
45,1873,"U",5297.44417920522
45,1873,"V",5254.9673563149
45,1874,"U",5846.03664830711
45,1874,"V",5799.16101263825
45,1875,"U",6451.44022989923
45,1875,"V",6399.71024941004
45,1876,"U",7119.53816642454
45,1876,"V",7062.45113510797
45,1877,"U",7856.8229568756
45,1877,"V",7793.82410952013
45,1878,"U",8670.45945013627
45,1878,"V",8600.9365711814
45,1879,"U",9568.35447217079
45,1879,"V",9491.63194626642
45,1880,"U",10559.2336636401
45,1880,"V",10474.5659100943
45,1881,"U",11652.726274681
45,1881,"V",11559.2905019924
45,1882,"U",12859.458740857
45,1882,"V",12756.3469509216
45,1883,"U",14191.1579496339
45,1883,"V",14077.3681139238
45,1884,"U",15660.7652009164
45,1884,"V",15535.1915228817
45,1885,"U",17282.5619691285
45,1885,"V",17143.9841381935
45,1886,"U",19072.3086889319
45,1886,"V",18919.380021657
45,1887,"U",21047.3979133215
45,1887,"V",20878.6322664883
45,1888,"U",23227.0233324603
45,1888,"V",23040.7806609027
45,1889,"U",25632.3662957491
45,1889,"V",25426.8367145827
45,1890,"U",28286.8016497527
45,1890,"V",28059.9878461215
45,1891,"U",31216.1248922708
45,1891,"V",30965.8227156898
45,1892,"U",34448.8028500084
45,1892,"V",34172.5798926835
45,1893,"U",38016.2503159607
45,1893,"V",37711.4222749284
45,1894,"U",41953.1353347307
45,1894,"V",41616.7399261104
45,1895,"U",46297.7161026141
45,1895,"V",45926.4842744739
45,1896,"U",51092.2127563522
45,1896,"V",50682.5369204378
45,1897,"U",56383.2176635808
45,1897,"V",55931.1166371869
45,1898,"U",62222.1482020976
45,1898,"V",61723.2285193927
45,1899,"U",68665.7464280259
45,1899,"V",68115.1596448552
45,1900,"U",75776.6304886157
45,1900,"V",75169.0260658783
45,1901,"U",83623.9031381759
45,1901,"V",82953.3764459002
45,1902,"U",92283.8232707369
45,1902,"V",91543.8582075657
45,1903,"U",101840.546995191
45,1903,"V",101023.952665655
45,1904,"U",112386.945454698
45,1904,"V",111485.786288925
45,1905,"U",124025.507337801
45,1905,"V",123031.025974553
45,1906,"U",136869.3348517
45,1906,"V",135771.867035346
45,1907,"U",151043.242836524
45,1907,"V",149832.123500914
45,1908,"U",166684.971701606
45,1908,"V",165348.431328186
45,1909,"U",183946.525970945
45,1909,"V",182471.576213923
45,1910,"U",202995.651445731
45,1910,"V",201367.958912828
45,1911,"U",224017.465338735
45,1911,"V",222221.212300924
45,1912,"U",247216.255222129
45,1912,"V",245233.985898764
45,1913,"U",272817.464270658
45,1913,"V",270629.9151962
45,1914,"U",301069.882092484
45,1914,"V",298655.794916358
45,1915,"U",332248.062438021
45,1915,"V",329583.977338412
45,1916,"U",366654.991281768
45,1916,"V",363715.018985758
45,1917,"U",404625.031205143
45,1917,"V",401380.601399736
45,1918,"U",446527.170693673
45,1918,"V",442946.754382782
45,1919,"U",492768.609924699
45,1919,"V",488817.413033971
45,1920,"U",543798.717891907
45,1920,"V",539438.343143922
45,1921,"U",600127.867649997
45,1921,"V",595315.825411634
45,1922,"U",662399.750693112
45,1922,"V",657088.389980104
45,1923,"U",731433.934720735
45,1923,"V",725569.032958662
45,1924,"U",808255.476847359
45,1924,"V",801774.592183214
45,1925,"U",894124.239267685
45,1925,"V",886954.827817838
45,1926,"U",990563.295343626
45,1926,"V",982620.60067152
45,1927,"U",1099385.68209315
45,1927,"V",1090570.41017585
45,1928,"U",1222718.38360483
45,1928,"V",1212914.1854919
45,1929,"U",1363021.81802908
45,1929,"V",1352092.61624772
45,1930,"U",1523102.30386572
45,1930,"V",1510889.51886666
45,1931,"U",1706114.1194539
45,1931,"V",1692433.87954365
45,1932,"U",1915547.03503634
45,1932,"V",1900187.48628174
45,1933,"U",2155194.85594418
45,1933,"V",2137913.72430915
45,1934,"U",2429100.89808044
45,1934,"V",2409623.48876002
45,1935,"U",2741477.78003102
45,1935,"V",2719495.61992121
45,1936,"U",3096601.77214668
45,1936,"V",3071772.09946157
45,1937,"U",3498686.34843112
45,1937,"V",3470632.61622675
45,1938,"U",3951745.40676303
45,1938,"V",3920058.88321086
45,1939,"U",4459463.30567497
45,1939,"V",4423705.71642756
45,1940,"U",5025095.39202258
45,1940,"V",4984802.36018436
45,1941,"U",5651427.66098971
45,1941,"V",5606112.47054832
45,1942,"U",6340826.07976813
45,1942,"V",6289983.04353079
45,1943,"U",7095403.71652394
45,1943,"V",7038510.20395324
45,1944,"U",7917326.75477388
45,1944,"V",7853842.76608978
45,1945,"U",8809269.53895
45,1945,"V",8738633.63051177
45,1946,"U",9775016.05351606
45,1946,"V",9696636.44032733
45,1947,"U",10820193.6620694
45,1947,"V",10733433.4368976
45,1948,"U",11953117.672027
45,1948,"V",11857273.2524982
45,1949,"U",13185724.7429372
45,1949,"V",13079996.8342251
45,1950,"U",12964979.7026414
45,1950,"V",8006498.42063648
45,1951,"U",15972266.5658553
45,1951,"V",14965820.039236
45,1952,"U",18367015.8169238
45,1952,"V",21231365.6712766
45,1953,"U",19042119.3761069
45,1953,"V",7702881.39665453
45,1954,"U",15805393.288366
45,1954,"V",11842664.4729743
45,1955,"U",13289447.0399967
45,1955,"V",23384528.6248102
45,1956,"U",14825150.2747606
45,1956,"V",15438312.2161572
45,1957,"U",17027875.8332806
45,1957,"V",24813087.0262328
45,1958,"U",17275414.4856746
45,1958,"V",11994773.5626622
45,1959,"U",12367437.0779571
45,1959,"V",12262508.7362744
45,1960,"U",14036462.1579932
45,1960,"V",14250776.8310963
45,1961,"U",14690917.4602463
45,1961,"V",20444398.0400836
45,1962,"U",13152952.1178091
45,1962,"V",18842518.9524652
45,1963,"U",12835856.6988234
45,1963,"V",18077409.1022846
45,1964,"U",16431519.7961455
45,1964,"V",16868935.2845556
45,1965,"U",16079402.6904149
45,1965,"V",19135604.5743302
45,1966,"U",15827384.1552156
45,1966,"V",19515847.3030322
45,1967,"U",16553050.3011629
45,1967,"V",21963799.0871359
45,1968,"U",16087029.1799304
45,1968,"V",22458554.4321224
45,1969,"U",16764183.0217602
45,1969,"V",24799647.6773546
45,1970,"U",17157809.7052904
45,1970,"V",23621542.6324079
45,1971,"U",15009279.9234328
45,1971,"V",27310339.7792626
45,1972,"U",18050060.1829662
45,1972,"V",27153358.6976517
45,1973,"U",25182423.247793
45,1973,"V",23025229.2709836
45,1974,"U",25817520.228881
45,1974,"V",16471894.167718
45,1975,"U",37597964.8357357
45,1975,"V",26850850.3303715
45,1976,"U",36380223.2665028
45,1976,"V",24315679.8007776
45,1977,"U",40363249.9335064
45,1977,"V",36002242.4016588
45,1978,"U",46192136.5631778
45,1978,"V",35441214.5916866
45,1979,"U",38899004.7900771
45,1979,"V",39782267.859496
45,1980,"U",44809374.5311006
45,1980,"V",33135975.7873929
45,1981,"U",42113738.495477
45,1981,"V",37054671.9434933
45,1982,"U",39221227.291105
45,1982,"V",37580944.4886319
45,1983,"U",42636118.8404412
45,1983,"V",41891996.2836778
45,1984,"U",40343222.2052535
45,1984,"V",35112939.3091155
45,1985,"U",48905292.5863237
45,1985,"V",39024951.0747721
45,1986,"U",53614287.2400052
45,1986,"V",30824844.5328241
45,1987,"U",49259219.7262249
45,1987,"V",33570277.7499141
45,1988,"U",63085555.9669091
45,1988,"V",33852054.7457639
45,1989,"U",45927804.4449587
45,1989,"V",52866860.834574
45,1990,"U",48460842.6661868
45,1990,"V",34091139.9083331
45,1991,"U",45170292.8390261
45,1991,"V",32708779.9747972
45,1992,"U",46995435.7230126
45,1992,"V",38572508.2151494
45,1993,"U",50532041.7369013
45,1993,"V",26719333.191496
45,1994,"U",54726570.6737612
45,1994,"V",32766261.9724377
45,1995,"U",57519831.830606
45,1995,"V",25160227.1330161
45,1996,"U",62250711.400098
45,1996,"V",29739011.8985816
45,1997,"U",62786323.5731138
45,1997,"V",29893785.5520168
45,1998,"U",67274068.1284267
45,1998,"V",28698181.357274
45,1999,"U",25538800.9665887
45,1999,"V",28753213.5018599
45,2000,"U",28701886.3975357
45,2000,"V",36952396.8944649
45,2001,"U",28879670.2312409
45,2001,"V",35772794.7999652
45,2002,"U",35604504.3194388
45,2002,"V",32005207.5739288
45,2003,"U",34105142.9390493
45,2003,"V",25155466.5905686
45,2004,"U",40243170.6909514
45,2004,"V",29963106.5034467
45,2005,"U",32653283.7320254
45,2005,"V",25124746.7493491
45,2006,"U",29238513.7665311
45,2006,"V",31082863.5354762
45,2007,"U",36626608.6947695
45,2007,"V",30523886.6504271
45,2008,"U",32963753.300394
45,2008,"V",25855611.1410283
45,2009,"U",30838369.2330045
45,2009,"V",28255259.569418
45,2010,"U",31223745.5803314
45,2010,"V",26840938.2698494
45,2011,"U",34432679.7821051
45,2011,"V",33034914.2763211
45,2012,"U",32189137.4746302
45,2012,"V",25437548.1545716
45,2013,"U",33151617.9973121
45,2013,"V",26808194.1670422
45,2014,"U",36757673.9237452
45,2014,"V",31061861.3839183
45,2015,"U",34702051.7461986
45,2015,"V",31701437.1986588
45,2016,"U",38951266.0519852
45,2016,"V",21903364.183425
45,2017,"U",29644368.6568431
45,2017,"V",25108920.356141
46,1841,"U",73466.7928397925
46,1841,"V",27891.3725705958
46,1842,"U",73466.7928397925
46,1842,"V",27891.3725705958
46,1843,"U",73466.7928397925
46,1843,"V",27891.3725705958
46,1844,"U",73466.7928397925
46,1844,"V",27891.3725705958
46,1845,"U",73466.7928397925
46,1845,"V",27891.3725705958
46,1846,"U",73466.7928397925
46,1846,"V",27891.3725705958
46,1847,"U",73466.7928397925
46,1847,"V",27891.3725705958
46,1848,"U",73466.7928397925
46,1848,"V",27891.3725705958
46,1849,"U",73466.7928397925
46,1849,"V",27891.3725705958
46,1850,"U",73466.7928397925
46,1850,"V",27891.3725705958
46,1851,"U",73466.7928397925
46,1851,"V",27891.3725705958
46,1852,"U",73466.7928397925
46,1852,"V",27891.3725705958
46,1853,"U",73466.7928397925
46,1853,"V",27891.3725705958
46,1854,"U",73466.7928397925
46,1854,"V",27891.3725705958
46,1855,"U",73466.7928397925
46,1855,"V",27891.3725705958
46,1856,"U",73466.7928397925
46,1856,"V",27891.3725705958
46,1857,"U",73466.7928397925
46,1857,"V",27891.3725705958
46,1858,"U",73466.7928397925
46,1858,"V",27891.3725705958
46,1859,"U",73466.7928397925
46,1859,"V",27891.3725705958
46,1860,"U",73466.7928397925
46,1860,"V",27891.3725705958
46,1861,"U",73466.7928397925
46,1861,"V",27891.3725705958
46,1862,"U",78197.2334293864
46,1862,"V",29687.2653244165
46,1863,"U",83232.2615381433
46,1863,"V",31598.7935054684
46,1864,"U",88591.4891990332
46,1864,"V",33633.4027432294
46,1865,"U",94295.7912408184
46,1865,"V",35799.0180825241
46,1866,"U",100367.386598005
46,1866,"V",38104.0748525193
46,1867,"U",106829.92485621
46,1867,"V",40557.5515233245
46,1868,"U",113708.57837012
46,1868,"V",43169.0046782063
46,1869,"U",121030.140312804
46,1869,"V",45948.6062376127
46,1870,"U",128823.129038317
46,1870,"V",48907.1830800199
46,1871,"U",137117.89916406
46,1871,"V",52056.2592139006
46,1872,"U",145946.759805632
46,1872,"V",55408.1006651118
46,1873,"U",155344.10042468
46,1873,"V",58975.7632545244
46,1874,"U",165346.524779929
46,1874,"V",62773.1434519943
46,1875,"U",175992.993503198
46,1875,"V",66815.0325047727
46,1876,"U",187324.975855646
46,1876,"V",71117.1740511551
46,1877,"U",199386.61125553
46,1877,"V",75696.3254438456
46,1878,"U",212224.881206435
46,1878,"V",80570.3230218187
46,1879,"U",225889.792295858
46,1879,"V",85758.151584994
46,1880,"U",240434.570976774
46,1880,"V",91280.0183422771
46,1881,"U",255915.870891013
46,1881,"V",97157.4316210464
46,1882,"U",272393.993541945
46,1882,"V",103413.284644648
46,1883,"U",289933.123175962
46,1883,"V",110071.944704209
46,1884,"U",308601.576787789
46,1884,"V",117159.348072147
46,1885,"U",328472.070223289
46,1885,"V",124703.101027032
46,1886,"U",349622.001416289
46,1886,"V",132732.587383307
46,1887,"U",372133.751862799
46,1887,"V",141279.082944766
46,1888,"U",396095.00750667
46,1888,"V",150375.8773275
46,1889,"U",421599.100286809
46,1889,"V",160058.403626927
46,1890,"U",448745.371676145
46,1890,"V",170364.376433901
46,1891,"U",477639.559628499
46,1891,"V",181333.93873753
46,1892,"U",508394.210440466
46,1892,"V",193009.818286889
46,1893,"U",541129.117132617
46,1893,"V",205437.49402068
46,1894,"U",575971.786057577
46,1894,"V",218665.373213109
46,1895,"U",613057.933552419
46,1895,"V",232744.980025976
46,1896,"U",652532.014569849
46,1896,"V",247731.156201381
46,1897,"U",694547.785347556
46,1897,"V",263682.27467687
46,1898,"U",739268.902306989
46,1898,"V",280660.466954962
46,1899,"U",786869.559514445
46,1899,"V",298731.865112678
46,1900,"U",837535.167187834
46,1900,"V",317966.859393914
46,1901,"U",891463.073891448
46,1901,"V",338440.372387775
46,1902,"U",948863.335232057
46,1902,"V",360232.150860965
46,1903,"U",1009959.5320505
46,1903,"V",383427.076380931
46,1904,"U",1074989.64129561
46,1904,"V",408115.495939643
46,1905,"U",1144206.96297275
46,1905,"V",434393.573865894
46,1906,"U",1217881.10677735
46,1906,"V",462363.666396744
46,1907,"U",1296299.0422569
46,1907,"V",492134.720367301
46,1908,"U",1379766.21659125
46,1908,"V",523822.697571516
46,1909,"U",1468607.74434583
46,1909,"V",557551.026447222
46,1910,"U",1563169.67383135
46,1910,"V",593451.082844494
46,1911,"U",1663820.3350034
46,1911,"V",631662.701750304
46,1912,"U",1770951.77415111
46,1912,"V",672334.721962331
46,1913,"U",1884981.28096417
46,1913,"V",715625.56583379
46,1914,"U",2006353.0139258
46,1914,"V",761703.856347356
46,1915,"U",2135539.73036279
46,1915,"V",810749.073921686
46,1916,"U",2273044.62789155
46,1916,"V",862952.255509037
46,1917,"U",2419403.30443246
46,1917,"V",918516.738706828
46,1918,"U",2575185.84442768
46,1918,"V",977658.953781814
46,1919,"U",2740999.03938768
46,1919,"V",1040609.26669169
46,1920,"U",2917488.75141627
46,1920,"V",1107612.87638786
46,1921,"U",3105342.42892035
46,1921,"V",1178930.7698945
46,1922,"U",3305133.98409026
46,1922,"V",1254780.8306676
46,1923,"U",3516643.12458422
46,1923,"V",1335079.42560515
46,1924,"U",3738623.65407556
46,1924,"V",1419353.44128135
46,1925,"U",3968768.42615822
46,1925,"V",1506726.9788377
46,1926,"U",4203728.44142053
46,1926,"V",1595928.60411029
46,1927,"U",4439206.78781068
46,1927,"V",1685327.01171191
46,1928,"U",4670143.49563984
46,1928,"V",1773001.20449089
46,1929,"U",4890997.01753153
46,1929,"V",1856847.35626238
46,1930,"U",5096113.03555997
46,1930,"V",1934718.82795577
46,1931,"U",5280154.19256517
46,1931,"V",2004589.31338106
46,1932,"U",5438548.89796817
46,1932,"V",2064723.22655241
46,1933,"U",5567907.7023713
46,1933,"V",2113833.7766313
46,1934,"U",5666355.15695177
46,1934,"V",2151208.95701134
46,1935,"U",5733734.82264003
46,1935,"V",2176789.37622866
46,1936,"U",5771663.72393379
46,1936,"V",2191188.93113348
46,1937,"U",5783436.13719636
46,1937,"V",2195658.28050439
46,1938,"U",5773799.88406298
46,1938,"V",2191999.91573932
46,1939,"U",5748646.21505537
46,1939,"V",2182450.42641646
46,1940,"U",5714663.55783377
46,1940,"V",2169549.04721002
46,1941,"U",5679005.00530978
46,1941,"V",2156011.42108901
46,1942,"U",5649010.97572398
46,1942,"V",2144624.30833053
46,1943,"U",5632015.11935642
46,1943,"V",2138171.89978266
46,1944,"U",5635246.84182983
46,1944,"V",2139398.81022841
46,1945,"U",5665830.74231912
46,1945,"V",2151009.86510417
46,1946,"U",5730873.61453733
46,1946,"V",2175703.13007431
46,1947,"U",5837623.90655446
46,1947,"V",2216230.4493104
46,1948,"U",5993686.1010577
46,1948,"V",2275478.83409516
46,1949,"U",6207272.14695606
46,1949,"V",2356565.91782049
46,1950,"U",5527199.66234874
46,1950,"V",2120547.8840704
46,1951,"U",5457494.83638766
46,1951,"V",2522485.82835696
46,1952,"U",6688667.3132009
46,1952,"V",3348814.5924445
46,1953,"U",7628522.60629997
46,1953,"V",3090978.78789253
46,1954,"U",7567750.14655956
46,1954,"V",3330854.55520833
46,1955,"U",6471127.65864355
46,1955,"V",3209090.20435853
46,1956,"U",6740958.69436534
46,1956,"V",3370950.3537507
46,1957,"U",7494623.82463515
46,1957,"V",3230800.85730255
46,1958,"U",7727786.96400896
46,1958,"V",3184714.90068774
46,1959,"U",7778243.04014293
46,1959,"V",3173170.08814543
46,1960,"U",8447760.73623594
46,1960,"V",2871780.94501982
46,1961,"U",7121783.79464258
46,1961,"V",3287383.2364622
46,1962,"U",8697299.96324285
46,1962,"V",2917337.44338751
46,1963,"U",9441668.17417809
46,1963,"V",3593356.22255033
46,1964,"U",10777113.3597399
46,1964,"V",3689898.48629716
46,1965,"U",11388479.6659108
46,1965,"V",4382508.41181146
46,1966,"U",12464342.2756876
46,1966,"V",4972978.87208794
46,1967,"U",14051022.2507167
46,1967,"V",5471236.632026
46,1968,"U",16904820.9811128
46,1968,"V",6807014.08363065
46,1969,"U",19115793.3791748
46,1969,"V",6759487.05861785
46,1970,"U",20002269.284408
46,1970,"V",7767347.53512594
46,1971,"U",24355974.1943146
46,1971,"V",9036182.38098063
46,1972,"U",24815739.0176349
46,1972,"V",8512282.59573427
46,1973,"U",26273576.0364947
46,1973,"V",9146977.50430138
46,1974,"U",29743293.5632867
46,1974,"V",9463230.73264079
46,1975,"U",25356150.3840085
46,1975,"V",11861566.475046
46,1976,"U",31583814.7906281
46,1976,"V",11170838.1498266
46,1977,"U",39852341.4583771
46,1977,"V",11480738.7548482
46,1978,"U",30616923.1417303
46,1978,"V",10630155.296431
46,1979,"U",31200163.4773811
46,1979,"V",10568563.4211047
46,1980,"U",33912229.8537129
46,1980,"V",9729524.16990833
46,1981,"U",36990791.2355685
46,1981,"V",9159623.62741783
46,1982,"U",35370916.8650255
46,1982,"V",9819994.77879477
46,1983,"U",36594072.8975759
46,1983,"V",10020072.6463259
46,1984,"U",38895330.6023671
46,1984,"V",10817120.3243247
46,1985,"U",34956118.4486373
46,1985,"V",10041964.4607627
46,1986,"U",32091060.4123778
46,1986,"V",8785520.72771563
46,1987,"U",29976292.6701127
46,1987,"V",9297734.00182093
46,1988,"U",35316754.8856357
46,1988,"V",11214934.5076229
46,1989,"U",31910678.7947786
46,1989,"V",9528655.74782849
46,1990,"U",26657086.3837451
46,1990,"V",7537363.14511126
46,1991,"U",33273778.4272034
46,1991,"V",8058870.17668081
46,1992,"U",37779205.9218721
46,1992,"V",9720405.55681667
46,1993,"U",36223643.0532229
46,1993,"V",9094500.21447035
46,1994,"U",35184518.3721156
46,1994,"V",8948670.35576551
46,1995,"U",34691492.5095242
46,1995,"V",10422719.5174513
46,1996,"U",37138946.7389294
46,1996,"V",10360660.4259349
46,1997,"U",32203123.3098347
46,1997,"V",9219821.36776503
46,1998,"U",31471399.6719237
46,1998,"V",8482793.57624755
46,1999,"U",29997765.768253
46,1999,"V",8172248.90571856
46,2000,"U",31292310.683332
46,2000,"V",8078504.0373477
46,2001,"U",33667784.544791
46,2001,"V",8148807.20492573
46,2002,"U",32580548.6059693
46,2002,"V",8860518.9998864
46,2003,"U",31712388.6392539
46,2003,"V",8474024.79158792
46,2004,"U",35246240.051902
46,2004,"V",8445558.72579136
46,2005,"U",31370224.643797
46,2005,"V",8353568.52842594
46,2006,"U",29843198.6764753
46,2006,"V",8217820.83298593
46,2007,"U",33144821.810292
46,2007,"V",9049093.12334785
46,2008,"U",30774377.7783126
46,2008,"V",8242805.5579912
46,2009,"U",26992031.2170545
46,2009,"V",7133499.77737282
46,2010,"U",29142971.4344311
46,2010,"V",7738686.67169177
46,2011,"U",31443582.2097219
46,2011,"V",7774421.38534684
46,2012,"U",33543857.2385868
46,2012,"V",7626258.76231965
46,2013,"U",30696746.8004289
46,2013,"V",7559029.5697439
46,2014,"U",32096770.096132
46,2014,"V",8115031.34895162
46,2015,"U",28056755.8023789
46,2015,"V",7217352.98506806
46,2016,"U",31402307.2524161
46,2016,"V",6573956.08542092
46,2017,"U",33055523.5060705
46,2017,"V",6570971.76534953
47,1841,"U",774.942709786743
47,1841,"V",151.791513757852
47,1842,"U",774.942709786743
47,1842,"V",151.791513757852
47,1843,"U",774.942709786743
47,1843,"V",151.791513757852
47,1844,"U",774.942709786743
47,1844,"V",151.791513757852
47,1845,"U",774.942709786743
47,1845,"V",151.791513757852
47,1846,"U",774.942709786743
47,1846,"V",151.791513757852
47,1847,"U",774.942709786743
47,1847,"V",151.791513757852
47,1848,"U",774.942709786743
47,1848,"V",151.791513757852
47,1849,"U",774.942709786743
47,1849,"V",151.791513757852
47,1850,"U",774.942709786743
47,1850,"V",151.791513757852
47,1851,"U",774.942709786743
47,1851,"V",151.791513757852
47,1852,"U",774.942709786743
47,1852,"V",151.791513757852
47,1853,"U",774.942709786743
47,1853,"V",151.791513757852
47,1854,"U",774.942709786743
47,1854,"V",151.791513757852
47,1855,"U",774.942709786743
47,1855,"V",151.791513757852
47,1856,"U",774.942709786743
47,1856,"V",151.791513757852
47,1857,"U",774.942709786743
47,1857,"V",151.791513757852
47,1858,"U",774.942709786743
47,1858,"V",151.791513757852
47,1859,"U",774.942709786743
47,1859,"V",151.791513757852
47,1860,"U",774.942709786743
47,1860,"V",151.791513757852
47,1861,"U",774.942709786743
47,1861,"V",151.791513757852
47,1862,"U",966.921467961221
47,1862,"V",189.395256517978
47,1863,"U",1206.45966910983
47,1863,"V",236.314681265113
47,1864,"U",1505.33934901623
47,1864,"V",294.857588336192
47,1865,"U",1878.26134087036
47,1865,"V",367.903496042982
47,1866,"U",2343.56835675719
47,1866,"V",459.045273895239
47,1867,"U",2924.14720104647
47,1867,"V",572.765863194939
47,1868,"U",3648.55449121395
47,1868,"V",714.658777036278
47,1869,"U",4552.42125652064
47,1869,"V",891.703225365978
47,1870,"U",5680.20550241229
47,1870,"V",1112.60739765409
47,1871,"U",7087.37894223683
47,1871,"V",1388.23678787003
47,1872,"U",8843.15545438018
47,1872,"V",1732.14862965259
47,1873,"U",11033.8954679962
47,1873,"V",2161.25872865357
47,1874,"U",13767.3537264917
47,1874,"V",2696.6734910753
47,1875,"U",17177.9793618315
47,1875,"V",3364.72807306115
47,1876,"U",21433.5289713136
47,1876,"V",4198.2817137847
47,1877,"U",26743.3179705912
47,1877,"V",5238.33396507558
47,1878,"U",33368.5160774292
47,1878,"V",6536.04131412505
47,1879,"U",41634.9933255446
47,1879,"V",8155.23338999036
47,1880,"U",51949.3484575885
47,1880,"V",10175.5525170131
47,1881,"U",64818.9080773327
47,1881,"V",12696.3710387017
47,1882,"U",80876.6802488026
47,1882,"V",15841.679091418
47,1883,"U",100912.489921335
47,1883,"V",19766.1832401116
47,1884,"U",125911.827621976
47,1884,"V",24662.9159464147
47,1885,"U",157104.322244599
47,1885,"V",30772.7301518476
47,1886,"U",196024.222140873
47,1886,"V",38396.1459811094
47,1887,"U",244585.8593636
47,1887,"V",47908.1322628126
47,1888,"U",305177.808881373
47,1888,"V",59776.5499183232
47,1889,"U",380780.37412292
47,1889,"V",74585.1643837066
47,1890,"U",475112.177548788
47,1890,"V",93062.3589642722
47,1891,"U",592813.066521796
47,1891,"V",116116.961430013
47,1892,"U",739672.330968418
47,1892,"V",144882.946035317
47,1893,"U",922913.458048977
47,1893,"V",180775.209696855
47,1894,"U",1151549.42991143
47,1894,"V",225559.165762523
47,1895,"U",1436758.58247704
47,1895,"V",281424.365162156
47,1896,"U",1792031.71773494
47,1896,"V",351013.311954281
47,1897,"U",2233301.26573513
47,1897,"V",437446.762866575
47,1898,"U",2778979.79186036
47,1898,"V",544331.269888385
47,1899,"U",3449794.50485902
47,1899,"V",675726.764614861
47,1900,"U",4268337.45959822
47,1900,"V",836058.4544373
47,1901,"U",5258254.67525955
47,1901,"V",1029957.99147732
47,1902,"U",6443018.02229645
47,1902,"V",1262022.91656197
47,1903,"U",7844266.19833043
47,1903,"V",1536491.69871123
47,1904,"U",9479766.74511516
47,1904,"V",1856844.54623536
47,1905,"U",11361135.3889212
47,1905,"V",2225356.68367901
47,1906,"U",13491540.1090722
47,1906,"V",2642648.63739981
47,1907,"U",15863696.1500131
47,1907,"V",3107293.50956504
47,1908,"U",18458501.4029358
47,1908,"V",3615549.68421354
47,1909,"U",21244647.5718051
47,1909,"V",4161284.66459643
47,1910,"U",24179458.8314174
47,1910,"V",4736139.34490268
47,1911,"U",27211059.6326508
47,1911,"V",5329952.62802316
47,1912,"U",30281779.0348353
47,1912,"V",5931428.24744212
47,1913,"U",33332498.4123171
47,1913,"V",6528986.37207537
47,1914,"U",36307487.4817796
47,1914,"V",7111710.86069086
47,1915,"U",39158089.4632973
47,1915,"V",7670071.09097778
47,1916,"U",41841918.183191
47,1916,"V",8195764.69247196
47,1917,"U",44323525.4214545
47,1917,"V",8681848.26289754
47,1918,"U",46575491.8556851
47,1918,"V",9122951.05626127
47,1919,"U",48579033.7202425
47,1919,"V",9515393.81190972
47,1920,"U",50324994.2245558
47,1920,"V",9857382.94809258
47,1921,"U",51817044.5183431
47,1921,"V",10149637.5494155
47,1922,"U",53071628.6641085
47,1922,"V",10395378.5883559
47,1923,"U",54116286.2475318
47,1923,"V",10600000.3674163
47,1924,"U",54987502.8703544
47,1924,"V",10770649.4854984
47,1925,"U",55728374.3189492
47,1925,"V",10915767.308096
47,1926,"U",56386338.6457158
47,1926,"V",11044645.7398785
47,1927,"U",57011171.3325691
47,1927,"V",11167034.5283464
47,1928,"U",57653367.2286733
47,1928,"V",11292824.3266988
47,1929,"U",58362962.2836199
47,1929,"V",11431815.9014116
47,1930,"U",59188787.473792
47,1930,"V",11593573.995439
47,1931,"U",60178101.4149506
47,1931,"V",11787355.366389
47,1932,"U",61376517.6282847
47,1932,"V",12022094.5397971
47,1933,"U",62828125.1286684
47,1933,"V",12306427.4292905
47,1934,"U",64575693.3294336
47,1934,"V",12648731.4722078
47,1935,"U",66660850.3447071
47,1935,"V",13057160.5544793
47,1936,"U",69124124.3676779
47,1936,"V",13539653.1155745
47,1937,"U",72004738.8155059
47,1937,"V",14103892.0226143
47,1938,"U",75340052.6997396
47,1938,"V",14757194.9532075
47,1939,"U",79164539.0914687
47,1939,"V",15506314.3028256
47,1940,"U",83509823.8162146
47,1940,"V",16357444.7641466
47,1941,"U",88409701.4878915
47,1941,"V",17317205.8401838
47,1942,"U",93901195.7804827
47,1942,"V",18392849.5244691
47,1943,"U",100024071.412534
47,1943,"V",19592164.7112599
47,1944,"U",106820229.191872
47,1944,"V",20923358.7002282
47,1945,"U",114332952.67909
47,1945,"V",22394909.6370488
47,1946,"U",122605974.929152
47,1946,"V",24015383.7118805
47,1947,"U",131681271.017417
47,1947,"V",25793002.7715108
47,1948,"U",141592984.124268
47,1948,"V",27734454.5942353
47,1949,"U",152363936.747479
47,1949,"V",29844209.5253336
47,1950,"U",171022516.58166
47,1950,"V",24802859.9430337
47,1951,"U",169720069.28606
47,1951,"V",26858139.7579276
47,1952,"U",166070806.189871
47,1952,"V",28019882.3070025
47,1953,"U",170117963.335674
47,1953,"V",33423785.4533101
47,1954,"U",171269641.196774
47,1954,"V",36624806.1386367
47,1955,"U",173178453.621506
47,1955,"V",35633689.7740757
47,1956,"U",193164870.359082
47,1956,"V",35723200.0614393
47,1957,"U",208560046.208687
47,1957,"V",33104446.8777687
47,1958,"U",186140130.085543
47,1958,"V",43937782.033578
47,1959,"U",210730139.158987
47,1959,"V",35392086.0171775
47,1960,"U",216216523.619381
47,1960,"V",35687103.8121465
47,1961,"U",227585402.571419
47,1961,"V",36741489.5291566
47,1962,"U",215195560.796405
47,1962,"V",39652769.4649931
47,1963,"U",215393704.200029
47,1963,"V",44353741.3775268
47,1964,"U",222088475.879737
47,1964,"V",49115372.4774545
47,1965,"U",242385080.337847
47,1965,"V",46209048.3354782
47,1966,"U",239119227.906873
47,1966,"V",59807962.2849924
47,1967,"U",263686551.927388
47,1967,"V",52806346.0659382
47,1968,"U",264458288.321995
47,1968,"V",50645804.5893559
47,1969,"U",254824287.236013
47,1969,"V",55825244.8790626
47,1970,"U",248066508.498437
47,1970,"V",64333287.718707
47,1971,"U",256022380.717254
47,1971,"V",61595465.0858192
47,1972,"U",249885493.646043
47,1972,"V",62533242.3898027
47,1973,"U",272220440.923181
47,1973,"V",67217815.7241562
47,1974,"U",298684663.590818
47,1974,"V",83053026.8389332
47,1975,"U",312847173.376381
47,1975,"V",83085281.5665959
47,1976,"U",339706300.584793
47,1976,"V",86552121.0143064
47,1977,"U",359744715.676071
47,1977,"V",93781361.6365594
47,1978,"U",386240729.653149
47,1978,"V",98983283.685085
47,1979,"U",415356094.519212
47,1979,"V",101052731.471426
47,1980,"U",431367122.71693
47,1980,"V",96512407.9974248
47,1981,"U",480729604.594173
47,1981,"V",98498117.7800922
47,1982,"U",486464070.513617
47,1982,"V",112085157.273983
47,1983,"U",470873861.123636
47,1983,"V",118525027.57642
47,1984,"U",483497985.847203
47,1984,"V",122513422.417428
47,1985,"U",514308570.73402
47,1985,"V",141193193.300204
47,1986,"U",530161664.751102
47,1986,"V",141014512.501174
47,1987,"U",550748970.464049
47,1987,"V",153576793.910008
47,1988,"U",588767544.741066
47,1988,"V",169572940.729624
47,1989,"U",557738195.565453
47,1989,"V",151390494.907172
47,1990,"U",596637313.65622
47,1990,"V",176123814.098498
47,1991,"U",634869728.783063
47,1991,"V",189175285.058158
47,1992,"U",625432170.779429
47,1992,"V",197203355.511764
47,1993,"U",601507414.478492
47,1993,"V",223228775.848961
47,1994,"U",609601328.442505
47,1994,"V",227351789.336752
47,1995,"U",627277023.861881
47,1995,"V",241727105.618852
47,1996,"U",685288997.912186
47,1996,"V",234702512.843574
47,1997,"U",703669009.389946
47,1997,"V",237823637.038686
47,1998,"U",799062949.126075
47,1998,"V",267386271.633695
47,1999,"U",733198381.038504
47,1999,"V",250056974.184143
47,2000,"U",701153834.876571
47,2000,"V",312876150.141323
47,2001,"U",848529505.601231
47,2001,"V",279955648.375195
47,2002,"U",892525075.428114
47,2002,"V",290943636.465902
47,2003,"U",969565617.520493
47,2003,"V",338042791.3948
47,2004,"U",963005515.489071
47,2004,"V",330909904.414529
47,2005,"U",864343186.486704
47,2005,"V",243485872.261812
47,2006,"U",870925461.570273
47,2006,"V",287672475.808509
47,2007,"U",826065379.655768
47,2007,"V",260979158.423943
47,2008,"U",939210698.471047
47,2008,"V",237574703.345855
47,2009,"U",861764563.924206
47,2009,"V",285179418.208507
47,2010,"U",823034582.898144
47,2010,"V",290197311.11566
47,2011,"U",803824415.74772
47,2011,"V",252315322.464789
47,2012,"U",794941131.545442
47,2012,"V",262791147.00759
47,2013,"U",812184848.994119
47,2013,"V",250358326.804234
47,2014,"U",851923620.555025
47,2014,"V",268809482.786813
47,2015,"U",805966525.468539
47,2015,"V",246453075.301367
47,2016,"U",753401049.006537
47,2016,"V",298549809.08364
47,2017,"U",806556135.801612
47,2017,"V",232167366.240183
48,1841,"U",0.607721284508299
48,1841,"V",0.143574133038927
48,1842,"U",0.607721284508299
48,1842,"V",0.143574133038927
48,1843,"U",0.607721284508299
48,1843,"V",0.143574133038927
48,1844,"U",0.607721284508299
48,1844,"V",0.143574133038927
48,1845,"U",0.607721284508299
48,1845,"V",0.143574133038927
48,1846,"U",0.607721284508299
48,1846,"V",0.143574133038927
48,1847,"U",0.607721284508299
48,1847,"V",0.143574133038927
48,1848,"U",0.607721284508299
48,1848,"V",0.143574133038927
48,1849,"U",0.607721284508299
48,1849,"V",0.143574133038927
48,1850,"U",0.607721284508299
48,1850,"V",0.143574133038927
48,1851,"U",0.607721284508299
48,1851,"V",0.143574133038927
48,1852,"U",0.607721284508299
48,1852,"V",0.143574133038927
48,1853,"U",0.607721284508299
48,1853,"V",0.143574133038927
48,1854,"U",0.607721284508299
48,1854,"V",0.143574133038927
48,1855,"U",0.607721284508299
48,1855,"V",0.143574133038927
48,1856,"U",0.607721284508299
48,1856,"V",0.143574133038927
48,1857,"U",0.607721284508299
48,1857,"V",0.143574133038927
48,1858,"U",0.607721284508299
48,1858,"V",0.143574133038927
48,1859,"U",0.607721284508299
48,1859,"V",0.143574133038927
48,1860,"U",0.607721284508299
48,1860,"V",0.143574133038927
48,1861,"U",0.607721284508299
48,1861,"V",0.143574133038927
48,1862,"U",0.747085541940271
48,1862,"V",0.176498934173048
48,1863,"U",0.918409196040316
48,1863,"V",0.216974141695814
48,1864,"U",1.12902123171857
48,1864,"V",0.266731228045907
48,1865,"U",1.3879313884854
48,1865,"V",0.327898743879825
48,1866,"U",1.70621551142111
48,1866,"V",0.403093357225516
48,1867,"U",2.09748941112816
48,1867,"V",0.495531802880175
48,1868,"U",2.57849127766633
48,1868,"V",0.609168477682832
48,1869,"U",3.16979776800218
48,1869,"V",0.748864616150236
48,1870,"U",3.89670425031987
48,1870,"V",0.920596248165689
48,1871,"U",4.7903068603835
48,1871,"V",1.13170983475829
48,1872,"U",5.88883280010211
48,1872,"V",1.39123655109418
48,1873,"U",7.23927565036711
48,1873,"V",1.71027862907947
48,1874,"U",8.89940563267359
48,1874,"V",2.10248428160063
48,1875,"U",10.9402410744996
48,1875,"V",2.58463158613736
48,1876,"U",13.4490863418165
48,1876,"V",3.17734619621604
48,1877,"U",16.5332666939557
48,1877,"V",3.90598370074632
48,1878,"U",20.3247194927122
48,1878,"V",4.80171429701781
48,1879,"U",24.9856383706201
48,1879,"V",5.9028562252651
48,1880,"U",30.7154115975048
48,1880,"V",7.25651495753279
48,1881,"U",37.7591516801582
48,1881,"V",8.92059831531203
48,1882,"U",46.4181810551256
48,1882,"V",10.966293714109
48,1883,"U",57.0629221208315
48,1883,"V",13.4811134331008
48,1884,"U",70.1487435998945
48,1884,"V",16.5726383177012
48,1885,"U",86.235440579086
48,1885,"V",20.3731199383441
48,1886,"U",106.0111817759
48,1886,"V",25.0451381314077
48,1887,"U",130.321948701309
48,1887,"V",30.7885560004247
48,1888,"U",160.207725515797
48,1888,"V",37.8490697683548
48,1889,"U",196.946988383411
48,1889,"V",46.5287193859828
48,1890,"U",242.111396983691
48,1890,"V",57.1988093997753
48,1891,"U",297.633028215311
48,1891,"V",70.3157929121042
48,1892,"U",365.887027976426
48,1892,"V",86.4407980615777
48,1893,"U",449.793217017675
48,1893,"V",106.263632402397
48,1894,"U",552.940997065063
48,1894,"V",130.632291971686
48,1895,"U",679.742901127889
48,1895,"V",160.589237544581
48,1896,"U",835.62335598978
48,1896,"V",197.415989766394
48,1897,"U",1027.25073245065
48,1897,"V",242.687951014475
48,1898,"U",1262.82260995812
48,1898,"V",298.341799157793
48,1899,"U",1552.41645860999
48,1899,"V",366.758336168239
48,1900,"U",1908.420740951
48,1900,"V",450.864335905619
48,1901,"U",2346.06487473516
48,1901,"V",554.257747802444
48,1902,"U",2884.07072841712
48,1902,"V",681.361612651858
48,1903,"U",3545.45351925135
48,1903,"V",837.613274756664
48,1904,"U",4358.50637546142
48,1904,"V",1029.69698470872
48,1905,"U",5358.0106809543
48,1905,"V",1265.82984328701
48,1906,"U",6586.72397932241
48,1906,"V",1556.11331872812
48,1907,"U",8097.20908804859
48,1907,"V",1912.96537489566
48,1908,"U",9954.08267015913
48,1908,"V",2351.65169625779
48,1909,"U",12236.7794541098
48,1909,"V",2890.93873474226
48,1910,"U",15042.9503521481
48,1910,"V",3553.89651508541
48,1911,"U",18492.6398441814
48,1911,"V",4368.88554163054
48,1912,"U",22733.4213303062
48,1912,"V",5370.77002519037
48,1913,"U",27946.7101363684
48,1913,"V",6602.40933039835
48,1914,"U",34355.5242344792
48,1914,"V",8116.49144566997
48,1915,"U",42234.0246729119
48,1915,"V",9977.78690944486
48,1916,"U",51919.2438426354
48,1916,"V",12265.9196127615
48,1917,"U",63825.5033013773
48,1917,"V",15078.7730097073
48,1918,"U",78462.1379314015
48,1918,"V",18536.6774490975
48,1919,"U",96455.2846484597
48,1919,"V",22787.5577562338
48,1920,"U",118574.667755659
48,1920,"V",28013.2612718536
48,1921,"U",145766.526786057
48,1921,"V",34437.3370538378
48,1922,"U",179194.095445876
48,1922,"V",42334.5990261838
48,1923,"U",220287.36329701
48,1923,"V",52042.8821748256
48,1924,"U",270804.248921275
48,1924,"V",63977.4947056321
48,1925,"U",332905.801477801
48,1925,"V",78648.9844098123
48,1926,"U",409248.647681988
48,1926,"V",96684.9792595873
48,1927,"U",503098.638972528
48,1927,"V",118857.036547579
48,1928,"U",618470.560549515
48,1928,"V",146113.649142369
48,1929,"U",760299.878861975
48,1929,"V",179620.820826653
48,1930,"U",934653.874687135
48,1930,"V",220811.946480124
48,1931,"U",1148991.19381059
48,1931,"V",271449.130918935
48,1932,"U",1412480.91856059
48,1932,"V",333698.569534951
48,1933,"U",1736543.08547931
48,1933,"V",410258.245577423
48,1934,"U",2136166.26295385
48,1934,"V",504669.207824024
48,1935,"U",2631391.43522943
48,1935,"V",621666.138129084
48,1936,"U",3249101.71691129
48,1936,"V",767600.171414524
48,1937,"U",4025324.54735951
48,1937,"V",950982.78901824
48,1938,"U",5008153.79964714
48,1938,"V",1183176.16683725
48,1939,"U",6261386.2685811
48,1939,"V",1479252.29550042
48,1940,"U",7868908.11605601
48,1940,"V",1859029.27793585
48,1941,"U",9939731.38665194
48,1941,"V",2348261.20601157
48,1942,"U",12613331.7313199
48,1942,"V",2979899.19757681
48,1943,"U",16064541.5602222
48,1943,"V",3795247.40365615
48,1944,"U",20506696.6059347
48,1944,"V",4844706.38390014
48,1945,"U",26191065.592974
48,1945,"V",6187638.3660305
48,1946,"U",33399964.9618725
48,1946,"V",7890740.59963399
48,1947,"U",42430669.6967693
48,1947,"V",10024244.2897217
48,1948,"U",53567707.5799276
48,1948,"V",12655369.1152902
48,1949,"U",67042821.4121293
48,1949,"V",15838864.3052349
48,1950,"U",91753017.9452585
48,1950,"V",18904547.6598621
48,1951,"U",97748139.3848418
48,1951,"V",20357921.5856624
48,1952,"U",86460387.967303
48,1952,"V",23209525.2222873
48,1953,"U",85861727.0072881
48,1953,"V",24283365.0173053
48,1954,"U",99244535.0671567
48,1954,"V",25724623.2605763
48,1955,"U",97737518.0605048
48,1955,"V",24943285.3144285
48,1956,"U",94044699.7338223
48,1956,"V",16998188.9489136
48,1957,"U",99114343.0286258
48,1957,"V",14815151.5051717
48,1958,"U",94810440.4762388
48,1958,"V",27590694.2625866
48,1959,"U",90026007.3830535
48,1959,"V",16540564.8789743
48,1960,"U",122632551.165763
48,1960,"V",16921876.3181203
48,1961,"U",104006646.104542
48,1961,"V",19511226.6172086
48,1962,"U",116778078.695752
48,1962,"V",20374450.5714057
48,1963,"U",109376041.394005
48,1963,"V",19758095.766614
48,1964,"U",97021345.2049661
48,1964,"V",22847903.4544268
48,1965,"U",119021149.917657
48,1965,"V",20858301.2417598
48,1966,"U",121849495.364052
48,1966,"V",23711448.6382005
48,1967,"U",128593695.107762
48,1967,"V",24155484.0378481
48,1968,"U",127733292.103132
48,1968,"V",25150970.4964206
48,1969,"U",113703193.912528
48,1969,"V",29573938.418983
48,1970,"U",128431741.224695
48,1970,"V",29327236.449018
48,1971,"U",136771880.21241
48,1971,"V",30439798.7277104
48,1972,"U",149472831.782706
48,1972,"V",32977398.6377593
48,1973,"U",133322691.284179
48,1973,"V",38973015.0834652
48,1974,"U",163813032.203413
48,1974,"V",38698003.878526
48,1975,"U",163865505.57361
48,1975,"V",45238067.3201325
48,1976,"U",172169754.643853
48,1976,"V",52676716.760431
48,1977,"U",178427612.346159
48,1977,"V",59964839.355237
48,1978,"U",184483076.042081
48,1978,"V",53798162.8370338
48,1979,"U",201933533.864774
48,1979,"V",51509327.1193248
48,1980,"U",229339970.894136
48,1980,"V",57935672.1361661
48,1981,"U",226856994.52192
48,1981,"V",61406787.0056494
48,1982,"U",222091921.367782
48,1982,"V",71448080.3145647
48,1983,"U",246393117.884755
48,1983,"V",80535841.4116755
48,1984,"U",246340670.005977
48,1984,"V",88820968.735231
48,1985,"U",255260519.301122
48,1985,"V",101519337.473494
48,1986,"U",277573764.635136
48,1986,"V",120474149.166717
48,1987,"U",294062501.582758
48,1987,"V",137525513.479445
48,1988,"U",328550146.807654
48,1988,"V",154383208.341703
48,1989,"U",376463473.847614
48,1989,"V",144765452.662288
48,1990,"U",392225115.18426
48,1990,"V",148281165.03492
48,1991,"U",414399235.79912
48,1991,"V",153106676.723055
48,1992,"U",403676196.992841
48,1992,"V",172208407.228782
48,1993,"U",412525119.396699
48,1993,"V",171034648.449188
48,1994,"U",435003674.723016
48,1994,"V",187255048.332648
48,1995,"U",496379767.917343
48,1995,"V",186342810.1224
48,1996,"U",466122254.365844
48,1996,"V",181913506.778076
48,1997,"U",620367555.731075
48,1997,"V",205041473.424118
48,1998,"U",629718737.98455
48,1998,"V",220595518.846959
48,1999,"U",571809974.29063
48,1999,"V",234952173.317552
48,2000,"U",641968573.03726
48,2000,"V",295460844.4559
48,2001,"U",649039584.665561
48,2001,"V",286939779.997637
48,2002,"U",752253569.028261
48,2002,"V",292171738.003439
48,2003,"U",804390594.429916
48,2003,"V",370933798.371931
48,2004,"U",760589374.170347
48,2004,"V",396461936.498287
48,2005,"U",737507244.70455
48,2005,"V",282600463.820161
48,2006,"U",775325923.125911
48,2006,"V",284115427.843154
48,2007,"U",775221302.796764
48,2007,"V",266726986.117633
48,2008,"U",747682426.28298
48,2008,"V",256935280.055991
48,2009,"U",751255333.35359
48,2009,"V",281231656.571657
48,2010,"U",769783971.01665
48,2010,"V",278167788.991561
48,2011,"U",780868724.447821
48,2011,"V",251989137.483243
48,2012,"U",790371314.195908
48,2012,"V",285604021.317133
48,2013,"U",803065379.536809
48,2013,"V",298579612.746292
48,2014,"U",806835378.459309
48,2014,"V",294238462.777908
48,2015,"U",864146367.563064
48,2015,"V",273961451.562186
48,2016,"U",818430704.739693
48,2016,"V",307887696.909519
48,2017,"U",834775061.89236
48,2017,"V",326487423.370161
49,1841,"U",1548629.97902525
49,1841,"V",138536.22670549
49,1842,"U",1548629.97902525
49,1842,"V",138536.22670549
49,1843,"U",1548629.97902525
49,1843,"V",138536.22670549
49,1844,"U",1548629.97902525
49,1844,"V",138536.22670549
49,1845,"U",1548629.97902525
49,1845,"V",138536.22670549
49,1846,"U",1548629.97902525
49,1846,"V",138536.22670549
49,1847,"U",1548629.97902525
49,1847,"V",138536.22670549
49,1848,"U",1548629.97902525
49,1848,"V",138536.22670549
49,1849,"U",1548629.97902525
49,1849,"V",138536.22670549
49,1850,"U",1548629.97902525
49,1850,"V",138536.22670549
49,1851,"U",1548629.97902525
49,1851,"V",138536.22670549
49,1852,"U",1548629.97902525
49,1852,"V",138536.22670549
49,1853,"U",1548629.97902525
49,1853,"V",138536.22670549
49,1854,"U",1548629.97902525
49,1854,"V",138536.22670549
49,1855,"U",1548629.97902525
49,1855,"V",138536.22670549
49,1856,"U",1548629.97902525
49,1856,"V",138536.22670549
49,1857,"U",1548629.97902525
49,1857,"V",138536.22670549
49,1858,"U",1548629.97902525
49,1858,"V",138536.22670549
49,1859,"U",1548629.97902525
49,1859,"V",138536.22670549
49,1860,"U",1548629.97902525
49,1860,"V",138536.22670549
49,1861,"U",1548629.97902525
49,1861,"V",138536.22670549
49,1862,"U",1676758.4064909
49,1862,"V",149998.247404567
49,1863,"U",1815487.74840812
49,1863,"V",162408.597083221
49,1864,"U",1965695.08872646
49,1864,"V",175845.737286504
49,1865,"U",2128330.07836678
49,1865,"V",190394.621203395
49,1866,"U",2304420.93916786
49,1866,"V",206147.230763528
49,1867,"U",2495080.96457974
49,1867,"V",223203.158171548
49,1868,"U",2701515.55820186
49,1868,"V",241670.235555578
49,1869,"U",2925029.85466677
49,1869,"V",261665.216710773
49,1870,"U",3167036.9710501
49,1870,"V",283314.515248004
49,1871,"U",3429066.94097332
49,1871,"V",306755.003814397
49,1872,"U",3712776.38788578
49,1872,"V",332134.879438846
49,1873,"U",4019958.99868007
49,1873,"V",359614.600473156
49,1874,"U",4352556.86385998
49,1874,"V",389367.901052631
49,1875,"U",4712672.75595449
49,1875,"V",421582.889489609
49,1876,"U",5102583.42380858
49,1876,"V",456463.237544555
49,1877,"U",5524753.98679642
49,1877,"V",494229.468093236
49,1878,"U",5981853.51996463
49,1878,"V",535120.349331258
49,1879,"U",6476771.92863793
49,1879,"V",579394.404330401
49,1880,"U",7012638.21917186
49,1880,"V",627331.545490466
49,1881,"U",7592840.28136713
49,1881,"V",679234.844220272
49,1882,"U",8221046.30761358
49,1882,"V",735432.447036025
49,1883,"U",8901227.98418136
49,1883,"V",796279.650191179
49,1884,"U",9637685.6012838
49,1884,"V",862161.145954363
49,1885,"U",10435075.2406592
49,1885,"V",933493.454736509
49,1886,"U",11298438.2125635
49,1886,"V",1010727.55844419
49,1887,"U",12233232.9282801
49,1887,"V",1094351.75170766
49,1888,"U",13245369.4096548
49,1888,"V",1184894.72901001
49,1889,"U",14341246.6538292
49,1889,"V",1282928.92723462
49,1890,"U",15527793.0894141
49,1890,"V",1389074.1447644
49,1891,"U",16812510.3798612
49,1891,"V",1504001.46001234
49,1892,"U",18203520.8509855
49,1892,"V",1628437.47415865
49,1893,"U",19709618.8424779
49,1893,"V",1763168.90491748
49,1894,"U",21340326.3080687
49,1894,"V",1909047.5603763
49,1895,"U",23106181.1925971
49,1895,"V",2067016.13642439
49,1896,"U",25019832.1667828
49,1896,"V",2238206.1487486
49,1897,"U",27096595.5486619
49,1897,"V",2423987.75351049
49,1898,"U",29354789.4275825
49,1898,"V",2625999.63717039
49,1899,"U",31816055.1052504
49,1899,"V",2846177.77172932
49,1900,"U",34505656.1765382
49,1900,"V",3086782.16968487
49,1901,"U",37452743.2643472
49,1901,"V",3350420.5664919
49,1902,"U",40690568.3664366
49,1902,"V",3640067.5954472
49,1903,"U",44256626.7200092
49,1903,"V",3959077.47850945
49,1904,"U",48192695.9429016
49,1904,"V",4311187.52776366
49,1905,"U",52544732.0719622
49,1905,"V",4700508.84529717
49,1906,"U",57362570.3686814
49,1906,"V",5131499.55808501
49,1907,"U",62699366.1501858
49,1907,"V",5608914.79625106
49,1908,"U",68610698.6709748
49,1908,"V",6137726.5287651
49,1909,"U",75153251.0830019
49,1909,"V",6723005.47626145
49,1910,"U",82382974.3126383
49,1910,"V",7369756.85646475
49,1911,"U",90352645.6360242
49,1911,"V",8082701.98098043
49,1912,"U",99108747.7748707
49,1912,"V",8865999.06769138
49,1913,"U",108687625.753545
49,1913,"V",9722899.44364372
49,1914,"U",119110930.527824
49,1914,"V",10655339.9444655
49,1915,"U",130381321.161506
49,1915,"V",11663558.4427733
49,1916,"U",142480945.920537
49,1916,"V",12745957.9709831
49,1917,"U",155367888.016669
49,1917,"V",13898788.7672033
49,1918,"U",168971789.285613
49,1918,"V",15115756.781383
49,1919,"U",183189686.688784
49,1919,"V",16387651.2200797
49,1920,"U",197882482.919471
49,1920,"V",17702028.8164846
49,1921,"U",212873059.956742
49,1921,"V",19043045.0740859
49,1922,"U",227947205.308897
49,1922,"V",20391537.1258877
49,1923,"U",242857341.557629
49,1923,"V",21725357.3692904
49,1924,"U",257329141.332338
49,1924,"V",23019965.2237035
49,1925,"U",271071025.999785
49,1925,"V",24249276.8574925
49,1926,"U",283786233.452192
49,1926,"V",25386744.7394863
49,1927,"U",295186804.958859
49,1927,"V",26406608.8646879
49,1928,"U",305008531.69468
49,1928,"V",27285233.8300718
49,1929,"U",313025671.975744
49,1929,"V",28002425.3984579
49,1930,"U",319064148.771863
49,1930,"V",28542611.1120971
49,1931,"U",323011995.522909
49,1931,"V",28895774.7469932
49,1932,"U",324826042.863704
49,1932,"V",29058054.4891283
49,1933,"U",324534206.110098
49,1933,"V",29031947.5667479
49,1934,"U",322233192.759728
49,1934,"V",28826105.1696119
49,1935,"U",318081932.356237
49,1935,"V",28454744.7025146
49,1936,"U",312291465.067331
49,1936,"V",27936745.2449737
49,1937,"U",305112347.77975
49,1937,"V",27294520.934733
49,1938,"U",296820807.256094
49,1938,"V",26552782.2668261
49,1939,"U",287704877.418324
49,1939,"V",25737295.9726555
49,1940,"U",278049519.616789
49,1940,"V",24873553.919723
49,1941,"U",268118494.10966
49,1941,"V",23985151.3834764
49,1942,"U",258147989.806354
49,1942,"V",23093217.1814791
49,1943,"U",248345178.63032
49,1943,"V",22216284.3506366
49,1944,"U",238888577.145823
49,1944,"V",21370322.4973446
49,1945,"U",229929849.728146
49,1945,"V",20568899.1041922
49,1946,"U",221596707.884239
49,1946,"V",19823438.895303
49,1947,"U",213995523.942519
49,1947,"V",19143457.6499165
49,1948,"U",207211205.536886
49,1948,"V",18536550.9740708
49,1949,"U",201309844.022522
49,1949,"V",18008631.2206773
49,1950,"U",197943741.264675
49,1950,"V",10334085.5580008
49,1951,"U",201424777.870357
49,1951,"V",12391257.062905
49,1952,"U",200160986.552585
49,1952,"V",11866431.76138
49,1953,"U",203591198.780575
49,1953,"V",16631604.7296076
49,1954,"U",196564552.396231
49,1954,"V",19529027.6502676
49,1955,"U",223959947.13787
49,1955,"V",20495124.9550326
49,1956,"U",220301461.404393
49,1956,"V",24001065.9302857
49,1957,"U",229354622.056397
49,1957,"V",22551113.2250319
49,1958,"U",243296350.044503
49,1958,"V",22759874.6915494
49,1959,"U",246425544.616647
49,1959,"V",25801054.3209047
49,1960,"U",224403491.233173
49,1960,"V",28289306.0025742
49,1961,"U",266520122.805371
49,1961,"V",22602328.6793365
49,1962,"U",269081339.047758
49,1962,"V",25367268.4742345
49,1963,"U",270780196.955666
49,1963,"V",33343694.1345194
49,1964,"U",273006436.394237
49,1964,"V",35874112.2023564
49,1965,"U",278816205.195275
49,1965,"V",28278748.1891334
49,1966,"U",284548967.577846
49,1966,"V",37431270.1681951
49,1967,"U",304254410.491752
49,1967,"V",36595023.0236936
49,1968,"U",306634478.102954
49,1968,"V",33389044.5836181
49,1969,"U",299754644.922549
49,1969,"V",39670476.9683381
49,1970,"U",312387912.000528
49,1970,"V",36843317.9056821
49,1971,"U",326653963.665621
49,1971,"V",40059540.4570557
49,1972,"U",349358488.073302
49,1972,"V",40170899.1415348
49,1973,"U",379506307.60158
49,1973,"V",43636742.4742201
49,1974,"U",366647896.463261
49,1974,"V",56239929.9123229
49,1975,"U",412355429.318137
49,1975,"V",48467302.390008
49,1976,"U",423376787.07638
49,1976,"V",52505886.3689234
49,1977,"U",442301642.055741
49,1977,"V",55985195.463439
49,1978,"U",461994515.064697
49,1978,"V",64594549.6082291
49,1979,"U",474695866.129689
49,1979,"V",67101465.4280237
49,1980,"U",530807651.5514
49,1980,"V",57029739.3570528
49,1981,"U",520730469.583477
49,1981,"V",62552883.6925795
49,1982,"U",502242672.699213
49,1982,"V",66384055.2695125
49,1983,"U",526903867.754134
49,1983,"V",64683652.2104947
49,1984,"U",517629249.356562
49,1984,"V",66907016.7763739
49,1985,"U",510101058.64284
49,1985,"V",71133838.2452913
49,1986,"U",527738880.658516
49,1986,"V",63274479.1653268
49,1987,"U",527212015.590852
49,1987,"V",64145852.957468
49,1988,"U",535737630.228867
49,1988,"V",72077230.2649358
49,1989,"U",527103650.261021
49,1989,"V",75586222.4440493
49,1990,"U",512727619.185228
49,1990,"V",138514155.236417
49,1991,"U",505336897.76617
49,1991,"V",125191603.29791
49,1992,"U",481406298.718176
49,1992,"V",133758346.063421
49,1993,"U",491039059.791526
49,1993,"V",155846241.935472
49,1994,"U",452424393.325075
49,1994,"V",180763386.924911
49,1995,"U",491834999.147727
49,1995,"V",189467065.069293
49,1996,"U",503038242.018572
49,1996,"V",197635822.770307
49,1997,"U",407825022.289673
49,1997,"V",154515329.456014
49,1998,"U",496355434.526707
49,1998,"V",146313576.907248
49,1999,"U",511105635.264296
49,1999,"V",166055325.433977
49,2000,"U",427565559.438871
49,2000,"V",204949749.679969
49,2001,"U",462368027.833349
49,2001,"V",192294432.654298
49,2002,"U",432603748.123373
49,2002,"V",221186776.182087
49,2003,"U",479820873.802176
49,2003,"V",228215559.862137
49,2004,"U",443528456.579106
49,2004,"V",179634478.271493
49,2005,"U",490336765.662579
49,2005,"V",109175894.837062
49,2006,"U",365445443.550533
49,2006,"V",137253963.341406
49,2007,"U",366576799.60293
49,2007,"V",142192831.03737
49,2008,"U",284109531.7346
49,2008,"V",176819569.449858
49,2009,"U",321737398.95776
49,2009,"V",122563871.963738
49,2010,"U",318022742.372719
49,2010,"V",129490958.808941
49,2011,"U",355752163.831126
49,2011,"V",116571089.284151
49,2012,"U",302492708.41987
49,2012,"V",155489750.057139
49,2013,"U",333381554.771879
49,2013,"V",134816515.874768
49,2014,"U",269453068.745504
49,2014,"V",116499712.993982
49,2015,"U",261201108.59603
49,2015,"V",111271516.417936
49,2016,"U",352628577.572921
49,2016,"V",91585988.5533813
49,2017,"U",264123477.761138
49,2017,"V",98339640.5503491
50,1841,"U",7966581.78445059
50,1841,"V",735833.997813297
50,1842,"U",7966581.78445059
50,1842,"V",735833.997813297
50,1843,"U",7966581.78445059
50,1843,"V",735833.997813297
50,1844,"U",7966581.78445059
50,1844,"V",735833.997813297
50,1845,"U",7966581.78445059
50,1845,"V",735833.997813297
50,1846,"U",7966581.78445059
50,1846,"V",735833.997813297
50,1847,"U",7966581.78445059
50,1847,"V",735833.997813297
50,1848,"U",7966581.78445059
50,1848,"V",735833.997813297
50,1849,"U",7966581.78445059
50,1849,"V",735833.997813297
50,1850,"U",7966581.78445059
50,1850,"V",735833.997813297
50,1851,"U",7966581.78445059
50,1851,"V",735833.997813297
50,1852,"U",7966581.78445059
50,1852,"V",735833.997813297
50,1853,"U",7966581.78445059
50,1853,"V",735833.997813297
50,1854,"U",7966581.78445059
50,1854,"V",735833.997813297
50,1855,"U",7966581.78445059
50,1855,"V",735833.997813297
50,1856,"U",7966581.78445059
50,1856,"V",735833.997813297
50,1857,"U",7966581.78445059
50,1857,"V",735833.997813297
50,1858,"U",7966581.78445059
50,1858,"V",735833.997813297
50,1859,"U",7966581.78445059
50,1859,"V",735833.997813297
50,1860,"U",7966581.78445059
50,1860,"V",735833.997813297
50,1861,"U",7966581.78445059
50,1861,"V",735833.997813297
50,1862,"U",8150294.72560857
50,1862,"V",752802.659103658
50,1863,"U",8338244.16940481
50,1863,"V",770162.625317184
50,1864,"U",8530527.81148619
50,1864,"V",787922.920120537
50,1865,"U",8727245.60040501
50,1865,"V",806092.775270164
50,1866,"U",8928499.78957127
50,1866,"V",824681.635410901
50,1867,"U",9134394.9904058
50,1867,"V",843699.162985441
50,1868,"U",9345038.22671299
50,1868,"V",863155.2432565
50,1869,"U",9560538.99031694
50,1869,"V",883059.98944564
50,1870,"U",9781009.29797057
50,1870,"V",903423.747989687
50,1871,"U",10006563.749584
50,1871,"V",924257.103918972
50,1872,"U",10237319.5877916
50,1872,"V",945570.886359334
50,1873,"U",10473396.758896
50,1873,"V",967376.174161094
50,1874,"U",10714917.9752159
50,1874,"V",989684.301657911
50,1875,"U",10962008.7788697
50,1875,"V",1012506.86455815
50,1876,"U",11214797.6070338
50,1876,"V",1035855.72597241
50,1877,"U",11473415.8587035
50,1877,"V",1059743.02257998
50,1878,"U",11737997.9629938
50,1878,"V",1084181.17093738
50,1879,"U",12008681.4490149
50,1879,"V",1109182.87393247
50,1880,"U",12285607.0173601
50,1880,"V",1134761.12738741
50,1881,"U",12568918.6132412
50,1881,"V",1160929.2268138
50,1882,"U",12858763.5013112
50,1882,"V",1187700.77432374
50,1883,"U",13155292.3422113
50,1883,"V",1215089.68570006
50,1884,"U",13458659.2708853
50,1884,"V",1243110.19762982
50,1885,"U",13769021.9766977
50,1885,"V",1271776.87510444
50,1886,"U",14086541.7853994
50,1886,"V",1301104.61899052
50,1887,"U",14411383.7429866
50,1887,"V",1331108.67377541
50,1888,"U",14743716.7014895
50,1888,"V",1361804.63549108
50,1889,"U",15083713.4067409
50,1889,"V",1393208.45982096
50,1890,"U",15431550.588171
50,1890,"V",1425336.47039376
50,1891,"U",15787409.0506691
50,1891,"V",1458205.36726829
50,1892,"U",16151473.7685664
50,1892,"V",1491832.23561426
50,1893,"U",16523933.9817848
50,1893,"V",1526234.55459299
50,1894,"U",16904983.2942037
50,1894,"V",1561430.20644314
50,1895,"U",17295386.5325392
50,1895,"V",1597489.83444877
50,1896,"U",17698755.8418389
50,1896,"V",1634747.07469157
50,1897,"U",18121920.604069
50,1897,"V",1673832.72361232
50,1898,"U",18574647.6790096
50,1898,"V",1715648.89803759
50,1899,"U",19069373.1081782
50,1899,"V",1761344.25399008
50,1900,"U",19620977.8280729
50,1900,"V",1812293.27042333
50,1901,"U",20246636.302388
50,1901,"V",1870082.26812365
50,1902,"U",20965758.7099237
50,1902,"V",1936504.06989149
50,1903,"U",21800036.5439864
50,1903,"V",2013562.21233391
50,1904,"U",22773589.7215693
50,1904,"V",2103484.53361642
50,1905,"U",23913201.3133184
50,1905,"V",2208744.85431606
50,1906,"U",25248613.7599373
50,1906,"V",2332090.3374746
50,1907,"U",26812847.2998576
50,1907,"V",2476570.90019722
50,1908,"U",28642486.3216732
50,1908,"V",2645565.66261912
50,1909,"U",30777861.5011317
50,1909,"V",2842799.7710041
50,1910,"U",33263034.3181267
50,1910,"V",3072342.96765535
50,1911,"U",36145466.1791607
50,1911,"V",3338579.02938371
50,1912,"U",39475228.6211344
50,1912,"V",3646132.81791425
50,1913,"U",43303587.6911983
50,1913,"V",3999739.52601186
50,1914,"U",47680780.9156738
50,1914,"V",4404039.34702838
50,1915,"U",52653782.6486615
50,1915,"V",4863371.07113859
50,1916,"U",58266653.9115979
50,1916,"V",5381804.39830021
50,1917,"U",64558349.0227813
50,1917,"V",5962937.3474053
50,1918,"U",71558979.1912795
50,1918,"V",6609551.14281661
50,1919,"U",79285321.4500761
50,1919,"V",7323195.39659949
50,1920,"U",87735256.9780064
50,1920,"V",8103674.40365835
50,1921,"U",96880536.2167131
50,1921,"V",8948378.89115525
50,1922,"U",106661116.429299
50,1922,"V",9851763.00663728
50,1923,"U",116981039.387491
50,1923,"V",10804963.560264
50,1924,"U",127706143.190347
50,1924,"V",11795588.6767503
50,1925,"U",138664365.072696
50,1925,"V",12807745.7642921
50,1926,"U",149649253.709895
50,1926,"V",13822365.9288928
50,1927,"U",160427028.28413
50,1927,"V",14817855.9856156
50,1928,"U",170747112.32186
50,1928,"V",15771071.4173676
50,1929,"U",180355582.083568
50,1929,"V",16658558.5365516
50,1930,"U",189010481.701615
50,1930,"V",17457969.0690652
50,1931,"U",196497566.597861
50,1931,"V",18149514.2963952
50,1932,"U",202644833.741466
50,1932,"V",18717307.1441049
50,1933,"U",207334242.587835
50,1933,"V",19150444.7873461
50,1934,"U",210509335.005048
50,1934,"V",19443712.4660064
50,1935,"U",212177980.443249
50,1935,"V",19597837.042512
50,1936,"U",212410110.499759
50,1936,"V",19619277.7547417
50,1937,"U",211330946.097396
50,1937,"V",19519600.6437832
50,1938,"U",209110746.148707
50,1938,"V",19314531.6884405
50,1939,"U",205952435.515457
50,1939,"V",19022814.06067
50,1940,"U",202076500.542623
50,1940,"V",18664813.0003039
50,1941,"U",197701313.624255
50,1941,"V",18260698.4919201
50,1942,"U",193034405.519075
50,1942,"V",17829639.1315349
50,1943,"U",188268593.14658
50,1943,"V",17389444.4701652
50,1944,"U",183580091.546704
50,1944,"V",16956390.6248227
50,1945,"U",179128380.439792
50,1945,"V",16545207.9533158
50,1946,"U",175057568.324565
50,1946,"V",16169207.0492718
50,1947,"U",171497277.396805
50,1947,"V",15840360.4777265
50,1948,"U",168559233.928979
50,1948,"V",15568987.8452507
50,1949,"U",166338689.396699
50,1949,"V",15363887.0624157
50,1950,"U",164655890.509719
50,1950,"V",10063609.7511054
50,1951,"U",172801768.859572
50,1951,"V",12163709.714338
50,1952,"U",173067340.795762
50,1952,"V",10836354.7705671
50,1953,"U",178865161.310424
50,1953,"V",13690214.5043913
50,1954,"U",177120120.887286
50,1954,"V",16352322.5704667
50,1955,"U",163771692.432034
50,1955,"V",15792387.4598609
50,1956,"U",177288349.605641
50,1956,"V",21774357.0084217
50,1957,"U",177115227.515008
50,1957,"V",18405517.9612242
50,1958,"U",187346702.707707
50,1958,"V",18538290.0774209
50,1959,"U",201991468.325377
50,1959,"V",21242677.0524272
50,1960,"U",194126663.588513
50,1960,"V",20741085.6934096
50,1961,"U",199063006.213548
50,1961,"V",19441215.5264175
50,1962,"U",204706655.19099
50,1962,"V",22557689.5852208
50,1963,"U",219859424.605819
50,1963,"V",28381901.1573766
50,1964,"U",206538095.20329
50,1964,"V",30225772.2693115
50,1965,"U",232121624.414122
50,1965,"V",25476556.8995462
50,1966,"U",234058901.248486
50,1966,"V",32414772.0252423
50,1967,"U",242262533.184643
50,1967,"V",29042138.3318685
50,1968,"U",260049180.728575
50,1968,"V",28088420.3658612
50,1969,"U",275229549.502122
50,1969,"V",32239812.5855407
50,1970,"U",268547594.994021
50,1970,"V",30380491.318761
50,1971,"U",301198401.397735
50,1971,"V",30086199.9767755
50,1972,"U",304558633.735202
50,1972,"V",31105171.6412238
50,1973,"U",322848328.418252
50,1973,"V",34438907.0230381
50,1974,"U",327559323.34355
50,1974,"V",43333896.2396478
50,1975,"U",368771924.737745
50,1975,"V",41812436.7923309
50,1976,"U",373721533.558797
50,1976,"V",44364188.4690875
50,1977,"U",374125205.283923
50,1977,"V",47493505.3248985
50,1978,"U",398756409.698654
50,1978,"V",52365277.7344556
50,1979,"U",432211000.242734
50,1979,"V",54990088.9483227
50,1980,"U",454983355.988267
50,1980,"V",44170345.7011005
50,1981,"U",468403119.82215
50,1981,"V",46060063.1866108
50,1982,"U",473686138.933801
50,1982,"V",47646454.7923941
50,1983,"U",489662724.469039
50,1983,"V",47233059.5260729
50,1984,"U",493577808.060233
50,1984,"V",52489879.4242417
50,1985,"U",471782161.399117
50,1985,"V",54473674.4591492
50,1986,"U",469725939.086906
50,1986,"V",51407022.9404887
50,1987,"U",468310046.843327
50,1987,"V",54594379.679457
50,1988,"U",478882797.054253
50,1988,"V",66583987.2647331
50,1989,"U",490887401.90967
50,1989,"V",70584478.5363088
50,1990,"U",480199565.30365
50,1990,"V",93909876.8971897
50,1991,"U",482443490.413769
50,1991,"V",103889732.521344
50,1992,"U",474196587.078064
50,1992,"V",115322664.680239
50,1993,"U",439572172.583511
50,1993,"V",127450879.82033
50,1994,"U",435768567.779936
50,1994,"V",136713166.969559
50,1995,"U",522924336.553889
50,1995,"V",150499863.609925
50,1996,"U",390090972.528493
50,1996,"V",131268702.952155
50,1997,"U",433874148.022698
50,1997,"V",139724941.7894
50,1998,"U",432879406.900935
50,1998,"V",123741608.075277
50,1999,"U",402360703.839408
50,1999,"V",124409649.729722
50,2000,"U",522052569.521309
50,2000,"V",160213589.028621
50,2001,"U",485430226.843968
50,2001,"V",195835835.077665
50,2002,"U",555025492.015154
50,2002,"V",167065982.769833
50,2003,"U",497197793.076344
50,2003,"V",149775081.433567
50,2004,"U",482056053.31768
50,2004,"V",173875447.679491
50,2005,"U",487081932.118257
50,2005,"V",109802972.651498
50,2006,"U",426725768.332812
50,2006,"V",140715320.317319
50,2007,"U",416921632.668589
50,2007,"V",153547196.559949
50,2008,"U",329965104.722386
50,2008,"V",120316489.77738
50,2009,"U",360022280.614964
50,2009,"V",139716207.434831
50,2010,"U",397073376.408931
50,2010,"V",122898127.543633
50,2011,"U",379318176.53565
50,2011,"V",143782357.834588
50,2012,"U",403996390.128711
50,2012,"V",112551701.557748
50,2013,"U",383191414.741608
50,2013,"V",142992703.119796
50,2014,"U",370320919.123474
50,2014,"V",133121294.83397
50,2015,"U",391370685.719986
50,2015,"V",125755065.145615
50,2016,"U",430109937.917809
50,2016,"V",110364755.56419
50,2017,"U",407894081.351461
50,2017,"V",133247913.35671
51,1876,"U",1.40704756872779e-08
51,1876,"V",8.30685506569753e-10
51,1877,"U",2.81409513745559e-08
51,1877,"V",1.66137101313951e-09
51,1878,"U",8.44228541236673e-08
51,1878,"V",4.98411303941852e-09
51,1879,"U",2.11057135309168e-07
51,1879,"V",1.24602825985463e-08
51,1880,"U",5.48748551803838e-07
51,1880,"V",3.23967347562203e-08
51,1881,"U",1.41408280657143e-06
51,1881,"V",8.34838934102601e-08
51,1882,"U",3.67239415437954e-06
51,1882,"V",2.16808917214705e-07
51,1883,"U",9.5538529916617e-06
51,1883,"V",5.64035458960862e-07
51,1884,"U",2.48273543502019e-05
51,1884,"V",1.46574457634233e-06
51,1885,"U",6.45201662640131e-05
51,1885,"V",3.8091083903756e-06
51,1886,"U",0.000167670823527447
51,1886,"V",9.89886383903845e-06
51,1887,"U",0.000435699314894404
51,1887,"V",2.57225920536857e-05
51,1888,"U",0.00113221600236603
51,1888,"V",6.68431859999017e-05
51,1889,"U",0.00294216460716119
51,1889,"V",0.000173698000794748
51,1890,"U",0.00764546733895836
51,1890,"V",0.000451369168362053
51,1891,"U",0.0198673991066309
51,1891,"V",0.00117292128979244
51,1892,"U",0.0516271361231977
51,1892,"V",0.00304793630836662
51,1893,"U",0.134157546443116
51,1893,"V",0.00792032422386527
51,1894,"U",0.348619891643837
51,1894,"V",0.020581641852542
51,1895,"U",0.905780744676353
51,1895,"V",0.0534750177218897
51,1896,"U",2.35093939279357
51,1896,"V",0.138793550681677
51,1897,"U",6.08535168034469
51,1897,"V",0.359263862543952
51,1898,"U",15.6732475617956
51,1898,"V",0.925309128122454
51,1899,"U",40.054059374966
51,1899,"V",2.36469095583972
51,1900,"U",101.244223438978
51,1900,"V",5.97720438909615
51,1901,"U",252.255635277589
51,1901,"V",14.8925384495069
51,1902,"U",617.315292631468
51,1902,"V",36.4447427343539
51,1903,"U",1478.4315535387
51,1903,"V",87.282881636363
51,1904,"U",3452.88752532516
51,1904,"V",203.849797750371
51,1905,"U",7837.4585912043
51,1905,"V",462.703849162725
51,1906,"U",17234.7620267526
51,1906,"V",1017.49701594999
51,1907,"U",36612.6033093379
51,1907,"V",2161.51604272723
51,1908,"U",74949.595615574
51,1908,"V",4424.83567612533
51,1909,"U",147544.426627346
51,1909,"V",8710.65197072891
51,1910,"U",278865.792006906
51,1910,"V",16463.5351957349
51,1911,"U",505485.113127605
51,1911,"V",29842.5701159153
51,1912,"U",878238.709973769
51,1912,"V",51849.0052431812
51,1913,"U",1462492.82703958
51,1913,"V",86341.8992992864
51,1914,"U",2335480.43569541
51,1914,"V",137880.892723728
51,1915,"U",3580000.758438
51,1915,"V",211354.243427038
51,1916,"U",5273235.83246963
51,1916,"V",311318.584823499
51,1917,"U",7471731.47822471
51,1917,"V",441112.239975947
51,1918,"U",10194785.5952176
51,1918,"V",601874.508350163
51,1919,"U",13409436.0030028
51,1919,"V",791659.385690891
51,1920,"U",17021964.1225525
51,1920,"V",1004933.96273301
51,1921,"U",20883602.2319652
51,1921,"V",1232915.36722859
51,1922,"U",24807235.0245835
51,1922,"V",1464556.78194472
51,1923,"U",28591655.3468678
51,1923,"V",1687979.44244026
51,1924,"U",32048478.8316546
51,1924,"V",1892061.6093409
51,1925,"U",35025777.3337058
51,1925,"V",2067833.82695128
51,1926,"U",37423838.4973189
51,1926,"V",2209409.32850183
51,1927,"U",39200970.3088754
51,1927,"V",2314326.72233655
51,1928,"U",40369927.3793405
51,1928,"V",2383339.00861736
51,1929,"U",40987480.268157
51,1929,"V",2419797.77843308
51,1930,"U",41140478.7212451
51,1930,"V",2428830.42241274
51,1931,"U",40931552.3671577
51,1931,"V",2416495.93578002
51,1932,"U",40466726.3208179
51,1932,"V",2389053.77473641
51,1933,"U",39846148.9243104
51,1933,"V",2352416.44559127
51,1934,"U",39158175.6306025
51,1934,"V",2311800.23213183
51,1935,"U",38476399.5179476
51,1935,"V",2271549.88465992
51,1936,"U",37858889.0224468
51,1936,"V",2235093.61763898
51,1937,"U",37348821.16785
51,1937,"V",2204980.49398931
51,1938,"U",36975787.2175992
51,1938,"V",2182957.50750193
51,1939,"U",36757210.0957499
51,1939,"V",2170053.26380588
51,1940,"U",36701546.8929999
51,1940,"V",2166767.04827193
51,1941,"U",36817201.8107216
51,1941,"V",2173595.02381804
51,1942,"U",37115014.1523124
51,1942,"V",2191177.11566309
51,1943,"U",37608740.5417146
51,1943,"V",2220325.48029572
51,1944,"U",38315643.1116918
51,1944,"V",2262059.23063138
51,1945,"U",39257214.6475033
51,1945,"V",2317647.24667157
51,1946,"U",40460080.5155711
51,1946,"V",2388661.42310448
51,1947,"U",41957128.9983372
51,1947,"V",2477043.40143306
51,1948,"U",43787323.6070748
51,1948,"V",2585093.48939527
51,1949,"U",45990512.7112886
51,1949,"V",2715164.23453416
51,1950,"U",51397646.8271256
51,1950,"V",1243672.07709067
51,1951,"U",46219016.5043471
51,1951,"V",2133053.44575534
51,1952,"U",51492370.9996496
51,1952,"V",1919717.8616659
51,1953,"U",50328929.1759402
51,1953,"V",2559199.13350891
51,1954,"U",52836401.6135313
51,1954,"V",3088281.92669641
51,1955,"U",57033347.6342805
51,1955,"V",2952064.61796892
51,1956,"U",51327485.3616252
51,1956,"V",4078102.122142
51,1957,"U",59401462.51473
51,1957,"V",3769131.68325568
51,1958,"U",59564302.2139043
51,1958,"V",4011833.24195292
51,1959,"U",61222083.9643061
51,1959,"V",4012399.62484845
51,1960,"U",54503308.2979864
51,1960,"V",4342672.763745
51,1961,"U",60709121.2437758
51,1961,"V",4267895.93014576
51,1962,"U",67864549.3558909
51,1962,"V",4897708.95407735
51,1963,"U",62463628.6043227
51,1963,"V",5627778.29349311
51,1964,"U",66139551.6790359
51,1964,"V",6695200.37848177
51,1965,"U",75014630.6424761
51,1965,"V",5260530.61848765
51,1966,"U",66410856.5717213
51,1966,"V",6932330.10628957
51,1967,"U",74968169.3751398
51,1967,"V",5929625.30538789
51,1968,"U",78588419.1289949
51,1968,"V",6397572.26440086
51,1969,"U",80410328.3860525
51,1969,"V",6861668.77778125
51,1970,"U",87277227.2128283
51,1970,"V",5866574.31460395
51,1971,"U",97080041.9669125
51,1971,"V",5995228.51941988
51,1972,"U",103056611.119742
51,1972,"V",6763907.35689468
51,1973,"U",121090166.499659
51,1973,"V",6958554.17790719
51,1974,"U",111978161.07347
51,1974,"V",8615314.5723765
51,1975,"U",109938672.72126
51,1975,"V",8066801.48302317
51,1976,"U",113701299.268671
51,1976,"V",8869140.46871912
51,1977,"U",126734553.734471
51,1977,"V",7650755.5154613
51,1978,"U",133458158.351133
51,1978,"V",8298123.83802394
51,1979,"U",136090184.921198
51,1979,"V",9334306.51099697
51,1980,"U",126566857.280579
51,1980,"V",7172049.3208545
51,1981,"U",138518443.773388
51,1981,"V",8668577.45091134
51,1982,"U",133409351.481278
51,1982,"V",8458721.37435519
51,1983,"U",139447596.038162
51,1983,"V",8725951.80146679
51,1984,"U",129413509.020293
51,1984,"V",8309897.04050534
51,1985,"U",127907209.326753
51,1985,"V",9603073.37084045
51,1986,"U",133900004.570537
51,1986,"V",8804621.57841966
51,1987,"U",119790085.959658
51,1987,"V",9158105.7207455
51,1988,"U",142897392.742008
51,1988,"V",9737138.00920148
51,1989,"U",145539784.092139
51,1989,"V",10989215.4008562
51,1990,"U",120320251.446082
51,1990,"V",11885131.8570282
51,1991,"U",114314690.808905
51,1991,"V",13248097.7661916
51,1992,"U",115384974.603248
51,1992,"V",13111845.5156016
51,1993,"U",100355538.608813
51,1993,"V",15596465.8322672
51,1994,"U",98604424.7024646
51,1994,"V",15307887.6814224
51,1995,"U",83962533.4283598
51,1995,"V",11389849.8027788
51,1996,"U",125070916.868545
51,1996,"V",15328482.840694
51,1997,"U",144076892.634172
51,1997,"V",18597827.7631936
51,1998,"U",85301234.7052501
51,1998,"V",16721879.680942
51,1999,"U",74348277.3016912
51,1999,"V",22067811.3876392
51,2000,"U",145892964.85232
51,2000,"V",13219835.7156897
51,2001,"U",100196334.954257
51,2001,"V",14211878.0756337
51,2002,"U",105994574.390616
51,2002,"V",15871930.5482644
51,2003,"U",83702229.9686209
51,2003,"V",9981861.96395045
51,2004,"U",90167581.5573791
51,2004,"V",15385262.2304509
51,2005,"U",113566455.913021
51,2005,"V",15356317.8292387
51,2006,"U",89445305.2222656
51,2006,"V",12881095.0765796
51,2007,"U",78283518.1515156
51,2007,"V",13008312.07628
51,2008,"U",87546410.1070742
51,2008,"V",12494049.1105104
51,2009,"U",103381683.330735
51,2009,"V",22603609.4760447
51,2010,"U",86839589.7671489
51,2010,"V",13077226.2370302
51,2011,"U",81590928.9466457
51,2011,"V",14280353.2718218
51,2012,"U",95687262.5079374
51,2012,"V",13399595.0252112
51,2013,"U",80881352.2994723
51,2013,"V",11347769.1756714
51,2014,"U",91871027.7314514
51,2014,"V",13038558.0719912
51,2015,"U",96206766.9772585
51,2015,"V",15391855.646601
51,2016,"U",102739056.546524
51,2016,"V",12738298.3091092
51,2017,"U",107821281.851978
51,2017,"V",13449868.0340415
52,1841,"U",26221.3284947716
52,1841,"V",3789.27233482961
52,1842,"U",26221.3284947716
52,1842,"V",3789.27233482961
52,1843,"U",26221.3284947716
52,1843,"V",3789.27233482961
52,1844,"U",26221.3284947716
52,1844,"V",3789.27233482961
52,1845,"U",26221.3284947716
52,1845,"V",3789.27233482961
52,1846,"U",26221.3284947716
52,1846,"V",3789.27233482961
52,1847,"U",26221.3284947716
52,1847,"V",3789.27233482961
52,1848,"U",26221.3284947716
52,1848,"V",3789.27233482961
52,1849,"U",26221.3284947716
52,1849,"V",3789.27233482961
52,1850,"U",26221.3284947716
52,1850,"V",3789.27233482961
52,1851,"U",26221.3284947716
52,1851,"V",3789.27233482961
52,1852,"U",26221.3284947716
52,1852,"V",3789.27233482961
52,1853,"U",26221.3284947716
52,1853,"V",3789.27233482961
52,1854,"U",26221.3284947716
52,1854,"V",3789.27233482961
52,1855,"U",26221.3284947716
52,1855,"V",3789.27233482961
52,1856,"U",26221.3284947716
52,1856,"V",3789.27233482961
52,1857,"U",26221.3284947716
52,1857,"V",3789.27233482961
52,1858,"U",26221.3284947716
52,1858,"V",3789.27233482961
52,1859,"U",26221.3284947716
52,1859,"V",3789.27233482961
52,1860,"U",26221.3284947716
52,1860,"V",3789.27233482961
52,1861,"U",26221.3284947716
52,1861,"V",3789.27233482961
52,1862,"U",28837.1202853023
52,1862,"V",4167.28321507578
52,1863,"U",31713.8586824372
52,1863,"V",4583.00376962276
52,1864,"U",34877.575242562
52,1864,"V",5040.19584663418
52,1865,"U",38356.8983825532
52,1865,"V",5542.9965693714
52,1866,"U",42183.3124377803
52,1866,"V",6095.95577294364
52,1867,"U",46391.4425633664
52,1867,"V",6704.07717569508
52,1868,"U",51019.3680566304
52,1868,"V",7372.86365776726
52,1869,"U",56108.9669359111
52,1869,"V",8108.36705655516
52,1870,"U",61706.2948941456
52,1870,"V",8917.24292969542
52,1871,"U",67862.0020559931
52,1871,"V",9806.81078108603
52,1872,"U",74631.7913098796
52,1872,"V",10785.120294942
52,1873,"U",82076.922362636
52,1873,"V",11861.0241772726
52,1874,"U",90264.7660773686
52,1874,"V",13044.258263842
52,1875,"U",99269.4141113544
52,1875,"V",14345.5296195959
52,1876,"U",109172.349370134
52,1876,"V",15776.6134267029
52,1877,"U",120063.183344923
52,1877,"V",17350.4595379752
52,1878,"U",132040.467005478
52,1878,"V",19081.3096598672
52,1879,"U",145212.582586096
52,1879,"V",20984.8262254283
52,1880,"U",159698.724334601
52,1880,"V",23078.2341233909
52,1881,"U",175629.97709914
52,1881,"V",25380.476565908
52,1882,"U",193150.502512591
52,1882,"V",27912.3865053341
52,1883,"U",212418.843508699
52,1883,"V",30696.8751512536
52,1884,"U",233609.358974552
52,1884,"V",33759.13929365
52,1885,"U",256913.801520908
52,1885,"V",37126.8893081903
52,1886,"U",282543.052648509
52,1886,"V",40830.5999069718
52,1887,"U",310729.031010962
52,1887,"V",44903.7859036404
52,1888,"U",341726.791042798
52,1888,"V",49383.305488384
52,1889,"U",375816.830942618
52,1889,"V",54309.6937570553
52,1890,"U",413307.630896461
52,1890,"V",59727.5295125572
52,1891,"U",454538.44450978
52,1891,"V",65685.8386576722
52,1892,"U",499882.368707393
52,1892,"V",72238.5378296034
52,1893,"U",549749.719881265
52,1893,"V",79444.9222907136
52,1894,"U",604591.746836401
52,1894,"V",87370.2024903232
52,1895,"U",664899.311015775
52,1895,"V",96085.3133425982
52,1896,"U",731182.007009032
52,1896,"V",105663.896908845
52,1897,"U",803957.746937707
52,1897,"V",116180.797225832
52,1898,"U",883746.536636995
52,1898,"V",127711.160895138
52,1899,"U",971063.88997126
52,1899,"V",140329.485378813
52,1900,"U",1066414.28597866
52,1900,"V",154108.673484326
52,1901,"U",1170285.20560054
52,1901,"V",169119.171605921
52,1902,"U",1283142.40502044
52,1902,"V",185428.286669768
52,1903,"U",1405427.17772245
52,1903,"V",203099.790471074
52,1904,"U",1537556.41409091
52,1904,"V",222193.928286899
52,1905,"U",1679926.27481745
52,1905,"V",242767.94972415
52,1906,"U",1832920.24621464
52,1906,"V",264877.272801609
52,1907,"U",1996922.24200843
52,1907,"V",288577.377304023
52,1908,"U",2172335.26549478
52,1908,"V",313926.501670403
52,1909,"U",2359605.96456386
52,1909,"V",340989.191466924
52,1910,"U",2559255.22375559
52,1910,"V",369840.720277728
52,1911,"U",2771914.77098367
52,1911,"V",400572.379781913
52,1912,"U",2998369.66243157
52,1912,"V",433297.619291478
52,1913,"U",3239606.4761673
52,1913,"V",468159.010262324
52,1914,"U",3496867.11691419
52,1914,"V",505336.021679466
52,1915,"U",3771689.33637631
52,1915,"V",545050.875692752
52,1916,"U",4065885.38489779
52,1916,"V",587565.462545242
52,1917,"U",4381565.44178648
52,1917,"V",633184.726514427
52,1918,"U",4721184.20008439
52,1918,"V",682263.397927437
52,1919,"U",5087595.54819464
52,1919,"V",735213.895261646
52,1920,"U",5484125.30522537
52,1920,"V",792516.836207329
52,1921,"U",5914681.27477738
52,1921,"V",854736.941658677
52,1922,"U",6383842.95658415
52,1922,"V",922536.000039225
52,1923,"U",6896948.74104436
52,1923,"V",996685.467877355
52,1924,"U",7460191.69840836
52,1924,"V",1078080.31240449
52,1925,"U",8080724.8382883
52,1925,"V",1167754.22271994
52,1926,"U",8766776.44654697
52,1926,"V",1266896.2772485
52,1927,"U",9527775.64331388
52,1927,"V",1376869.08826421
52,1928,"U",10374487.608469
52,1928,"V",1499228.34347018
52,1929,"U",11319156.9467938
52,1929,"V",1635743.52385054
52,1930,"U",12375656.3698418
52,1930,"V",1788419.38984708
52,1931,"U",13559636.2131472
52,1931,"V",1959517.58825177
52,1932,"U",14888668.2518464
52,1932,"V",2151577.43515652
52,1933,"U",16382374.8094892
52,1933,"V",2367434.57360617
52,1934,"U",18062531.289723
52,1934,"V",2610235.7905622
52,1935,"U",19953127.0629583
52,1935,"V",2883447.81570025
52,1936,"U",22080366.2421534
52,1936,"V",3190857.43351945
52,1937,"U",24472586.5031909
52,1937,"V",3536559.75198802
52,1938,"U",27160071.070559
52,1938,"V",3924931.03239204
52,1939,"U",30174726.7372523
52,1939,"V",4360582.1596458
52,1940,"U",33549758.809388
52,1940,"V",4848311.66818907
52,1941,"U",37319769.8837625
52,1941,"V",5393120.01643798
52,1942,"U",41520435.0932899
52,1942,"V",6000162.65615463
52,1943,"U",46187887.97757
52,1943,"V",6674661.28394344
52,1944,"U",51357924.7529437
52,1944,"V",7421788.84946252
52,1945,"U",57065006.3378281
52,1945,"V",8246525.33703331
52,1946,"U",63341041.3285169
52,1946,"V",9153481.89216673
52,1947,"U",70213939.2835449
52,1947,"V",10146691.7551333
52,1948,"U",77706052.0475098
52,1948,"V",11229385.0149953
52,1949,"U",85832932.6248034
52,1949,"V",12403809.2531167
52,1950,"U",101908806.491334
52,1950,"V",5150179.28965562
52,1951,"U",101435869.655802
52,1951,"V",6569031.86691401
52,1952,"U",103599617.456773
52,1952,"V",7831612.96436411
52,1953,"U",105415186.985513
52,1953,"V",8240386.41186667
52,1954,"U",107436504.001151
52,1954,"V",11505320.003549
52,1955,"U",102535910.001671
52,1955,"V",9550023.84123525
52,1956,"U",99347421.502616
52,1956,"V",11618125.6815511
52,1957,"U",107358234.478762
52,1957,"V",10407918.0717376
52,1958,"U",106838224.299222
52,1958,"V",10588913.9492738
52,1959,"U",106775640.559133
52,1959,"V",16482764.8820516
52,1960,"U",99027684.5942582
52,1960,"V",10308243.3275355
52,1961,"U",113373217.910178
52,1961,"V",10772870.4055516
52,1962,"U",111820506.949011
52,1962,"V",11645738.9286923
52,1963,"U",112162517.327999
52,1963,"V",12657712.8135642
52,1964,"U",109472845.887427
52,1964,"V",15061996.2178764
52,1965,"U",117932219.295218
52,1965,"V",11759838.4990321
52,1966,"U",119634556.742217
52,1966,"V",14120097.4042903
52,1967,"U",134006844.961213
52,1967,"V",11900097.3293702
52,1968,"U",146037377.115784
52,1968,"V",12195661.4742571
52,1969,"U",145765354.911095
52,1969,"V",12684939.8675457
52,1970,"U",160592825.87167
52,1970,"V",12151211.1324788
52,1971,"U",162610628.573128
52,1971,"V",10707791.5184514
52,1972,"U",180857144.230745
52,1972,"V",12466263.4774501
52,1973,"U",190899815.596763
52,1973,"V",13262246.2224297
52,1974,"U",194877346.432033
52,1974,"V",14318259.7856042
52,1975,"U",202625624.211111
52,1975,"V",13158268.75315
52,1976,"U",200191555.741591
52,1976,"V",14122946.0265228
52,1977,"U",185472903.220873
52,1977,"V",12711782.8732577
52,1978,"U",185022776.097161
52,1978,"V",13498415.9957371
52,1979,"U",202372891.846329
52,1979,"V",14849449.7690775
52,1980,"U",200734592.602803
52,1980,"V",12276654.224546
52,1981,"U",216804031.834941
52,1981,"V",13830952.9546217
52,1982,"U",218057372.231428
52,1982,"V",14913701.6636309
52,1983,"U",221240957.331125
52,1983,"V",13736210.8035934
52,1984,"U",232220330.102563
52,1984,"V",15079584.9333556
52,1985,"U",210693290.393025
52,1985,"V",15452911.547923
52,1986,"U",198168286.845521
52,1986,"V",12742661.8292568
52,1987,"U",209522053.672062
52,1987,"V",14311054.7866957
52,1988,"U",218330820.303271
52,1988,"V",14966030.9792897
52,1989,"U",285780220.775899
52,1989,"V",61741141.639576
52,1990,"U",260095625.560603
52,1990,"V",60493012.2641703
52,1991,"U",257265766.813878
52,1991,"V",64087814.494204
52,1992,"U",305966892.585647
52,1992,"V",71212884.6622145
52,1993,"U",291852013.945068
52,1993,"V",93268754.7377884
52,1994,"U",282098556.829671
52,1994,"V",90506735.8720018
52,1995,"U",311493040.503451
52,1995,"V",93522403.4524196
52,1996,"U",294095765.921072
52,1996,"V",94958160.1006221
52,1997,"U",356626306.176931
52,1997,"V",107538940.694081
52,1998,"U",282985246.239823
52,1998,"V",125051831.951516
52,1999,"U",300637101.618193
52,1999,"V",138780203.788544
52,2000,"U",240393333.21105
52,2000,"V",120037310.599769
52,2001,"U",248561946.942329
52,2001,"V",103164464.902901
52,2002,"U",262449592.87324
52,2002,"V",131119325.777657
52,2003,"U",264198466.074023
52,2003,"V",80157769.0324106
52,2004,"U",267506805.40131
52,2004,"V",93650646.9144209
52,2005,"U",315820198.965521
52,2005,"V",81505809.3681437
52,2006,"U",281472403.696679
52,2006,"V",116816770.198334
52,2007,"U",309986289.913255
52,2007,"V",117817066.959121
52,2008,"U",307057909.682872
52,2008,"V",105700887.192748
52,2009,"U",330027135.383929
52,2009,"V",115603244.582897
52,2010,"U",341555821.581877
52,2010,"V",117234046.225587
52,2011,"U",305787065.837089
52,2011,"V",115519560.266778
52,2012,"U",307891189.875435
52,2012,"V",116022585.379682
52,2013,"U",329134232.136873
52,2013,"V",113838387.969992
52,2014,"U",334380093.663341
52,2014,"V",110882800.844888
52,2015,"U",380793266.624942
52,2015,"V",119021313.148229
52,2016,"U",445458001.294337
52,2016,"V",118539984.967247
52,2017,"U",380011063.980141
52,2017,"V",114414164.432324
53,1841,"U",967859.32063229
53,1841,"V",60321.1108845666
53,1842,"U",967859.32063229
53,1842,"V",60321.1108845666
53,1843,"U",967859.32063229
53,1843,"V",60321.1108845666
53,1844,"U",967859.32063229
53,1844,"V",60321.1108845666
53,1845,"U",967859.32063229
53,1845,"V",60321.1108845666
53,1846,"U",967859.32063229
53,1846,"V",60321.1108845666
53,1847,"U",967859.32063229
53,1847,"V",60321.1108845666
53,1848,"U",967859.32063229
53,1848,"V",60321.1108845666
53,1849,"U",967859.32063229
53,1849,"V",60321.1108845666
53,1850,"U",967859.32063229
53,1850,"V",60321.1108845666
53,1851,"U",967859.32063229
53,1851,"V",60321.1108845666
53,1852,"U",967859.32063229
53,1852,"V",60321.1108845666
53,1853,"U",967859.32063229
53,1853,"V",60321.1108845666
53,1854,"U",967859.32063229
53,1854,"V",60321.1108845666
53,1855,"U",967859.32063229
53,1855,"V",60321.1108845666
53,1856,"U",967859.32063229
53,1856,"V",60321.1108845666
53,1857,"U",967859.32063229
53,1857,"V",60321.1108845666
53,1858,"U",967859.32063229
53,1858,"V",60321.1108845666
53,1859,"U",967859.32063229
53,1859,"V",60321.1108845666
53,1860,"U",967859.32063229
53,1860,"V",60321.1108845666
53,1861,"U",967859.32063229
53,1861,"V",60321.1108845666
53,1862,"U",998832.272860135
53,1862,"V",62251.4770503206
53,1863,"U",1030796.40608829
53,1863,"V",64243.6178332653
53,1864,"U",1063783.43959795
53,1864,"V",66299.5101139629
53,1865,"U",1097826.10773479
53,1865,"V",68421.1940361131
53,1866,"U",1132958.19239259
53,1866,"V",70610.7750310704
53,1867,"U",1169214.5565366
53,1867,"V",72870.4259071644
53,1868,"U",1206631.17879941
53,1868,"V",75202.3890058575
53,1869,"U",1245245.18918383
53,1869,"V",77608.9784269057
53,1870,"U",1285094.90590842
53,1870,"V",80092.5823247238
53,1871,"U",1326219.87343252
53,1871,"V",82655.6652782723
53,1872,"U",1368660.90169738
53,1872,"V",85300.7707367263
53,1873,"U",1412460.10662376
53,1873,"V",88030.5235434606
53,1874,"U",1457660.95190525
53,1874,"V",90847.6325407887
53,1875,"U",1504308.29213879
53,1875,"V",93754.8932580373
53,1876,"U",1552448.41733575
53,1876,"V",96755.1906856692
53,1877,"U",1602129.09885748
53,1877,"V",99851.5021381806
53,1878,"U",1653399.63682095
53,1878,"V",103046.90020862
53,1879,"U",1706310.90902035
53,1879,"V",106344.555817597
53,1880,"U",1760915.42141608
53,1880,"V",109747.741359963
53,1881,"U",1817267.36023832
53,1881,"V",113259.833952135
53,1882,"U",1875422.6457575
53,1882,"V",116884.318783292
53,1883,"U",1935438.98777714
53,1883,"V",120624.792573933
53,1884,"U",1997375.94290097
53,1884,"V",124484.967145003
53,1885,"U",2061294.97363367
53,1885,"V",128468.6731013
53,1886,"U",2127259.50937224
53,1886,"V",132579.863632725
53,1887,"U",2195335.00934979
53,1887,"V",136822.6184372
53,1888,"U",2265589.02759298
53,1888,"V",141201.147769092
53,1889,"U",2338091.27995933
53,1889,"V",145719.796617269
53,1890,"U",2412913.7133177
53,1890,"V",150383.049016713
53,1891,"U",2490130.57694558
53,1891,"V",155195.532498313
53,1892,"U",2569818.49620885
53,1892,"V",160162.022680895
53,1893,"U",2652056.54859988
53,1893,"V",165287.448010238
53,1894,"U",2736926.34220942
53,1894,"V",170576.894649784
53,1895,"U",2824512.0967104
53,1895,"V",176035.611527884
53,1896,"U",2914900.72693105
53,1896,"V",181669.015546437
53,1897,"U",3008181.92910506
53,1897,"V",187482.696956363
53,1898,"U",3104448.2698805
53,1898,"V",193482.424905022
53,1899,"U",3203795.27817692
53,1899,"V",199674.153161132
53,1900,"U",3306321.53998308
53,1900,"V",206064.026022974
53,1901,"U",3412128.79618705
53,1901,"V",212658.384415578
53,1902,"U",3521322.04353887
53,1902,"V",219463.772183143
53,1903,"U",3634009.63884129
53,1903,"V",226486.942582651
53,1904,"U",3750303.40647852
53,1904,"V",233734.864985513
53,1905,"U",3870318.74938265
53,1905,"V",241214.73179347
53,1906,"U",3994174.76355281
53,1906,"V",248933.965575914
53,1907,"U",4121994.35623922
53,1907,"V",256900.226435623
53,1908,"U",4253904.36790877
53,1908,"V",265121.419610169
53,1909,"U",4390035.69811367
53,1909,"V",273605.703316596
53,1910,"U",4530523.4353884
53,1910,"V",282361.496847142
53,1911,"U",4675506.99130386
53,1911,"V",291397.488924071
53,1912,"U",4825130.23881027
53,1912,"V",300722.646321787
53,1913,"U",4979541.65500868
53,1913,"V",310346.222764965
53,1914,"U",5138894.46848998
53,1914,"V",320277.768111343
53,1915,"U",5303346.81139059
53,1915,"V",330527.137828476
53,1916,"U",5473061.87631275
53,1916,"V",341104.502773687
53,1917,"U",5648208.07826712
53,1917,"V",352020.359287004
53,1918,"U",5828959.22179737
53,1918,"V",363285.539607093
53,1919,"U",6015494.67345434
53,1919,"V",374911.222620563
53,1920,"U",6207999.53978728
53,1920,"V",386908.944955149
53,1921,"U",6406664.85103343
53,1921,"V",399290.612428029
53,1922,"U",6611687.75068477
53,1922,"V",412068.511860421
53,1923,"U",6823271.69112072
53,1923,"V",425255.323270258
53,1924,"U",7041626.63550286
53,1924,"V",438864.132455112
53,1925,"U",7266969.26612903
53,1925,"V",452908.443977722
53,1926,"U",7499523.19945649
53,1926,"V",467402.19456714
53,1927,"U",7739519.20800482
53,1927,"V",482359.766948671
53,1928,"U",7987195.44936069
53,1928,"V",497796.004116424
53,1929,"U",8242797.70251215
53,1929,"V",513726.224062668
53,1930,"U",8506579.61174285
53,1930,"V",530166.234978359
53,1931,"U",8778802.93833586
53,1931,"V",547132.350940392
53,1932,"U",9059737.8203274
53,1932,"V",564641.408100563
53,1933,"U",9349663.04057738
53,1933,"V",582710.781392858
53,1934,"U",9648866.30341575
53,1934,"V",601358.401775236
53,1935,"U",9957644.52014342
53,1935,"V",620602.774023261
53,1936,"U",10276304.1036687
53,1936,"V",640462.995093097
53,1937,"U",10605161.2725735
53,1937,"V",660958.773072204
53,1938,"U",10944542.3649091
53,1938,"V",682110.44673644
53,1939,"U",11294784.1620352
53,1939,"V",703939.00573306
53,1940,"U",11656234.2228203
53,1940,"V",726466.111409543
53,1941,"U",12029251.228539
53,1941,"V",749714.118309026
53,1942,"U",12414205.3388061
53,1942,"V",773706.096353648
53,1943,"U",12811478.5588994
53,1943,"V",798465.853737662
53,1944,"U",13221465.1188397
53,1944,"V",824017.960553337
53,1945,"U",13644571.8646008
53,1945,"V",850387.773172789
53,1946,"U",14081218.6618388
53,1946,"V",877601.459410143
53,1947,"U",14531838.8125413
53,1947,"V",905686.024488866
53,1948,"U",14996879.485011
53,1948,"V",934669.337840178
53,1949,"U",15476802.1576074
53,1949,"V",964580.160758939
53,1950,"U",17378890.4649871
53,1950,"V",630876.016287512
53,1951,"U",17590282.7136316
53,1951,"V",869113.975463254
53,1952,"U",17902873.0700439
53,1952,"V",980088.244305472
53,1953,"U",18440160.065624
53,1953,"V",1040783.52311274
53,1954,"U",18435671.0529975
53,1954,"V",1297507.70800845
53,1955,"U",18285912.9242678
53,1955,"V",1238715.73135837
53,1956,"U",16495377.5144841
53,1956,"V",1372924.09951476
53,1957,"U",19740953.785966
53,1957,"V",1272450.49574804
53,1958,"U",20856658.9912725
53,1958,"V",1280239.2620554
53,1959,"U",19130875.12734
53,1959,"V",1270498.61750519
53,1960,"U",14781842.3518142
53,1960,"V",1266667.45452021
53,1961,"U",19479667.1359022
53,1961,"V",1360563.77423073
53,1962,"U",19602600.8905752
53,1962,"V",1331566.54597448
53,1963,"U",19491451.6376969
53,1963,"V",1615272.65957352
53,1964,"U",14879846.937665
53,1964,"V",1818491.5007221
53,1965,"U",16431514.7177237
53,1965,"V",1449369.41040184
53,1966,"U",15129785.5208652
53,1966,"V",1646574.03693974
53,1967,"U",18386138.8972751
53,1967,"V",1418533.23273428
53,1968,"U",17168684.2676988
53,1968,"V",1402560.59250515
53,1969,"U",17153744.4559103
53,1969,"V",1382291.09296388
53,1970,"U",16594714.8659063
53,1970,"V",1380672.47606943
53,1971,"U",19500313.7295279
53,1971,"V",1172420.68426849
53,1972,"U",19714790.6022322
53,1972,"V",1287862.36254797
53,1973,"U",23669367.9979695
53,1973,"V",1282778.26162887
53,1974,"U",20409550.1250704
53,1974,"V",1372793.35291222
53,1975,"U",22286422.4260779
53,1975,"V",1217433.22014062
53,1976,"U",20279698.22515
53,1976,"V",1659887.94636008
53,1977,"U",19782807.5298188
53,1977,"V",902847.76556547
53,1978,"U",19523350.2010841
53,1978,"V",977054.634283267
53,1979,"U",21065860.6626676
53,1979,"V",888817.972023608
53,1980,"U",19983884.0986369
53,1980,"V",776592.330706827
53,1981,"U",23510450.4460877
53,1981,"V",893150.38263046
53,1982,"U",23260448.3739667
53,1982,"V",830904.264526024
53,1983,"U",23795135.4947844
53,1983,"V",759988.005156526
53,1984,"U",23031594.5187362
53,1984,"V",791334.891460003
53,1985,"U",22335616.987332
53,1985,"V",996185.636269549
53,1986,"U",22875841.3395466
53,1986,"V",1186057.57180708
53,1987,"U",21880522.7301039
53,1987,"V",1226197.67381533
53,1988,"U",23230874.1015459
53,1988,"V",1069433.34908254
53,1989,"U",28386894.731622
53,1989,"V",10558102.0585584
53,1990,"U",32359407.1315534
53,1990,"V",8565641.00831284
53,1991,"U",29800357.8512144
53,1991,"V",8843648.20097282
53,1992,"U",42814556.9595758
53,1992,"V",10780956.7822819
53,1993,"U",42086177.1698154
53,1993,"V",13909544.8373491
53,1994,"U",35400684.8096639
53,1994,"V",13235255.9046538
53,1995,"U",47431432.4164739
53,1995,"V",15493420.0453725
53,1996,"U",30814434.2207821
53,1996,"V",14592058.5041711
53,1997,"U",50859686.6859066
53,1997,"V",20681265.1721643
53,1998,"U",41238973.0488237
53,1998,"V",18947755.0819109
53,1999,"U",39260394.3343797
53,1999,"V",21513212.7997509
53,2000,"U",31917846.4636279
53,2000,"V",16142053.5548409
53,2001,"U",36712496.6654406
53,2001,"V",18335284.511383
53,2002,"U",36047270.8593032
53,2002,"V",20133027.2457575
53,2003,"U",44885836.4141864
53,2003,"V",13575941.7099237
53,2004,"U",46930098.2587857
53,2004,"V",12663354.2988169
53,2005,"U",40955383.0549737
53,2005,"V",13177225.5948422
53,2006,"U",45110675.085348
53,2006,"V",21127779.1991902
53,2007,"U",50105361.9183838
53,2007,"V",20314268.6903179
53,2008,"U",58673557.1725715
53,2008,"V",19095726.8019065
53,2009,"U",59273489.360434
53,2009,"V",19570472.4186337
53,2010,"U",53046359.5879582
53,2010,"V",20591205.5865718
53,2011,"U",58593384.8036616
53,2011,"V",18766717.2432135
53,2012,"U",61830672.6504607
53,2012,"V",18738690.9649566
53,2013,"U",71809007.8701185
53,2013,"V",19317766.8714124
53,2014,"U",53475156.1548576
53,2014,"V",19607638.3005903
53,2015,"U",48155981.3924977
53,2015,"V",17744272.8388932
53,2016,"U",55145112.3263232
53,2016,"V",18377578.6256542
53,2017,"U",56597485.7298649
53,2017,"V",17381790.4383839
54,1841,"U",47424.513331861
54,1841,"V",7177.83042363126
54,1842,"U",47424.513331861
54,1842,"V",7177.83042363126
54,1843,"U",47424.513331861
54,1843,"V",7177.83042363126
54,1844,"U",47424.513331861
54,1844,"V",7177.83042363126
54,1845,"U",47424.513331861
54,1845,"V",7177.83042363126
54,1846,"U",47424.513331861
54,1846,"V",7177.83042363126
54,1847,"U",47424.513331861
54,1847,"V",7177.83042363126
54,1848,"U",47424.513331861
54,1848,"V",7177.83042363126
54,1849,"U",47424.513331861
54,1849,"V",7177.83042363126
54,1850,"U",47424.513331861
54,1850,"V",7177.83042363126
54,1851,"U",47424.513331861
54,1851,"V",7177.83042363126
54,1852,"U",47424.513331861
54,1852,"V",7177.83042363126
54,1853,"U",47424.513331861
54,1853,"V",7177.83042363126
54,1854,"U",47424.513331861
54,1854,"V",7177.83042363126
54,1855,"U",47424.513331861
54,1855,"V",7177.83042363126
54,1856,"U",47424.513331861
54,1856,"V",7177.83042363126
54,1857,"U",47424.513331861
54,1857,"V",7177.83042363126
54,1858,"U",47424.513331861
54,1858,"V",7177.83042363126
54,1859,"U",47424.513331861
54,1859,"V",7177.83042363126
54,1860,"U",47424.513331861
54,1860,"V",7177.83042363126
54,1861,"U",47424.513331861
54,1861,"V",7177.83042363126
54,1862,"U",50800.0148921502
54,1862,"V",7688.72186124948
54,1863,"U",54415.7721763931
54,1863,"V",8235.97666295281
54,1864,"U",58288.8856989404
54,1864,"V",8822.18303858345
54,1865,"U",62437.673125551
54,1865,"V",9450.11341719417
54,1866,"U",66881.7559057254
54,1866,"V",10122.7375590901
54,1867,"U",71642.1520712023
54,1867,"V",10843.2366011359
54,1868,"U",76741.375639544
54,1868,"V",11615.0181017623
54,1869,"U",82203.5430928506
54,1869,"V",12441.7321568114
54,1870,"U",88054.4874352758
54,1870,"V",13327.2886624555
54,1871,"U",94321.8803687226
54,1871,"V",14275.8758068241
54,1872,"U",101035.363164556
54,1872,"V",15291.9798777981
54,1873,"U",108226.686850261
54,1873,"V",16380.4064806442
54,1874,"U",115929.862374103
54,1874,"V",17546.3032658509
54,1875,"U",124181.321457929
54,1875,"V",18795.1842746402
54,1876,"U",133020.088898871
54,1876,"V",20132.9560173049
54,1877,"U",142487.967134879
54,1877,"V",21565.9454077095
54,1878,"U",152629.733946928
54,1878,"V",23100.9296860615
54,1879,"U",163493.354232904
54,1879,"V",24745.1684714719
54,1880,"U",175130.206854848
54,1880,"V",26506.4380959086
54,1881,"U",187595.327632283
54,1881,"V",28393.0683819046
54,1882,"U",200947.669630919
54,1882,"V",30413.9820379684
54,1883,"U",215250.381977789
54,1883,"V",32578.7368580215
54,1884,"U",230571.10852136
54,1884,"V",34897.570924426
54,1885,"U",246982.307749181
54,1885,"V",37381.4510284014
54,1886,"U",264561.595476135
54,1886,"V",40042.124536832
54,1887,"U",283392.111923895
54,1887,"V",42892.1749507521
54,1888,"U",303562.914927805
54,1888,"V",45945.081418287
54,1889,"U",325169.401130729
54,1889,"V",49215.2824835011
54,1890,"U",348313.757155953
54,1890,"V",52718.2443726556
54,1891,"U",373105.442892888
54,1891,"V",56470.5341408277
54,1892,"U",399661.709181274
54,1892,"V",60489.8980248375
54,1893,"U",428108.152342207
54,1893,"V",64795.345373044
54,1894,"U",458579.308178682
54,1894,"V",69407.2385489583
54,1895,"U",491219.288254863
54,1895,"V",74347.3892338601
54,1896,"U",526182.461463326
54,1896,"V",79639.1615838737
54,1897,"U",563634.184103854
54,1897,"V",85307.5827293994
54,1898,"U",603751.581926421
54,1898,"V",91379.4611394678
54,1899,"U",646724.387837136
54,1899,"V",97883.5134108385
54,1900,"U",692755.839229086
54,1900,"V",104850.500081486
54,1901,"U",742063.639181712
54,1901,"V",112313.371110772
54,1902,"U",794880.986074976
54,1902,"V",120307.42171437
54,1903,"U",851457.676487505
54,1903,"V",128870.459290943
54,1904,"U",912061.286595067
54,1904,"V",138042.982230039
54,1905,"U",976978.437656557
54,1905,"V",147868.371446877
54,1906,"U",1046516.15157263
54,1906,"V",158393.09554987
54,1907,"U",1121003.30292797
54,1907,"V",169666.930611215
54,1908,"U",1200792.17438449
54,1908,"V",181743.195579928
54,1909,"U",1286260.12278189
54,1909,"V",194679.00445074
54,1910,"U",1377811.36382486
54,1910,"V",208535.53638141
54,1911,"U",1475878.88379774
54,1911,"V",223378.325035997
54,1912,"U",1580926.4873482
54,1912,"V",239277.568522538
54,1913,"U",1693450.99102432
54,1913,"V",256308.461390929
54,1914,"U",1813984.57293961
54,1914,"V",274551.550261164
54,1915,"U",1943097.28967859
54,1915,"V",294093.114763928
54,1916,"U",2081399.77234635
54,1916,"V",315025.575595097
54,1917,"U",2229546.11451289
54,1917,"V",337447.93161405
54,1918,"U",2388236.96571077
54,1918,"V",361466.228053054
54,1919,"U",2558222.8451164
54,1919,"V",387194.058052013
54,1920,"U",2740307.69108697
54,1920,"V",414753.099890649
54,1921,"U",2935352.66334032
54,1921,"V",444273.692458878
54,1922,"U",3144280.21575974
54,1922,"V",475895.451687
54,1923,"U",3368078.4590863
54,1923,"V",509767.930851176
54,1924,"U",3607805.83413118
54,1924,"V",546051.327876958
54,1925,"U",3864596.11761005
54,1925,"V",584917.242986079
54,1926,"U",4139663.78427434
54,1926,"V",626549.49026976
54,1927,"U",4434309.75069925
54,1927,"V",671144.9670268
54,1928,"U",4749927.52789297
54,1928,"V",718914.584977904
54,1929,"U",5088009.81182651
54,1929,"V",770084.267760469
54,1930,"U",5450155.5430523
54,1930,"V",824896.019421275
54,1931,"U",5838077.4688012
54,1931,"V",883609.068960647
54,1932,"U",6253610.24332094
54,1932,"V",946501.096340923
54,1933,"U",6698719.10476701
54,1933,"V",1013869.54575776
54,1934,"U",7175509.16968264
54,1934,"V",1086033.0323852
54,1935,"U",7686235.38902521
54,1935,"V",1163332.84924764
54,1936,"U",8233313.2128262
54,1936,"V",1246134.58134543
54,1937,"U",8819330.01392189
54,1937,"V",1334829.83466789
54,1938,"U",9447057.32478314
54,1938,"V",1429838.08827114
54,1939,"U",10119463.9453174
54,1939,"V",1531608.67817995
54,1940,"U",10839729.9836359
54,1940,"V",1640622.92249646
54,1941,"U",11611261.8961903
54,1941,"V",1757396.39776615
54,1942,"U",12437708.5984109
54,1942,"V",1882481.37736726
54,1943,"U",13322978.7220407
54,1943,"V",2016469.4434557
54,1944,"U",14271259.1007821
54,1944,"V",2159994.28481851
54,1945,"U",15287034.5716848
54,1945,"V",2313734.69386821
54,1946,"U",16375109.1859218
54,1946,"V",2478417.77695225
54,1947,"U",17540628.9292709
54,1947,"V",2654822.39316017
54,1948,"U",18789106.0597564
54,1948,"V",2843782.83789259
54,1949,"U",20126445.1775532
54,1949,"V",3046192.78861284
54,1950,"U",26467105.274203
54,1950,"V",3420780.49724274
54,1951,"U",27558602.6004911
54,1951,"V",3807580.65261053
54,1952,"U",24645535.2975836
54,1952,"V",3823129.07734601
54,1953,"U",29630358.2895161
54,1953,"V",3375798.70253673
54,1954,"U",30802644.1464435
54,1954,"V",3347589.10913288
54,1955,"U",31368265.874468
54,1955,"V",3413538.40798385
54,1956,"U",28154435.1424045
54,1956,"V",3048484.52970007
54,1957,"U",29469342.7529313
54,1957,"V",3178943.6010188
54,1958,"U",33364911.133844
54,1958,"V",3715780.14335806
54,1959,"U",34113608.8536422
54,1959,"V",5109756.67595388
54,1960,"U",35884070.2476178
54,1960,"V",5373480.29717622
54,1961,"U",42182488.1644784
54,1961,"V",7035759.61388781
54,1962,"U",41427230.1769229
54,1962,"V",6660359.39351133
54,1963,"U",40198938.6351615
54,1963,"V",6117321.38748192
54,1964,"U",43626464.9848216
54,1964,"V",7360180.45622608
54,1965,"U",50368777.9235305
54,1965,"V",8284842.00641553
54,1966,"U",54093274.8004679
54,1966,"V",9217321.47846573
54,1967,"U",50469690.4537714
54,1967,"V",8880847.92012321
54,1968,"U",63009327.3570693
54,1968,"V",8522594.37374576
54,1969,"U",57869152.9359489
54,1969,"V",8328257.75159989
54,1970,"U",69528754.4090616
54,1970,"V",4949544.91474288
54,1971,"U",73244982.9776107
54,1971,"V",6167631.07534048
54,1972,"U",54172845.0173943
54,1972,"V",11363058.648962
54,1973,"U",57743636.0109142
54,1973,"V",11954268.9133602
54,1974,"U",55331567.7460765
54,1974,"V",13693918.1614011
54,1975,"U",62116089.2351022
54,1975,"V",12569063.0072645
54,1976,"U",72183059.9520619
54,1976,"V",16417760.1970691
54,1977,"U",74002963.7099558
54,1977,"V",17614999.5670786
54,1978,"U",70823804.5250627
54,1978,"V",17804015.7406201
54,1979,"U",65548509.9986732
54,1979,"V",16965343.6782767
54,1980,"U",75084967.1676626
54,1980,"V",17746705.0298939
54,1981,"U",102375767.394729
54,1981,"V",12743535.3280122
54,1982,"U",101034281.814881
54,1982,"V",8891150.6789813
54,1983,"U",117515284.610867
54,1983,"V",11830660.3871604
54,1984,"U",130166650.987096
54,1984,"V",6462121.34775844
54,1985,"U",144926973.929672
54,1985,"V",8095156.94056119
54,1986,"U",167735541.936855
54,1986,"V",10819861.7841575
54,1987,"U",146320071.84783
54,1987,"V",8896063.00415111
54,1988,"U",157985332.769485
54,1988,"V",9955955.11031966
54,1989,"U",163580536.179618
54,1989,"V",18861174.348828
54,1990,"U",172585523.679153
54,1990,"V",18247639.5939065
54,1991,"U",150785392.721106
54,1991,"V",22318067.4348778
54,1992,"U",186637543.485366
54,1992,"V",24495952.4191622
54,1993,"U",193728672.393804
54,1993,"V",25964116.0307272
54,1994,"U",173137110.610645
54,1994,"V",16047905.8132279
54,1995,"U",179223999.152631
54,1995,"V",15575511.022126
54,1996,"U",166079493.698517
54,1996,"V",17558693.1854955
54,1997,"U",150349135.988754
54,1997,"V",17619013.914566
54,1998,"U",161591620.776194
54,1998,"V",18347732.359162
54,1999,"U",135515853.688781
54,1999,"V",22394995.4079955
54,2000,"U",131462523.431974
54,2000,"V",17646081.3296028
54,2001,"U",139393476.970935
54,2001,"V",19100762.5893508
54,2002,"U",136382958.923682
54,2002,"V",19519431.8925744
54,2003,"U",140885189.182225
54,2003,"V",11050788.3228816
54,2004,"U",134690792.292401
54,2004,"V",11911153.8713193
54,2005,"U",153038193.487454
54,2005,"V",12031774.482674
54,2006,"U",127618692.98448
54,2006,"V",18177984.2380516
54,2007,"U",145002661.842119
54,2007,"V",17523881.4521134
54,2008,"U",137182533.508112
54,2008,"V",17530206.2554948
54,2009,"U",127076415.785265
54,2009,"V",17035156.5174857
54,2010,"U",135649595.716699
54,2010,"V",18685676.5754529
54,2011,"U",120291811.498088
54,2011,"V",17469587.9432848
54,2012,"U",121074756.995779
54,2012,"V",17195366.3866672
54,2013,"U",135185915.74599
54,2013,"V",19771412.4190613
54,2014,"U",152937585.226641
54,2014,"V",19928304.5726158
54,2015,"U",139564327.309353
54,2015,"V",19461722.6897922
54,2016,"U",115228458.200268
54,2016,"V",17380967.2896653
54,2017,"U",112595086.70385
54,2017,"V",14393451.7442804
55,1841,"U",1.82275711855342
55,1841,"V",0.000106572045439675
55,1842,"U",1.82275711855342
55,1842,"V",0.000106572045439675
55,1843,"U",1.82275711855342
55,1843,"V",0.000106572045439675
55,1844,"U",1.82275711855342
55,1844,"V",0.000106572045439675
55,1845,"U",1.82275711855342
55,1845,"V",0.000106572045439675
55,1846,"U",1.82275711855342
55,1846,"V",0.000106572045439675
55,1847,"U",1.82275711855342
55,1847,"V",0.000106572045439675
55,1848,"U",1.82275711855342
55,1848,"V",0.000106572045439675
55,1849,"U",1.82275711855342
55,1849,"V",0.000106572045439675
55,1850,"U",1.82275711855342
55,1850,"V",0.000106572045439675
55,1851,"U",1.82275711855342
55,1851,"V",0.000106572045439675
55,1852,"U",1.82275711855342
55,1852,"V",0.000106572045439675
55,1853,"U",1.82275711855342
55,1853,"V",0.000106572045439675
55,1854,"U",1.82275711855342
55,1854,"V",0.000106572045439675
55,1855,"U",1.82275711855342
55,1855,"V",0.000106572045439675
55,1856,"U",1.82275711855342
55,1856,"V",0.000106572045439675
55,1857,"U",1.82275711855342
55,1857,"V",0.000106572045439675
55,1858,"U",1.82275711855342
55,1858,"V",0.000106572045439675
55,1859,"U",1.82275711855342
55,1859,"V",0.000106572045439675
55,1860,"U",1.82275711855342
55,1860,"V",0.000106572045439675
55,1861,"U",1.82275711855342
55,1861,"V",0.000106572045439675
55,1862,"U",2.14221943777123
55,1862,"V",0.000125250207468725
55,1863,"U",2.51767175826814
55,1863,"V",0.000147201964701297
55,1864,"U",2.95892706910477
55,1864,"V",0.000173001058040897
55,1865,"U",3.47751821559966
55,1865,"V",0.000203321784080759
55,1866,"U",4.08699932691862
55,1866,"V",0.000238956618820374
55,1867,"U",4.80330007282077
55,1867,"V",0.000280836930170545
55,1868,"U",5.64514200861285
55,1868,"V",0.000330057320600542
55,1869,"U",6.634527890049
55,1869,"V",0.000387904236155297
55,1870,"U",7.79731674716036
55,1870,"V",0.000455889589582509
55,1871,"U",9.16389974736828
55,1871,"V",0.000535790276356853
55,1872,"U",10.7699945125867
55,1872,"V",0.000629694616412384
55,1873,"U",12.6575786508861
55,1873,"V",0.000740056935401822
55,1874,"U",14.8759869019572
55,1874,"V",0.000869761712045089
55,1875,"U",17.4832005718327
55,1875,"V",0.00102219896814942
55,1876,"U",20.5473629581295
55,1876,"V",0.00120135287172936
55,1877,"U",24.1485603736237
55,1877,"V",0.00141190586899642
55,1878,"U",28.3809153178
55,1878,"V",0.00165936106685929
55,1879,"U",33.3550465043769
55,1879,"V",0.00195018606457455
55,1880,"U",39.2009600413181
55,1880,"V",0.00229198199380385
55,1881,"U",46.0714473283382
55,1881,"V",0.00269368218517445
55,1882,"U",54.1460784810285
55,1882,"V",0.0031657856537902
55,1883,"U",63.6358956552635
55,1883,"V",0.00372063150615993
55,1884,"U",74.7889289390627
55,1884,"V",0.00437272144058551
55,1885,"U",87.8966789774561
55,1885,"V",0.00513909877000843
55,1886,"U",103.301735763077
55,1886,"V",0.00603979387362206
55,1887,"U",121.406732720816
55,1887,"V",0.00709834771978485
55,1888,"U",142.684870114366
55,1888,"V",0.00834242714325558
55,1889,"U",167.692282819024
55,1889,"V",0.00980454795790619
55,1890,"U",197.082575710495
55,1890,"V",0.0115229248045159
55,1891,"U",231.623906573002
55,1891,"V",0.0135424699456411
55,1892,"U",272.219063013167
55,1892,"V",0.0159159671125075
55,1893,"U",319.92905811908
55,1893,"V",0.0187054510841236
55,1894,"U",376.000861570917
55,1894,"V",0.0219838290558943
55,1895,"U",441.899990995652
55,1895,"V",0.0258367861745375
55,1896,"U",519.348815388562
55,1896,"V",0.0303650250432469
55,1897,"U",610.371571716494
55,1897,"V",0.0356868977297865
55,1898,"U",717.347271276492
55,1898,"V",0.0419414990688265
55,1899,"U",843.07187859474
55,1899,"V",0.0492923021065012
55,1900,"U",990.83138800039
55,1900,"V",0.0579314307047317
55,1901,"U",1164.48770783735
55,1901,"V",0.0680846809760782
55,1902,"U",1368.57959701982
55,1902,"V",0.0800174227914471
55,1903,"U",1608.44129205743
55,1903,"V",0.0940415356052661
55,1904,"U",1890.34192503614
55,1904,"V",0.110523559875797
55,1905,"U",2221.64937644597
55,1905,"V",0.129894277129763
55,1906,"U",2611.02284538718
55,1906,"V",0.152659969060204
55,1907,"U",3068.63917025456
55,1907,"V",0.179415649930297
55,1908,"U",3606.45881511784
55,1908,"V",0.210860618131111
55,1909,"U",4238.53847373723
55,1909,"V",0.247816733355797
55,1910,"U",4981.39846157215
55,1910,"V",0.291249897090575
55,1911,"U",5854.45449810248
55,1911,"V",0.34229529784607
55,1912,"U",6880.52516472191
55,1912,"V",0.402287080949935
55,1913,"U",8086.42830134132
55,1913,"V",0.472793218363155
55,1914,"U",9503.68192939806
55,1914,"V",0.555656489893635
55,1915,"U",11169.3280208991
55,1915,"V",0.653042646909848
55,1916,"U",13126.9006439006
55,1916,"V",0.767497017383267
55,1917,"U",15427.5637882983
55,1917,"V",0.902011031713786
55,1918,"U",18131.4486106498
55,1918,"V",1.06010040808664
55,1919,"U",21309.2250488717
55,1919,"V",1.24589704084926
55,1920,"U",25043.9488831975
55,1920,"V",1.4642569935413
55,1921,"U",29433.2325190497
55,1921,"V",1.72088741913464
55,1922,"U",34591.7962283367
55,1922,"V",2.02249572472497
55,1923,"U",40654.46652957
55,1923,"V",2.37696487931072
55,1924,"U",47779.7000738026
55,1924,"V",2.79355944658192
55,1925,"U",56153.7251382191
55,1925,"V",3.28316772768205
55,1926,"U",65995.4089713442
55,1926,"V",3.85858634269704
55,1927,"U",77561.9782049064
55,1927,"V",4.5348546888158
55,1928,"U",91155.7418436602
55,1928,"V",5.32964801671417
55,1929,"U",107131.992548149
55,1929,"V",6.26373939877696
55,1930,"U",125908.292721932
55,1930,"V",7.36154266337068
55,1931,"U",147975.388108525
55,1931,"V",8.65175048553413
55,1932,"U",173910.03414071
55,1932,"V",10.1680843115116
55,1933,"U",204390.070277357
55,1933,"V",11.9501757174888
55,1934,"U",240212.136317479
55,1934,"V",14.0446022381218
55,1935,"U",282312.493732713
55,1935,"V",16.5061047377218
55,1936,"U",331791.49621419
55,1936,"V",19.3990181418679
55,1937,"U",389942.349006628
55,1937,"V",22.7989529236724
55,1938,"U",458284.908696527
55,1938,"V",26.7947712927789
55,1939,"U",538605.406860836
55,1939,"V",31.4909097376516
55,1940,"U",633003.135810925
55,1940,"V",37.0101086241468
55,1941,"U",743945.316631385
55,1941,"V",43.4966201923792
55,1942,"U",874331.583569123
55,1942,"V",51.1199787975156
55,1943,"U",1027569.77016532
55,1943,"V",60.0794319351801
55,1944,"U",1207664.97791067
55,1944,"V",70.6091478627398
55,1945,"U",1419324.25536162
55,1945,"V",82.9843359251696
55,1946,"U",1668079.62365769
55,1946,"V",97.5284395490532
55,1947,"U",1960432.66388977
55,1947,"V",114.621589904031
55,1948,"U",2304024.44531905
55,1948,"V",134.710541180348
55,1949,"U",2707835.23576628
55,1949,"V",158.320347155335
55,1950,"U",2665850.34595158
55,1951,"U",3443229.52083639
55,1952,"U",2767159.0136856
55,1953,"U",2462016.04304612
55,1954,"U",3016103.75016472
55,1954,"V",49.7705671591898
55,1955,"U",9439681.86551581
55,1956,"U",11779553.8021571
55,1957,"U",8885710.46066992
55,1957,"V",518.397759871258
55,1958,"U",3846486.69638937
55,1959,"U",12842908.0848412
55,1959,"V",601.751536700573
55,1960,"U",8024625.41173451
55,1961,"U",14690701.1888556
55,1961,"V",6007.39542035675
55,1962,"U",13332822.5243217
55,1963,"U",15402333.037556
55,1964,"U",14761729.0570241
55,1965,"U",7039774.06719242
55,1966,"U",7703534.73826659
55,1966,"V",145.154824927689
55,1967,"U",7392848.06264357
55,1968,"U",5548490.73936482
55,1969,"U",5452366.34851374
55,1970,"U",5921355.77670886
55,1971,"U",6846678.73451919
55,1972,"U",4876574.52900169
55,1973,"U",4573659.68024423
55,1974,"U",5077623.89724947
55,1975,"U",6242896.81940996
55,1975,"V",314.295380257138
55,1976,"U",9201504.06178879
55,1976,"V",206.263750689143
55,1977,"U",11690887.9513846
55,1978,"U",8712484.82807178
55,1979,"U",9918574.28483145
55,1980,"U",8141762.13465294
55,1980,"V",25.8964718781333
55,1981,"U",16618430.3312028
55,1981,"V",157.006899210787
55,1982,"U",14454191.6073766
55,1982,"V",289.477031820991
55,1983,"U",15633643.62947
55,1984,"U",15016851.9576633
55,1984,"V",42.9516324872587
55,1985,"U",11975160.8975193
55,1986,"U",12568872.2326614
55,1987,"U",9565561.11234338
55,1988,"U",9301223.66493426
55,1988,"V",28.9702219293136
55,1989,"U",13358097.5543837
55,1989,"V",95.1246343497705
55,1990,"U",11966373.5694377
55,1990,"V",592.862156226917
55,1991,"U",12528492.0907435
55,1991,"V",94.6432914404797
55,1992,"U",14007618.3815219
55,1992,"V",532.713445406182
55,1993,"U",14277706.675037
55,1993,"V",355.242270563945
55,1994,"U",16684906.0788736
55,1994,"V",2717.74359669837
55,1995,"U",16136696.6332457
55,1995,"V",107.133374412698
55,1996,"U",13566147.6931866
55,1996,"V",851.434303448346
55,1997,"U",11390740.808156
55,1997,"V",2092.19826345411
55,1998,"U",14111625.5357933
55,1998,"V",301.098200032273
55,1999,"U",13974704.6206157
55,1999,"V",1350.06294277963
55,2000,"U",10442224.9466219
55,2000,"V",90.7939405970421
55,2001,"U",10686903.1184604
55,2001,"V",84.6125954398966
55,2002,"U",8844505.31227382
55,2002,"V",87.5603118383702
55,2003,"U",9266122.2716498
55,2003,"V",683.660986299461
55,2004,"U",8496062.82842463
55,2004,"V",1813.48005403393
55,2005,"U",11602603.4534938
55,2005,"V",82.4191617006004
55,2006,"U",7968275.93681741
55,2006,"V",86.0757775737766
55,2007,"U",9531683.47757261
55,2007,"V",20.6781108179681
55,2008,"U",11382229.1592057
55,2008,"V",22.7991781989803
55,2009,"U",20542596.2075383
55,2009,"V",23.6170795559691
55,2010,"U",14253117.7901251
55,2010,"V",25.6504000975069
55,2011,"U",10950843.0512012
55,2011,"V",21.4878898400301
55,2012,"U",9694805.60439197
55,2012,"V",20.5518570168286
55,2013,"U",11571912.18001
55,2013,"V",20.6414813663557
55,2014,"U",8536049.56740673
55,2014,"V",21.071124196972
55,2015,"U",10494736.7340679
55,2015,"V",22.3016699394023
55,2016,"U",41927.5666952318
55,2017,"U",14766.7060705993
56,1841,"U",318702.324765174
56,1841,"V",37883.9979962471
56,1842,"U",318702.324765174
56,1842,"V",37883.9979962471
56,1843,"U",318702.324765174
56,1843,"V",37883.9979962471
56,1844,"U",318702.324765174
56,1844,"V",37883.9979962471
56,1845,"U",318702.324765174
56,1845,"V",37883.9979962471
56,1846,"U",318702.324765174
56,1846,"V",37883.9979962471
56,1847,"U",318702.324765174
56,1847,"V",37883.9979962471
56,1848,"U",318702.324765174
56,1848,"V",37883.9979962471
56,1849,"U",318702.324765174
56,1849,"V",37883.9979962471
56,1850,"U",318702.324765174
56,1850,"V",37883.9979962471
56,1851,"U",318702.324765174
56,1851,"V",37883.9979962471
56,1852,"U",318702.324765174
56,1852,"V",37883.9979962471
56,1853,"U",318702.324765174
56,1853,"V",37883.9979962471
56,1854,"U",318702.324765174
56,1854,"V",37883.9979962471
56,1855,"U",318702.324765174
56,1855,"V",37883.9979962471
56,1856,"U",318702.324765174
56,1856,"V",37883.9979962471
56,1857,"U",318702.324765174
56,1857,"V",37883.9979962471
56,1858,"U",318702.324765174
56,1858,"V",37883.9979962471
56,1859,"U",318702.324765174
56,1859,"V",37883.9979962471
56,1860,"U",318702.324765174
56,1860,"V",37883.9979962471
56,1861,"U",318702.324765174
56,1861,"V",37883.9979962471
56,1862,"U",328326.985430701
56,1862,"V",39028.0769596999
56,1863,"U",338242.306332218
56,1863,"V",40206.7065710215
56,1864,"U",348457.065272471
56,1864,"V",41420.9302435655
56,1865,"U",358980.305139719
56,1865,"V",42671.8229012786
56,1866,"U",369821.341913213
56,1866,"V",43960.4919303073
56,1867,"U",380989.772910403
56,1867,"V",45288.0781593394
56,1868,"U",392495.485283232
56,1868,"V",46655.7568695553
56,1869,"U",404348.664770977
56,1869,"V",48064.7388350736
56,1870,"U",416559.804717473
56,1870,"V",49516.2713948244
56,1871,"U",429139.715360605
56,1871,"V",51011.6395567872
56,1872,"U",442099.533402379
56,1872,"V",52552.1671355806
56,1873,"U",455450.731867974
56,1873,"V",54139.217924403
56,1874,"U",469205.130262542
56,1874,"V",55774.1969023674
56,1875,"U",483374.905034757
56,1875,"V",57458.5514782977
56,1876,"U",497972.600356306
56,1876,"V",59193.7727720829
56,1877,"U",513011.139226993
56,1877,"V",60981.3969347349
56,1878,"U",528503.834915158
56,1878,"V",62823.0065083059
56,1879,"U",544464.402743574
56,1879,"V",64720.2318268731
56,1880,"U",560906.972231346
56,1880,"V",66674.7524598396
56,1881,"U",577846.099602432
56,1881,"V",68688.2986988172
56,1882,"U",595296.780671892
56,1882,"V",70762.6530894094
56,1883,"U",613274.464121393
56,1883,"V",72899.6520092633
56,1884,"U",631795.065175531
56,1884,"V",75101.1872937681
56,1885,"U",650874.979691217
56,1885,"V",77369.2079108547
56,1886,"U",670531.098672546
56,1886,"V",79705.72168637
56,1887,"U",690780.823224013
56,1887,"V",82112.797081561
56,1888,"U",711642.079955314
56,1888,"V",84592.5650242331
56,1889,"U",733133.33685131
56,1889,"V",87147.2207952089
56,1890,"U",755273.619621384
56,1890,"V",89779.0259717663
56,1891,"U",778082.528542388
56,1891,"V",92490.3104297525
56,1892,"U",801580.255810353
56,1892,"V",95283.474406174
56,1893,"U",825787.603416135
56,1893,"V",98160.9906240667
56,1894,"U",850726.001560977
56,1894,"V",101125.406481544
56,1895,"U",876417.527628129
56,1895,"V",104179.346306946
56,1896,"U",902884.925727463
56,1896,"V",107325.513682097
56,1897,"U",930151.626830287
56,1897,"V",110566.693835724
56,1898,"U",958241.769512266
56,1898,"V",113905.756109156
56,1899,"U",987180.221322698
56,1899,"V",117345.65649648
56,1900,"U",1016992.60079923
56,1900,"V",120889.440261424
56,1901,"U",1047705.30014731
56,1901,"V",124540.244633243
56,1902,"U",1079345.50860461
56,1902,"V",128301.301584053
56,1903,"U",1111941.236511
56,1903,"V",132175.940690002
56,1904,"U",1145521.34010551
56,1904,"V",136167.592078882
56,1905,"U",1180115.54707204
56,1905,"V",140279.789466733
56,1906,"U",1215754.48285655
56,1906,"V",144516.17328616
56,1907,"U",1252469.69777916
56,1907,"V",148880.493909127
56,1908,"U",1290293.69496483
56,1908,"V",153376.61496707
56,1909,"U",1329259.95911762
56,1909,"V",158008.516771278
56,1910,"U",1369402.98616397
56,1910,"V",162780.299836581
56,1911,"U",1410758.31379109
56,1911,"V",167696.188511427
56,1912,"U",1453362.5529077
56,1912,"V",172760.534717607
56,1913,"U",1497253.42005475
56,1913,"V",177977.821802907
56,1914,"U",1542469.77079503
56,1914,"V",183352.668510111
56,1915,"U",1589051.63411115
56,1915,"V",188889.833065875
56,1916,"U",1637040.24784214
56,1916,"V",194594.217393059
56,1917,"U",1686478.09519045
56,1917,"V",200470.871450296
56,1918,"U",1737408.94233133
56,1918,"V",206524.997702603
56,1919,"U",1789877.87715794
56,1919,"V",212761.955726995
56,1920,"U",1843931.3491967
56,1920,"V",219187.266957202
56,1921,"U",1899617.21072792
56,1921,"V",225806.619571659
56,1922,"U",1956984.7591483
56,1922,"V",232625.873529121
56,1923,"U",2016084.78061281
56,1923,"V",239651.06575635
56,1924,"U",2076969.59499449
56,1924,"V",246888.41549246
56,1925,"U",2139693.10220195
56,1925,"V",254344.329794673
56,1926,"U",2204310.82989579
56,1926,"V",262025.409210328
56,1927,"U",2270879.98264584
56,1927,"V",269938.453620197
56,1928,"U",2339459.49257323
56,1928,"V",278090.468258267
56,1929,"U",2410110.07152134
56,1929,"V",286488.669913294
56,1930,"U",2482894.26480281
56,1930,"V",295140.493317675
56,1931,"U",2557876.50656941
56,1931,"V",304053.597729237
56,1932,"U",2635123.17685396
56,1932,"V",313235.873711795
56,1933,"U",2714702.66033522
56,1933,"V",322695.450120495
56,1934,"U",2796685.40687711
56,1934,"V",332440.70129809
56,1935,"U",2881143.99389641
56,1935,"V",342480.254488555
56,1936,"U",2968153.19061379
56,1936,"V",352822.997474585
56,1937,"U",3057790.02424534
56,1937,"V",363478.086445741
56,1938,"U",3150133.84819292
56,1938,"V",374454.954104218
56,1939,"U",3245266.4122939
56,1939,"V",385763.318015385
56,1940,"U",3343271.93519236
56,1940,"V",397413.189210526
56,1941,"U",3444237.17889592
56,1941,"V",409414.881049375
56,1942,"U",3548251.52558417
56,1942,"V",421779.018350294
56,1943,"U",3655407.05673648
56,1943,"V",434516.546796162
56,1944,"U",3765798.6346498
56,1944,"V",447638.742624362
56,1945,"U",3879523.98641788
56,1945,"V",461157.222609339
56,1946,"U",3996683.79044679
56,1946,"V",475083.954346684
56,1947,"U",4117381.76558334
56,1947,"V",489431.266847755
56,1948,"U",4241724.76293479
56,1948,"V",504211.861454275
56,1949,"U",4369822.8604617
56,1949,"V",519438.823082523
56,1950,"U",4613073.90916583
56,1950,"V",459130.006879049
56,1951,"U",5905631.65206769
56,1951,"V",478347.504313114
56,1952,"U",4502905.81647212
56,1952,"V",398315.791478718
56,1953,"U",5336708.56754223
56,1953,"V",382794.46059356
56,1954,"U",6006241.11601671
56,1954,"V",361099.058357003
56,1955,"U",5111512.53398559
56,1955,"V",418444.877723786
56,1956,"U",4632677.65613596
56,1956,"V",308058.333887933
56,1957,"U",4740639.14806668
56,1957,"V",399359.662868843
56,1958,"U",5605379.36675092
56,1958,"V",448340.847445485
56,1959,"U",5481207.27587756
56,1959,"V",630464.225067311
56,1960,"U",5416952.51537935
56,1960,"V",833001.101627266
56,1961,"U",6374180.65175594
56,1961,"V",900238.649978285
56,1962,"U",6285335.48252847
56,1962,"V",1139208.71377749
56,1963,"U",5483770.57258268
56,1963,"V",1001488.97434467
56,1964,"U",5649474.28153528
56,1964,"V",1197851.65569105
56,1965,"U",6907122.2576831
56,1965,"V",1197979.3965222
56,1966,"U",7120916.54085568
56,1966,"V",1469668.99568072
56,1967,"U",6396699.67114856
56,1967,"V",1437211.5657111
56,1968,"U",7769565.68214325
56,1968,"V",1240030.34377506
56,1969,"U",7216400.53321816
56,1969,"V",1236448.24340575
56,1970,"U",9839416.20093143
56,1970,"V",878466.876412629
56,1971,"U",9167791.14258409
56,1971,"V",1152262.51756871
56,1972,"U",6990874.75806237
56,1972,"V",1731902.546971
56,1973,"U",6846249.31126949
56,1973,"V",1857179.14253958
56,1974,"U",7842471.72924316
56,1974,"V",1794944.4122581
56,1975,"U",6020993.49724421
56,1975,"V",1760160.746632
56,1976,"U",6521820.25361557
56,1976,"V",1995275.67336274
56,1977,"U",7348841.20243417
56,1977,"V",2560732.9192762
56,1978,"U",7427305.2102038
56,1978,"V",2368246.0619582
56,1979,"U",7646241.9957238
56,1979,"V",2121363.31012806
56,1980,"U",8486200.27341923
56,1980,"V",2320490.65955628
56,1981,"U",10409249.1788496
56,1981,"V",1452514.56117589
56,1982,"U",11087797.141774
56,1982,"V",924962.058165446
56,1983,"U",12078141.722844
56,1983,"V",1219074.40468115
56,1984,"U",15411093.4900903
56,1984,"V",827383.482111505
56,1985,"U",16319231.5088636
56,1985,"V",812232.040683303
56,1986,"U",18426014.5296947
56,1986,"V",1068554.48121225
56,1987,"U",15393315.2970951
56,1987,"V",1023353.09242591
56,1988,"U",17322099.3621484
56,1988,"V",1237572.35992789
56,1989,"U",20312810.3377496
56,1989,"V",2016332.34653173
56,1990,"U",21768296.1773934
56,1990,"V",1948991.06644912
56,1991,"U",17973704.8315483
56,1991,"V",2411184.79991875
56,1992,"U",19762392.4476187
56,1992,"V",2425906.37947663
56,1993,"U",22137641.2735052
56,1993,"V",2972682.35459911
56,1994,"U",20408212.1996194
56,1994,"V",2006594.74264791
56,1995,"U",20654455.3474671
56,1995,"V",1625011.26980647
56,1996,"U",20159930.3912589
56,1996,"V",1729302.42773691
56,1997,"U",17890122.1476224
56,1997,"V",1537895.00218912
56,1998,"U",21514839.2113543
56,1998,"V",1760655.03439232
56,1999,"U",16489709.2549318
56,1999,"V",3318121.03856855
56,2000,"U",15404737.0197574
56,2000,"V",1682120.82334403
56,2001,"U",17887998.4886039
56,2001,"V",1850731.42526852
56,2002,"U",15456649.0273703
56,2002,"V",2021621.25506104
56,2003,"U",16058915.4817848
56,2003,"V",1195705.54801472
56,2004,"U",20111085.3019801
56,2004,"V",1307154.36314761
56,2005,"U",18368381.2458274
56,2005,"V",1509552.09705912
56,2006,"U",15211163.3498589
56,2006,"V",2017370.86213636
56,2007,"U",18255785.5374759
56,2007,"V",2094965.3501163
56,2008,"U",15202695.2958128
56,2008,"V",1904465.7692441
56,2009,"U",13622598.6407668
56,2009,"V",1661639.20279632
56,2010,"U",15727393.9656007
56,2010,"V",1901487.93945863
56,2011,"U",13008373.8611816
56,2011,"V",2081449.15384512
56,2012,"U",13352074.8563042
56,2012,"V",1614523.34590662
56,2013,"U",14100754.420443
56,2013,"V",2212196.37957234
56,2014,"U",16389709.3431759
56,2014,"V",2245090.36409078
56,2015,"U",16614853.5798694
56,2015,"V",2196073.54813419
56,2016,"U",11728544.3170629
56,2016,"V",1627841.33087396
56,2017,"U",9241908.33814361
56,2017,"V",1520638.81953836
57,1841,"U",106597.594095585
57,1841,"V",546.50658184785
57,1842,"U",106597.594095585
57,1842,"V",546.50658184785
57,1843,"U",106597.594095585
57,1843,"V",546.50658184785
57,1844,"U",106597.594095585
57,1844,"V",546.50658184785
57,1845,"U",106597.594095585
57,1845,"V",546.50658184785
57,1846,"U",106597.594095585
57,1846,"V",546.50658184785
57,1847,"U",106597.594095585
57,1847,"V",546.50658184785
57,1848,"U",106597.594095585
57,1848,"V",546.50658184785
57,1849,"U",106597.594095585
57,1849,"V",546.50658184785
57,1850,"U",106597.594095585
57,1850,"V",546.50658184785
57,1851,"U",106597.594095585
57,1851,"V",546.50658184785
57,1852,"U",106597.594095585
57,1852,"V",546.50658184785
57,1853,"U",106597.594095585
57,1853,"V",546.50658184785
57,1854,"U",106597.594095585
57,1854,"V",546.50658184785
57,1855,"U",106597.594095585
57,1855,"V",546.50658184785
57,1856,"U",106597.594095585
57,1856,"V",546.50658184785
57,1857,"U",106597.594095585
57,1857,"V",546.50658184785
57,1858,"U",106597.594095585
57,1858,"V",546.50658184785
57,1859,"U",106597.594095585
57,1859,"V",546.50658184785
57,1860,"U",106597.594095585
57,1860,"V",546.50658184785
57,1861,"U",106597.594095585
57,1861,"V",546.50658184785
57,1862,"U",108904.023427822
57,1862,"V",558.331227810347
57,1863,"U",111260.356477959
57,1863,"V",570.411721107135
57,1864,"U",113667.673002071
57,1864,"V",582.753597452289
57,1865,"U",116127.076118653
57,1865,"V",595.362512334774
57,1866,"U",118639.692814175
57,1866,"V",608.244243610363
57,1867,"U",121206.674459464
57,1867,"V",621.404694149002
57,1868,"U",123829.197337285
57,1868,"V",634.84989453965
57,1869,"U",126508.46318141
57,1869,"V",648.586005853957
57,1870,"U",129245.699727266
57,1870,"V",662.619322469372
57,1871,"U",132042.161274506
57,1871,"V",676.956274953314
57,1872,"U",134899.129261815
57,1872,"V",691.603433010118
57,1873,"U",137817.912854111
57,1873,"V",706.567508491492
57,1874,"U",140799.849542378
57,1874,"V",721.855358471767
57,1875,"U",143846.305756652
57,1875,"V",737.473988390554
57,1876,"U",146958.677492123
57,1876,"V",753.430555262661
57,1877,"U",150138.390948789
57,1877,"V",769.732370957487
57,1878,"U",153386.90318509
57,1878,"V",786.386905550075
57,1879,"U",156705.702785483
57,1879,"V",803.401790743664
57,1880,"U",160096.310542637
57,1880,"V",820.784823367152
57,1881,"U",163560.280154259
57,1881,"V",838.543968947635
57,1882,"U",167099.198935096
57,1882,"V",856.68736536067
57,1883,"U",170714.688544291
57,1883,"V",875.223326559344
57,1884,"U",174408.405728462
57,1884,"V",894.160346383863
57,1885,"U",178182.043080932
57,1885,"V",913.507102454005
57,1886,"U",182037.329817246
57,1886,"V",933.272460145071
57,1887,"U",185976.032567674
57,1887,"V",953.465476650877
57,1888,"U",189999.956186655
57,1888,"V",974.095405133637
57,1889,"U",194110.944579891
57,1889,"V",995.171698964328
57,1890,"U",198310.881549256
57,1890,"V",1016.70401605439
57,1891,"U",202601.691656072
57,1891,"V",1038.70222328158
57,1892,"U",206985.341102962
57,1892,"V",1061.17640101106
57,1893,"U",211463.838634863
57,1893,"V",1084.13684771475
57,1894,"U",216039.236459496
57,1894,"V",1107.5940846904
57,1895,"U",220713.631187742
57,1895,"V",1131.55886088273
57,1896,"U",225489.164794444
57,1896,"V",1156.04215780928
57,1897,"U",230368.025599863
57,1897,"V",1181.05519459217
57,1898,"U",235352.449272476
57,1898,"V",1206.60943309927
57,1899,"U",240444.719853457
57,1899,"V",1232.7165831965
57,1900,"U",245647.170803285
57,1900,"V",1259.38860811361
57,1901,"U",250962.186071032
57,1901,"V",1286.63772992625
57,1902,"U",256392.201186738
57,1902,"V",1314.47643515637
57,1903,"U",261939.704377521
57,1903,"V",1342.91748049428
57,1904,"U",267607.237707712
57,1904,"V",1371.97389864396
57,1905,"U",273397.398243748
57,1905,"V",1401.65900429524
57,1906,"U",279312.839244247
57,1906,"V",1431.98640022508
57,1907,"U",285356.27137581
57,1907,"V",1462.9699835308
57,1908,"U",291530.46395514
57,1908,"V",1494.62395199818
57,1909,"U",297838.246218076
57,1909,"V",1526.96281060756
57,1910,"U",304282.50861601
57,1910,"V",1560.00137818037
57,1911,"U",310866.204140416
57,1911,"V",1593.7547941697
57,1912,"U",317592.349676014
57,1912,"V",1628.23852559777
57,1913,"U",324464.02738322
57,1913,"V",1663.46837414349
57,1914,"U",331484.386110472
57,1914,"V",1699.46048338317
57,1915,"U",338656.642837199
57,1915,"V",1736.23134618843
57,1916,"U",345984.084147901
57,1916,"V",1773.79781228345
57,1917,"U",353470.067738222
57,1917,"V",1812.17709596641
57,1918,"U",361118.023953533
57,1918,"V",1851.38678399749
57,1919,"U",368931.457360859
57,1919,"V",1891.44484365786
57,1920,"U",376913.948354794
57,1920,"V",1932.36963098294
57,1921,"U",385069.154798162
57,1921,"V",1974.17989917372
57,1922,"U",393400.813698187
57,1922,"V",2016.89480719024
57,1923,"U",401912.742918904
57,1923,"V",2060.53392853076
57,1924,"U",410608.842930675
57,1924,"V",2105.11726020125
57,1925,"U",419493.098597491
57,1925,"V",2150.66523187855
57,1926,"U",428569.581002994
57,1926,"V",2197.19871527205
57,1927,"U",437842.449315997
57,1927,"V",2244.73903368787
57,1928,"U",447315.952696352
57,1928,"V",2293.30797179992
57,1929,"U",456994.43224208
57,1929,"V",2342.92778563246
57,1930,"U",466882.322978606
57,1930,"V",2393.62121275858
57,1931,"U",476984.15589105
57,1931,"V",2445.41148271934
57,1932,"U",487304.560000496
57,1932,"V",2498.32232766847
57,1933,"U",497848.264485154
57,1933,"V",2552.37799324716
57,1934,"U",508620.100847464
57,1934,"V",2607.60324969443
57,1935,"U",519625.00512804
57,1935,"V",2664.02340319759
57,1936,"U",530868.020167555
57,1936,"V",2721.66430748854
57,1937,"U",542354.297917546
57,1937,"V",2780.55237569085
57,1938,"U",554089.101801224
57,1938,"V",2840.71459242318
57,1939,"U",566077.80912536
57,1939,"V",2902.17852616462
57,1940,"U",578325.91354436
57,1940,"V",2964.97234188753
57,1941,"U",590839.027577661
57,1941,"V",3029.12481396376
57,1942,"U",603622.88518157
57,1942,"V",3094.66533935008
57,1943,"U",616683.344376792
57,1943,"V",3161.62395105893
57,1944,"U",630026.389932766
57,1944,"V",3230.03133192062
57,1945,"U",643658.136110109
57,1945,"V",3299.91882864326
57,1946,"U",657584.829462383
57,1946,"V",3371.31846617701
57,1947,"U",671812.851698497
57,1947,"V",3444.26296238901
57,1948,"U",686348.722607027
57,1948,"V",3518.78574305589
57,1949,"U",701199.103043822
57,1949,"V",3594.92095718066
57,1950,"U",774020.26622559
57,1950,"V",450.254813939872
57,1951,"U",670969.244104219
57,1951,"V",2580.40177895981
57,1952,"U",780222.68466256
57,1952,"V",5108.11285451419
57,1953,"U",696856.187000968
57,1953,"V",2921.34463329232
57,1954,"U",866542.563170482
57,1954,"V",781.386716791887
57,1955,"U",561036.2319084
57,1955,"V",65.9424720136548
57,1956,"U",543972.26051112
57,1957,"U",542432.224974019
57,1958,"U",576000.208103997
57,1958,"V",3.23875228505175
57,1959,"U",535757.47839169
57,1960,"U",538535.401694075
57,1960,"V",2551.57191839769
57,1961,"U",501704.472681159
57,1961,"V",334.863691561063
57,1962,"U",445449.45604647
57,1962,"V",958.049373416246
57,1963,"U",409538.069473133
57,1963,"V",976.077049622527
57,1964,"U",405836.085986906
57,1964,"V",1329.3432731331
57,1965,"U",307269.044077101
57,1966,"U",266308.174503103
57,1967,"U",278252.08132445
57,1968,"U",244673.369966512
57,1969,"U",235944.106514865
57,1969,"V",2.15736098609045
57,1970,"U",201949.068916276
57,1971,"U",209978.031130507
57,1972,"U",184005.873684359
57,1973,"U",171131.047796483
57,1973,"V",13599.0051433279
57,1974,"U",172169.651127104
57,1974,"V",68.5289409424748
57,1975,"U",155200.652115096
57,1975,"V",84.7378989747204
57,1976,"U",158736.642468508
57,1977,"U",155325.97812879
57,1978,"U",161173.423542639
57,1979,"U",154093.572264075
57,1980,"U",151007.099361139
57,1980,"V",0.0169423101845614
57,1981,"U",133733.112275904
57,1981,"V",797.957824141304
57,1982,"U",107063.070800474
57,1983,"U",110355.28103848
57,1983,"V",11.6261880232164
57,1984,"U",110153.476703954
57,1985,"U",105115.080689818
57,1985,"V",0.651520545616283
57,1986,"U",137766.0963674
57,1986,"V",47.1183150366693
57,1987,"U",95686.3030104387
57,1988,"U",90185.457302514
57,1989,"U",81415.5004172972
57,1989,"V",331.812749190593
57,1990,"U",75681.7405125082
57,1991,"U",82571.0684329694
57,1991,"V",876.67362479744
57,1992,"U",78530.3810306515
57,1993,"U",78365.436054176
57,1994,"U",79992.0770749968
57,1995,"U",67047.3455032935
57,1996,"U",64557.4713728233
57,1997,"U",67300.8254445281
57,1998,"U",55315.3515194485
57,1999,"U",55028.5064025976
57,2000,"U",56371.5162802782
57,2001,"U",52015.2347296735
57,2002,"U",64973.1553162241
57,2002,"V",1808.43836311315
57,2003,"U",59415.6044622227
57,2004,"U",60012.8986540851
57,2005,"U",249088.763424049
57,2005,"V",2504.61936578901
57,2006,"U",40869.3723535789
57,2007,"U",44852.9371144712
57,2008,"U",37512.0216031959
57,2009,"U",65477.3611280409
57,2010,"U",97614.1141490029
57,2011,"U",290584.021090441
57,2011,"V",0.986386996229341
57,2012,"U",209724.127044768
57,2013,"U",30292.2297680862
57,2014,"U",28257.8183662328
58,1841,"U",45.2492361063377
58,1841,"V",0.443864675773623
58,1842,"U",45.2492361063377
58,1842,"V",0.443864675773623
58,1843,"U",45.2492361063377
58,1843,"V",0.443864675773623
58,1844,"U",45.2492361063377
58,1844,"V",0.443864675773623
58,1845,"U",45.2492361063377
58,1845,"V",0.443864675773623
58,1846,"U",45.2492361063377
58,1846,"V",0.443864675773623
58,1847,"U",45.2492361063377
58,1847,"V",0.443864675773623
58,1848,"U",45.2492361063377
58,1848,"V",0.443864675773623
58,1849,"U",45.2492361063377
58,1849,"V",0.443864675773623
58,1850,"U",45.2492361063377
58,1850,"V",0.443864675773623
58,1851,"U",45.2492361063377
58,1851,"V",0.443864675773623
58,1852,"U",45.2492361063377
58,1852,"V",0.443864675773623
58,1853,"U",45.2492361063377
58,1853,"V",0.443864675773623
58,1854,"U",45.2492361063377
58,1854,"V",0.443864675773623
58,1855,"U",45.2492361063377
58,1855,"V",0.443864675773623
58,1856,"U",45.2492361063377
58,1856,"V",0.443864675773623
58,1857,"U",45.2492361063377
58,1857,"V",0.443864675773623
58,1858,"U",45.2492361063377
58,1858,"V",0.443864675773623
58,1859,"U",45.2492361063377
58,1859,"V",0.443864675773623
58,1860,"U",45.2492361063377
58,1860,"V",0.443864675773623
58,1861,"U",45.2492361063377
58,1861,"V",0.443864675773623
58,1862,"U",51.077743279179
58,1862,"V",0.501038424308023
58,1863,"U",57.6570144166028
58,1863,"V",0.565576664100104
58,1864,"U",65.0837546448304
58,1864,"V",0.63842800761694
58,1865,"U",73.467125579751
58,1865,"V",0.720663257139692
58,1866,"U",82.9303498299613
58,1866,"V",0.81349114386294
58,1867,"U",93.6125221813211
58,1867,"V",0.918276094401147
58,1868,"U",105.670654074138
58,1868,"V",1.03655828573943
58,1869,"U",119.281981430173
58,1869,"V",1.17007628346953
58,1870,"U",134.646569746158
58,1870,"V",1.32079259601111
58,1871,"U",151.990254747399
58,1871,"V",1.49092252045236
58,1872,"U",171.56796182599
58,1872,"V",1.682966704014
58,1873,"U",193.667453049029
58,1873,"V",1.8997478996882
58,1874,"U",218.613556815821
58,1874,"V",2.14445245634063
58,1875,"U",246.772942336294
58,1875,"V",2.42067715314338
58,1876,"U",278.559509100347
58,1876,"V",2.73248206665675
58,1877,"U",314.440470562318
58,1877,"V",3.08445024769601
58,1878,"U",354.943221456336
58,1878,"V",3.48175508509182
58,1879,"U",400.663089686094
58,1879,"V",3.93023634653288
58,1880,"U",452.272086724681
58,1880,"V",4.43648601412287
58,1881,"U",510.528785146176
58,1881,"V",5.00794517634455
58,1882,"U",576.289468470893
58,1882,"V",5.65301340056787
58,1883,"U",650.520717211488
58,1883,"V",6.38117219372593
58,1884,"U",734.313616113914
58,1884,"V",7.20312436582566
58,1885,"U",828.899791419039
58,1885,"V",8.13095134473452
58,1886,"U",935.669513866581
58,1886,"V",9.17829075451472
58,1887,"U",1056.19213352688
58,1887,"V",10.3605368674256
58,1888,"U",1192.23914682658
58,1888,"V",11.6950668759838
58,1889,"U",1345.81023480991
58,1889,"V",13.2014963108528
58,1890,"U",1519.16265536139
58,1890,"V",14.9019673588464
58,1891,"U",1714.84442141368
58,1891,"V",16.8214743189085
58,1892,"U",1935.73175280106
58,1892,"V",18.9882309796919
58,1893,"U",2185.07135225353
58,1893,"V",21.4340853187222
58,1894,"U",2466.52812691139
58,1894,"V",24.1949876184695
58,1895,"U",2784.23905680266
58,1895,"V",27.3115188800033
58,1896,"U",3142.87400206214
58,1896,"V",30.8294873010524
58,1897,"U",3547.70434266583
58,1897,"V",34.8006015857909
58,1898,"U",4004.6804595769
58,1898,"V",39.2832309829447
58,1899,"U",4520.51919615865
58,1899,"V",44.3432632236273
58,1900,"U",5102.80258540252
58,1900,"V",50.0550729692708
58,1901,"U",5760.08929410485
58,1901,"V",56.5026150042977
58,1902,"U",6502.04042205632
58,1902,"V",63.7806582418481
58,1903,"U",7339.56150529192
58,1903,"V",71.9961786804767
58,1904,"U",8284.95794145285
58,1904,"V",81.2698840227716
58,1905,"U",9352.09348040303
58,1905,"V",91.7377683620676
58,1906,"U",10556.5859658233
58,1906,"V",103.553032276279
58,1907,"U",11916.0365508024
58,1907,"V",116.888331279204
58,1908,"U",13450.2909939485
58,1908,"V",131.938338960238
58,1909,"U",15181.7375254464
58,1909,"V",148.922668850727
58,1910,"U",17135.6463462987
58,1910,"V",168.089204683967
58,1911,"U",19340.5564615181
58,1911,"V",189.717894969521
58,1912,"U",21828.7162509641
58,1912,"V",214.125074697814
58,1913,"U",24636.5849465237
58,1913,"V",241.668384495146
58,1914,"U",27805.4029997852
58,1914,"V",272.752365548243
58,1915,"U",31381.8316309727
58,1915,"V",307.834733150626
58,1916,"U",35418.6467923456
58,1916,"V",347.433184018394
58,1917,"U",39975.5454875054
58,1917,"V",392.133305742151
58,1918,"U",45120.0701046657
58,1918,"V",442.59764387681
58,1919,"U",50928.6590202458
58,1919,"V",499.576007658626
58,1920,"U",57487.8316695786
58,1920,"V",563.917094754494
58,1921,"U",64895.491793781
58,1921,"V",636.581275240181
58,1922,"U",73262.3843846573
58,1922,"V",718.654883253242
58,1923,"U",82713.7186814454
58,1923,"V",811.366137503219
58,1924,"U",93390.9648781467
58,1924,"V",916.102765766215
58,1925,"U",105453.832597778
58,1925,"V",1034.43141239113
58,1926,"U",119082.43559616
58,1926,"V",1168.11887259285
58,1927,"U",134479.641811148
58,1927,"V",1319.15514485995
58,1928,"U",151873.600284468
58,1928,"V",1489.77821836414
58,1929,"U",171520.426086253
58,1929,"V",1682.50041027025
58,1930,"U",193707.010531316
58,1930,"V",1900.13593207417
58,1931,"U",218753.906004687
58,1931,"V",2145.82918780775
58,1932,"U",247018.211910011
58,1932,"V",2423.08308325807
58,1933,"U",278896.359955333
58,1933,"V",2735.78634775403
58,1934,"U",314826.662656301
58,1934,"V",3088.23853327456
58,1935,"U",355291.448263378
58,1935,"V",3485.1709566535
58,1936,"U",400818.558392553
58,1936,"V",3931.76139033302
58,1937,"U",451981.9321231
58,1937,"V",4433.63979197113
58,1938,"U",509400.94369197
58,1938,"V",4996.88180766758
58,1939,"U",573738.102690375
58,1939,"V",5627.98621243394
58,1940,"U",645696.090795496
58,1940,"V",6333.84584251792
58,1941,"U",726018.097948035
58,1941,"V",7121.75089307976
58,1942,"U",815484.800955632
58,1942,"V",7999.35928031703
58,1943,"U",914908.661090362
58,1943,"V",8974.64070471841
58,1944,"U",1025126.26170088
58,1944,"V",10055.8014881749
58,1945,"U",1146988.44202556
58,1945,"V",11251.1877932998
58,1946,"U",1281347.99763322
58,1946,"V",12569.164972997
58,1947,"U",1429042.2782905
58,1947,"V",14017.946867204
58,1948,"U",1590863.45984026
58,1948,"V",15605.3041899463
58,1949,"U",1767529.4262603
58,1949,"V",17338.2789018505
58,1950,"U",2839959.27262153
58,1951,"U",1843787.20624747
58,1951,"V",11132.1745963987
58,1952,"U",1748757.3509912
58,1952,"V",2328.23188856077
58,1953,"U",2153060.7965407
58,1953,"V",10501.7380496004
58,1954,"U",1517816.79955772
58,1954,"V",41289.6914193943
58,1955,"U",2156191.09083213
58,1955,"V",23973.491731892
58,1956,"U",1546146.09649995
58,1956,"V",6566.26312183753
58,1957,"U",1530525.49246433
58,1957,"V",29798.2771586078
58,1958,"U",2073970.76825826
58,1958,"V",54652.7710174254
58,1959,"U",1905494.5379961
58,1959,"V",54495.4667393091
58,1960,"U",3378097.22198255
58,1960,"V",36700.3325907242
58,1961,"U",2754002.71186058
58,1961,"V",50014.9197001235
58,1962,"U",2732981.50380064
58,1962,"V",13.323122873645
58,1963,"U",2259251.79159806
58,1963,"V",57748.0554748903
58,1964,"U",1798022.86737747
58,1964,"V",124815.747511925
58,1965,"U",1388975.24714539
58,1965,"V",25212.0766952851
58,1966,"U",1704597.25907194
58,1966,"V",25847.4602531207
58,1967,"U",1535301.98855473
58,1967,"V",12179.5992640563
58,1968,"U",2053713.98236268
58,1968,"V",8220.94023600371
58,1969,"U",2089766.23695762
58,1969,"V",29163.2056617858
58,1970,"U",3360017.12846066
58,1970,"V",6666.95813775268
58,1971,"U",2124460.45928518
58,1971,"V",5002.96416807109
58,1972,"U",1638555.64035029
58,1972,"V",8711.0064393602
58,1973,"U",3509324.36756435
58,1973,"V",7865.52374444302
58,1974,"U",2032688.7731279
58,1974,"V",26693.6506109378
58,1975,"U",4570606.70529618
58,1975,"V",10585.0791187984
58,1976,"U",2319553.67836393
58,1976,"V",6831.33740877403
58,1977,"U",3098623.6838551
58,1977,"V",55250.4129429358
58,1978,"U",2318815.67744714
58,1978,"V",54552.9574779005
58,1979,"U",2180662.3163951
58,1979,"V",33678.2373092264
58,1980,"U",2496571.48910943
58,1980,"V",97501.038387076
58,1981,"U",2434748.64769482
58,1981,"V",42062.820763145
58,1982,"U",1811347.47691763
58,1982,"V",60635.4924648044
58,1983,"U",1319744.132981
58,1983,"V",67612.3932210842
58,1984,"U",846076.536774311
58,1984,"V",332294.43536973
58,1985,"U",914878.348930563
58,1985,"V",226886.548002212
58,1986,"U",849828.021216308
58,1986,"V",127554.648021993
58,1987,"U",801477.818616884
58,1987,"V",70065.8558354389
58,1988,"U",767984.86592217
58,1988,"V",259471.901987129
58,1989,"U",639119.201557471
58,1989,"V",229569.44393423
58,1990,"U",338622.126833825
58,1990,"V",196626.744684511
58,1991,"U",553984.841252642
58,1991,"V",124098.278554944
58,1992,"U",463214.959263857
58,1992,"V",95647.550120025
58,1993,"U",1158436.94064564
58,1993,"V",154934.429305723
58,1994,"U",1197484.22231457
58,1994,"V",56011.1621650669
58,1995,"U",923169.571183263
58,1995,"V",807269.848637432
58,1996,"U",1583885.33625942
58,1996,"V",123278.879988025
58,1997,"U",1095816.87717308
58,1997,"V",793089.188451816
58,1998,"U",1136712.02055989
58,1998,"V",357974.80674274
58,1999,"U",703726.372846177
58,1999,"V",438059.522041113
58,2000,"U",367864.65800256
58,2000,"V",189961.976317614
58,2001,"U",557896.905083161
58,2001,"V",151990.687405313
58,2002,"U",691680.83871645
58,2002,"V",192926.992701805
58,2003,"U",368435.523937017
58,2003,"V",177199.721371578
58,2004,"U",1418585.68546118
58,2004,"V",79093.831145531
58,2005,"U",750779.07353637
58,2005,"V",93595.7831776121
58,2006,"U",401726.175964398
58,2006,"V",23972.8443645629
58,2007,"U",479458.13600797
58,2007,"V",58115.0525341857
58,2008,"U",423831.771356097
58,2008,"V",100079.245949557
58,2009,"U",771574.144799413
58,2009,"V",38492.8554769789
58,2010,"U",666000.383877964
58,2010,"V",65027.2594404279
58,2011,"U",762052.859483556
58,2011,"V",30534.9636129609
58,2012,"U",1069793.3078397
58,2012,"V",54860.246069606
58,2013,"U",592980.63820832
58,2013,"V",24588.0136635175
58,2014,"U",663447.391263654
58,2014,"V",42293.0483803782
58,2015,"U",640341.173302338
58,2015,"V",24315.5059206498
58,2016,"U",543278.458460396
58,2016,"V",18174.1853489833
58,2017,"U",573910.321246454
58,2017,"V",46324.4704413844
59,1841,"U",8878713.29769629
59,1841,"V",43493.0949907177
59,1842,"U",8878713.29769629
59,1842,"V",43493.0949907177
59,1843,"U",8878713.29769629
59,1843,"V",43493.0949907177
59,1844,"U",8878713.29769629
59,1844,"V",43493.0949907177
59,1845,"U",8878713.29769629
59,1845,"V",43493.0949907177
59,1846,"U",8878713.29769629
59,1846,"V",43493.0949907177
59,1847,"U",8878713.29769629
59,1847,"V",43493.0949907177
59,1848,"U",8878713.29769629
59,1848,"V",43493.0949907177
59,1849,"U",8878713.29769629
59,1849,"V",43493.0949907177
59,1850,"U",8878713.29769629
59,1850,"V",43493.0949907177
59,1851,"U",8878713.29769629
59,1851,"V",43493.0949907177
59,1852,"U",8878713.29769629
59,1852,"V",43493.0949907177
59,1853,"U",8878713.29769629
59,1853,"V",43493.0949907177
59,1854,"U",8878713.29769629
59,1854,"V",43493.0949907177
59,1855,"U",8878713.29769629
59,1855,"V",43493.0949907177
59,1856,"U",8878713.29769629
59,1856,"V",43493.0949907177
59,1857,"U",8878713.29769629
59,1857,"V",43493.0949907177
59,1858,"U",8878713.29769629
59,1858,"V",43493.0949907177
59,1859,"U",8878713.29769629
59,1859,"V",43493.0949907177
59,1860,"U",8878713.29769629
59,1860,"V",43493.0949907177
59,1861,"U",8878713.29769629
59,1861,"V",43493.0949907177
59,1862,"U",9119938.38653582
59,1862,"V",44674.7555930221
59,1863,"U",9367717.30153635
59,1863,"V",45888.5206426955
59,1864,"U",9622228.10310415
59,1864,"V",47135.2623830357
59,1865,"U",9883653.68935533
59,1865,"V",48415.8767552529
59,1866,"U",10152181.9275509
59,1866,"V",49731.2840423158
59,1867,"U",10428005.7891036
59,1867,"V",51082.4295302918
59,1868,"U",10711323.4882514
59,1868,"V",52470.2841876535
59,1869,"U",11002338.6245002
59,1869,"V",53895.8453630425
59,1870,"U",11301260.3289353
59,1870,"V",55360.1375019899
59,1871,"U",11608303.4145088
59,1871,"V",56864.2128831103
59,1872,"U",11923688.5304093
59,1872,"V",58409.1523742953
59,1873,"U",12247642.3206269
59,1873,"V",59996.0662094556
59,1874,"U",12580397.5868247
59,1874,"V",61626.0947863618
59,1875,"U",12922193.4556367
59,1875,"V",63300.4094861657
59,1876,"U",13273275.5505104
59,1876,"V",65020.2135151847
59,1877,"U",13633896.1682181
59,1877,"V",66786.7427695577
59,1878,"U",14004314.4601638
59,1878,"V",68601.2667233915
59,1879,"U",14384796.6186166
59,1879,"V",70465.0893410398
59,1880,"U",14775616.068003
59,1880,"V",72379.5500141638
59,1881,"U",15177053.6613971
59,1881,"V",74346.024524256
59,1882,"U",15589397.882349
59,1882,"V",76365.9260313118
59,1883,"U",16012945.0521964
59,1883,"V",78440.706089364
59,1884,"U",16447999.5430089
59,1884,"V",80571.8556896057
59,1885,"U",16894873.996318
59,1885,"V",82760.906331858
59,1886,"U",17353889.547789
59,1886,"V",85009.4311251438
59,1887,"U",17825376.0579981
59,1887,"V",87319.0459181666
59,1888,"U",18309672.3494783
59,1888,"V",89691.4104605003
59,1889,"U",18807126.4502062
59,1889,"V",92128.2295953283
59,1890,"U",19318095.8437045
59,1890,"V",94631.2544845919
59,1891,"U",19842947.7259383
59,1891,"V",97202.2838674162
59,1892,"U",20382059.2691919
59,1892,"V",99843.1653527337
59,1893,"U",20935817.8931156
59,1893,"V",102555.796747025
59,1894,"U",21504621.543134
59,1894,"V",105342.127418129
59,1895,"U",22088878.9764211
59,1895,"V",108204.159696115
59,1896,"U",22689010.0556437
59,1896,"V",111143.950312204
59,1897,"U",23305446.0506853
59,1897,"V",114163.611876791
59,1898,"U",23938629.9485685
59,1898,"V",117265.314397625
59,1899,"U",24589016.7717967
59,1899,"V",120451.28683923
59,1900,"U",25257073.9053447
59,1900,"V",123723.818724698
59,1901,"U",25943281.4325353
59,1901,"V",127085.261781
59,1902,"U",26648132.4800376
59,1902,"V",130538.031629001
59,1903,"U",27372133.5722425
59,1903,"V",134084.609519383
59,1904,"U",28115804.9947171
59,1904,"V",137727.544113066
59,1905,"U",28879681.1658975
59,1905,"V",141469.45330197
59,1906,"U",29664311.0208056
59,1906,"V",145313.026088685
59,1907,"U",30470258.405851
59,1907,"V",149261.024520439
59,1908,"U",31298102.4843835
59,1908,"V",153316.285675731
59,1909,"U",32148438.1532806
59,1909,"V",157481.723705015
59,1910,"U",33021876.4708712
59,1910,"V",161760.331926924
59,1911,"U",33919045.0964969
59,1911,"V",166155.184981494
59,1912,"U",34840588.7420218
59,1912,"V",170669.441041919
59,1913,"U",35787169.6356126
59,1913,"V",175306.344086422
59,1914,"U",36759467.9981157
59,1914,"V",180069.226231815
59,1915,"U",37758182.5319748
59,1915,"V",184961.510128516
59,1916,"U",38784030.9221288
59,1916,"V",189986.711414226
59,1917,"U",39837750.3513765
59,1917,"V",195148.441238494
59,1918,"U",40920098.0300718
59,1918,"V",200450.408857461
59,1919,"U",42031851.7402044
59,1919,"V",205896.424299094
59,1920,"U",43173810.3947875
59,1920,"V",211490.401103383
59,1921,"U",44346794.6140964
59,1921,"V",217236.359145102
59,1922,"U",45551647.316118
59,1922,"V",223138.427526163
59,1923,"U",46789234.3224742
59,1923,"V",229200.847543792
59,1924,"U",48060444.9807479
59,1924,"V",235427.975739029
59,1925,"U",49366192.8036437
59,1925,"V",241824.287027723
59,1926,"U",50707416.1254402
59,1926,"V",248394.377916206
59,1927,"U",52085078.7762037
59,1927,"V",255142.969803995
59,1928,"U",53500170.774242
59,1928,"V",262074.912375814
59,1929,"U",54953709.0372935
59,1929,"V",269195.187085431
59,1930,"U",56446738.112966
59,1930,"V",276508.910733765
59,1931,"U",57980330.9289495
59,1931,"V",284021.339143854
59,1932,"U",59555589.5635428
59,1932,"V",291737.870935359
59,1933,"U",61173646.0370559
59,1933,"V",299664.051401294
59,1934,"U",62835663.1246581
59,1934,"V",307805.576489849
59,1935,"U",64542835.1912658
59,1935,"V",316168.296894136
59,1936,"U",66296389.0490725
59,1936,"V",324758.222252884
59,1937,"U",68097584.838353
59,1937,"V",333581.525465117
59,1938,"U",69947716.9321739
59,1938,"V",342644.547121961
59,1939,"U",71848114.8656777
59,1939,"V",351953.800058813
59,1940,"U",73800144.2914682
59,1940,"V",361515.974035373
59,1941,"U",75805207.9637491
59,1941,"V",371337.940556534
59,1942,"U",77864746.7470717
59,1942,"V",381426.7578138
59,1943,"U",79980240.6517071
59,1943,"V",391789.675757154
59,1944,"U",82153209.897144
59,1944,"V",402434.141304681
59,1945,"U",84385216.004482
59,1945,"V",413367.803693745
59,1946,"U",86677862.9185005
59,1946,"V",424598.519977542
59,1947,"U",89032798.1592799
59,1947,"V",436134.360666392
59,1948,"U",91451714.0021838
59,1948,"V",447983.615507999
59,1949,"U",93936348.6926437
59,1949,"V",460154.799438158
59,1950,"U",120805878.920711
59,1950,"V",68449.2113375107
59,1951,"U",110628061.465376
59,1951,"V",43309.1312955542
59,1952,"U",88363759.7243591
59,1952,"V",26867.3435581702
59,1953,"U",94233653.8653829
59,1953,"V",41857.3617460698
59,1954,"U",90487846.0166101
59,1954,"V",42616.4454237318
59,1955,"U",79084480.4001581
59,1955,"V",32527.8887106868
59,1956,"U",79130615.9411738
59,1956,"V",22197.0232457411
59,1957,"U",76626335.5141915
59,1957,"V",55708.3642678272
59,1958,"U",72681360.4098142
59,1958,"V",78994.1376470502
59,1959,"U",92064965.3857778
59,1959,"V",460024.936171729
59,1960,"U",109528350.69949
59,1960,"V",511822.517725558
59,1961,"U",113748854.351661
59,1961,"V",466677.470774466
59,1962,"U",122105824.022815
59,1962,"V",356423.490390386
59,1963,"U",126986967.069216
59,1963,"V",283153.303701586
59,1964,"U",119928298.989086
59,1964,"V",412932.105629866
59,1965,"U",99282554.3106799
59,1965,"V",403266.45135772
59,1966,"U",80308207.606607
59,1966,"V",465417.363077712
59,1967,"U",81654499.6037308
59,1967,"V",427425.226250852
59,1968,"U",65731866.5990723
59,1968,"V",705886.312532397
59,1969,"U",49712487.6591295
59,1969,"V",1172959.20594913
59,1970,"U",56760952.8803585
59,1970,"V",2224251.06273067
59,1971,"U",63213494.6480089
59,1971,"V",2820478.02978632
59,1972,"U",56910768.1854484
59,1972,"V",3301038.96054818
59,1973,"U",54131119.9429526
59,1973,"V",3054058.53597741
59,1974,"U",56609367.9004142
59,1974,"V",2714690.8098343
59,1975,"U",44130784.6743238
59,1975,"V",952723.049901347
59,1976,"U",60458812.8738056
59,1976,"V",1267058.10374765
59,1977,"U",82808768.7066788
59,1977,"V",8403410.33072443
59,1978,"U",83050910.5727535
59,1978,"V",6975104.0590189
59,1979,"U",90653570.427759
59,1979,"V",4989294.082293
59,1980,"U",86695852.8211998
59,1980,"V",10534127.3251511
59,1981,"U",86765365.4224464
59,1981,"V",8823802.62745962
59,1982,"U",89038967.0909791
59,1982,"V",11667287.0045121
59,1983,"U",88540742.69542
59,1983,"V",12734143.9756813
59,1984,"U",85537493.2102143
59,1984,"V",20423117.6798498
59,1985,"U",80970762.7918234
59,1985,"V",22286367.321541
59,1986,"U",75742931.9187964
59,1986,"V",25609815.2080541
59,1987,"U",84419060.4445827
59,1987,"V",26312502.9895956
59,1988,"U",92551221.5298315
59,1988,"V",13737496.2755066
59,1989,"U",90612171.6482032
59,1989,"V",18608159.7127582
59,1990,"U",93120407.5879032
59,1990,"V",19626913.4431856
59,1991,"U",90880287.4147777
59,1991,"V",22016592.3619307
59,1992,"U",83280838.0666645
59,1992,"V",27525476.8867465
59,1993,"U",58150568.9801292
59,1993,"V",28489103.4336102
59,1994,"U",37730243.0001594
59,1994,"V",30557583.3099719
59,1995,"U",38486765.8716744
59,1995,"V",15367700.4597019
59,1996,"U",56728047.0447654
59,1996,"V",25752533.0220098
59,1997,"U",53095889.504658
59,1997,"V",17392991.1396369
59,1998,"U",59390082.946765
59,1998,"V",13594699.7764707
59,1999,"U",64536943.574817
59,1999,"V",7424884.93697399
59,2000,"U",81061814.3394689
59,2000,"V",4677859.53059232
59,2001,"U",70521919.3450362
59,2001,"V",6164139.13752146
59,2002,"U",58370946.2081234
59,2002,"V",6043324.71442064
59,2003,"U",68066255.317019
59,2003,"V",6338493.61645077
59,2004,"U",41645642.1636353
59,2004,"V",4859526.33026655
59,2005,"U",38953119.8171082
59,2005,"V",3590224.7927532
59,2006,"U",76954344.8488227
59,2006,"V",2402997.55539285
59,2007,"U",48108938.8760551
59,2007,"V",2031135.98188494
59,2008,"U",47206583.6456878
59,2008,"V",1271854.76340289
59,2009,"U",46530401.6965614
59,2009,"V",2796665.8686977
59,2010,"U",49674199.7182174
59,2010,"V",1243498.87222702
59,2011,"U",46540479.9783279
59,2011,"V",1667441.78674319
59,2012,"U",62697046.9389371
59,2012,"V",2993727.84305525
59,2013,"U",47872371.2120048
59,2013,"V",4039527.77988048
59,2014,"U",60878246.4309639
59,2014,"V",2309139.88653808
59,2015,"U",43832254.9397202
59,2015,"V",2036074.17024497
59,2016,"U",40706883.986118
59,2016,"V",1157476.83848793
59,2017,"U",45948146.3656202
59,2017,"V",826327.042128341
60,1841,"U",208253.467932162
60,1841,"V",1574.18801360546
60,1842,"U",208253.467932162
60,1842,"V",1574.18801360546
60,1843,"U",208253.467932162
60,1843,"V",1574.18801360546
60,1844,"U",208253.467932162
60,1844,"V",1574.18801360546
60,1845,"U",208253.467932162
60,1845,"V",1574.18801360546
60,1846,"U",208253.467932162
60,1846,"V",1574.18801360546
60,1847,"U",208253.467932162
60,1847,"V",1574.18801360546
60,1848,"U",208253.467932162
60,1848,"V",1574.18801360546
60,1849,"U",208253.467932162
60,1849,"V",1574.18801360546
60,1850,"U",208253.467932162
60,1850,"V",1574.18801360546
60,1851,"U",208253.467932162
60,1851,"V",1574.18801360546
60,1852,"U",208253.467932162
60,1852,"V",1574.18801360546
60,1853,"U",208253.467932162
60,1853,"V",1574.18801360546
60,1854,"U",208253.467932162
60,1854,"V",1574.18801360546
60,1855,"U",208253.467932162
60,1855,"V",1574.18801360546
60,1856,"U",208253.467932162
60,1856,"V",1574.18801360546
60,1857,"U",208253.467932162
60,1857,"V",1574.18801360546
60,1858,"U",208253.467932162
60,1858,"V",1574.18801360546
60,1859,"U",208253.467932162
60,1859,"V",1574.18801360546
60,1860,"U",208253.467932162
60,1860,"V",1574.18801360546
60,1861,"U",208253.467932162
60,1861,"V",1574.18801360546
60,1862,"U",217177.181384849
60,1862,"V",1641.64236571568
60,1863,"U",226483.278202265
60,1863,"V",1711.98715377078
60,1864,"U",236188.143607719
60,1864,"V",1785.34623367766
60,1865,"U",246308.864935461
60,1865,"V",1861.84876859997
60,1866,"U",256863.261716285
60,1866,"V",1941.62945637522
60,1867,"U",267869.917052385
60,1867,"V",2024.82876667731
60,1868,"U",279348.210336551
60,1868,"V",2111.59318834096
60,1869,"U",291318.351373416
60,1869,"V",2202.07548728418
60,1870,"U",303801.41596281
60,1870,"V",2296.4349754829
60,1871,"U",316819.383007928
60,1871,"V",2394.83779147158
60,1872,"U",330395.173213449
60,1872,"V",2497.45719286237
60,1873,"U",344552.689442018
60,1873,"V",2604.47386139967
60,1874,"U",359316.858799969
60,1874,"V",2716.07622108617
60,1875,"U",374713.676526409
60,1875,"V",2832.46076994048
60,1876,"U",390770.251762939
60,1876,"V",2953.8324259704
60,1877,"U",407514.855284753
60,1877,"V",3080.40488797234
60,1878,"U",424976.969276808
60,1878,"V",3212.4010117894
60,1879,"U",443187.33924314
60,1879,"V",3350.05320269388
60,1880,"U",462178.028140336
60,1880,"V",3493.60382458228
60,1881,"U",481982.472830758
60,1881,"V",3643.30562670511
60,1882,"U",502635.542954694
60,1882,"V",3799.42218868162
60,1883,"U",524173.602325324
60,1883,"V",3962.22838458426
60,1884,"U",546634.572954328
60,1884,"V",4132.01086690835
60,1885,"U",570058.001821114
60,1885,"V",4309.06857128063
60,1886,"U",594485.130503162
60,1886,"V",4493.71324279507
60,1887,"U",619958.96778985
60,1887,"V",4686.26998490082
60,1888,"U",646524.365408006
60,1888,"V",4887.07783181161
60,1889,"U",674228.096992241
60,1889,"V",5096.4903454426
60,1890,"U",703118.940439155
60,1890,"V",5314.87623792579
60,1891,"U",733247.763790502
60,1891,"V",5542.62002080089
60,1892,"U",764667.614796381
60,1892,"V",5780.12268202349
60,1893,"U",797433.814316338
60,1893,"V",6027.80239198405
60,1894,"U",831604.05372267
60,1894,"V",6286.09523977952
60,1895,"U",867238.496477441
60,1895,"V",6555.45600103387
60,1896,"U",904399.884062211
60,1896,"V",6836.35893862121
60,1897,"U",943153.646446811
60,1897,"V",7129.29863769899
60,1898,"U",983568.017291687
60,1898,"V",7434.79087652276
60,1899,"U",1025714.15408684
60,1899,"V",7753.37353457635
60,1900,"U",1069666.26343858
60,1900,"V",8085.60753961448
60,1901,"U",1115501.73172493
60,1901,"V",8432.07785528706
60,1902,"U",1163301.2613497
60,1902,"V",8793.39451108369
60,1903,"U",1213149.01283496
60,1903,"V",9170.19367641063
60,1904,"U",1265122.18931114
60,1904,"V",9563.05892974913
60,1905,"U",1319246.53650236
60,1905,"V",9972.18488303407
60,1906,"U",1375482.11587268
60,1906,"V",10397.2696408627
60,1907,"U",1433720.73982762
60,1907,"V",10837.4954131827
60,1908,"U",1493784.67701159
60,1908,"V",11291.5187286348
60,1909,"U",1555427.0248595
60,1909,"V",11757.4732506708
60,1910,"U",1618334.16000143
60,1910,"V",12232.988300163
60,1911,"U",1682130.64493303
60,1911,"V",12715.2259449267
60,1912,"U",1746386.88839684
60,1912,"V",13200.9389045447
60,1913,"U",1810629.72799699
60,1913,"V",13686.5505443542
60,1914,"U",1874355.93266494
60,1914,"V",14168.2569405883
60,1915,"U",1937040.82807225
60,1915,"V",14642.0920798736
60,1916,"U",1998122.75687162
60,1916,"V",15103.8103941885
60,1917,"U",2057001.60355017
60,1917,"V",15548.8756102285
60,1918,"U",2113044.08596532
60,1918,"V",15972.5007481271
60,1919,"U",2165590.51528182
60,1919,"V",16369.6992198218
60,1920,"U",2213978.04441455
60,1920,"V",16735.4605640389
60,1921,"U",2257613.58510259
60,1921,"V",17065.3016264728
60,1922,"U",2296009.19672134
60,1922,"V",17355.5340638265
60,1923,"U",2328800.57883269
60,1923,"V",17603.4041290014
60,1924,"U",2355760.67525492
60,1924,"V",17807.195504266
60,1925,"U",2376807.54681483
60,1925,"V",17966.2888113907
60,1926,"U",2392006.0799266
60,1926,"V",18081.1745267955
60,1927,"U",2401563.54254611
60,1927,"V",18153.4193890085
60,1928,"U",2405819.43000638
60,1928,"V",18185.5896433323
60,1929,"U",2405230.41580379
60,1929,"V",18181.1372848349
60,1930,"U",2400351.50078783
60,1930,"V",18144.2575650694
60,1931,"U",2391814.61618025
60,1931,"V",18079.7272522914
60,1932,"U",2380305.97470692
60,1932,"V",17992.7334286586
60,1933,"U",2366543.38803063
60,1933,"V",17888.7020327009
60,1934,"U",2351254.59783372
60,1934,"V",17773.134063968
60,1935,"U",2335157.43030665
60,1935,"V",17651.4555708042
60,1936,"U",2318942.3105001
60,1936,"V",17528.8854763318
60,1937,"U",2303257.39373908
60,1937,"V",17410.3231868066
60,1938,"U",2288696.31121182
60,1938,"V",17300.2559605216
60,1939,"U",2275788.30450772
60,1939,"V",17202.6843347768
60,1940,"U",2265002.83314951
60,1940,"V",17121.1569542161
60,1941,"U",2256794.57196668
60,1941,"V",17059.1107059839
60,1942,"U",2251618.93423393
60,1942,"V",17019.9880591316
60,1943,"U",2249937.91249177
60,1943,"V",17007.281215383
60,1944,"U",2252226.93354765
60,1944,"V",17024.5839260886
60,1945,"U",2258982.81773732
60,1945,"V",17075.6516562843
60,1946,"U",2270732.97791342
60,1946,"V",17164.4711198487
60,1947,"U",2288024.15484229
60,1947,"V",17295.1751303646
60,1948,"U",2311344.79835064
60,1948,"V",17471.455880188
60,1949,"U",2341107.71754086
60,1949,"V",17696.4337934221
60,1950,"U",711493.711154753
60,1951,"U",1052382.79792116
60,1951,"V",0.00202108002995389
60,1952,"U",2532105.62942628
60,1953,"U",2411150.34279881
60,1954,"U",4312605.69908675
60,1955,"U",3563553.1167267
60,1955,"V",1.98765905078919
60,1956,"U",4489787.74208664
60,1957,"U",4149115.30410186
60,1957,"V",64.447778017633
60,1958,"U",5064818.20657898
60,1958,"V",0.00994882298936169
60,1959,"U",4589563.76855128
60,1959,"V",18859.9443353709
60,1960,"U",10771231.8114179
60,1960,"V",44979.5025461125
60,1961,"U",13120574.944762
60,1961,"V",19173.1423626089
60,1962,"U",15610989.3240903
60,1962,"V",246.99657412568
60,1963,"U",13257779.5911964
60,1963,"V",59961.7340805315
60,1964,"U",15503068.0512566
60,1964,"V",32508.8255763394
60,1965,"U",15106171.0740291
60,1965,"V",28604.6451971228
60,1966,"U",14124196.9857425
60,1966,"V",18016.5973999739
60,1967,"U",17831931.8054986
60,1967,"V",11968.4916333348
60,1968,"U",12764468.4731158
60,1968,"V",8017.71558130351
60,1969,"U",10470587.0133845
60,1969,"V",8670.76162899425
60,1970,"U",10478243.5964924
60,1970,"V",8505.07328635257
60,1971,"U",9459226.646398
60,1971,"V",143849.815181102
60,1972,"U",9766314.5689393
60,1972,"V",618812.93220671
60,1973,"U",13636965.7081089
60,1973,"V",257646.251925573
60,1974,"U",12761024.8796549
60,1974,"V",680886.583995133
60,1975,"U",16944732.5079688
60,1975,"V",276502.160442746
60,1976,"U",14558060.9514953
60,1976,"V",318282.329182058
60,1977,"U",11660599.5481327
60,1977,"V",689381.086531129
60,1978,"U",13647547.6084465
60,1978,"V",638359.280264617
60,1979,"U",15593519.759422
60,1979,"V",706004.571571325
60,1980,"U",16848765.9303957
60,1980,"V",750976.851921847
60,1981,"U",13240465.0289264
60,1981,"V",1834659.63212061
60,1982,"U",17578294.1557242
60,1982,"V",767152.543654208
60,1983,"U",16938611.6786793
60,1983,"V",1080160.43940715
60,1984,"U",18450021.7793713
60,1984,"V",788095.823031148
60,1985,"U",18425974.7618896
60,1985,"V",633409.524256109
60,1986,"U",20942892.5985246
60,1986,"V",1023651.77730059
60,1987,"U",19325899.3162603
60,1987,"V",1274062.37331011
60,1988,"U",21835490.883386
60,1988,"V",1021502.08049756
60,1989,"U",18713485.0722074
60,1989,"V",2606431.04983619
60,1990,"U",17290434.8576673
60,1990,"V",3409022.41756411
60,1991,"U",22461929.5801996
60,1991,"V",2204693.63622196
60,1992,"U",26031137.299103
60,1992,"V",1964787.69863593
60,1993,"U",25926030.3089091
60,1993,"V",2258781.03990647
60,1994,"U",20392992.8634391
60,1994,"V",4182760.35325264
60,1995,"U",24634813.9253277
60,1995,"V",1504131.81777692
60,1996,"U",21345709.7958213
60,1996,"V",1074388.8927733
60,1997,"U",22338785.2007832
60,1997,"V",1175514.1207152
60,1998,"U",26781362.3811351
60,1998,"V",1113027.78819681
60,1999,"U",25003715.8418971
60,1999,"V",2105136.0447514
60,2000,"U",15104402.7605459
60,2000,"V",177065.123606176
60,2001,"U",23382132.7053386
60,2001,"V",1372267.89260464
60,2002,"U",26601294.7546743
60,2002,"V",901264.586451825
60,2003,"U",23844398.3783988
60,2003,"V",1609744.60378879
60,2004,"U",21714539.0376283
60,2004,"V",2602006.63535026
60,2005,"U",22404334.2978213
60,2005,"V",1857215.96518735
60,2006,"U",24749414.7695566
60,2006,"V",929724.119898838
60,2007,"U",19764598.4007856
60,2007,"V",1151868.82136806
60,2008,"U",20636690.0338823
60,2008,"V",1050858.83442842
60,2009,"U",18219375.6164933
60,2009,"V",2231733.95659473
60,2010,"U",18941540.7322577
60,2010,"V",1595875.67130341
60,2011,"U",14714253.2043185
60,2011,"V",2887129.24924064
60,2012,"U",15548083.4250263
60,2012,"V",1224715.57633004
60,2013,"U",11267714.6268068
60,2013,"V",1377946.37415806
60,2014,"U",20574418.5308812
60,2014,"V",1266551.60195646
60,2015,"U",10278388.2265686
60,2015,"V",1138753.88866717
60,2016,"U",13514371.8342115
60,2016,"V",3850714.34907556
60,2017,"U",13554249.7100494
60,2017,"V",2574756.81298258
61,1841,"U",13093.2637549229
61,1842,"U",13093.2637549229
61,1843,"U",13093.2637549229
61,1844,"U",13093.2637549229
61,1845,"U",13093.2637549229
61,1846,"U",13093.2637549229
61,1847,"U",13093.2637549229
61,1848,"U",13093.2637549229
61,1849,"U",13093.2637549229
61,1850,"U",13093.2637549229
61,1851,"U",13093.2637549229
61,1852,"U",13093.2637549229
61,1853,"U",13093.2637549229
61,1854,"U",13093.2637549229
61,1855,"U",13093.2637549229
61,1856,"U",13093.2637549229
61,1857,"U",13093.2637549229
61,1858,"U",13093.2637549229
61,1859,"U",13093.2637549229
61,1860,"U",13093.2637549229
61,1861,"U",13093.2637549229
61,1862,"U",13627.9779267825
61,1863,"U",14184.5292242804
61,1864,"U",14763.8094510714
61,1865,"U",15366.7468310836
61,1866,"U",15994.307495848
61,1867,"U",16647.4970326364
61,1868,"U",17327.3620957716
61,1869,"U",18034.9920837576
61,1870,"U",18771.5208849098
61,1871,"U",19538.1286942708
61,1872,"U",20336.0439047218
61,1873,"U",21166.5450753253
61,1874,"U",22030.9629800531
61,1875,"U",22930.6827402064
61,1876,"U",23867.1460438688
61,1877,"U",24841.8534560481
61,1878,"U",25856.3668231428
61,1879,"U",26912.3117755977
61,1880,"U",28011.3803327842
61,1881,"U",29155.3336142396
61,1882,"U",30346.0046616288
61,1883,"U",31585.3013760094
61,1884,"U",32875.2095749442
61,1885,"U",34217.7961745613
61,1886,"U",35615.2125015248
61,1887,"U",37069.697740267
61,1888,"U",38583.5825209729
61,1889,"U",40159.2926541614
61,1890,"U",41799.3530177254
61,1891,"U",43506.3916027237
61,1892,"U",45283.1437244191
61,1893,"U",47132.456405287
61,1894,"U",49057.292936983
61,1895,"U",51060.7376286614
61,1896,"U",53146.0007492083
61,1897,"U",55316.4236712817
61,1898,"U",57575.4842254224
61,1899,"U",59926.802272887
61,1900,"U",62374.1455059742
61,1901,"U",64921.4354853147
61,1902,"U",67572.7539236649
61,1903,"U",70332.3492263379
61,1904,"U",73204.643298737
61,1905,"U",76194.2386319216
61,1906,"U",79305.9256775167
61,1907,"U",82544.6905237912
61,1908,"U",85915.7228852539
61,1909,"U",89424.4244185251
61,1910,"U",93076.4173778219
61,1911,"U",96877.5536238802
61,1912,"U",100833.92400086
61,1913,"U",104951.868096154
61,1914,"U",109237.984398764
61,1915,"U",113699.140872579
61,1916,"U",118342.485961391
61,1917,"U",123175.460043443
61,1918,"U",128205.807353606
61,1919,"U",133441.58839263
61,1920,"U",138891.19284304
61,1921,"U",144563.353012578
61,1922,"U",150467.157826614
61,1923,"U",156612.067391983
61,1924,"U",163007.928155695
61,1925,"U",169664.988682565
61,1926,"U",176593.916077243
61,1927,"U",183805.813076992
61,1928,"U",191312.235842355
61,1929,"U",199125.212474478
61,1930,"U",207257.262288648
61,1931,"U",215721.415874903
61,1932,"U",224531.235977929
61,1933,"U",233700.839229672
61,1934,"U",243244.918769434
61,1935,"U",253178.767787824
61,1936,"U",263518.304032161
61,1937,"U",274280.095312653
61,1938,"U",285481.386050273
61,1939,"U",297140.124908752
61,1940,"U",309274.993555064
61,1941,"U",321905.436594459
61,1942,"U",335051.692728012
61,1943,"U",348734.827182596
61,1944,"U",362976.765465255
61,1945,"U",377800.32849612
61,1946,"U",393229.269176012
61,1947,"U",409288.310447538
61,1948,"U",426003.184910467
61,1949,"U",443400.676055042
61,1950,"U",187251.303524362
61,1951,"U",683863.432563794
61,1952,"U",822767.289332148
61,1953,"U",720620.579909581
61,1954,"U",1108312.94674037
61,1955,"U",1285130.62184257
61,1956,"U",1010738.46537498
61,1957,"U",905566.151301467
61,1958,"U",825992.327660475
61,1959,"U",839250.65081352
61,1960,"U",977254.729797038
61,1961,"U",946118.623417847
61,1962,"U",1013373.70991684
61,1963,"U",733919.63948148
61,1964,"U",546525.040341816
61,1965,"U",842147.331961708
61,1966,"U",815571.559173252
61,1967,"U",960906.345293688
61,1968,"U",625781.306446963
61,1969,"U",426954.800361397
61,1970,"U",450023.459702899
61,1971,"U",3636712.37035342
61,1972,"U",3774406.22965292
61,1973,"U",695281.024153767
61,1974,"U",1150957.79249406
61,1975,"U",796777.389791845
61,1975,"V",2048.43082801085
61,1976,"U",909518.462891628
61,1977,"U",1536282.90659668
61,1978,"U",10750644.4449304
61,1979,"U",4124962.86324006
61,1980,"U",4484190.38032023
61,1981,"U",3521458.90881378
61,1982,"U",4408269.38938202
61,1982,"V",10.9828288274999
61,1983,"U",5233669.5040872
61,1983,"V",0.252677927239528
61,1984,"U",1679047.96430667
61,1985,"U",1772863.06097691
61,1986,"U",2634186.47663263
61,1986,"V",114.032627590164
61,1987,"U",1858732.6229855
61,1988,"U",2134113.62316733
61,1988,"V",306.684779493031
61,1989,"U",1778876.90379927
61,1989,"V",1180.22062741316
61,1990,"U",1687863.36547419
61,1990,"V",1069.06163331804
61,1991,"U",1681648.76426871
61,1992,"U",1974975.78745355
61,1992,"V",0.0791219070632914
61,1993,"U",945349.903669359
61,1994,"U",770334.196694171
61,1995,"U",1170249.30482395
61,1996,"U",345909.002994783
61,1996,"V",106.619362324711
61,1997,"U",206080.784052809
61,1997,"V",0.0374187720267693
61,1998,"U",734454.360151353
61,1998,"V",1.25952418531956
61,1999,"U",1015198.33427463
61,1999,"V",966.536414273696
61,2000,"U",1293374.85028138
61,2000,"V",785.377967913083
61,2001,"U",896889.988888471
61,2002,"U",1997316.1523992
61,2002,"V",17.6042780369527
61,2003,"U",3197508.60661642
61,2003,"V",2.66114974076644
61,2004,"U",2220386.98753657
61,2004,"V",170.438180924432
61,2005,"U",4043549.47194169
61,2005,"V",70702.6981667497
61,2006,"U",4120247.78975392
61,2006,"V",9093.39232038047
61,2007,"U",4456622.10243978
61,2007,"V",8823.63197204458
61,2008,"U",1557360.94880308
61,2008,"V",190.589899203851
61,2009,"U",4704940.10899855
61,2009,"V",3121.7082811034
61,2010,"U",5872094.45703648
61,2010,"V",42690.15468235
61,2011,"U",5656973.598202
61,2011,"V",40610.6838479232
61,2012,"U",6170172.60987156
61,2012,"V",37082.4344463449
61,2013,"U",9069967.54310714
61,2013,"V",73494.9265046099
61,2014,"U",15409896.8978001
61,2014,"V",69287.0143977069
61,2015,"U",10509724.3578931
61,2015,"V",233.744637599976
61,2016,"U",18532598.9143185
61,2016,"V",12660.9038373611
61,2017,"U",10159422.9075524
61,2017,"V",3765.04373511968
62,1841,"U",219963.170253802
62,1841,"V",29941.9386153262
62,1842,"U",219963.170253802
62,1842,"V",29941.9386153262
62,1843,"U",219963.170253802
62,1843,"V",29941.9386153262
62,1844,"U",219963.170253802
62,1844,"V",29941.9386153262
62,1845,"U",219963.170253802
62,1845,"V",29941.9386153262
62,1846,"U",219963.170253802
62,1846,"V",29941.9386153262
62,1847,"U",219963.170253802
62,1847,"V",29941.9386153262
62,1848,"U",219963.170253802
62,1848,"V",29941.9386153262
62,1849,"U",219963.170253802
62,1849,"V",29941.9386153262
62,1850,"U",219963.170253802
62,1850,"V",29941.9386153262
62,1851,"U",219963.170253802
62,1851,"V",29941.9386153262
62,1852,"U",219963.170253802
62,1852,"V",29941.9386153262
62,1853,"U",219963.170253802
62,1853,"V",29941.9386153262
62,1854,"U",219963.170253802
62,1854,"V",29941.9386153262
62,1855,"U",219963.170253802
62,1855,"V",29941.9386153262
62,1856,"U",219963.170253802
62,1856,"V",29941.9386153262
62,1857,"U",219963.170253802
62,1857,"V",29941.9386153262
62,1858,"U",219963.170253802
62,1858,"V",29941.9386153262
62,1859,"U",219963.170253802
62,1859,"V",29941.9386153262
62,1860,"U",219963.170253802
62,1860,"V",29941.9386153262
62,1861,"U",219963.170253802
62,1861,"V",29941.9386153262
62,1862,"U",234173.597897384
62,1862,"V",31876.2976796675
62,1863,"U",249302.071291909
62,1863,"V",33935.6234349738
62,1864,"U",265407.899560397
62,1864,"V",36127.9891878751
62,1865,"U",282554.223412618
62,1865,"V",38461.9898102036
62,1866,"U",300808.262680064
62,1866,"V",40946.775434074
62,1867,"U",320241.579841651
62,1867,"V",43592.0873236643
62,1868,"U",340930.360575064
62,1868,"V",46408.2960645688
62,1869,"U",362955.712432214
62,1869,"V",49406.4422202493
62,1870,"U",386403.982810324
62,1870,"V",52598.2796150588
62,1871,"U",411367.097465386
62,1871,"V",55996.3214135419
62,1872,"U",437942.920894117
62,1872,"V",59613.8891765299
62,1873,"U",466235.639998849
62,1873,"V",63465.1650865701
62,1874,"U",496356.172538123
62,1874,"V",67565.247547244
62,1875,"U",528422.601964354
62,1875,"V",71930.2103743625
62,1876,"U",562560.640354092
62,1876,"V",76577.1658111919
62,1877,"U",598904.121245308
62,1877,"V",81524.3316147053
62,1878,"U",637595.524313317
62,1878,"V",86791.1024757839
62,1879,"U",678786.533943102
62,1879,"V",92398.1260534825
62,1880,"U",722638.633887406
62,1880,"V",98367.3839213817
62,1881,"U",769323.740341782
62,1881,"V",104722.277743352
62,1882,"U",819024.875918276
62,1882,"V",111487.721016543
62,1883,"U",871936.887161399
62,1883,"V",118690.236741457
62,1884,"U",928267.208416958
62,1884,"V",126358.061401692
62,1885,"U",988236.675050422
62,1885,"V",134521.255661264
62,1886,"U",1052080.38920196
62,1886,"V",143211.822213355
62,1887,"U",1120048.64147232
62,1887,"V",152463.831242513
62,1888,"U",1192407.89215321
62,1888,"V",162313.553992181
62,1889,"U",1269441.81584841
62,1889,"V",172799.60496116
62,1890,"U",1351452.41358188
62,1890,"V",183963.09328654
62,1891,"U",1438761.19675144
62,1891,"V",195847.783906453
62,1892,"U",1531710.44757038
62,1892,"V",208500.26913455
62,1893,"U",1630664.56093858
62,1893,"V",221970.15131885
62,1894,"U",1736011.47300323
62,1894,"V",236310.237301039
62,1895,"U",1848164.18200957
62,1895,"V",251576.745438449
62,1896,"U",1967562.36740392
62,1896,"V",267829.526000459
62,1897,"U",2094674.11353849
62,1897,"V",285132.295803499
62,1898,"U",2229997.74473095
62,1898,"V",303552.888003969
62,1899,"U",2374063.77887804
62,1899,"V",323163.518029023
62,1900,"U",2527437.00727855
62,1900,"V",344041.0666873
62,1901,"U",2690718.70882074
62,1901,"V",366267.381569656
62,1902,"U",2864549.00721495
62,1902,"V",389929.597921592
62,1903,"U",3049609.38051101
62,1903,"V",415120.480245059
62,1904,"U",3246625.33274058
62,1904,"V",441938.785969108
62,1905,"U",3456369.23815671
62,1905,"V",470489.652614932
62,1906,"U",3679663.36922285
62,1906,"V",500885.009973303
62,1907,"U",3917383.12021931
62,1907,"V",533244.018909999
62,1908,"U",4170460.43910825
62,1908,"V",567693.538519852
62,1909,"U",4439887.48110806
62,1909,"V",604368.623460475
62,1910,"U",4726720.49830457
62,1910,"V",643413.053415897
62,1911,"U",5032083.98054176
62,1911,"V",684979.896764982
62,1912,"U",5357175.06383303
62,1912,"V",729232.110665454
62,1913,"U",5703268.22356903
62,1913,"V",776343.179905105
62,1914,"U",6071720.27092539
62,1914,"V",826497.797025354
62,1915,"U",6463975.67205722
62,1915,"V",879892.58638335
62,1916,"U",6881572.21093096
62,1916,"V",936736.874990863
62,1917,"U",7326147.01799884
62,1917,"V",997253.513152552
62,1918,"U",7799442.98834466
62,1918,"V",1061679.74812008
62,1919,"U",8303315.61446792
62,1919,"V",1130268.15418788
62,1920,"U",8839740.26049034
62,1920,"V",1203287.62287629
62,1921,"U",9410819.90630069
62,1921,"V",1281024.41708409
62,1922,"U",10018793.3920032
62,1922,"V",1363783.29334345
62,1923,"U",10666044.194985
62,1923,"V",1451888.69657636
62,1924,"U",11355109.7740148
62,1924,"V",1545686.03203684
62,1925,"U",12088691.5170062
62,1925,"V",1645543.01942535
62,1926,"U",12869665.3314406
62,1926,"V",1751851.13448384
62,1927,"U",13701092.918971
62,1927,"V",1865027.14372304
62,1928,"U",14586233.7784091
62,1928,"V",1985514.73829913
62,1929,"U",15528557.9841452
62,1929,"V",2113786.27344445
62,1930,"U",16531759.7901044
62,1930,"V",2250344.62027203
62,1931,"U",17599772.1125648
62,1931,"V",2395725.13721323
62,1932,"U",18736781.9486239
62,1932,"V",2550497.76881798
62,1933,"U",19947246.7907494
62,1933,"V",2715269.28014468
62,1934,"U",21235912.101773
62,1934,"V",2890685.63550021
62,1935,"U",22607829.9188322
62,1935,"V",3077434.5308551
62,1936,"U",24068378.6591941
62,1936,"V",3276248.08986204
62,1937,"U",25623284.2056113
62,1937,"V",3487905.73404737
62,1938,"U",27278642.3538635
62,1938,"V",3713237.23842675
62,1939,"U",29040942.7105
62,1939,"V",3953125.98452589
62,1940,"U",30917094.1344547
62,1940,"V",4208512.42355698
62,1941,"U",32914451.8222933
62,1941,"V",4480397.76333049
62,1942,"U",35040846.1432592
62,1942,"V",4769847.89335396
62,1943,"U",37304613.3371697
62,1943,"V",5077997.56350668
62,1944,"U",39714628.1955132
62,1944,"V",5406054.83267264
62,1945,"U",42280338.8538631
62,1945,"V",5755305.80477109
62,1946,"U",45011803.8320053
62,1946,"V",6127119.67075186
62,1947,"U",47919731.4670016
62,1947,"V",6522954.0763226
62,1948,"U",51015521.8937653
62,1948,"V",6944360.83645028
62,1949,"U",54311311.7377421
62,1949,"V",7392992.01904104
62,1950,"U",62450983.2273456
62,1950,"V",2925231.94466942
62,1951,"U",72873721.9308381
62,1951,"V",6286981.79063894
62,1952,"U",70777841.4982935
62,1952,"V",6600552.02708558
62,1953,"U",73671147.3183679
62,1953,"V",7243252.22997244
62,1954,"U",79517685.1730999
62,1954,"V",9024180.61528778
62,1955,"U",70031051.9326757
62,1955,"V",12079278.2744654
62,1956,"U",69006648.2173706
62,1956,"V",12940667.3691611
62,1957,"U",71793568.6928364
62,1957,"V",13261611.3849443
62,1958,"U",75242055.7504023
62,1958,"V",17169049.0499537
62,1959,"U",79273826.052175
62,1959,"V",18545907.0055633
62,1960,"U",79884555.9969304
62,1960,"V",15417556.0079613
62,1961,"U",84127179.7973537
62,1961,"V",17670934.3827312
62,1962,"U",78645791.4913757
62,1962,"V",19216432.1773256
62,1963,"U",77486826.9390264
62,1963,"V",22868857.7109248
62,1964,"U",75557247.2153955
62,1964,"V",19301494.5582766
62,1965,"U",67655303.5860383
62,1965,"V",15740755.534534
62,1966,"U",68099165.2874786
62,1966,"V",12812660.0665476
62,1967,"U",72015000.5461428
62,1967,"V",15068569.435668
62,1968,"U",66111423.6434829
62,1968,"V",20433904.5302347
62,1969,"U",70661229.9335742
62,1969,"V",15958485.4148136
62,1970,"U",37840811.9043826
62,1970,"V",2544113.34653083
62,1971,"U",36424623.2929181
62,1971,"V",2567985.71688888
62,1972,"U",35739408.902436
62,1972,"V",2943361.90669997
62,1973,"U",32176678.1052608
62,1973,"V",2184653.98431494
62,1974,"U",32158142.6400925
62,1974,"V",2484723.43717284
62,1975,"U",32875549.4762312
62,1975,"V",2496956.16313987
62,1976,"U",28929236.2987221
62,1976,"V",1875687.44178549
62,1977,"U",31851435.5896143
62,1977,"V",2193033.83525157
62,1978,"U",31816803.6641445
62,1978,"V",2432434.32433961
62,1979,"U",31049383.8151081
62,1979,"V",2989402.99116626
62,1980,"U",37154262.3245626
62,1980,"V",2905963.23478784
62,1981,"U",36764055.8866137
62,1981,"V",5041882.91075273
62,1982,"U",40392288.1210139
62,1982,"V",2298320.67336023
62,1983,"U",40071405.6606387
62,1983,"V",3212446.62779296
62,1984,"U",40187457.2489765
62,1984,"V",2688607.64566722
62,1985,"U",45249632.2150947
62,1985,"V",1577726.18670209
62,1986,"U",43603359.3840777
62,1986,"V",900169.989752791
62,1987,"U",43037429.6474026
62,1987,"V",2611040.50261497
62,1988,"U",44372926.4741842
62,1988,"V",1705782.11279331
62,1989,"U",42584707.4372104
62,1989,"V",4365535.10292451
62,1990,"U",38714312.4739558
62,1990,"V",5119356.09870605
62,1991,"U",38089089.9342938
62,1991,"V",4044030.27089737
62,1992,"U",37085776.1029324
62,1992,"V",5959313.02554242
62,1993,"U",40703513.227513
62,1993,"V",3902725.20355457
62,1994,"U",41637647.4083747
62,1994,"V",12389633.8853889
62,1995,"U",59863427.3525729
62,1995,"V",4550992.08039548
62,1996,"U",60177052.2418791
62,1996,"V",5417599.6700838
62,1997,"U",62422311.3751567
62,1997,"V",3345929.02353625
62,1998,"U",59487708.0534393
62,1998,"V",2073601.95849402
62,1999,"U",75868428.4188107
62,1999,"V",1830341.3872261
62,2000,"U",76756903.3253599
62,2000,"V",5365576.28286361
62,2001,"U",76866945.3297321
62,2001,"V",4655774.04875511
62,2002,"U",85674217.3745533
62,2002,"V",8058515.66416947
62,2003,"U",83795463.6973426
62,2003,"V",8174843.03009178
62,2004,"U",91657046.7217234
62,2004,"V",8243997.02028843
62,2005,"U",93538114.8332006
62,2005,"V",16729521.6155013
62,2006,"U",84988743.5737923
62,2006,"V",22190161.6489243
62,2007,"U",104401525.682092
62,2007,"V",13004098.9858039
62,2008,"U",88958598.8988622
62,2008,"V",16445449.3377509
62,2009,"U",92282251.3330513
62,2009,"V",17297888.2560031
62,2010,"U",86286130.9499615
62,2010,"V",11431743.9716714
62,2011,"U",85477811.2764775
62,2011,"V",12683064.6892841
62,2012,"U",72941116.5413361
62,2012,"V",26893509.1878267
62,2013,"U",74994469.6301644
62,2013,"V",16613129.9403036
62,2014,"U",73919572.0393338
62,2014,"V",16684704.4752233
62,2015,"U",67980836.6557958
62,2015,"V",18159134.9838236
62,2016,"U",79834794.2235665
62,2016,"V",17728197.8455747
62,2017,"U",76442306.2515517
62,2017,"V",21202308.4300201
63,1841,"U",14.9345889898175
63,1841,"V",0.0552286384241061
63,1842,"U",14.9345889898175
63,1842,"V",0.0552286384241061
63,1843,"U",14.9345889898175
63,1843,"V",0.0552286384241061
63,1844,"U",14.9345889898175
63,1844,"V",0.0552286384241061
63,1845,"U",14.9345889898175
63,1845,"V",0.0552286384241061
63,1846,"U",14.9345889898175
63,1846,"V",0.0552286384241061
63,1847,"U",14.9345889898175
63,1847,"V",0.0552286384241061
63,1848,"U",14.9345889898175
63,1848,"V",0.0552286384241061
63,1849,"U",14.9345889898175
63,1849,"V",0.0552286384241061
63,1850,"U",14.9345889898175
63,1850,"V",0.0552286384241061
63,1851,"U",14.9345889898175
63,1851,"V",0.0552286384241061
63,1852,"U",14.9345889898175
63,1852,"V",0.0552286384241061
63,1853,"U",14.9345889898175
63,1853,"V",0.0552286384241061
63,1854,"U",14.9345889898175
63,1854,"V",0.0552286384241061
63,1855,"U",14.9345889898175
63,1855,"V",0.0552286384241061
63,1856,"U",14.9345889898175
63,1856,"V",0.0552286384241061
63,1857,"U",14.9345889898175
63,1857,"V",0.0552286384241061
63,1858,"U",14.9345889898175
63,1858,"V",0.0552286384241061
63,1859,"U",14.9345889898175
63,1859,"V",0.0552286384241061
63,1860,"U",14.9345889898175
63,1860,"V",0.0552286384241061
63,1861,"U",14.9345889898175
63,1861,"V",0.0552286384241061
63,1862,"U",16.8942068254705
63,1862,"V",0.0624753745055947
63,1863,"U",19.1109527323727
63,1863,"V",0.070672979290962
63,1864,"U",21.6185653527265
63,1864,"V",0.0799462194726414
63,1865,"U",24.4552102898827
63,1865,"V",0.0904362328020064
63,1866,"U",27.6640609848207
63,1866,"V",0.102302676191142
63,1867,"U",31.2939558114861
63,1867,"V",0.11572615567465
63,1868,"U",35.4001413917054
63,1868,"V",0.1309109752145
63,1869,"U",40.045113443035
63,1869,"V",0.148088246185121
63,1870,"U",45.2995679571277
63,1870,"V",0.167519404864654
63,1871,"U",51.2434771853466
63,1871,"V",0.189500191467809
63,1872,"U",57.9673068080733
63,1872,"V",0.214365151281036
63,1873,"U",65.5733928130435
63,1873,"V",0.242492726407312
63,1874,"U",74.1774990384545
63,1874,"V",0.274311015615661
63,1875,"U",83.9105790863466
63,1875,"V",0.31030428995916
63,1876,"U",94.9207694230276
63,1876,"V",0.35102036333083
63,1877,"U",107.375644000514
63,1877,"V",0.397078930133476
63,1878,"U",121.464764715018
63,1878,"V",0.449180996965413
63,1879,"U",137.402566518633
63,1879,"V",0.50811955186552
63,1880,"U",155.431621097749
63,1880,"V",0.574791633511516
63,1881,"U",175.826328788467
63,1881,"V",0.650211984053735
63,1882,"U",198.897094921087
63,1882,"V",0.73552849338481
63,1883,"U",224.995054157341
63,1883,"V",0.832039669905899
63,1884,"U",254.517414723286
63,1884,"V",0.941214403688956
63,1885,"U",287.913503876925
63,1885,"V",1.06471432282989
63,1886,"U",325.691606622616
63,1886,"V",1.20441908325638
63,1887,"U",368.42670175614
63,1887,"V",1.36245497689619
63,1888,"U",416.769212981895
63,1888,"V",1.54122729361819
63,1889,"U",471.454908294133
63,1889,"V",1.74345692949432
63,1890,"U",533.316098289262
63,1890,"V",1.97222179855468
63,1891,"U",603.294303846885
63,1891,"V",2.23100367832016
63,1892,"U",682.45458597958
63,1892,"V",2.52374120209384
63,1893,"U",772.001755949803
63,1893,"V",2.8548898045468
63,1894,"U",873.298712374197
63,1894,"V",3.22948953297854
63,1895,"U",987.887184396301
63,1895,"V",3.6532417563035
63,1896,"U",1117.51119664567
63,1896,"V",4.13259593929998
63,1897,"U",1264.14361311045
63,1897,"V",4.67484780279002
63,1898,"U",1430.01616392339
63,1898,"V",5.28825036375626
63,1899,"U",1617.65341205963
63,1899,"V",5.98213954539198
63,1900,"U",1829.91117692586
63,1900,"V",6.76707626889332
63,1901,"U",2070.01999963356
63,1901,"V",7.655007189577
63,1902,"U",2341.634311498
63,1902,"V",8.6594465237295
63,1903,"U",2648.88805410271
63,1903,"V",9.79568173357284
63,1904,"U",2996.45759746324
63,1904,"V",11.08100620086
63,1905,"U",3389.63291388959
63,1905,"V",12.5349824303364
63,1906,"U",3834.39809081527
63,1906,"V",14.1797397890297
63,1907,"U",4337.52240798832
63,1907,"V",16.0403113129244
63,1908,"U",4906.66336520044
63,1908,"V",18.145014707149
63,1909,"U",5550.48322864386
63,1909,"V",20.5258833385266
63,1910,"U",6278.78086969478
63,1910,"V",23.2191537800604
63,1911,"U",7102.64090272216
63,1911,"V",26.2658173278262
63,1912,"U",8034.60239176634
63,1912,"V",29.7122438842386
63,1913,"U",9088.84969378587
63,1913,"V",33.6108877031294
63,1914,"U",10281.4283430991
63,1914,"V",38.0210857380494
63,1915,"U",11630.4892627442
63,1915,"V",43.0099607445173
63,1916,"U",13156.5650196444
63,1916,"V",48.6534428813942
63,1917,"U",14882.8823281439
63,1917,"V",55.037425360015
63,1918,"U",16835.7155581716
63,1918,"V",62.2590717298825
63,1919,"U",19044.7866284446
63,1919,"V",70.4282946978829
63,1920,"U",21543.7173709471
63,1920,"V",79.6694289881304
63,1921,"U",24370.5412517481
63,1921,"V",90.123123703655
63,1922,"U",27568.2822363884
63,1922,"V",101.948482991082
63,1923,"U",31185.609610151
63,1923,"V",115.325487589157
63,1924,"U",35277.5787195405
63,1924,"V",130.457734116944
63,1925,"U",39906.4689089238
63,1925,"V",147.575533793162
63,1926,"U",45142.731405682
63,1926,"V",166.939417749014
63,1927,"U",51066.0615805523
63,1927,"V",188.844102284862
63,1928,"U",57766.6119028996
63,1928,"V",213.622974421736
63,1929,"U",65346.3640519105
63,1929,"V",241.653166017064
63,1930,"U",73920.6810671685
63,1930,"V",273.361293672416
63,1931,"U",83620.0631620853
63,1931,"V",309.229951793685
63,1932,"U",94592.1339236345
63,1932,"V",349.805057627963
63,1933,"U",107003.887127932
63,1933,"V",395.704160067058
63,1934,"U",121044.228368196
63,1934,"V",447.625838677582
63,1935,"U",136926.850178205
63,1935,"V",506.360336009238
63,1936,"U",154893.484410455
63,1936,"V",572.801585004283
63,1937,"U",175217.581369822
63,1937,"V",647.960814563976
63,1938,"U",198208.471698745
63,1938,"V",732.981940347227
63,1939,"U",224216.074357446
63,1939,"V",829.158975047979
63,1940,"U",253636.222354199
63,1940,"V",937.955723134198
63,1941,"U",286916.687282425
63,1941,"V",1061.02805979913
63,1942,"U",324563.994357863
63,1942,"V",1200.24913320987
63,1943,"U",367151.1316797
63,1943,"V",1357.73787362778
63,1944,"U",415326.271049822
63,1944,"V",1535.89124330655
63,1945,"U",469822.633080242
63,1945,"V",1737.42071800848
63,1946,"U",531469.646734612
63,1946,"V",1965.39355538382
63,1947,"U",601205.573150776
63,1947,"V",2223.27947831309
63,1948,"U",680091.785877726
63,1948,"V",2515.0034837286
63,1949,"U",769328.924870706
63,1949,"V",2845.00558065976
63,1950,"U",1297892.83929912
63,1950,"V",92.4143748942404
63,1951,"U",734871.700139829
63,1951,"V",151.04612835883
63,1952,"U",841839.571522667
63,1952,"V",254.814416356432
63,1953,"U",804489.547326026
63,1953,"V",226.850441424274
63,1954,"U",1017677.68988633
63,1954,"V",141.517329162067
63,1955,"U",1794159.40720636
63,1955,"V",10838.8389581767
63,1956,"U",1829922.58561532
63,1956,"V",5490.90891773339
63,1957,"U",2115976.92667723
63,1957,"V",9043.4949025889
63,1958,"U",1510634.23896424
63,1958,"V",230.304440660892
63,1959,"U",2165539.77740746
63,1959,"V",7397.76456397885
63,1960,"U",661584.977644914
63,1961,"U",652373.055880705
63,1962,"U",670047.457310587
63,1963,"U",646866.20629714
63,1964,"U",629647.030884865
63,1965,"U",913686.46112487
63,1966,"U",677629.270893601
63,1967,"U",749668.410396785
63,1968,"U",630690.387214087
63,1969,"U",1038432.20979524
63,1970,"U",711274.513678593
63,1971,"U",936144.896419858
63,1972,"U",865028.625513501
63,1973,"U",683438.778208525
63,1974,"U",864794.312233853
63,1975,"U",1248910.96427447
63,1976,"U",1021432.2040309
63,1976,"V",216152.605118298
63,1977,"U",1337822.66031681
63,1977,"V",8170.87693688747
63,1978,"U",2463184.32346513
63,1979,"U",50098.7469314652
63,1979,"V",505.841387266165
63,1980,"U",69463.3014594946
63,1980,"V",4403.07683974412
63,1981,"U",1808827.29899823
63,1981,"V",116577.156846902
63,1982,"U",2255173.65413734
63,1982,"V",22741.5439567105
63,1983,"U",469176.993013319
63,1983,"V",41589.467265893
63,1984,"U",525276.240859343
63,1984,"V",14072.6150690845
63,1985,"U",1578076.57551343
63,1986,"U",1429579.34311004
63,1987,"U",633409.143463414
63,1987,"V",39340.5756364093
63,1988,"U",638872.430789496
63,1988,"V",241679.771745068
63,1989,"U",1155427.02896532
63,1989,"V",118571.756725431
63,1990,"U",1528473.30750338
63,1990,"V",111018.763591466
63,1991,"U",1536427.98069194
63,1991,"V",265335.373235983
63,1992,"U",1123951.78326938
63,1992,"V",49733.0264931218
63,1993,"U",1015544.03687789
63,1993,"V",170625.739078408
63,1994,"U",1067794.09406666
63,1994,"V",51267.1816933277
63,1995,"U",1662956.75026438
63,1995,"V",196998.470989944
63,1996,"U",1534315.59882843
63,1996,"V",245903.370137373
63,1997,"U",1536488.9781823
63,1997,"V",221548.488284006
63,1998,"U",6472099.34869242
63,1998,"V",233171.03355014
63,1999,"U",2096310.77369249
63,1999,"V",461465.862816957
63,2000,"U",2130424.03189564
63,2000,"V",445175.346702778
63,2001,"U",2369595.85896803
63,2001,"V",616828.134339936
63,2002,"U",1978812.61217532
63,2002,"V",460957.85119033
63,2003,"U",2036025.9659743
63,2003,"V",680847.621503353
63,2004,"U",730165.620463492
63,2004,"V",385877.573326517
63,2005,"U",900559.491135454
63,2005,"V",1065600.64526212
63,2006,"U",854924.797405677
63,2006,"V",975854.471362341
63,2007,"U",1129362.76263234
63,2007,"V",445399.781175922
63,2008,"U",2985744.28909077
63,2008,"V",307368.311524483
63,2009,"U",5491970.33718998
63,2009,"V",199891.565022301
63,2010,"U",3784622.1688335
63,2010,"V",1227546.70432435
63,2011,"U",3982062.451388
63,2011,"V",713609.763020823
63,2012,"U",3879272.78866419
63,2012,"V",1089387.37082467
63,2013,"U",1946401.62361217
63,2013,"V",1411780.97339408
63,2014,"U",2245050.90483479
63,2014,"V",1320324.6945894
63,2015,"U",80980.8858215982
63,2015,"V",4214811.71228855
63,2016,"U",423418.362348491
63,2016,"V",577868.554657325
63,2017,"U",307902.936244348
63,2017,"V",568320.785255891
64,1841,"U",17.0218498204012
64,1841,"V",0.001096227864818
64,1842,"U",17.0218498204012
64,1842,"V",0.001096227864818
64,1843,"U",17.0218498204012
64,1843,"V",0.001096227864818
64,1844,"U",17.0218498204012
64,1844,"V",0.001096227864818
64,1845,"U",17.0218498204012
64,1845,"V",0.001096227864818
64,1846,"U",17.0218498204012
64,1846,"V",0.001096227864818
64,1847,"U",17.0218498204012
64,1847,"V",0.001096227864818
64,1848,"U",17.0218498204012
64,1848,"V",0.001096227864818
64,1849,"U",17.0218498204012
64,1849,"V",0.001096227864818
64,1850,"U",17.0218498204012
64,1850,"V",0.001096227864818
64,1851,"U",17.0218498204012
64,1851,"V",0.001096227864818
64,1852,"U",17.0218498204012
64,1852,"V",0.001096227864818
64,1853,"U",17.0218498204012
64,1853,"V",0.001096227864818
64,1854,"U",17.0218498204012
64,1854,"V",0.001096227864818
64,1855,"U",17.0218498204012
64,1855,"V",0.001096227864818
64,1856,"U",17.0218498204012
64,1856,"V",0.001096227864818
64,1857,"U",17.0218498204012
64,1857,"V",0.001096227864818
64,1858,"U",17.0218498204012
64,1858,"V",0.001096227864818
64,1859,"U",17.0218498204012
64,1859,"V",0.001096227864818
64,1860,"U",17.0218498204012
64,1860,"V",0.001096227864818
64,1861,"U",17.0218498204012
64,1861,"V",0.001096227864818
64,1862,"U",18.7106855123432
64,1862,"V",0.00120499094075509
64,1863,"U",20.5670803135698
64,1863,"V",0.00132454502745422
64,1864,"U",22.6076587277232
64,1864,"V",0.00145596076320229
64,1865,"U",24.8506946711411
64,1865,"V",0.00160041501047311
64,1866,"U",27.3162751205624
64,1866,"V",0.00175920139503906
64,1867,"U",30.0264799973102
64,1867,"V",0.00193374189073159
64,1868,"U",33.0055798987731
64,1868,"V",0.00212559955358948
64,1869,"U",36.2802534480385
64,1869,"V",0.00233649251944004
64,1870,"U",39.8798262078869
64,1870,"V",0.00256830939025136
64,1871,"U",43.8365332989985
64,1871,"V",0.00282312614706477
64,1872,"U",48.1858080739273
64,1872,"V",0.00310322474095042
64,1873,"U",52.9665994320273
64,1873,"V",0.00341111352847509
64,1874,"U",58.2217206171806
64,1874,"V",0.0037495497347008
64,1875,"U",63.9982326215633
64,1875,"V",0.00412156414485441
64,1876,"U",70.3478656293066
64,1876,"V",0.00453048824581281
64,1877,"U",77.3274822738053
64,1877,"V",0.00497998406043789
64,1878,"U",84.9995868576361
64,1878,"V",0.00547407694195969
64,1879,"U",93.432885094885
64,1879,"V",0.00601719162206411
64,1880,"U",102.702899389115
64,1880,"V",0.00661419183554364
64,1881,"U",112.892645156136
64,1881,"V",0.0072704238763076
64,1882,"U",124.093374248988
64,1882,"V",0.00799176447485679
64,1883,"U",136.405392142229
64,1883,"V",0.00878467342594695
64,1884,"U",149.93895619396
64,1884,"V",0.00965625143775771
64,1885,"U",164.815263029267
64,1885,"V",0.0106143037205889
64,1886,"U",181.167533888072
64,1886,"V",0.0116674098845847
64,1887,"U",199.142207656126
64,1887,"V",0.0128250007723821
64,1888,"U",218.900252264104
64,1888,"V",0.0140974429148115
64,1889,"U",240.618606197402
64,1889,"V",0.0154961313658826
64,1890,"U",264.491763026921
64,1890,"V",0.0170335917484976
64,1891,"U",290.733513150334
64,1891,"V",0.0187235924247107
64,1892,"U",319.578858340909
64,1892,"V",0.0205812677950047
64,1893,"U",351.286116250655
64,1893,"V",0.022623253830857
64,1894,"U",386.139233712486
64,1894,"V",0.0248678370542175
64,1895,"U",424.450329558837
64,1895,"V",0.0273351182981248
64,1896,"U",466.562489728229
64,1896,"V",0.0300471927149744
64,1897,"U",512.852839689432
64,1897,"V",0.0330283476443775
64,1898,"U",563.735921699917
64,1898,"V",0.0363052801127194
64,1899,"U",619.667407140182
64,1899,"V",0.0399073359120131
64,1900,"U",681.148177171267
64,1900,"V",0.0438667723992134
64,1901,"U",748.7288082569
64,1901,"V",0.048219047369309
64,1902,"U",823.014502720809
64,1902,"V",0.0530031365892181
64,1903,"U",904.670508492605
64,1903,"V",0.0582618828360272
64,1904,"U",994.428076577712
64,1904,"V",0.0640423795653113
64,1905,"U",1093.09100960273
64,1905,"V",0.0703963926454327
64,1906,"U",1201.54286007945
64,1906,"V",0.0773808239345146
64,1907,"U",1320.75484284917
64,1907,"V",0.0850582208514902
64,1908,"U",1451.79453256815
64,1908,"V",0.0934973365047657
64,1909,"U",1595.83542411856
64,1909,"V",0.102773745394329
64,1910,"U",1754.16744156406
64,1910,"V",0.112970520201294
64,1911,"U",1928.20848975864
64,1911,"V",0.124178975725579
64,1912,"U",2119.51715205844
64,1912,"V",0.13649948663402
64,1913,"U",2329.80664784463
64,1913,"V",0.150042386341846
64,1914,"U",2560.96017485362
64,1914,"V",0.16492895507743
64,1915,"U",2815.0477737084
64,1915,"V",0.181292505978666
64,1916,"U",3094.34486567691
64,1916,"V",0.199279578947172
64,1917,"U",3401.35262966662
64,1917,"V",0.219051252951582
64,1918,"U",3738.82040094118
64,1918,"V",0.240784588532173
64,1919,"U",4109.77029213941
64,1919,"V",0.264674213424488
64,1920,"U",4517.52425708914
64,1920,"V",0.290934065501914
64,1921,"U",4965.73383977733
64,1921,"V",0.319799308645604
64,1922,"U",5458.41287488717
64,1922,"V",0.351528438698893
64,1923,"U",5999.97343274228
64,1923,"V",0.3864055983655
64,1924,"U",6595.26533055764
64,1924,"V",0.424743121782224
64,1925,"U",7249.61956382812
64,1925,"V",0.466884331553267
64,1926,"U",7968.89604679413
64,1926,"V",0.513206613294386
64,1927,"U",8759.53608951558
64,1927,"V",0.564124795220381
64,1928,"U",9628.62008149702
64,1928,"V",0.620094863040828
64,1929,"U",10583.9308984385
64,1929,"V",0.681618043432081
64,1930,"U",11634.0235999323
64,1930,"V",0.749245292653828
64,1931,"U",12788.3020422733
64,1931,"V",0.823582230507458
64,1932,"U",14057.1030924648
64,1932,"V",0.905294563820561
64,1933,"U",15451.7891975791
64,1933,"V",0.995114048026581
64,1934,"U",16984.8501384622
64,1934,"V",1.09384504022732
64,1935,"U",18670.0148790028
64,1935,"V",1.20237170242212
64,1936,"U",20522.3745126165
64,1936,"V",1.32166591941126
64,1937,"U",22558.5174069543
64,1937,"V",1.45279600227976
64,1938,"U",24796.6777571003
64,1938,"V",1.59693625540431
64,1939,"U",27256.8988775788
64,1939,"V",1.7553774926575
64,1940,"U",29961.2126955126
64,1940,"V",1.92953859698579
64,1941,"U",32933.8370523197
64,1941,"V",2.12097922687921
64,1942,"U",36201.3925808554
64,1942,"V",2.33141378352344
64,1943,"U",39793.1411001773
64,1943,"V",2.5627267637132
64,1944,"U",43741.2476628322
64,1944,"V",2.81698963601664
64,1945,"U",48081.06860136
64,1945,"V",3.0964793913212
64,1946,"U",52851.4681535492
64,1946,"V",3.40369893388569
64,1947,"U",58095.1665019075
64,1947,"V",3.74139949550626
64,1948,"U",63859.1223441291
64,1948,"V",4.11260527352052
64,1949,"U",70194.9534205837
64,1949,"V",4.52064051329011
64,1950,"U",90405.8337918988
64,1951,"U",59889.5866035693
64,1951,"V",2.47348747108635
64,1952,"U",65635.7157498991
64,1952,"V",3.53278148022019
64,1953,"U",63664.0902609014
64,1953,"V",3.44015185722236
64,1954,"U",101349.891564076
64,1954,"V",4.23800538973762
64,1955,"U",82398.2643023667
64,1955,"V",11.4814299163797
64,1956,"U",82700.6582706434
64,1956,"V",5.27500492604114
64,1957,"U",128548.838496818
64,1957,"V",3.18392546109502
64,1958,"U",31160.6079491384
64,1958,"V",8.70539465644569
64,1959,"U",22939.5708270868
64,1959,"V",5.74509786824931
64,1960,"U",44265.9863489895
64,1960,"V",10.1454073059843
64,1961,"U",22055.0929962921
64,1961,"V",17.1883538557389
64,1962,"U",145695.319020113
64,1962,"V",0.204261682375254
64,1963,"U",62325.9489664407
64,1963,"V",2.24092667540214
64,1964,"U",48419.245746444
64,1964,"V",10.7890806539855
64,1965,"U",110489.766196989
64,1965,"V",10.2039754390241
64,1966,"U",24954.6739830085
64,1966,"V",7.17446133153442
64,1967,"U",19396.7364830164
64,1967,"V",7.05687537840872
64,1968,"U",34693.8698664172
64,1968,"V",2.45698708963388
64,1969,"U",19381.9144940227
64,1969,"V",6.52354923911752
64,1970,"U",51802.6081248129
64,1970,"V",134.79602321536
64,1971,"U",36479.9941463013
64,1971,"V",56.3724822327149
64,1972,"U",39319.1669477112
64,1972,"V",150.391659542838
64,1973,"U",28930.7231122058
64,1973,"V",147.849841978722
64,1974,"U",28015.2102136789
64,1974,"V",41.7270770641727
64,1975,"U",42542.5880680026
64,1975,"V",260.722817317255
64,1976,"U",30664.7583303336
64,1976,"V",203.94335377438
64,1977,"U",17044.7134939733
64,1977,"V",98.9523981894559
64,1978,"U",13431.3443772273
64,1978,"V",233.747595418288
64,1979,"U",14432.3160716115
64,1979,"V",3680.74101369169
64,1980,"U",8848.22786089969
64,1980,"V",1182.26537483079
64,1981,"U",19798.698229667
64,1981,"V",2435.47102673973
64,1982,"U",11270.0417097271
64,1982,"V",3112.67360229614
64,1983,"U",6865.60187228208
64,1983,"V",3907.120491076
64,1984,"U",13857.9312812945
64,1984,"V",10853.9737529777
64,1985,"U",7913.60462915595
64,1985,"V",15824.0348854076
64,1986,"U",22016.7163974736
64,1986,"V",1795.24160311091
64,1987,"U",23321.9021115722
64,1987,"V",1705.43598397343
64,1988,"U",3267.05043750573
64,1988,"V",13503.6684508116
64,1989,"U",5876.36128558357
64,1989,"V",2179.82588022066
64,1990,"U",17391.2412475463
64,1990,"V",907.970560553131
64,1991,"U",8618.64245531561
64,1991,"V",3926.54496361558
64,1992,"U",10226.3414160358
64,1992,"V",4707.30489818398
64,1993,"U",21067.189667157
64,1993,"V",2649.00282873679
64,1994,"U",5091.58119378836
64,1994,"V",643.840132614034
64,1995,"U",5610.96128662391
64,1995,"V",4082.77194614176
64,1996,"U",3507.99920493153
64,1996,"V",6786.29122982057
64,1997,"U",15042.5525324473
64,1997,"V",9403.0739196995
64,1998,"U",2877.23336466053
64,1998,"V",3801.56268001107
64,1999,"U",2498.86819942684
64,1999,"V",14094.3282166324
64,2000,"U",2536.20974640656
64,2000,"V",5127.08361823549
64,2001,"U",3935.01714917062
64,2001,"V",4320.71957525771
64,2002,"U",6258.20101033445
64,2002,"V",2310.87406739832
64,2003,"U",11557.4615578821
64,2003,"V",6334.25454357934
64,2004,"U",12690.7008698028
64,2004,"V",806.947630351087
64,2005,"U",22782.7991154675
64,2005,"V",997.455586969584
64,2006,"U",3186.24573836001
64,2006,"V",3969.90026058918
64,2007,"U",4603.53181448515
64,2007,"V",937.378305065272
64,2008,"U",5433.42008354981
64,2008,"V",5868.23697508254
64,2009,"U",3383.47737128936
64,2009,"V",4137.29362826389
64,2010,"U",5270.41461287421
64,2010,"V",4359.4079352272
64,2011,"U",8561.43463089927
64,2011,"V",13613.6302630291
64,2012,"U",24891.4376592619
64,2012,"V",1773.21453735028
64,2013,"U",2723.6642066143
64,2013,"V",7120.07316065638
64,2014,"U",116777.203637896
64,2014,"V",3939.35825863937
64,2015,"U",1739.40990955363
64,2015,"V",1834.25295743782
64,2016,"U",6466.55147089288
64,2016,"V",5116.64061199968
64,2017,"U",7585.54906871923
64,2017,"V",2602.7451309303
65,1841,"U",1350.84113242578
65,1841,"V",143.040862901688
65,1842,"U",1350.84113242578
65,1842,"V",143.040862901688
65,1843,"U",1350.84113242578
65,1843,"V",143.040862901688
65,1844,"U",1350.84113242578
65,1844,"V",143.040862901688
65,1845,"U",1350.84113242578
65,1845,"V",143.040862901688
65,1846,"U",1350.84113242578
65,1846,"V",143.040862901688
65,1847,"U",1350.84113242578
65,1847,"V",143.040862901688
65,1848,"U",1350.84113242578
65,1848,"V",143.040862901688
65,1849,"U",1350.84113242578
65,1849,"V",143.040862901688
65,1850,"U",1350.84113242578
65,1850,"V",143.040862901688
65,1851,"U",1350.84113242578
65,1851,"V",143.040862901688
65,1852,"U",1350.84113242578
65,1852,"V",143.040862901688
65,1853,"U",1350.84113242578
65,1853,"V",143.040862901688
65,1854,"U",1350.84113242578
65,1854,"V",143.040862901688
65,1855,"U",1350.84113242578
65,1855,"V",143.040862901688
65,1856,"U",1350.84113242578
65,1856,"V",143.040862901688
65,1857,"U",1350.84113242578
65,1857,"V",143.040862901688
65,1858,"U",1350.84113242578
65,1858,"V",143.040862901688
65,1859,"U",1350.84113242578
65,1859,"V",143.040862901688
65,1860,"U",1350.84113242578
65,1860,"V",143.040862901688
65,1861,"U",1350.84113242578
65,1861,"V",143.040862901688
65,1862,"U",1484.8658560988
65,1862,"V",157.23277019868
65,1863,"U",1632.18794400254
65,1863,"V",172.832738301803
65,1864,"U",1794.12670417691
65,1864,"V",189.9804690279
65,1865,"U",1972.1323408054
65,1865,"V",208.829524815074
65,1866,"U",2167.79894117691
65,1866,"V",229.548703914929
65,1867,"U",2382.8787511527
65,1867,"V",252.323552024878
65,1868,"U",2619.29786699287
65,1868,"V",277.358023899083
65,1869,"U",2879.17348405451
65,1869,"V",304.876309816874
65,1870,"U",3164.8328568303
65,1870,"V",335.124843265385
65,1871,"U",3478.83414012413
65,1871,"V",368.37450781619
65,1872,"U",3823.98929800458
65,1872,"V",404.923062959406
65,1873,"U",4203.3892856802
65,1873,"V",445.097810617967
65,1874,"U",4620.43172981494
65,1874,"V",489.25852622228
65,1875,"U",5078.85135516779
65,1875,"V",537.800680593746
65,1876,"U",5582.7534300403
65,1876,"V",591.158981490523
65,1877,"U",6136.65053002859
65,1877,"V",649.811266529246
65,1878,"U",6745.50294932798
65,1878,"V",714.282782346929
65,1879,"U",7414.76312146586
65,1879,"V",785.150888322076
65,1880,"U",8150.42444728855
65,1880,"V",863.050226980878
65,1881,"U",8959.0749674312
65,1881,"V",948.678407386808
65,1882,"U",9847.95635996026
65,1882,"V",1042.80225241386
65,1883,"U",10825.0287915029
65,1883,"V",1146.26466584684
65,1884,"U",11899.0422026355
65,1884,"V",1259.99218080673
65,1885,"U",13079.6146658962
65,1885,"V",1385.00325709779
65,1886,"U",14377.3185181636
65,1886,"V",1522.41740178396
65,1887,"U",15803.7750386968
65,1887,"V",1673.4651946672
65,1888,"U",17371.7585207737
65,1888,"V",1839.49930845606
65,1889,"U",19095.3106688201
65,1889,"V",2022.00662230274
65,1890,"U",20989.8663455793
65,1890,"V",2222.62153719823
65,1891,"U",23072.3917953736
65,1891,"V",2443.14061246386
65,1892,"U",25361.5365812564
65,1892,"V",2685.53865440945
65,1893,"U",27877.8005967931
65,1893,"V",2951.98640124737
65,1894,"U",30643.7176479643
65,1894,"V",3244.86996262039
65,1895,"U",33684.0572493383
65,1895,"V",3566.8121878425
65,1896,"U",37026.0464416025
65,1896,"V",3920.69615420585
65,1897,"U",40699.6136168383
65,1897,"V",4309.69098569239
65,1898,"U",44737.6565351817
65,1898,"V",4737.28023331669
65,1899,"U",49176.3369328826
65,1899,"V",5207.29307123775
65,1900,"U",54055.40436019
65,1900,"V",5723.93858802351
65,1901,"U",59418.552149004
65,1901,"V",6291.8434801433
65,1902,"U",65313.8086981734
65,1902,"V",6916.09348525363
65,1903,"U",71793.9675804345
65,1903,"V",7602.27892631592
65,1904,"U",78917.0603227174
65,1904,"V",8356.5447744066
65,1905,"U",86746.876093756
65,1905,"V",9185.64567855168
65,1906,"U",95353.5329528784
65,1906,"V",10097.0064553862
65,1907,"U",104814.105775606
65,1907,"V",11098.7885803332
65,1908,"U",115213.316479524
65,1908,"V",12199.9632757718
65,1909,"U",126644.292731264
65,1909,"V",13410.391850686
65,1910,"U",139209.401929272
65,1910,"V",14740.9140112819
65,1911,"U",153021.167930758
65,1911,"V",16203.4449334053
65,1912,"U",168203.278732506
65,1912,"V",17811.0819660823
65,1913,"U",184891.694129329
65,1913,"V",19578.2219217163
65,1914,"U",203235.863269803
65,1914,"V",21520.6900033298
65,1915,"U",223400.063012719
65,1915,"V",23655.8815234232
65,1916,"U",245564.869069577
65,1916,"V",26002.9176835733
65,1917,"U",269928.773107463
65,1917,"V",28582.8168098125
65,1918,"U",296709.960294274
65,1918,"V",31418.6825772798
65,1919,"U",326148.263204164
65,1919,"V",34535.9109096969
65,1920,"U",358507.309581361
65,1920,"V",37962.4174065476
65,1921,"U",394076.88319593
65,1921,"V",41728.8873346113
65,1922,"U",433175.518933678
65,1922,"V",45869.0504226001
65,1923,"U",476153.355359756
65,1923,"V",50419.982919743
65,1924,"U",523395.270301654
65,1924,"V",55422.4396233544
65,1925,"U",575324.327531363
65,1925,"V",60921.2188487617
65,1926,"U",632405.565412627
65,1926,"V",66965.5636099924
65,1927,"U",695150.16144187
65,1927,"V",73609.602603922
65,1928,"U",764120.009977063
65,1928,"V",80912.8349469855
65,1929,"U",839932.754149544
65,1929,"V",88940.6630054214
65,1930,"U",923267.317020518
65,1930,"V",97764.9780906403
65,1931,"U",1014869.9815158
65,1931,"V",107464.804264848
65,1932,"U",1115561.07358561
65,1932,"V",118127.006022292
65,1933,"U",1226242.30843906
65,1933,"V",129847.066183646
65,1934,"U",1347904.86564122
65,1934,"V",142729.940969798
65,1935,"U",1481638.26538657
65,1935,"V",156890.999912383
65,1936,"U",1628640.12543897
65,1936,"V",172457.059018304
65,1937,"U",1790226.88611364
65,1937,"V",189567.516440405
65,1938,"U",1967845.59934652
65,1938,"V",208375.600824609
65,1939,"U",2163086.88742459
65,1939,"V",229049.743512709
65,1940,"U",2377699.18742713
65,1940,"V",251775.086889359
65,1941,"U",2613604.40893924
65,1941,"V",276755.142380792
65,1942,"U",2872915.14525787
65,1942,"V",304213.612953183
65,1943,"U",3157953.59222011
65,1943,"V",334396.396431518
65,1944,"U",3471272.34407776
65,1944,"V",367573.787579298
65,1945,"U",3815677.25265019
65,1945,"V",404042.89865923
65,1946,"U",4194252.55446506
65,1946,"V",444130.320151662
65,1947,"U",4610388.49090771
65,1947,"V",488195.045458233
65,1948,"U",5067811.66872415
65,1948,"V",536631.685782178
65,1949,"U",5570618.43276471
65,1949,"V",589874.003975445
65,1950,"U",7595586.49327597
65,1950,"V",532967.871284263
65,1951,"U",7606675.26262217
65,1951,"V",605966.667794016
65,1952,"U",7342325.33987266
65,1952,"V",728679.46197777
65,1953,"U",7722883.6602542
65,1953,"V",656709.638215419
65,1954,"U",7310973.94159513
65,1954,"V",710450.705540402
65,1955,"U",8867054.64701498
65,1955,"V",814041.006441427
65,1956,"U",9512901.6409598
65,1956,"V",917853.194780472
65,1957,"U",9595789.00368898
65,1957,"V",788222.398758514
65,1958,"U",11416119.4100829
65,1958,"V",870230.784467067
65,1959,"U",10965007.9089173
65,1959,"V",1074888.56714579
65,1960,"U",10468676.0955148
65,1960,"V",1128684.47831888
65,1961,"U",12092937.1327809
65,1961,"V",1436668.11929688
65,1962,"U",11777481.4263765
65,1962,"V",1486002.20586827
65,1963,"U",11661910.451871
65,1963,"V",1524054.35185801
65,1964,"U",10333534.0616752
65,1964,"V",2784509.98523248
65,1965,"U",11328306.4839215
65,1965,"V",1538073.75571026
65,1966,"U",11928872.1077443
65,1966,"V",2290341.4884452
65,1967,"U",12378952.4682676
65,1967,"V",2062185.16628557
65,1968,"U",13781575.9018781
65,1968,"V",1539168.49206156
65,1969,"U",13513875.1332855
65,1969,"V",1601643.90813155
65,1970,"U",15248035.1649446
65,1970,"V",1272787.1171456
65,1971,"U",16731317.2996696
65,1971,"V",1652406.56023306
65,1972,"U",15800246.3047144
65,1972,"V",1909969.51584313
65,1973,"U",17158799.9445257
65,1973,"V",2320073.03399278
65,1974,"U",14242387.2502184
65,1974,"V",2091749.80058626
65,1975,"U",18617715.1795433
65,1975,"V",1995664.59841604
65,1976,"U",15889398.4149412
65,1976,"V",2993066.2996809
65,1977,"U",18655249.7734282
65,1977,"V",3169142.11672652
65,1978,"U",16142440.5268777
65,1978,"V",2718055.86663646
65,1979,"U",17443107.6805303
65,1979,"V",2653433.70874979
65,1980,"U",17661044.2789923
65,1980,"V",2441597.47709251
65,1981,"U",17521453.9675214
65,1981,"V",2141042.46196397
65,1982,"U",21363826.2079721
65,1982,"V",2255785.25663528
65,1983,"U",20689979.2102442
65,1983,"V",1901696.23385034
65,1984,"U",22417685.7588039
65,1984,"V",1746254.84651745
65,1985,"U",32909127.5862323
65,1985,"V",7412659.24156392
65,1986,"U",34407103.6093385
65,1986,"V",8256669.8421418
65,1987,"U",40294393.6628978
65,1987,"V",7098709.2069204
65,1988,"U",32970421.0389151
65,1988,"V",7151911.78308771
65,1989,"U",18221126.7198468
65,1989,"V",1485288.12404643
65,1990,"U",17910953.1321618
65,1990,"V",1431441.02910894
65,1991,"U",15157226.0517347
65,1991,"V",1814525.00168714
65,1992,"U",19267486.568338
65,1992,"V",1789432.08688906
65,1993,"U",20770987.1394588
65,1993,"V",1806986.48295768
65,1994,"U",18406355.7220532
65,1994,"V",1582382.04916048
65,1995,"U",19609415.0379631
65,1995,"V",1125849.95084586
65,1996,"U",18182302.8120862
65,1996,"V",1367930.78540299
65,1997,"U",15627460.0416494
65,1997,"V",1695287.93495225
65,1998,"U",17441581.6109203
65,1998,"V",2451878.61297682
65,1999,"U",16088369.0341382
65,1999,"V",1911237.62249399
65,2000,"U",15221927.4670278
65,2000,"V",727984.987457892
65,2001,"U",16088441.5018584
65,2001,"V",612410.650109368
65,2002,"U",16792358.1471827
65,2002,"V",708972.358666766
65,2003,"U",18221646.2326312
65,2003,"V",537009.475729821
65,2004,"U",15031550.92976
65,2004,"V",475843.281723848
65,2005,"U",17204126.3266144
65,2005,"V",658642.667497703
65,2006,"U",14890265.5475107
65,2006,"V",634960.094620689
65,2007,"U",13423131.9045306
65,2007,"V",716498.301569832
65,2008,"U",13646765.3563326
65,2008,"V",974796.404988729
65,2009,"U",11284961.6434512
65,2009,"V",816301.364752254
65,2010,"U",11544701.3014466
65,2010,"V",1015857.31473567
65,2011,"U",11617048.8402791
65,2011,"V",816657.890333453
65,2012,"U",11348342.8669375
65,2012,"V",940468.781684211
65,2013,"U",12735762.1887802
65,2013,"V",992274.245008244
65,2014,"U",11291231.0550169
65,2014,"V",954710.172525039
65,2015,"U",16347606.8135379
65,2015,"V",715097.107459605
65,2016,"U",11199513.8655747
65,2016,"V",520412.715987435
65,2017,"U",8812875.74140396
65,2017,"V",298093.251858499
66,1931,"U",1.86182534457204e-09
66,1931,"V",8.19804658916993e-13
66,1932,"U",4.56147209420149e-08
66,1932,"V",2.00852141434663e-11
66,1933,"U",1.18319000647553e-06
66,1933,"V",5.20985860741749e-10
66,1934,"U",2.71500680872218e-05
66,1934,"V",1.1954801438657e-08
66,1935,"U",0.000528108620813204
66,1935,"V",2.32538411306463e-07
66,1936,"U",0.00860223446150911
66,1936,"V",3.78776232110134e-06
66,1937,"U",0.116354852174781
66,1937,"V",5.12337261809108e-05
66,1938,"U",1.30109317960333
66,1938,"V",0.000572901348364182
66,1939,"U",12.026160821069
66,1939,"V",0.00529539610078924
66,1940,"U",92.2230522043609
66,1940,"V",0.0406079378375089
66,1941,"U",589.359570425435
66,1941,"V",0.259508617723296
66,1942,"U",3152.71012061765
66,1942,"V",1.38821101164632
66,1943,"U",14180.2889521149
66,1943,"V",6.2439084211764
66,1944,"U",53866.3993566
66,1944,"V",23.7186185483873
66,1945,"U",173586.971442919
66,1945,"V",76.4343488668678
66,1946,"U",476669.21719167
66,1946,"V",209.888454980653
66,1947,"U",1121081.65091324
66,1947,"V",493.638118701346
66,1948,"U",2277117.08554606
66,1948,"V",1002.66719489697
66,1949,"U",4041628.3865979
66,1949,"V",1779.62223503071
66,1950,"U",6163943.85230312
66,1950,"V",71.5653700412284
66,1951,"U",4487275.70593645
66,1951,"V",43.492764633195
66,1952,"U",6309340.82435582
66,1952,"V",64.263235871063
66,1953,"U",8684630.20091533
66,1953,"V",39.0110905266335
66,1954,"U",10323422.2934818
66,1954,"V",51.3089792017984
66,1955,"U",10332102.1392338
66,1955,"V",405.397734762743
66,1956,"U",11687629.8288606
66,1956,"V",290.855853852298
66,1957,"U",10971594.0506609
66,1957,"V",290.657094240094
66,1958,"U",948323.190091263
66,1958,"V",3533.05629559593
66,1959,"U",1871374.85405021
66,1959,"V",267.392517315728
66,1960,"U",2249610.66347148
66,1960,"V",121.936332574084
66,1961,"U",1883020.95725523
66,1961,"V",83.9323954070002
66,1962,"U",2139507.71916807
66,1962,"V",279.015265716109
66,1963,"U",2761750.59513503
66,1963,"V",198.230012740078
66,1964,"U",2006005.87839442
66,1964,"V",101.384266104152
66,1965,"U",1750694.33571026
66,1965,"V",266.452713035861
66,1966,"U",1332144.30162887
66,1966,"V",89.446994992816
66,1967,"U",2109289.96289036
66,1967,"V",435.141309175842
66,1968,"U",2324547.51792456
66,1968,"V",2750.64964953606
66,1969,"U",1908860.48488028
66,1969,"V",1027.53779121664
66,1970,"U",2744737.3393593
66,1970,"V",2346.59367188928
66,1971,"U",2354451.09557412
66,1971,"V",2067.0708135545
66,1972,"U",2730899.49716261
66,1972,"V",3918.85882317888
66,1973,"U",2149522.18855953
66,1973,"V",4089.91020775868
66,1974,"U",2214926.50961393
66,1974,"V",6669.62112727092
66,1975,"U",2416604.90212243
66,1975,"V",5935.76553807203
66,1976,"U",1977970.44408442
66,1976,"V",5240.24471334012
66,1977,"U",770864.306633801
66,1977,"V",5481.61556307541
66,1978,"U",597245.24144131
66,1978,"V",23546.9199378293
66,1979,"U",268805.070850011
66,1979,"V",416817.145470038
66,1980,"U",450427.912870071
66,1980,"V",97266.469038687
66,1981,"U",1816772.38683335
66,1981,"V",198582.417841776
66,1982,"U",870985.32521858
66,1982,"V",124300.570664902
66,1983,"U",735833.723576768
66,1983,"V",467692.22613807
66,1984,"U",702626.167612783
66,1984,"V",1473276.95849939
66,1985,"U",1721110.48146533
66,1985,"V",1764473.40471559
66,1986,"U",1837416.92754336
66,1986,"V",207912.756035571
66,1987,"U",390235.346487287
66,1987,"V",79143.4258006798
66,1988,"U",375535.454152326
66,1988,"V",2340272.62060143
66,1989,"U",1285552.3867552
66,1989,"V",38411.0965993392
66,1990,"U",1544289.66837924
66,1990,"V",153801.623756464
66,1991,"U",1319885.64778647
66,1991,"V",67486.4010428621
66,1992,"U",1465818.25109685
66,1992,"V",1299380.38295455
66,1993,"U",1168701.33457255
66,1993,"V",92763.3523016908
66,1994,"U",1049730.72478011
66,1994,"V",94009.9783396924
66,1995,"U",1435886.25677152
66,1995,"V",929119.280933003
66,1996,"U",1960770.42622309
66,1996,"V",2070306.55973054
66,1997,"U",1101314.09704688
66,1997,"V",2016866.01493073
66,1998,"U",4650360.21652756
66,1998,"V",1825620.80804787
66,1999,"U",2250012.52707734
66,1999,"V",1548006.65124786
66,2000,"U",2116100.38276226
66,2000,"V",1110150.92266776
66,2001,"U",1918053.67226325
66,2001,"V",1190153.90795098
66,2002,"U",1771039.66613863
66,2002,"V",48372.9260266683
66,2003,"U",1772216.02751142
66,2003,"V",932913.610815224
66,2004,"U",479861.184352159
66,2004,"V",40031.4559105528
66,2005,"U",943874.734452112
66,2005,"V",26735.980025073
66,2006,"U",805872.27115607
66,2006,"V",114319.611737185
66,2007,"U",624975.161503377
66,2007,"V",102270.664374186
66,2008,"U",3019210.89834931
66,2008,"V",495577.256460782
66,2009,"U",14073481.4315846
66,2009,"V",94410.3439690955
66,2010,"U",3129287.43505389
66,2010,"V",55457.3671246077
66,2011,"U",3131773.49729394
66,2011,"V",133622.393210376
66,2012,"U",2956285.4423924
66,2012,"V",362684.425626841
66,2013,"U",2114056.43053645
66,2013,"V",1090370.57770824
66,2014,"U",2281950.35018676
66,2014,"V",1188849.52039018
66,2015,"U",107433.960858968
66,2015,"V",1749821.63247772
66,2016,"U",128313.659609367
66,2016,"V",906191.044074415
66,2017,"U",123085.98903891
66,2017,"V",1086142.6228279
121,1939,"U",3.53491039395949e-09
121,1939,"V",1.9037990450243e-10
121,1940,"U",3.98030910359839e-06
121,1940,"V",2.14367772469736e-07
121,1941,"U",0.00254777252680472
121,1941,"V",0.000137215554650508
121,1942,"U",0.568974083205842
121,1942,"V",0.0306432750912686
121,1943,"U",49.1610476814528
121,1943,"V",2.64766981896561
121,1944,"U",1823.16324380291
121,1944,"V",98.1902242389666
121,1945,"U",32194.6896609568
121,1945,"V",1733.91154514469
121,1946,"U",300314.059430045
121,1946,"V",16174.0342987841
121,1947,"U",1638769.33797421
121,1947,"V",88259.3093726426
121,1948,"U",5743194.84565149
121,1948,"V",309311.627282654
121,1949,"U",14048431.7001407
121,1949,"V",756607.321659976
121,1950,"U",14243023.8143109
121,1950,"V",2214330.53961303
121,1951,"U",18726646.4035897
121,1951,"V",2265866.56145703
121,1952,"U",30044458.1990438
121,1952,"V",2353921.48233864
121,1953,"U",30369984.7829826
121,1953,"V",2291261.87915278
121,1954,"U",28659284.6109478
121,1954,"V",2287892.73380601
121,1955,"U",32155543.7203142
121,1955,"V",1548961.07008057
121,1956,"U",34099075.2434662
121,1956,"V",1227855.48091012
121,1957,"U",34935381.442589
121,1957,"V",1646039.55964546
121,1958,"U",18912494.2681229
121,1958,"V",3382896.17997252
121,1959,"U",24766805.9101477
121,1959,"V",1633914.55499721
121,1960,"U",27238982.584925
121,1960,"V",793404.460641518
121,1961,"U",30535564.546589
121,1961,"V",965694.337422036
121,1962,"U",31676992.3351454
121,1962,"V",1242864.0023899
121,1963,"U",31816682.3560104
121,1963,"V",1812959.05444291
121,1964,"U",38147299.7914612
121,1964,"V",1791973.15794294
121,1965,"U",34069454.8334052
121,1965,"V",1770443.29918187
121,1966,"U",37283344.157945
121,1966,"V",2168349.63677885
121,1967,"U",45597015.625233
121,1967,"V",1726934.21631146
121,1968,"U",46902801.8728219
121,1968,"V",1830144.85578066
121,1969,"U",48323976.1138285
121,1969,"V",3413950.62608013
121,1970,"U",54168694.3697038
121,1970,"V",3886322.15719694
121,1971,"U",51707712.2676088
121,1971,"V",5625584.63629088
121,1972,"U",41766842.4088928
121,1972,"V",7155128.07377278
121,1973,"U",31565852.4303557
121,1973,"V",7847878.63473535
121,1974,"U",36141600.0713847
121,1974,"V",7434241.98562642
121,1975,"U",68504137.4469082
121,1975,"V",4839392.74540075
121,1976,"U",65739468.0451223
121,1976,"V",6880858.53011238
121,1977,"U",61528694.4171772
121,1977,"V",6652258.83284219
121,1978,"U",51771424.4905127
121,1978,"V",9241651.9244365
121,1979,"U",22660408.2852871
121,1979,"V",23421348.7986287
121,1980,"U",30077340.0379773
121,1980,"V",10524572.7799497
121,1981,"U",44402245.2247574
121,1981,"V",8207155.99715569
121,1982,"U",45617966.7518431
121,1982,"V",7280074.42506282
121,1983,"U",53051814.3296238
121,1983,"V",5939266.36166658
121,1984,"U",47114005.5975631
121,1984,"V",9282324.07421231
121,1985,"U",37864025.0125384
121,1985,"V",5654783.47201174
121,1986,"U",47213097.1249602
121,1986,"V",30131746.9315168
121,1987,"U",46451525.1425122
121,1987,"V",5303807.69738491
121,1988,"U",52148809.5767069
121,1988,"V",6543478.44063024
121,1989,"U",44408780.7315851
121,1989,"V",12109996.4086446
121,1990,"U",41867202.487441
121,1990,"V",13083452.1598002
121,1991,"U",44007875.4266456
121,1991,"V",10126957.1778012
121,1992,"U",41605493.012865
121,1992,"V",9897874.64573502
121,1993,"U",43113414.0851737
121,1993,"V",8712709.61027047
121,1994,"U",40606422.4538406
121,1994,"V",10009303.3660257
121,1995,"U",43091411.9676735
121,1995,"V",10838020.1768705
121,1996,"U",43659388.7688123
121,1996,"V",10569173.1668663
121,1997,"U",42532857.432922
121,1997,"V",7995186.16689219
121,1998,"U",45137433.1045657
121,1998,"V",9647794.31595476
121,1999,"U",39161711.9279739
121,1999,"V",10349497.1262074
121,2000,"U",35794488.2513762
121,2000,"V",16768347.9103557
121,2001,"U",32275351.0040795
121,2001,"V",12240166.1242979
121,2002,"U",33796711.6848715
121,2002,"V",8561377.05452472
121,2003,"U",37675071.912552
121,2003,"V",14297183.7574363
121,2004,"U",40640041.9733252
121,2004,"V",9967242.2884977
121,2005,"U",33452114.9091578
121,2005,"V",10411027.8863419
121,2006,"U",40404682.9175652
121,2006,"V",9502258.50830184
121,2007,"U",29193789.3340398
121,2007,"V",10762131.7985437
121,2008,"U",37921343.9238835
121,2008,"V",7624842.39705163
121,2009,"U",35882834.1867985
121,2009,"V",12393360.8591038
121,2010,"U",27345796.5245865
121,2010,"V",10759934.3193225
121,2011,"U",31387230.4618195
121,2011,"V",10253199.2549223
121,2012,"U",27426635.7446103
121,2012,"V",8700200.28341312
121,2013,"U",36590077.7764089
121,2013,"V",5606259.30202649
121,2014,"U",29042110.9925199
121,2014,"V",7515782.16327668
121,2015,"U",30770816.1437715
121,2015,"V",8433751.8241839
121,2016,"U",27614353.5454266
121,2016,"V",13323413.7206889
121,2017,"U",30690292.4850393
121,2017,"V",8929391.50135328
127,1841,"U",2038.00347921644
127,1841,"V",35.1876782325965
127,1842,"U",2038.00347921644
127,1842,"V",35.1876782325965
127,1843,"U",2038.00347921644
127,1843,"V",35.1876782325965
127,1844,"U",2038.00347921644
127,1844,"V",35.1876782325965
127,1845,"U",2038.00347921644
127,1845,"V",35.1876782325965
127,1846,"U",2038.00347921644
127,1846,"V",35.1876782325965
127,1847,"U",2038.00347921644
127,1847,"V",35.1876782325965
127,1848,"U",2038.00347921644
127,1848,"V",35.1876782325965
127,1849,"U",2038.00347921644
127,1849,"V",35.1876782325965
127,1850,"U",2038.00347921644
127,1850,"V",35.1876782325965
127,1851,"U",2038.00347921644
127,1851,"V",35.1876782325965
127,1852,"U",2038.00347921644
127,1852,"V",35.1876782325965
127,1853,"U",2038.00347921644
127,1853,"V",35.1876782325965
127,1854,"U",2038.00347921644
127,1854,"V",35.1876782325965
127,1855,"U",2038.00347921644
127,1855,"V",35.1876782325965
127,1856,"U",2038.00347921644
127,1856,"V",35.1876782325965
127,1857,"U",2038.00347921644
127,1857,"V",35.1876782325965
127,1858,"U",2038.00347921644
127,1858,"V",35.1876782325965
127,1859,"U",2038.00347921644
127,1859,"V",35.1876782325965
127,1860,"U",2038.00347921644
127,1860,"V",35.1876782325965
127,1861,"U",2038.00347921644
127,1861,"V",35.1876782325965
127,1862,"U",2287.74726332937
127,1862,"V",39.4996943825079
127,1863,"U",2568.09548867113
127,1863,"V",44.3401194588175
127,1864,"U",2882.79852615462
127,1864,"V",49.7737064642958
127,1865,"U",3236.06632972268
127,1865,"V",55.8731434518458
127,1866,"U",3632.624755196
127,1866,"V",62.7200259121966
127,1867,"U",4077.77878063988
127,1867,"V",70.405948321557
127,1868,"U",4577.48347390323
127,1868,"V",79.0337294500909
127,1869,"U",5138.4236568632
127,1869,"V",88.7187878256132
127,1870,"U",5768.1033318625
127,1870,"V",99.5906857489667
127,1871,"U",6474.94606689678
127,1871,"V",111.794862520538
127,1872,"U",7268.40768223976
127,1872,"V",125.494580060443
127,1873,"U",8159.10274608889
127,1873,"V",140.873106951934
127,1874,"U",9158.94657146633
127,1874,"V",158.136170125779
127,1875,"U",10281.3146138113
127,1875,"V",177.514706980765
127,1876,"U",11541.221401762
127,1876,"V",199.267954759574
127,1877,"U",12955.5213946572
127,1877,"V",223.686918506141
127,1878,"U",14543.1344538502
127,1878,"V",251.098263999147
127,1879,"U",16325.2989439632
127,1879,"V",281.868687737465
127,1880,"U",18325.8558500988
127,1880,"V",316.409822439631
127,1881,"U",20571.5677116401
127,1881,"V",355.183743678184
127,1882,"U",23092.476639356
127,1882,"V",398.709151316967
127,1883,"U",25922.3062050654
127,1883,"V",447.568308441447
127,1884,"U",29098.912580201
127,1884,"V",502.414830608748
127,1885,"U",32664.7909584829
127,1885,"V",563.982429619814
127,1886,"U",36667.6440372334
127,1886,"V",633.094728781144
127,1887,"U",41161.0201623566
127,1887,"V",710.676280962624
127,1888,"U",46205.0296737227
127,1888,"V",797.764936844773
127,1889,"U",51867.1490339354
127,1889,"V",895.525728812764
127,1890,"U",58223.1234977011
127,1890,"V",1005.26645622878
127,1891,"U",65357.9803974005
127,1891,"V",1128.45518057716
127,1892,"U",73367.1665999736
127,1892,"V",1266.73986452159
127,1893,"U",82357.8253516965
127,1893,"V",1421.97041760011
127,1894,"U",92450.229591697
127,1894,"V",1596.22344347176
127,1895,"U",103779.390908621
127,1895,"V",1791.83001977574
127,1896,"U",116496.865664166
127,1896,"V",2011.40688222611
127,1897,"U",130772.782445061
127,1897,"V",2257.89143011049
127,1898,"U",146798.117965876
127,1898,"V",2534.58102148089
127,1899,"U",164787.251868534
127,1899,"V",2845.17708370804
127,1900,"U",184980.834595557
127,1900,"V",3193.8346294915
127,1901,"U",207649.006702085
127,1901,"V",3585.21784072737
127,1902,"U",233095.012673264
127,1902,"V",4024.56246381058
127,1903,"U",261659.257590875
127,1903,"V",4517.74585106583
127,1904,"U",293720.484092375
127,1904,"V",5071.3072818397
127,1905,"U",329684.423942838
127,1905,"V",5692.25202326923
127,1906,"U",369977.954963321
127,1906,"V",6387.95044521158
127,1907,"U",415045.494634705
127,1907,"V",7166.07575307475
127,1908,"U",465344.998553764
127,1908,"V",8034.53489812171
127,1909,"U",521343.977825973
127,1909,"V",9001.39981473214
127,1910,"U",583516.129868739
127,1910,"V",10074.8492486605
127,1911,"U",652339.359555878
127,1911,"V",11263.1345905923
127,1912,"U",728296.135905499
127,1912,"V",12574.5860346317
127,1913,"U",811877.267345884
127,1913,"V",14017.6777611343
127,1914,"U",903590.27352396
127,1914,"V",15601.1724823401
127,1915,"U",1003964.76833342
127,1915,"V",17334.2143844435
127,1916,"U",1113528.82363462
127,1916,"V",19225.9210292622
127,1917,"U",1232794.89047768
127,1917,"V",21285.1402734581
127,1918,"U",1362250.15665576
127,1918,"V",23520.2837843716
127,1919,"U",1502345.74763103
127,1919,"V",25939.1405858029
127,1920,"U",1653502.98973657
127,1920,"V",28548.9851969521
127,1921,"U",1816188.80980487
127,1921,"V",31357.879464282
127,1922,"U",1990969.79118531
127,1922,"V",34375.605879723
127,1923,"U",2178559.19846327
127,1923,"V",37614.4794981715
127,1924,"U",2379869.53365523
127,1924,"V",41090.2553601218
127,1925,"U",2596069.53109098
127,1925,"V",44823.1125516032
127,1926,"U",2828644.57073201
127,1926,"V",48838.6972860161
127,1927,"U",3079459.69609533
127,1927,"V",53169.210956457
127,1928,"U",3350824.71069516
127,1928,"V",57854.534075235
127,1929,"U",3645561.12091872
127,1929,"V",62943.3820934751
127,1930,"U",3967070.90355974
127,1930,"V",68494.4927248239
127,1931,"U",4319407.10527556
127,1931,"V",74577.8448987063
127,1932,"U",4707346.02898434
127,1932,"V",81275.9051133105
127,1933,"U",5136460.12832361
127,1933,"V",88684.886013788
127,1934,"U",5613189.61461157
127,1934,"V",96915.9827408365
127,1935,"U",6144909.07790673
127,1935,"V",106096.523193904
127,1936,"U",6739983.02953122
127,1936,"V",116370.927015046
127,1937,"U",7407801.08661282
127,1937,"V",127901.313076771
127,1938,"U",8158779.45830086
127,1938,"V",140867.525142689
127,1939,"U",9004310.42662058
127,1939,"V",155466.259616081
127,1940,"U",9956782.30020114
127,1940,"V",171911.410056175
127,1941,"U",11030079.8540996
127,1941,"V",190442.707651866
127,1942,"U",12239881.101382
127,1942,"V",211330.845208497
127,1943,"U",13603869.0921979
127,1943,"V",234881.134019785
127,1944,"U",15141963.5655833
127,1944,"V",261437.503512163
127,1945,"U",16876573.000922
127,1945,"V",291386.853104731
127,1946,"U",18832867.2706047
127,1946,"V",325163.759764544
127,1947,"U",21038783.8787345
127,1947,"V",363250.58572259
127,1948,"U",23523911.8677021
127,1948,"V",406158.208272986
127,1949,"U",26318617.3485358
127,1949,"V",454410.921390171
127,1950,"U",30750451.7841713
127,1950,"V",772682.305134867
127,1951,"U",23067530.7747108
127,1951,"V",205232.18140964
127,1952,"U",33005089.0996693
127,1952,"V",218353.302226328
127,1953,"U",38643469.1511904
127,1953,"V",359060.454217717
127,1954,"U",32408611.1248355
127,1954,"V",295815.577271012
127,1955,"U",30833570.3837355
127,1955,"V",331734.787638007
127,1956,"U",29842790.3843761
127,1956,"V",306846.501171125
127,1957,"U",24029152.332921
127,1957,"V",248528.863692504
127,1958,"U",20892266.4763875
127,1958,"V",684222.131147577
127,1959,"U",25623779.926593
127,1959,"V",933775.686728415
127,1960,"U",26115819.1339108
127,1960,"V",320278.608836082
127,1961,"U",27145910.607443
127,1961,"V",369490.846644058
127,1962,"U",38563015.7359111
127,1962,"V",2873700.74789136
127,1963,"U",34206014.8614778
127,1963,"V",371391.871703095
127,1964,"U",42514052.1183933
127,1964,"V",931209.352506096
127,1965,"U",32240196.9182302
127,1965,"V",560196.264030772
127,1966,"U",28852037.2976738
127,1966,"V",1111095.43740869
127,1967,"U",32860744.9600788
127,1967,"V",546933.186706355
127,1968,"U",27540327.274629
127,1968,"V",1659925.6972296
127,1969,"U",22239032.5653128
127,1969,"V",521461.076022022
127,1970,"U",27816621.1419067
127,1970,"V",999625.178666554
127,1971,"U",27507919.7280321
127,1971,"V",1135548.93494442
127,1972,"U",30141836.6875605
127,1972,"V",1015262.41675215
127,1973,"U",37441527.3053999
127,1973,"V",822528.746556731
127,1974,"U",36549022.0172152
127,1974,"V",870030.402622911
127,1975,"U",30838944.5895301
127,1975,"V",767024.557651313
127,1976,"U",30873537.8346609
127,1976,"V",617304.744617117
127,1977,"U",32457541.3227498
127,1977,"V",665300.571255467
127,1978,"U",35964059.3353899
127,1978,"V",680355.898251969
127,1979,"U",43266328.2272693
127,1979,"V",787522.274532966
127,1980,"U",36092369.391164
127,1980,"V",1137902.00676061
127,1981,"U",32514787.4168012
127,1981,"V",949166.117215591
127,1982,"U",34966762.9713444
127,1982,"V",963564.123107963
127,1983,"U",32374208.5876578
127,1983,"V",1397891.21093447
127,1984,"U",35358929.0525721
127,1984,"V",1531575.44682461
127,1985,"U",30637925.3209457
127,1985,"V",1776485.57723189
127,1986,"U",32183056.811444
127,1986,"V",2022421.60461965
127,1987,"U",30320827.8438774
127,1987,"V",2124110.95213063
127,1988,"U",31760332.975215
127,1988,"V",1627399.28668955
127,1989,"U",31210938.3366345
127,1989,"V",1621435.75528884
127,1990,"U",36526658.5776796
127,1990,"V",1736204.09871393
127,1991,"U",30709879.6931592
127,1991,"V",2515660.42668565
127,1992,"U",32404117.1394687
127,1992,"V",3459693.21739182
127,1993,"U",29261404.9369279
127,1993,"V",3335415.56475908
127,1994,"U",27419443.232003
127,1994,"V",2301127.38708657
127,1995,"U",28852605.8793636
127,1995,"V",2104651.65662185
127,1996,"U",25999137.3108784
127,1996,"V",2285409.73807822
127,1997,"U",33947519.7925386
127,1997,"V",1585588.91241918
127,1998,"U",38397881.0545941
127,1998,"V",1144274.68128448
127,1999,"U",33463420.8767127
127,1999,"V",1157926.24541095
127,2000,"U",33297969.9504596
127,2000,"V",1021980.58147243
127,2001,"U",29702430.2773179
127,2001,"V",1023702.89683348
127,2002,"U",31160962.9930638
127,2002,"V",1117794.09837829
127,2003,"U",30952653.1323811
127,2003,"V",1063470.99397008
127,2004,"U",25530869.6486312
127,2004,"V",795789.690629519
127,2005,"U",24407170.8416353
127,2005,"V",889209.860944824
127,2006,"U",29557442.4936113
127,2006,"V",528381.933126225
127,2007,"U",26492710.3336391
127,2007,"V",685699.540596303
127,2008,"U",28822607.2795248
127,2008,"V",457809.674548563
127,2009,"U",32136338.7447447
127,2009,"V",790715.22938415
127,2010,"U",25583834.0665567
127,2010,"V",630154.336116857
127,2011,"U",26508055.8753513
127,2011,"V",562408.37685609
127,2012,"U",24411090.4002612
127,2012,"V",715362.085842706
127,2013,"U",24086050.8584411
127,2013,"V",633751.226400953
127,2014,"U",30289426.6712149
127,2014,"V",680379.389470623
127,2015,"U",25375571.2643273
127,2015,"V",1013970.95272749
127,2016,"U",26309344.9693664
127,2016,"V",1253374.10711929
127,2017,"U",30486137.3125478
127,2017,"V",976339.784267235
131,1841,"U",1210.04270752969
131,1841,"V",420.281336588945
131,1842,"U",1210.04270752969
131,1842,"V",420.281336588945
131,1843,"U",1210.04270752969
131,1843,"V",420.281336588945
131,1844,"U",1210.04270752969
131,1844,"V",420.281336588945
131,1845,"U",1210.04270752969
131,1845,"V",420.281336588945
131,1846,"U",1210.04270752969
131,1846,"V",420.281336588945
131,1847,"U",1210.04270752969
131,1847,"V",420.281336588945
131,1848,"U",1210.04270752969
131,1848,"V",420.281336588945
131,1849,"U",1210.04270752969
131,1849,"V",420.281336588945
131,1850,"U",1210.04270752969
131,1850,"V",420.281336588945
131,1851,"U",1210.04270752969
131,1851,"V",420.281336588945
131,1852,"U",1210.04270752969
131,1852,"V",420.281336588945
131,1853,"U",1210.04270752969
131,1853,"V",420.281336588945
131,1854,"U",1210.04270752969
131,1854,"V",420.281336588945
131,1855,"U",1210.04270752969
131,1855,"V",420.281336588945
131,1856,"U",1210.04270752969
131,1856,"V",420.281336588945
131,1857,"U",1210.04270752969
131,1857,"V",420.281336588945
131,1858,"U",1210.04270752969
131,1858,"V",420.281336588945
131,1859,"U",1210.04270752969
131,1859,"V",420.281336588945
131,1860,"U",1210.04270752969
131,1860,"V",420.281336588945
131,1861,"U",1210.04270752969
131,1861,"V",420.281336588945
131,1862,"U",1332.65934141772
131,1862,"V",462.869488608557
131,1863,"U",1467.70102345702
131,1863,"V",509.773203882013
131,1864,"U",1616.42681464576
131,1864,"V",561.429789155488
131,1865,"U",1780.22335976389
131,1865,"V",618.320864555162
131,1866,"U",1960.61781574837
131,1866,"V",680.976853969927
131,1867,"U",2159.29209014559
131,1867,"V",749.981930460133
131,1868,"U",2378.09852237065
131,1868,"V",825.979462793136
131,1869,"U",2619.07715399511
131,1869,"V",909.678013892434
131,1870,"U",2884.47474906894
131,1870,"V",1001.85794712209
131,1871,"U",3176.76574182914
131,1871,"V",1103.37870200599
131,1872,"U",3498.67530707871
131,1872,"V",1215.1868072092
131,1873,"U",3853.20476835424
131,1873,"V",1338.32470549812
131,1874,"U",4243.65958076493
131,1874,"V",1473.94047295525
131,1875,"U",4673.68014939576
131,1875,"V",1623.29852306396
131,1876,"U",5147.27577062637
131,1876,"V",1787.7913954683
131,1877,"U",5668.86201279842
131,1877,"V",1968.95273931375
131,1878,"U",6243.30188476274
131,1878,"V",2168.47161222363
131,1879,"U",6875.95117614155
131,1879,"V",2388.20822822751
131,1880,"U",7572.70839202409
131,1880,"V",2630.2113014636
131,1881,"U",8340.03733976034
131,1881,"V",2896.72589119767
131,1882,"U",9184.90420476194
131,1882,"V",3190.17154650638
131,1883,"U",10114.8865528261
131,1883,"V",3513.18016580253
131,1884,"U",11138.2516180644
131,1884,"V",3868.62318840031
131,1885,"U",12264.0109855879
131,1885,"V",4259.63058732613
131,1886,"U",13501.9784195538
131,1886,"V",4689.61095460006
131,1887,"U",14862.8308411634
131,1887,"V",5162.27268058325
131,1888,"U",16358.1724289695
131,1888,"V",5681.64621778938
131,1889,"U",18000.6017763147
131,1889,"V",6252.10740652243
131,1890,"U",19803.7757437517
131,1890,"V",6878.39965259028
131,1891,"U",21782.4588360978
131,1891,"V",7565.65107732302
131,1892,"U",23952.6156653517
131,1892,"V",8319.40663250376
131,1893,"U",26331.5350093586
131,1893,"V",9145.67118937847
131,1894,"U",28937.9557843708
131,1894,"V",10050.953292414
131,1895,"U",31792.1193778485
131,1895,"V",11042.283335929
131,1896,"U",34915.8478793417
131,1896,"V",12127.2407358448
131,1897,"U",38332.6377778372
131,1897,"V",13313.9864733692
131,1898,"U",42067.7552424703
131,1898,"V",14611.2961886249
131,1899,"U",46148.332403105
131,1899,"V",16028.5936215619
131,1900,"U",50603.4639463184
131,1900,"V",17575.9841624162
131,1901,"U",55464.3032332958
131,1901,"V",19264.2882361176
131,1902,"U",60764.1570291269
131,1902,"V",21105.0742043956
131,1903,"U",66538.5778082643
131,1903,"V",23110.6904260224
131,1904,"U",72825.4524690628
131,1904,"V",25294.2960698281
131,1905,"U",79665.0861518328
131,1905,"V",27669.8902270308
131,1906,"U",87100.5092178992
131,1906,"V",30252.418533565
131,1907,"U",95178.6563281029
131,1907,"V",33058.1826966907
131,1908,"U",103951.293379626
131,1908,"V",36105.1624458194
131,1909,"U",113475.919398466
131,1909,"V",39413.3287847415
131,1910,"U",123816.529043738
131,1910,"V",43004.9088304836
131,1911,"U",135043.402741586
131,1911,"V",46904.3129210052
131,1912,"U",147233.515503615
131,1912,"V",51138.2766091584
131,1913,"U",160471.267639389
131,1913,"V",55736.1144593731
131,1914,"U",174849.303546261
131,1914,"V",60730.004436034
131,1915,"U",190469.43003155
131,1915,"V",66155.3068622003
131,1916,"U",207443.647237823
131,1916,"V",72050.922488501
131,1917,"U",225895.307103531
131,1917,"V",78459.6948585904
131,1918,"U",245960.416438357
131,1918,"V",85428.8629032952
131,1919,"U",267789.104171926
131,1919,"V",93010.5705567182
131,1920,"U",291547.275200929
131,1920,"V",101262.441183139
131,1921,"U",317418.476577484
131,1921,"V",110248.225755898
131,1922,"U",345606.162534547
131,1922,"V",120038.589563444
131,1923,"U",376336.748660612
131,1923,"V",130712.173008769
131,1924,"U",409862.40072336
131,1924,"V",142356.560245077
131,1925,"U",446463.837024503
131,1925,"V",155069.252511224
131,1926,"U",486453.317141224
131,1926,"V",168958.706204361
131,1927,"U",530177.802944861
131,1927,"V",184145.430789259
131,1928,"U",578022.268919835
131,1928,"V",200763.138563721
131,1929,"U",630413.127431416
131,1929,"V",218959.934348922
131,1930,"U",687821.720268227
131,1930,"V",238899.528198797
131,1931,"U",750767.810068327
131,1931,"V",260762.44806899
131,1932,"U",819822.98370518
131,1932,"V",284747.221907039
131,1933,"U",895613.853997271
131,1933,"V",311071.489694766
131,1934,"U",978824.915952361
131,1934,"V",339972.995501008
131,1935,"U",1070200.87906745
131,1935,"V",371710.39755396
131,1936,"U",1170548.25811337
131,1936,"V",406563.820764712
131,1937,"U",1280735.96179364
131,1937,"V",444835.061184774
131,1938,"U",1401694.57254732
131,1938,"V",486847.335861655
131,1939,"U",1534413.96294762
131,1939,"V",532944.454948128
131,1940,"U",1679942.35651982
131,1940,"V",583490.495498239
131,1941,"U",1839396.36614918
131,1941,"V",638873.288084386
131,1942,"U",2013964.41002355
131,1942,"V",699505.603248711
131,1943,"U",2204906.61329562
131,1943,"V",765825.117347731
131,1944,"U",2413553.70640287
131,1944,"V",838294.029908287
131,1945,"U",2641304.73909439
131,1945,"V",917398.269645838
131,1946,"U",2889623.41574393
131,1946,"V",1003646.22161715
131,1947,"U",3160027.8903552
131,1947,"V",1097565.18274314
131,1948,"U",3454060.22813386
131,1948,"V",1199690.75496717
131,1949,"U",3773261.42141247
131,1949,"V",1310558.16759411
131,1950,"U",4005586.03700627
131,1950,"V",672787.568039915
131,1951,"U",4384559.65078277
131,1951,"V",1801326.58118432
131,1952,"U",3321336.51461293
131,1952,"V",1679970.69473958
131,1953,"U",4018778.05000321
131,1953,"V",1410907.98888513
131,1954,"U",5214360.63550363
131,1954,"V",1797413.97095678
131,1955,"U",3258601.97415162
131,1955,"V",2865945.2130027
131,1956,"U",4781060.11755338
131,1956,"V",2699810.04154805
131,1957,"U",5865423.49501595
131,1957,"V",2101308.05111458
131,1958,"U",7039584.23424409
131,1958,"V",1389377.58744564
131,1959,"U",6777884.60413303
131,1959,"V",2095731.9927114
131,1960,"U",6998671.61403026
131,1960,"V",1486151.69712195
131,1961,"U",6198602.51211462
131,1961,"V",1574211.53975357
131,1962,"U",5332199.32776259
131,1962,"V",3640701.75657555
131,1963,"U",5870791.36527544
131,1963,"V",3179561.03702712
131,1964,"U",9055453.5438311
131,1964,"V",2993983.02738396
131,1965,"U",8355486.21282444
131,1965,"V",2636478.9922651
131,1966,"U",8277701.13655402
131,1966,"V",3211560.074369
131,1967,"U",9810139.20486017
131,1967,"V",2937887.29085737
131,1968,"U",10832717.6344239
131,1968,"V",2988177.70889549
131,1969,"U",9432120.6974522
131,1969,"V",3171368.59968897
131,1970,"U",9044116.56759301
131,1970,"V",5760865.97408559
131,1971,"U",8386364.82358947
131,1971,"V",5488019.73592179
131,1972,"U",14874382.9339738
131,1972,"V",4173790.48972974
131,1973,"U",12594602.3005795
131,1973,"V",5596712.19144441
131,1974,"U",16820353.7020479
131,1974,"V",3995422.40017053
131,1975,"U",17348481.5467672
131,1975,"V",3142931.83906812
131,1976,"U",12876666.5691364
131,1976,"V",4539485.98293691
131,1977,"U",14274851.4370913
131,1977,"V",3831494.45810799
131,1978,"U",16588283.0926849
131,1978,"V",3449424.85326194
131,1979,"U",18420841.4862635
131,1979,"V",2533920.26142189
131,1980,"U",16756943.3971364
131,1980,"V",2956463.26782591
131,1981,"U",22009272.8547932
131,1981,"V",3331947.06594769
131,1982,"U",18955875.922957
131,1982,"V",2506526.60007382
131,1983,"U",23249367.362682
131,1983,"V",2835315.82534919
131,1984,"U",21775235.1059867
131,1984,"V",3907746.43518821
131,1985,"U",21770677.5927166
131,1985,"V",3055258.29805652
131,1986,"U",21757860.6768128
131,1986,"V",2712789.2572545
131,1987,"U",16668285.5915806
131,1987,"V",4272272.70562919
131,1988,"U",19207040.7046236
131,1988,"V",3601057.54560183
131,1989,"U",21143448.8082496
131,1989,"V",4794161.47247919
131,1990,"U",22812663.8873545
131,1990,"V",3202785.91073851
131,1991,"U",27876196.9591329
131,1991,"V",3843741.96336289
131,1992,"U",27671248.9080968
131,1992,"V",3355970.6090161
131,1993,"U",26651176.4429589
131,1993,"V",3754743.04549322
131,1994,"U",25296551.5019194
131,1994,"V",3730314.94049557
131,1995,"U",24150867.357265
131,1995,"V",3556154.18884917
131,1996,"U",24135313.5419853
131,1996,"V",3571925.34270932
131,1997,"U",26384256.8152469
131,1997,"V",3703320.64643109
131,1998,"U",26835310.3260659
131,1998,"V",4049070.91823929
131,1999,"U",31693657.3927079
131,1999,"V",3673604.95018519
131,2000,"U",28266886.6901268
131,2000,"V",5296805.47268251
131,2001,"U",26457333.9909587
131,2001,"V",3861414.27336102
131,2002,"U",30463691.9947389
131,2002,"V",4496638.52591544
131,2003,"U",26535107.3893149
131,2003,"V",4755202.0025714
131,2004,"U",28705387.0868424
131,2004,"V",3910717.0281582
131,2005,"U",27801958.3083687
131,2005,"V",5204497.26051686
131,2006,"U",27261482.6901605
131,2006,"V",4093933.01836773
131,2007,"U",26697574.26083
131,2007,"V",4277382.39039433
131,2008,"U",30025688.274809
131,2008,"V",4324966.66587612
131,2009,"U",30063951.1730003
131,2009,"V",4103248.89689941
131,2010,"U",32752904.6485977
131,2010,"V",4616126.68393501
131,2011,"U",29847685.1883698
131,2011,"V",4419227.28599465
131,2012,"U",28640008.6545615
131,2012,"V",4481814.58052999
131,2013,"U",37206376.7670891
131,2013,"V",4249464.50726611
131,2014,"U",40481933.0865861
131,2014,"V",3886238.15337162
131,2015,"U",31691277.4658025
131,2015,"V",3961722.3723924
131,2016,"U",40866572.8883441
131,2016,"V",3996489.1564742
131,2017,"U",40844964.11932
131,2017,"V",4149718.22378439
134,1841,"U",1024.75372506793
134,1841,"V",9.32758069664808
134,1842,"U",1024.75372506793
134,1842,"V",9.32758069664808
134,1843,"U",1024.75372506793
134,1843,"V",9.32758069664808
134,1844,"U",1024.75372506793
134,1844,"V",9.32758069664808
134,1845,"U",1024.75372506793
134,1845,"V",9.32758069664808
134,1846,"U",1024.75372506793
134,1846,"V",9.32758069664808
134,1847,"U",1024.75372506793
134,1847,"V",9.32758069664808
134,1848,"U",1024.75372506793
134,1848,"V",9.32758069664808
134,1849,"U",1024.75372506793
134,1849,"V",9.32758069664808
134,1850,"U",1024.75372506793
134,1850,"V",9.32758069664808
134,1851,"U",1024.75372506793
134,1851,"V",9.32758069664808
134,1852,"U",1024.75372506793
134,1852,"V",9.32758069664808
134,1853,"U",1024.75372506793
134,1853,"V",9.32758069664808
134,1854,"U",1024.75372506793
134,1854,"V",9.32758069664808
134,1855,"U",1024.75372506793
134,1855,"V",9.32758069664808
134,1856,"U",1024.75372506793
134,1856,"V",9.32758069664808
134,1857,"U",1024.75372506793
134,1857,"V",9.32758069664808
134,1858,"U",1024.75372506793
134,1858,"V",9.32758069664808
134,1859,"U",1024.75372506793
134,1859,"V",9.32758069664808
134,1860,"U",1024.75372506793
134,1860,"V",9.32758069664808
134,1861,"U",1024.75372506793
134,1861,"V",9.32758069664808
134,1862,"U",1129.30036938715
134,1862,"V",10.2791920327149
134,1863,"U",1244.5129918542
134,1863,"V",11.3278879359794
134,1864,"U",1371.47974877081
134,1864,"V",12.4835730942382
134,1865,"U",1511.39981149255
134,1865,"V",13.7571626838058
134,1866,"U",1665.59469232195
134,1866,"V",15.1606854608036
134,1867,"U",1835.52072588346
134,1867,"V",16.7073973699516
134,1868,"U",2022.78282386402
134,1868,"V",18.4119067438712
134,1869,"U",2229.14963302843
134,1869,"V",20.2903122753692
134,1870,"U",2456.5702396754
134,1870,"V",22.3603550658355
134,1871,"U",2707.19257830168
134,1871,"V",24.6415861857949
134,1872,"U",2983.38371834249
134,1872,"V",27.1555513302094
134,1873,"U",3287.75222058797
134,1873,"V",29.9259943125218
134,1874,"U",3623.17277443163
134,1874,"V",32.9790813194352
134,1875,"U",3992.81334863931
134,1875,"V",36.3436480444295
134,1876,"U",4400.16511207498
134,1876,"V",40.0514720341557
134,1877,"U",4849.07540697286
134,1877,"V",44.137572819921
134,1878,"U",5343.78408618891
134,1878,"V",48.6405426690076
134,1879,"U",5888.96355761824
134,1879,"V",53.602911079599
134,1880,"U",6489.76291399696
134,1880,"V",59.0715464619639
134,1881,"U",7151.85656487987
134,1881,"V",65.0980987996385
134,1882,"U",7881.49783011274
134,1882,"V",71.7394874714508
134,1883,"U",8685.57800097842
134,1883,"V",79.0584388417686
134,1884,"U",9571.69142683139
134,1884,"V",87.1240786963391
134,1885,"U",10548.2072419543
134,1885,"V",96.0125851191942
134,1886,"U",11624.3484100746
134,1886,"V",105.807907976852
134,1887,"U",12810.2788331044
134,1887,"V",116.602561805202
134,1888,"U",14117.1993468174
134,1888,"V",128.498499587673
134,1889,"U",15557.4535101269
134,1889,"V",141.608075677344
134,1890,"U",17144.6441871151
134,1890,"V",156.055106957561
134,1891,"U",18893.7620229072
134,1891,"V",171.976042263472
134,1892,"U",20821.3270268117
134,1892,"V",189.521251109394
134,1893,"U",22945.5445999492
134,1893,"V",208.856443893751
134,1894,"U",25286.4774810113
134,1894,"V",230.164236995063
134,1895,"U",27866.2352341429
134,1895,"V",253.645877540983
134,1896,"U",30709.1830686069
134,1896,"V",279.523144140397
134,1897,"U",33842.1719624956
134,1897,"V",308.040441530569
134,1898,"U",37294.7922639447
134,1898,"V",339.467108922791
134,1899,"U",41099.6531650564
134,1899,"V",374.099963848289
134,1900,"U",45292.6906881025
134,1900,"V",412.266105530471
134,1901,"U",49913.5070928607
134,1901,"V",454.326004260695
134,1902,"U",55005.7449107028
134,1902,"V",500.676905955928
134,1903,"U",60617.4991381043
134,1903,"V",551.756584053583
134,1904,"U",66801.771482656
134,1904,"V",608.047474179431
134,1905,"U",73616.9709518081
134,1905,"V",670.081230639363
134,1906,"U",81127.4655122951
134,1906,"V",738.443747770038
134,1907,"U",89404.1900305445
134,1907,"V",813.780693574045
134,1908,"U",98525.3162359212
134,1908,"V",896.803607903363
134,1909,"U",108576.991034446
134,1909,"V",988.296622787
134,1910,"U",119654.150146194
134,1910,"V",1089.1238683748
134,1911,"U",131861.414750993
134,1911,"V",1200.23763444484
134,1912,"U",145314.079611024
134,1912,"V",1322.68736455788
134,1913,"U",160139.202002913
134,1913,"V",1457.62956780663
134,1914,"U",176476.801744019
134,1914,"V",1606.33874177387
134,1915,"U",194481.183646912
134,1915,"V",1770.21940986451
134,1916,"U",214322.394892251
134,1916,"V",1950.81938670078
134,1917,"U",236187.831084707
134,1917,"V",2149.84439686995
134,1918,"U",260284.00616064
134,1918,"V",2369.17418509435
134,1919,"U",286838.502863998
134,1919,"V",2610.88026998127
134,1920,"U",316102.122212153
134,1920,"V",2877.24550903207
134,1921,"U",348351.252252919
134,1921,"V",3170.78565969803
134,1922,"U",383890.478485101
134,1922,"V",3494.2731401218
134,1923,"U",423055.460597334
134,1923,"V",3850.76321397874
134,1924,"U",466216.102695479
134,1924,"V",4243.62284672896
134,1925,"U",513780.046960413
134,1925,"V",4676.56250581887
134,1926,"U",566196.523733259
134,1926,"V",5153.67120518006
134,1927,"U",623960.594390933
134,1927,"V",5679.45512500982
134,1928,"U",687617.82708526
134,1928,"V",6258.88017159092
134,1929,"U",757769.449506638
134,1929,"V",6897.41887911582
134,1930,"U",835078.027339153
134,1930,"V",7601.10209649382
134,1931,"U",920273.722038648
134,1931,"V",8376.57594730986
134,1932,"U",1014161.1870371
134,1932,"V",9231.16460090928
134,1933,"U",1117627.16750625
134,1933,"V",10172.9394474656
134,1934,"U",1231648.87545865
134,1934,"V",11210.7953303755
134,1935,"U",1357303.21928673
134,1935,"V",12354.5345559763
134,1936,"U",1495776.97491104
134,1936,"V",13614.9594740395
134,1937,"U",1648377.99460151
134,1937,"V",15003.9745034401
134,1938,"U",1816547.55933657
134,1938,"V",16534.698566612
134,1939,"U",2001873.9913653
134,1939,"V",18221.5889947051
134,1940,"U",2206107.65553997
134,1940,"V",20080.5780737007
134,1941,"U",2431177.49110309
134,1941,"V",22129.2235211297
134,1942,"U",2679209.23006799
134,1942,"V",24386.8743146135
134,1943,"U",2952545.47426096
134,1943,"V",26874.8534384362
134,1944,"U",3253767.82064816
134,1944,"V",29616.6592741497
134,1945,"U",3585721.243916
134,1945,"V",32638.187537298
134,1946,"U",3951540.96659217
134,1946,"V",35967.9758564001
134,1947,"U",4354682.07049
134,1947,"V",39637.4733041831
134,1948,"U",4798952.12914905
134,1948,"V",43681.3374267282
134,1949,"U",5288547.16947745
134,1949,"V",48137.7615758956
134,1950,"U",5580867.55095101
134,1950,"V",34538.8330239683
134,1951,"U",5220798.64199944
134,1951,"V",58299.3038779794
134,1952,"U",5485766.80694817
134,1952,"V",37278.561657134
134,1953,"U",7954149.0321517
134,1953,"V",65261.1697949931
134,1954,"U",5166690.32337954
134,1954,"V",56339.3771235266
134,1955,"U",7128143.04120284
134,1955,"V",51852.5196808886
134,1956,"U",8327298.83393858
134,1956,"V",35669.1950763677
134,1957,"U",10001947.008826
134,1957,"V",46027.939299323
134,1958,"U",12214777.1883025
134,1958,"V",83564.1278802599
134,1959,"U",11273918.5873225
134,1959,"V",109813.435959124
134,1960,"U",11193705.1725608
134,1960,"V",177040.685225312
134,1961,"U",15619339.3273089
134,1961,"V",191766.026718093
134,1962,"U",17964055.8008859
134,1962,"V",311115.165672198
134,1963,"U",19534751.6051138
134,1963,"V",141964.613258996
134,1964,"U",24867020.6573495
134,1964,"V",204339.116545794
134,1965,"U",23110485.2855184
134,1965,"V",816528.10395716
134,1966,"U",24388066.7926481
134,1966,"V",1042286.7490807
134,1967,"U",26638078.5067922
134,1967,"V",1042103.90702484
134,1968,"U",28756493.1534397
134,1968,"V",992449.87093096
134,1969,"U",30119558.6297258
134,1969,"V",1299788.10540409
134,1970,"U",20973813.7666944
134,1970,"V",2005272.28841201
134,1971,"U",17247507.8352275
134,1971,"V",3842637.94968111
134,1972,"U",14942400.9725105
134,1972,"V",57104.1513375841
134,1973,"U",24474157.4034598
134,1973,"V",1274400.38563919
134,1974,"U",25866379.0307807
134,1974,"V",502855.0101927
134,1975,"U",28933978.6595581
134,1975,"V",432828.408317287
134,1976,"U",25116583.6861816
134,1976,"V",74606.6373939587
134,1977,"U",29404231.5728462
134,1977,"V",565306.545004906
134,1978,"U",29084082.5257036
134,1978,"V",116744.392658529
134,1979,"U",38758842.2063644
134,1979,"V",598830.857488993
134,1980,"U",42536288.3053925
134,1980,"V",690575.351127629
134,1981,"U",40044843.6832063
134,1981,"V",696198.219723518
134,1982,"U",33682862.1072491
134,1982,"V",173175.466169318
134,1983,"U",35025251.060965
134,1983,"V",260577.500065393
134,1984,"U",34251885.4820592
134,1984,"V",8813.6378964416
134,1985,"U",30870130.9325834
134,1985,"V",221803.658550896
134,1986,"U",24470589.5322453
134,1986,"V",6550704.44435235
134,1987,"U",26738320.2038451
134,1987,"V",334580.003753254
134,1988,"U",24370747.1491459
134,1988,"V",320297.413839569
134,1989,"U",22776879.4730415
134,1989,"V",488850.065830253
134,1990,"U",29451284.8515312
134,1990,"V",27349.9725651565
134,1991,"U",33623588.2903534
134,1991,"V",31550.0240458861
134,1992,"U",30963876.6514035
134,1992,"V",536657.246555322
134,1993,"U",34924604.0494479
134,1993,"V",151934.436011673
134,1994,"U",33578139.4642481
134,1994,"V",22179.6496034646
134,1995,"U",35064625.1492065
134,1995,"V",35386.1513018971
134,1996,"U",40173063.5607468
134,1996,"V",280385.612101574
134,1997,"U",33155447.8712486
134,1997,"V",293417.162712085
134,1998,"U",39737810.8001313
134,1998,"V",281378.674007913
134,1999,"U",49925858.0361582
134,1999,"V",83875.3746067909
134,2000,"U",52398429.241388
134,2000,"V",79031.8566375347
134,2001,"U",49784302.8354423
134,2001,"V",268639.961923021
134,2002,"U",42328906.0238162
134,2002,"V",255466.43012412
134,2003,"U",37630034.9208985
134,2003,"V",334561.26386429
134,2004,"U",43114850.2248071
134,2004,"V",167214.199391869
134,2005,"U",58485521.5683583
134,2005,"V",62478.7694432115
134,2006,"U",41005068.4381912
134,2006,"V",71691.7660875451
134,2007,"U",36468805.9108688
134,2007,"V",63483.064015167
134,2008,"U",41638515.3916316
134,2008,"V",172003.897552706
134,2009,"U",37709269.1756968
134,2009,"V",58591.5972722879
134,2010,"U",51528627.508095
134,2010,"V",83767.6190074328
134,2011,"U",42572815.4755276
134,2011,"V",60196.5802129961
134,2012,"U",51454068.0148853
134,2012,"V",56145.1135432024
134,2013,"U",49538172.1715066
134,2013,"V",122887.339945463
134,2014,"U",63242941.7663704
134,2014,"V",91731.0735695825
134,2015,"U",58222921.8543439
134,2015,"V",97291.3594376489
134,2016,"U",63354839.8018078
134,2016,"V",183860.239375919
134,2017,"U",52693692.5279527
134,2017,"V",144430.889006691
141,1917,"U",1.1199356999735e-10
141,1917,"V",4.42175182958481e-12
141,1918,"U",2.239871399947e-10
141,1918,"V",8.84350365916962e-12
141,1919,"U",7.83954989981449e-10
141,1919,"V",3.09522628070937e-11
141,1920,"U",2.239871399947e-09
141,1920,"V",8.84350365916962e-11
141,1921,"U",6.83160776983835e-09
141,1921,"V",2.69726861604673e-10
141,1922,"U",2.0158842599523e-08
141,1922,"V",7.95915329325266e-10
141,1923,"U",5.94685856685929e-08
141,1923,"V",2.34795022150954e-09
141,1924,"U",1.75493924185847e-07
141,1924,"V",6.92888511695939e-09
141,1925,"U",5.17634280527752e-07
141,1925,"V",2.0437336956341e-08
141,1926,"U",1.52714432048386e-06
141,1926,"V",6.02950079482185e-08
141,1927,"U",4.50606128884338e-06
141,1927,"V",1.77909184863345e-07
141,1928,"U",1.32952046686654e-05
141,1928,"V",5.24923846697331e-07
141,1929,"U",3.92280997565418e-05
141,1929,"V",1.5488114351005e-06
141,1930,"U",0.000115744010669421
141,1930,"V",4.56982745485394e-06
141,1931,"U",0.00034150692071
141,1931,"V",1.34834424110335e-05
141,1932,"U",0.00100762865997373
141,1932,"V",3.97833899828922e-05
141,1933,"U",0.00297304525747812
141,1933,"V",0.000117382348888453
141,1934,"U",0.00877207880756796
141,1934,"V",0.000346340915085961
141,1935,"U",0.0258823392864889
141,1935,"V",0.00102189153445751
141,1936,"U",0.0763667886745887
141,1936,"V",0.00301512834664855
141,1937,"U",0.225323003553384
141,1937,"V",0.00889624648301947
141,1938,"U",0.664823764137716
141,1938,"V",0.0262487006664487
141,1939,"U",1.96158683525849
141,1939,"V",0.077447751490545
141,1940,"U",5.78574899612167
141,1940,"V",0.228434062863831
141,1941,"U",17.0254360618329
141,1941,"V",0.672201565301206
141,1942,"U",49.8011801308963
141,1942,"V",1.96625984299352
141,1943,"U",144.094650015582
141,1943,"V",5.68917289050487
141,1944,"U",410.009113463519
141,1944,"V",16.1880592577472
141,1945,"U",1139.99369568004
141,1945,"V",45.0094519686055
141,1946,"U",3076.7603416542
141,1946,"V",121.477247936871
141,1947,"U",8007.65136856195
141,1947,"V",316.159642829976
141,1948,"U",19971.3109918442
141,1948,"V",788.511170056314
141,1949,"U",47456.7174684407
141,1949,"V",1873.69531391072
141,1950,"U",753373.744733291
141,1950,"V",15102.4220353988
141,1951,"U",367659.298054887
141,1951,"V",10995.4894988438
141,1952,"U",415931.428957745
141,1952,"V",7247.56820081729
141,1953,"U",444187.419171255
141,1953,"V",29564.1507441785
141,1954,"U",611876.73709372
141,1954,"V",9322.56421370795
141,1955,"U",571363.941029578
141,1955,"V",10311.124091716
141,1956,"U",751614.903687669
141,1956,"V",16881.0879674888
141,1957,"U",925472.141128826
141,1957,"V",20550.4319021001
141,1958,"U",946855.689871517
141,1958,"V",25525.6765966395
141,1959,"U",1378084.46882369
141,1959,"V",99498.1241310091
141,1960,"U",1422830.8343981
141,1960,"V",69509.4687266648
141,1961,"U",1259670.57063172
141,1961,"V",108667.256518008
141,1962,"U",1811883.64089243
141,1962,"V",129294.007898498
141,1963,"U",2295760.11419474
141,1963,"V",142663.521577141
141,1964,"U",3690842.99578473
141,1964,"V",151507.546189475
141,1965,"U",3255525.54864129
141,1965,"V",214383.95779436
141,1966,"U",3383966.53983083
141,1966,"V",278983.326521858
141,1967,"U",5852598.85233963
141,1967,"V",380361.547713488
141,1968,"U",3660220.94106843
141,1968,"V",329684.821343607
141,1969,"U",3249909.42935258
141,1969,"V",468460.933327073
141,1970,"U",3307249.71495149
141,1970,"V",230686.155419896
141,1971,"U",3317716.50725185
141,1971,"V",314046.688457299
141,1972,"U",3499777.21468149
141,1972,"V",264006.892689844
141,1973,"U",4591593.4145271
141,1973,"V",373203.911733829
141,1974,"U",3559096.54836634
141,1974,"V",227340.62595075
141,1975,"U",5917997.15663315
141,1975,"V",340998.303749106
141,1976,"U",5891184.34083007
141,1976,"V",136213.600260842
141,1977,"U",7489482.25555001
141,1977,"V",252019.959050349
141,1978,"U",11126394.8233572
141,1978,"V",265875.409233268
141,1979,"U",7221046.19103552
141,1979,"V",207013.876126122
141,1980,"U",9417149.41106872
141,1980,"V",347789.179558088
141,1981,"U",10832859.9185179
141,1981,"V",267856.501169355
141,1982,"U",14944120.0252902
141,1982,"V",290395.080148003
141,1983,"U",15578390.2146465
141,1983,"V",246858.824830219
141,1984,"U",20476331.1378567
141,1984,"V",228256.216101814
141,1985,"U",26428498.0511574
141,1985,"V",424341.785437078
141,1986,"U",34031679.6419023
141,1986,"V",217787.89234168
141,1987,"U",30429866.8649068
141,1987,"V",329576.122689534
141,1988,"U",28859239.9551193
141,1988,"V",308845.199681751
141,1989,"U",36967286.4186458
141,1989,"V",389192.480902726
141,1990,"U",37559637.9897611
141,1990,"V",413645.014722369
141,1991,"U",45283492.361231
141,1991,"V",232082.947509611
141,1992,"U",52203496.0116572
141,1992,"V",178999.912070256
141,1993,"U",37701347.0721243
141,1993,"V",564751.295629678
141,1994,"U",33591829.9818761
141,1994,"V",406426.60389462
141,1995,"U",27502328.8259903
141,1995,"V",367398.439344291
141,1996,"U",31649774.2116555
141,1996,"V",352957.129694905
141,1997,"U",50154335.7351016
141,1997,"V",356980.994153232
141,1998,"U",41188570.549578
141,1998,"V",1051085.99552865
141,1999,"U",90568196.5550081
141,1999,"V",484474.68191795
141,2000,"U",73199418.616202
141,2000,"V",416303.736254697
141,2001,"U",58513623.9024937
141,2001,"V",617367.53250127
141,2002,"U",47681406.3973341
141,2002,"V",643039.368983814
141,2003,"U",50785108.805412
141,2003,"V",486063.977496219
141,2004,"U",28830171.5883117
141,2004,"V",378720.030391488
141,2005,"U",31118452.1113772
141,2005,"V",364839.765628768
141,2006,"U",42271382.146439
141,2006,"V",368997.499150183
141,2007,"U",55940945.5226015
141,2007,"V",363961.127149985
141,2008,"U",43801539.4527021
141,2008,"V",303513.195005045
141,2009,"U",35204291.7446468
141,2009,"V",372691.816305279
141,2010,"U",24740738.1504929
141,2010,"V",306256.989466759
141,2011,"U",24011599.4001731
141,2011,"V",304617.327617547
141,2012,"U",43876621.9213486
141,2012,"V",209001.720560701
141,2013,"U",43806492.136226
141,2013,"V",218339.582271003
141,2014,"U",79375158.2456451
141,2014,"V",160755.524530755
141,2015,"U",95484933.8112189
141,2015,"V",191584.089161954
141,2016,"U",30977050.432765
141,2016,"V",173651.341771233
141,2017,"U",45183433.2704168
141,2017,"V",189080.606824321
147,1841,"U",2.16156596571543e-16
147,1841,"V",5.88800835348846e-18
147,1842,"U",2.16156596571543e-16
147,1842,"V",5.88800835348846e-18
147,1843,"U",2.16156596571543e-16
147,1843,"V",5.88800835348846e-18
147,1844,"U",2.16156596571543e-16
147,1844,"V",5.88800835348846e-18
147,1845,"U",2.16156596571543e-16
147,1845,"V",5.88800835348846e-18
147,1846,"U",2.16156596571543e-16
147,1846,"V",5.88800835348846e-18
147,1847,"U",2.16156596571543e-16
147,1847,"V",5.88800835348846e-18
147,1848,"U",2.16156596571543e-16
147,1848,"V",5.88800835348846e-18
147,1849,"U",2.16156596571543e-16
147,1849,"V",5.88800835348846e-18
147,1850,"U",2.16156596571543e-16
147,1850,"V",5.88800835348846e-18
147,1851,"U",2.16156596571543e-16
147,1851,"V",5.88800835348846e-18
147,1852,"U",2.16156596571543e-16
147,1852,"V",5.88800835348846e-18
147,1853,"U",2.16156596571543e-16
147,1853,"V",5.88800835348846e-18
147,1854,"U",2.16156596571543e-16
147,1854,"V",5.88800835348846e-18
147,1855,"U",2.16156596571543e-16
147,1855,"V",5.88800835348846e-18
147,1856,"U",2.16156596571543e-16
147,1856,"V",5.88800835348846e-18
147,1857,"U",2.16156596571543e-16
147,1857,"V",5.88800835348846e-18
147,1858,"U",2.16156596571543e-16
147,1858,"V",5.88800835348846e-18
147,1859,"U",2.16156596571543e-16
147,1859,"V",5.88800835348846e-18
147,1860,"U",2.16156596571543e-16
147,1860,"V",5.88800835348846e-18
147,1861,"U",2.16156596571543e-16
147,1861,"V",5.88800835348846e-18
147,1862,"U",2.16156596571543e-16
147,1862,"V",5.88800835348846e-18
147,1863,"U",2.16156596571543e-16
147,1863,"V",5.88800835348846e-18
147,1864,"U",2.16156596571543e-16
147,1864,"V",5.88800835348846e-18
147,1865,"U",2.16156596571543e-16
147,1865,"V",5.88800835348846e-18
147,1866,"U",2.16156596571543e-16
147,1866,"V",5.88800835348846e-18
147,1867,"U",2.16156596571543e-16
147,1867,"V",5.88800835348846e-18
147,1868,"U",2.16156596571543e-16
147,1868,"V",5.88800835348846e-18
147,1869,"U",2.16156596571543e-16
147,1869,"V",5.88800835348846e-18
147,1870,"U",2.16156596571543e-16
147,1870,"V",5.88800835348846e-18
147,1871,"U",2.16156596571543e-16
147,1871,"V",5.88800835348846e-18
147,1872,"U",2.16156596571543e-16
147,1872,"V",5.88800835348846e-18
147,1873,"U",2.16156596571543e-16
147,1873,"V",5.88800835348846e-18
147,1874,"U",2.16156596571543e-16
147,1874,"V",5.88800835348846e-18
147,1875,"U",2.16156596571543e-16
147,1875,"V",5.88800835348846e-18
147,1876,"U",2.16156596571543e-16
147,1876,"V",5.88800835348846e-18
147,1877,"U",2.16156596571543e-16
147,1877,"V",5.88800835348846e-18
147,1878,"U",2.16156596571543e-16
147,1878,"V",5.88800835348846e-18
147,1879,"U",2.16156596571543e-16
147,1879,"V",5.88800835348846e-18
147,1880,"U",2.16156596571543e-16
147,1880,"V",5.88800835348846e-18
147,1881,"U",2.16156596571543e-16
147,1881,"V",5.88800835348846e-18
147,1882,"U",2.16156596571543e-16
147,1882,"V",5.88800835348846e-18
147,1883,"U",2.16156596571543e-16
147,1883,"V",5.88800835348846e-18
147,1884,"U",2.16156596571543e-16
147,1884,"V",5.88800835348846e-18
147,1885,"U",2.16156596571543e-16
147,1885,"V",5.88800835348846e-18
147,1886,"U",2.16156596571543e-16
147,1886,"V",5.88800835348846e-18
147,1887,"U",2.16156596571543e-16
147,1887,"V",5.88800835348846e-18
147,1888,"U",2.16156596571543e-16
147,1888,"V",5.88800835348846e-18
147,1889,"U",2.16156596571543e-16
147,1889,"V",5.88800835348846e-18
147,1890,"U",2.16156596571543e-16
147,1890,"V",5.88800835348846e-18
147,1891,"U",2.16156596571543e-16
147,1891,"V",5.88800835348846e-18
147,1892,"U",2.16156596571543e-16
147,1892,"V",5.88800835348846e-18
147,1893,"U",2.16156596571543e-16
147,1893,"V",5.88800835348846e-18
147,1894,"U",2.16156596571543e-16
147,1894,"V",5.88800835348846e-18
147,1895,"U",2.16156596571543e-16
147,1895,"V",5.88800835348846e-18
147,1896,"U",2.16156596571543e-16
147,1896,"V",5.88800835348846e-18
147,1897,"U",2.16156596571543e-16
147,1897,"V",5.88800835348846e-18
147,1898,"U",2.16156596571543e-16
147,1898,"V",5.88800835348846e-18
147,1899,"U",2.16156596571543e-16
147,1899,"V",5.88800835348846e-18
147,1900,"U",2.16156596571543e-16
147,1900,"V",5.88800835348846e-18
147,1901,"U",2.16156596571543e-16
147,1901,"V",5.88800835348846e-18
147,1902,"U",2.16156596571543e-16
147,1902,"V",5.88800835348846e-18
147,1903,"U",2.16156596571543e-16
147,1903,"V",5.88800835348846e-18
147,1904,"U",2.16156596571543e-16
147,1904,"V",5.88800835348846e-18
147,1905,"U",2.16156596571543e-16
147,1905,"V",5.88800835348846e-18
147,1906,"U",2.16156596571543e-16
147,1906,"V",5.88800835348846e-18
147,1907,"U",2.16156596571543e-16
147,1907,"V",5.88800835348846e-18
147,1908,"U",2.16156596571543e-16
147,1908,"V",5.88800835348846e-18
147,1909,"U",2.16156596571543e-16
147,1909,"V",5.88800835348846e-18
147,1910,"U",2.16156596571543e-16
147,1910,"V",5.88800835348846e-18
147,1911,"U",2.16156596571543e-16
147,1911,"V",5.88800835348846e-18
147,1912,"U",2.16156596571543e-16
147,1912,"V",5.88800835348846e-18
147,1913,"U",2.16156596571543e-16
147,1913,"V",5.88800835348846e-18
147,1914,"U",2.16156596571543e-16
147,1914,"V",5.88800835348846e-18
147,1915,"U",2.16156596571543e-16
147,1915,"V",5.88800835348846e-18
147,1916,"U",2.16156596571543e-16
147,1916,"V",5.88800835348846e-18
147,1917,"U",2.16156596571543e-16
147,1917,"V",5.88800835348846e-18
147,1918,"U",2.16156596571543e-16
147,1918,"V",5.88800835348846e-18
147,1919,"U",2.16156596571543e-16
147,1919,"V",5.88800835348846e-18
147,1920,"U",2.16156596571543e-16
147,1920,"V",5.88800835348846e-18
147,1921,"U",2.16156596571543e-16
147,1921,"V",5.88800835348846e-18
147,1922,"U",2.16156596571543e-16
147,1922,"V",5.88800835348846e-18
147,1923,"U",2.16156596571543e-16
147,1923,"V",5.88800835348846e-18
147,1924,"U",2.16156596571543e-16
147,1924,"V",5.88800835348846e-18
147,1925,"U",2.16156596571543e-16
147,1925,"V",5.88800835348846e-18
147,1926,"U",2.16156596571543e-16
147,1926,"V",5.88800835348846e-18
147,1927,"U",2.16156596571543e-16
147,1927,"V",5.88800835348846e-18
147,1928,"U",2.16156596571543e-16
147,1928,"V",5.88800835348846e-18
147,1929,"U",2.16156596571543e-16
147,1929,"V",5.88800835348846e-18
147,1930,"U",2.16156596571543e-16
147,1930,"V",5.88800835348846e-18
147,1931,"U",2.16156596571543e-16
147,1931,"V",5.88800835348846e-18
147,1932,"U",2.16156596571543e-16
147,1932,"V",5.88800835348846e-18
147,1933,"U",2.16156596571543e-16
147,1933,"V",5.88800835348846e-18
147,1934,"U",2.16156596571543e-16
147,1934,"V",5.88800835348846e-18
147,1935,"U",2.16156596571543e-16
147,1935,"V",5.88800835348846e-18
147,1936,"U",2.16156596571543e-16
147,1936,"V",5.88800835348846e-18
147,1937,"U",2.16156596571543e-16
147,1937,"V",5.88800835348846e-18
147,1938,"U",2.16156596571543e-16
147,1938,"V",5.88800835348846e-18
147,1939,"U",2.16156596571543e-16
147,1939,"V",5.88800835348846e-18
147,1940,"U",2.16156596571543e-16
147,1940,"V",5.88800835348846e-18
147,1941,"U",2.16156596571543e-16
147,1941,"V",5.88800835348846e-18
147,1942,"U",2.00755862412324e-15
147,1942,"V",5.46849929007051e-17
147,1943,"U",2.34218383966765e-14
147,1943,"V",6.38000330876062e-16
147,1944,"U",2.73258527690329e-13
147,1944,"V",7.44343924368778e-15
147,1945,"U",3.18805986493779e-12
147,1945,"V",8.68413151109273e-14
147,1946,"U",3.71945416976848e-11
147,1946,"V",1.01316256683223e-12
147,1947,"U",4.33942269188833e-10
147,1947,"V",1.18203920048765e-11
147,1948,"U",5.06272921761656e-09
147,1948,"V",1.37906464098634e-10
147,1949,"U",5.90659840047887e-08
147,1949,"V",1.60893080638464e-09
147,1950,"U",653050.032404163
147,1951,"U",501123.845523445
147,1952,"U",193053.051847761
147,1953,"U",246740.684045835
147,1954,"U",721624.634145884
147,1955,"U",708854.483043194
147,1955,"V",1.08239515686985
147,1956,"U",533464.244817014
147,1956,"V",16222.1402025032
147,1957,"U",826227.563908105
147,1957,"V",2.56704767778965
147,1958,"U",366267.685472075
147,1958,"V",10.2478026494655
147,1959,"U",471419.182767325
147,1959,"V",1.8529826813025
147,1960,"U",410439.723465781
147,1960,"V",0.129201624281803
147,1961,"U",617082.865669468
147,1962,"U",1007922.46915521
147,1963,"U",1397769.2241183
147,1963,"V",3990.76923077963
147,1964,"U",2923813.88185597
147,1964,"V",873.554721353952
147,1965,"U",4164598.23253978
147,1965,"V",1200.08855080287
147,1966,"U",5713341.05480913
147,1966,"V",52.5178084105523
147,1967,"U",6047869.92972372
147,1967,"V",19242.7963861315
147,1968,"U",6485971.68090782
147,1968,"V",40692.8640980186
147,1969,"U",6277043.77986575
147,1969,"V",147974.958354679
147,1970,"U",8428197.1467323
147,1970,"V",414351.740842744
147,1971,"U",17561996.276354
147,1971,"V",177409.081414725
147,1972,"U",15964730.784236
147,1972,"V",38318.90473906
147,1973,"U",15634119.7784292
147,1973,"V",369603.071885836
147,1974,"U",15476733.0294853
147,1974,"V",333132.681516162
147,1975,"U",1307662.88578811
147,1975,"V",8348.96732607546
147,1976,"U",3041370.55678483
147,1976,"V",1959.66315626648
147,1977,"U",3945462.4151026
147,1977,"V",15598.519791028
147,1978,"U",2959879.95050911
147,1978,"V",24313.3600006961
147,1979,"U",2937356.34124823
147,1979,"V",22648.1138889559
147,1980,"U",9107698.66750301
147,1980,"V",35730.6795064305
147,1981,"U",13826674.1816541
147,1981,"V",26608.8249687668
147,1982,"U",5171848.1520781
147,1982,"V",30209.3431530341
147,1983,"U",3872357.47015434
147,1983,"V",26772.5606220083
147,1984,"U",3268634.77430401
147,1984,"V",410.700567575932
147,1985,"U",5514764.92651425
147,1985,"V",538.530640268631
147,1986,"U",4211765.45863829
147,1986,"V",1844.75429735122
147,1987,"U",4559219.04646844
147,1987,"V",699.635965063371
147,1988,"U",7123379.57676618
147,1988,"V",58.6009274389521
147,1989,"U",11574922.0647043
147,1989,"V",25912.2909515933
147,1990,"U",11043750.6614529
147,1990,"V",30984.9793796336
147,1991,"U",9550902.68929726
147,1991,"V",70250.2953706093
147,1992,"U",11655104.3307972
147,1992,"V",56832.6339561413
147,1993,"U",12440795.6285496
147,1993,"V",53791.0114519014
147,1994,"U",15591056.8564858
147,1994,"V",44458.5991570448
147,1995,"U",9397712.6398058
147,1995,"V",2828.53176837916
147,1996,"U",12335201.075322
147,1996,"V",37010.3100794981
147,1997,"U",18812547.3726062
147,1997,"V",5476.56756747025
147,1998,"U",16684282.1334123
147,1998,"V",219886.906923513
147,1999,"U",11716328.4566915
147,1999,"V",54240.4555498701
147,2000,"U",13410815.7912826
147,2000,"V",18897.182868195
147,2001,"U",10204859.4061271
147,2001,"V",226293.12606876
147,2002,"U",17839631.4079077
147,2002,"V",29233.7366470158
147,2003,"U",12851439.0608771
147,2003,"V",37760.7281536227
147,2004,"U",10315217.3748997
147,2004,"V",34831.1804649281
147,2005,"U",10398585.3534807
147,2005,"V",19023.2021184638
147,2006,"U",10325531.3924346
147,2006,"V",956.952621489694
147,2007,"U",10246455.5590865
147,2007,"V",7486.59918819204
147,2008,"U",10789648.5315176
147,2008,"V",75203.0027830381
147,2009,"U",15847731.6890139
147,2009,"V",41.1849669968383
147,2010,"U",13323660.8734201
147,2010,"V",98.7278573426651
147,2011,"U",13888791.8863379
147,2011,"V",1371235.59265655
147,2012,"U",10729048.4455052
147,2012,"V",2229942.65941762
147,2013,"U",13228081.7084038
147,2013,"V",1566733.61702857
147,2014,"U",18195956.6235354
147,2014,"V",9032.41862420239
147,2015,"U",16721777.8741717
147,2015,"V",30514.4532455682
147,2016,"U",23664167.1789819
147,2016,"V",12344.201527189
147,2017,"U",29501059.714416
147,2017,"V",8061.64682031686
148,1841,"U",994.042459180323
148,1842,"U",994.042459180323
148,1843,"U",994.042459180323
148,1844,"U",994.042459180323
148,1845,"U",994.042459180323
148,1846,"U",994.042459180323
148,1847,"U",994.042459180323
148,1848,"U",994.042459180323
148,1849,"U",994.042459180323
148,1850,"U",994.042459180323
148,1851,"U",994.042459180323
148,1852,"U",994.042459180323
148,1853,"U",994.042459180323
148,1854,"U",994.042459180323
148,1855,"U",994.042459180323
148,1856,"U",994.042459180323
148,1857,"U",994.042459180323
148,1858,"U",994.042459180323
148,1859,"U",994.042459180323
148,1860,"U",994.042459180323
148,1861,"U",994.042459180323
148,1862,"U",1047.00406327066
148,1863,"U",1102.78740951285
148,1864,"U",1161.54283755246
148,1865,"U",1223.42869698239
148,1866,"U",1288.61177410775
148,1867,"U",1357.26774144189
148,1868,"U",1429.58163115866
148,1869,"U",1505.74833376308
148,1870,"U",1585.97312333382
148,1871,"U",1670.47221075241
148,1872,"U",1759.47332640217
148,1873,"U",1853.21633391599
148,1874,"U",1951.95387662817
148,1875,"U",2055.95205845835
148,1876,"U",2165.49116108226
148,1877,"U",2280.86639930818
148,1878,"U",2402.38871669732
148,1879,"U",2530.3856235802
148,1880,"U",2665.20207971304
148,1881,"U",2807.20142396928
148,1882,"U",2956.76635356063
148,1883,"U",3114.29995542892
148,1884,"U",3280.22679259325
148,1885,"U",3454.99404836914
148,1886,"U",3639.07273156336
148,1887,"U",3832.95894586442
148,1888,"U",4037.17522688
148,1889,"U",4252.27195040005
148,1890,"U",4478.82881569504
148,1891,"U",4717.45640784071
148,1892,"U",4968.79784328813
148,1893,"U",5233.53050309665
148,1894,"U",5512.36785852376
148,1895,"U",5806.06139387261
148,1896,"U",6115.40263179218
148,1897,"U",6441.22526647626
148,1898,"U",6784.4074105283
148,1899,"U",7145.87396152516
148,1900,"U",7526.59909467655
148,1901,"U",7927.60888829023
148,1902,"U",8349.9840891155
148,1903,"U",8794.8630250248
148,1904,"U",9263.44467288065
148,1905,"U",9756.99188984989
148,1906,"U",10276.8348168905
148,1907,"U",10824.37446356
148,1908,"U",11401.0864838287
148,1909,"U",12008.5251530526
148,1910,"U",12648.3275568548
148,1911,"U",13322.2180031693
148,1912,"U",14032.0126693559
148,1913,"U",14779.6244969214
148,1914,"U",15567.0683470115
148,1915,"U",16396.4664305934
148,1916,"U",17270.0540279432
148,1917,"U",18190.1855128707
148,1918,"U",19159.3406979092
148,1919,"U",20180.1315175616
148,1920,"U",21255.3090676304
148,1921,"U",22387.7710195935
148,1922,"U",23580.5694300188
148,1923,"U",24836.9189660439
148,1924,"U",26160.205569102
148,1925,"U",27553.9955802606
148,1926,"U",29022.045351729
148,1927,"U",30568.3113704658
148,1928,"U",32196.9609211592
148,1929,"U",33912.3833173279
148,1930,"U",35719.2017307939
148,1931,"U",37622.2856514242
148,1932,"U",39626.7640107192
148,1933,"U",41738.039004596
148,1934,"U",43961.8006526581
148,1935,"U",46304.0421331528
148,1936,"U",48771.0759349731
148,1937,"U",51369.5508701988
148,1938,"U",54106.4699930816
148,1939,"U",56989.2094737121
148,1940,"U",60025.5384772642
148,1941,"U",63223.6401023868
148,1942,"U",66592.1334351723
148,1943,"U",70140.0967781438
148,1944,"U",73877.0921168434
148,1945,"U",77813.190889995
148,1946,"U",81959.0011326728
148,1947,"U",86325.6960656151
148,1948,"U",90925.0442077703
148,1949,"U",95769.4410931952
148,1950,"U",0.00315611177038325
148,1951,"U",0.115186367325008
148,1952,"U",0.00739864776764954
148,1953,"U",0.0534026947347944
148,1954,"U",0.0294112332905898
148,1955,"U",0.101100171503954
148,1956,"U",3.34391517915539
148,1957,"U",1.24342772363375
148,1958,"U",5.37107833767363
148,1959,"U",4.72132465531305
148,1960,"U",15.3038780053274
148,1961,"U",6.50233581089542
148,1962,"U",126.191333337623
148,1963,"U",165.117915904915
148,1964,"U",211.342275533742
148,1965,"U",118.005413664908
148,1966,"U",37787.093959012
148,1967,"U",401244.580157734
148,1968,"U",156863.843028802
148,1969,"U",136.924754549369
148,1970,"U",16558017.7564703
148,1971,"U",3219366.09685448
148,1972,"U",1271624.8437117
148,1973,"U",83479.8277285712
148,1974,"U",487152.784216364
148,1975,"U",896870.198100318
148,1976,"U",831541.368696718
148,1977,"U",6042297.30296515
148,1978,"U",4867895.81122526
148,1978,"V",3.79627164729112e-05
148,1979,"U",5403847.87745059
148,1980,"U",7991481.71250579
148,1981,"U",8295704.08462489
148,1982,"U",8631571.90201333
148,1983,"U",5595793.28108067
148,1983,"V",0.0132988382757646
148,1984,"U",3016748.09670086
148,1985,"U",4902775.55488036
148,1985,"V",0.170654304849418
148,1986,"U",5286041.82357219
148,1986,"V",1.85776859180979
148,1987,"U",7073185.18776505
148,1988,"U",6481846.24494279
148,1989,"U",4190947.05492055
148,1990,"U",3893252.95610683
148,1990,"V",7306.09174855893
148,1991,"U",4215367.58596689
148,1991,"V",1233.61687735649
148,1992,"U",5192195.20093265
148,1992,"V",69636.2313772343
148,1993,"U",2289880.10377587
148,1993,"V",2.01930180848383
148,1994,"U",3289596.74080761
148,1994,"V",9.16987655012072
148,1995,"U",2854521.75197664
148,1995,"V",79141.564384835
148,1996,"U",1950967.76811409
148,1996,"V",20380.700843686
148,1997,"U",1388775.95527695
148,1997,"V",202.947616132107
148,1998,"U",2170406.2248799
148,1998,"V",30.8724822868175
148,1999,"U",2330565.21991818
148,1999,"V",501.568718986406
148,2000,"U",4332149.99737903
148,2000,"V",434.943872016017
148,2001,"U",4102344.63233509
148,2001,"V",2953.2960462164
148,2002,"U",10314154.095647
148,2002,"V",67.3614884749427
148,2003,"U",8766143.4621056
148,2003,"V",276.733339941912
148,2004,"U",6046160.28485349
148,2004,"V",288.829370265725
148,2005,"U",7565205.34892262
148,2005,"V",489.261952770786
148,2006,"U",9871163.46723757
148,2006,"V",78.7003951714664
148,2007,"U",11321407.2972178
148,2007,"V",362.899509631447
148,2008,"U",14626964.4594886
148,2008,"V",224.620684404574
148,2009,"U",11991325.3846575
148,2009,"V",93.5759567014001
148,2010,"U",23206779.1581757
148,2010,"V",6427.96343311098
148,2011,"U",17149588.8719789
148,2011,"V",206.593109528925
148,2012,"U",14358404.8707406
148,2012,"V",1524.95850933921
148,2013,"U",22585367.9629354
148,2013,"V",46.0529544506216
148,2014,"U",25450454.8457884
148,2014,"V",122.965827659624
148,2015,"U",16930843.5085393
148,2015,"V",267.359906460157
148,2016,"U",19283286.1510168
148,2016,"V",73.1038751248387
148,2017,"U",21811643.6358036
148,2017,"V",267.712068132308
151,1841,"U",18002.7310680385
151,1841,"V",11840.5922343948
151,1842,"U",18002.7310680385
151,1842,"V",11840.5922343948
151,1843,"U",18002.7310680385
151,1843,"V",11840.5922343948
151,1844,"U",18002.7310680385
151,1844,"V",11840.5922343948
151,1845,"U",18002.7310680385
151,1845,"V",11840.5922343948
151,1846,"U",18002.7310680385
151,1846,"V",11840.5922343948
151,1847,"U",18002.7310680385
151,1847,"V",11840.5922343948
151,1848,"U",18002.7310680385
151,1848,"V",11840.5922343948
151,1849,"U",18002.7310680385
151,1849,"V",11840.5922343948
151,1850,"U",18002.7310680385
151,1850,"V",11840.5922343948
151,1851,"U",18002.7310680385
151,1851,"V",11840.5922343948
151,1852,"U",18002.7310680385
151,1852,"V",11840.5922343948
151,1853,"U",18002.7310680385
151,1853,"V",11840.5922343948
151,1854,"U",18002.7310680385
151,1854,"V",11840.5922343948
151,1855,"U",18002.7310680385
151,1855,"V",11840.5922343948
151,1856,"U",18002.7310680385
151,1856,"V",11840.5922343948
151,1857,"U",18002.7310680385
151,1857,"V",11840.5922343948
151,1858,"U",18002.7310680385
151,1858,"V",11840.5922343948
151,1859,"U",18002.7310680385
151,1859,"V",11840.5922343948
151,1860,"U",18002.7310680385
151,1860,"V",11840.5922343948
151,1861,"U",18002.7310680385
151,1861,"V",11840.5922343948
151,1862,"U",19079.3484285714
151,1862,"V",12548.6951944602
151,1863,"U",20220.3507391779
151,1863,"V",13299.1448372024
151,1864,"U",21429.5884131517
151,1864,"V",14094.4736213673
151,1865,"U",22711.1421300565
151,1865,"V",14937.3654543339
151,1866,"U",24069.3366063469
151,1866,"V",15830.664749201
151,1867,"U",25508.7551895035
151,1867,"V",16777.3860235096
151,1868,"U",27034.2553249458
151,1868,"V",17780.7240719991
151,1869,"U",28650.984947908
151,1869,"V",18844.0647477229
151,1870,"U",30364.399855608
151,1870,"V",19970.9963879132
151,1871,"U",32180.2821183155
151,1871,"V",21165.3219231405
151,1872,"U",34104.759591456
151,1872,"V",22431.0717106375
151,1873,"U",36144.326594607
151,1873,"V",23772.5171350993
151,1874,"U",38305.8658271532
151,1874,"V",25194.1850228492
151,1875,"U",40596.6715945618
151,1875,"V",26700.8729180119
151,1876,"U",43024.4744236668
151,1876,"V",28297.6652722553
151,1877,"U",45597.4671500077
151,1877,"V",29989.9506027157
151,1878,"U",48324.3325652886
151,1878,"V",31783.439676034
151,1879,"U",51214.2727182222
151,1879,"V",33684.184779839
151,1880,"U",54277.0399676551
151,1880,"V",35698.6001467261
151,1881,"U",57522.9698927689
151,1881,"V",37833.4835996555
151,1882,"U",60963.0161714112
151,1882,"V",40096.0394918092
151,1883,"U",64608.7875442413
151,1883,"V",42493.9030183132
151,1884,"U",68472.5869894622
151,1884,"V",45035.1659818846
151,1885,"U",72567.4532403032
151,1885,"V",47728.4040993318
151,1886,"U",76907.2047853855
151,1886,"V",50582.7059410748
151,1887,"U",81506.4865004262
151,1887,"V",53607.7036013235
151,1888,"U",86380.81906868
151,1888,"V",56813.6052024416
151,1889,"U",91546.6513568465
151,1889,"V",60211.22934315
151,1890,"U",97021.4159232323
151,1890,"V",63812.04160685
151,1891,"U",102823.587845465
151,1891,"V",67628.1932532511
151,1892,"U",108972.747066273
151,1892,"V",71672.5622238693
151,1893,"U",115489.644467739
151,1893,"V",75958.7965997822
151,1894,"U",122396.271896981
151,1894,"V",80501.3606582842
151,1895,"U",129715.936379599
151,1895,"V",85315.5836838744
151,1896,"U",137473.338771287
151,1896,"V",90417.7116982826
151,1897,"U",145694.657113062
151,1897,"V",95824.9622841076
151,1898,"U",154407.634971367
151,1898,"V",101555.582687068
151,1899,"U",163641.675061219
151,1899,"V",107628.91139296
151,1900,"U",173427.938468244
151,1900,"V",114065.44338708
151,1901,"U",183799.44980454
151,1901,"V",120886.89931637
151,1902,"U",194791.208653138
151,1902,"V",128116.29878766
151,1903,"U",206440.307677204
151,1903,"V",135778.038049373
151,1904,"U",218786.057792515
151,1904,"V",143897.972318827
151,1905,"U",231870.12082561
151,1905,"V",152503.503032944
151,1906,"U",245736.650105328
151,1906,"V",161623.670316836
151,1907,"U",260432.439462109
151,1907,"V",171289.250982268
151,1908,"U",276007.081137936
151,1908,"V",181532.862386745
151,1909,"U",292513.133139723
151,1909,"V",192389.072503656
151,1910,"U",310006.296600982
151,1910,"V",203894.516574979
151,1911,"U",328545.603750208
151,1911,"V",216088.020740128
151,1912,"U",348193.617120378
151,1912,"V",229010.733058212
151,1913,"U",369016.640671745
151,1913,"V",242706.262365801
151,1914,"U",391084.943540429
151,1914,"V",257220.825438796
151,1915,"U",414472.997167824
151,1915,"V",272603.402955036
151,1916,"U",439259.726611084
151,1916,"V",288905.904783937
151,1917,"U",465528.776882697
151,1917,"V",306183.345160925
151,1918,"U",493368.795218
151,1918,"V",324494.028337859
151,1919,"U",522873.730223117
151,1919,"V",343899.745335884
151,1920,"U",554143.148912845
151,1920,"V",364465.982464703
151,1921,"U",587282.572708353
151,1921,"V",386262.142311919
151,1922,"U",622403.833528555
151,1922,"V",409361.77794821
151,1923,"U",659625.451176837
151,1923,"V",433842.84113869
151,1924,"U",699073.033296607
151,1924,"V",459787.945398024
151,1925,"U",740879.699245432
151,1925,"V",487284.644777064
151,1926,"U",785186.529318032
151,1926,"V",516425.729321714
151,1927,"U",832143.040834307
151,1927,"V",547309.538201187
151,1928,"U",881907.692698706
151,1928,"V",580040.291562219
151,1929,"U",934648.420133831
151,1929,"V",614728.442229167
151,1930,"U",990543.201392753
151,1930,"V",651491.048436876
151,1931,"U",1049780.65836233
151,1931,"V",690452.168854018
151,1932,"U",1112560.69308448
151,1932,"V",731743.281230066
151,1933,"U",1179095.16234333
151,1933,"V",775503.726078602
151,1934,"U",1249608.59259467
151,1934,"V",821881.176894206
151,1935,"U",1324338.93765035
151,1935,"V",871032.138489745
151,1936,"U",1403538.38167449
151,1936,"V",923122.47513569
151,1937,"U",1487474.19020126
151,1937,"V",978327.970283821
151,1938,"U",1576429.61204607
151,1938,"V",1036834.919764
151,1939,"U",1670704.83515377
151,1939,"V",1098840.76045596
151,1940,"U",1770617.99960954
151,1940,"V",1164554.73655756
151,1941,"U",1876506.27123056
151,1941,"V",1234198.6056978
151,1942,"U",1988726.97936207
151,1942,"V",1308007.38727757
151,1943,"U",2107658.82271686
151,1943,"V",1386230.1555635
151,1944,"U",2233703.14732753
151,1944,"V",1469130.880211
151,1945,"U",2367285.30092422
151,1945,"V",1556989.31705334
151,1946,"U",2508856.06830825
151,1946,"V",1650101.95216239
151,1947,"U",2658893.19256524
151,1947,"V",1748783.00236717
151,1948,"U",2817902.98725145
151,1948,"V",1853365.47560628
151,1949,"U",2986422.04499373
151,1949,"V",1964202.29469277
151,1950,"U",5191407.96064238
151,1950,"V",68327.1787379916
151,1951,"U",5459329.11721082
151,1951,"V",29391.8605413698
151,1952,"U",5191459.79476215
151,1952,"V",80578.641180799
151,1953,"U",5356846.29847329
151,1953,"V",95958.1605578972
151,1954,"U",6365500.84794523
151,1954,"V",107808.112554339
151,1955,"U",6541382.4968282
151,1955,"V",50248.1007148773
151,1956,"U",6970791.6913168
151,1956,"V",48678.6283217249
151,1957,"U",6948014.75023905
151,1957,"V",164505.43826501
151,1958,"U",7446570.15182717
151,1958,"V",5201309.63243434
151,1959,"U",7784323.7628919
151,1959,"V",164765.142312175
151,1960,"U",8363105.89734861
151,1960,"V",258326.414275924
151,1961,"U",8595756.57388818
151,1961,"V",336319.791904734
151,1962,"U",7420037.57248097
151,1962,"V",241458.742705704
151,1963,"U",10837153.657979
151,1963,"V",579387.355899738
151,1964,"U",11693424.6443512
151,1964,"V",560822.448829378
151,1965,"U",10071000.9820928
151,1965,"V",582498.06576392
151,1966,"U",10765087.512986
151,1966,"V",581830.361704966
151,1967,"U",12134611.0884714
151,1967,"V",883330.197387283
151,1968,"U",12981329.8193649
151,1968,"V",745520.144505003
151,1969,"U",15287206.743296
151,1969,"V",11892296.5919492
151,1970,"U",13632500.8999599
151,1970,"V",468119.985922375
151,1971,"U",15011573.7531818
151,1971,"V",460492.468667333
151,1972,"U",15228688.0336838
151,1972,"V",1289657.79712125
151,1973,"U",16424873.9982822
151,1973,"V",3552571.45079825
151,1974,"U",20136730.329972
151,1974,"V",2189672.64014933
151,1975,"U",23881652.0503813
151,1975,"V",2127511.99115005
151,1976,"U",26839046.3558437
151,1976,"V",3023831.71785696
151,1977,"U",20318083.1785872
151,1977,"V",904276.723337483
151,1978,"U",18617041.5505756
151,1978,"V",790751.172700059
151,1979,"U",18554871.6055534
151,1979,"V",789103.390306655
151,1980,"U",20693613.5512695
151,1980,"V",1964317.43525911
151,1981,"U",25102795.0029114
151,1981,"V",2070830.75974923
151,1982,"U",26572683.8751934
151,1982,"V",968397.35939616
151,1983,"U",25973818.5204283
151,1983,"V",1195174.06557752
151,1984,"U",38187572.3019805
151,1984,"V",1164641.47695976
151,1985,"U",38261247.458786
151,1985,"V",2134204.99057135
151,1986,"U",34289944.5737202
151,1986,"V",1133097.58674231
151,1987,"U",39642095.9266424
151,1987,"V",2291696.69325281
151,1988,"U",40491059.379091
151,1988,"V",2502475.39385178
151,1989,"U",46608527.7770857
151,1989,"V",1878054.73130202
151,1990,"U",47819556.6562608
151,1990,"V",2730864.93764835
151,1991,"U",51946172.4204064
151,1991,"V",2194835.88948353
151,1992,"U",56051054.0554916
151,1992,"V",1615748.16294746
151,1993,"U",62352933.3486272
151,1993,"V",2328998.58473022
151,1994,"U",63828269.1258368
151,1994,"V",1505529.85575729
151,1995,"U",65881375.8791635
151,1995,"V",1483693.00622906
151,1996,"U",66563075.516531
151,1996,"V",1752803.41296813
151,1997,"U",65869259.5340446
151,1997,"V",2109282.57267285
151,1998,"U",77067126.8290593
151,1998,"V",3645881.97074167
151,1999,"U",89337800.4032799
151,1999,"V",1712434.22121601
151,2000,"U",82237811.2222316
151,2000,"V",2126078.48405612
151,2001,"U",89782559.6144351
151,2001,"V",2250022.62423136
151,2002,"U",95613267.1425053
151,2002,"V",2183056.36771729
151,2003,"U",97177842.8884528
151,2003,"V",1661630.05180885
151,2004,"U",101878004.042484
151,2004,"V",2388658.73048996
151,2005,"U",104037124.036238
151,2005,"V",1902578.49850199
151,2006,"U",92115321.0990878
151,2006,"V",3409527.64523875
151,2007,"U",92702141.3775954
151,2007,"V",3253610.11296929
151,2008,"U",82563306.6892444
151,2008,"V",3453071.19526306
151,2009,"U",97677651.8857651
151,2009,"V",3290774.51415652
151,2010,"U",80194036.8391475
151,2010,"V",3184818.45708664
151,2011,"U",64246412.3388863
151,2011,"V",1787996.46990909
151,2012,"U",95836790.3172937
151,2012,"V",2032133.16637015
151,2013,"U",84981108.3439807
151,2013,"V",3189352.36178908
151,2014,"U",101035233.845411
151,2014,"V",1850094.44890262
151,2015,"U",131694703.162121
151,2015,"V",2334859.22893357
151,2016,"U",110626626.051179
151,2016,"V",1771624.92627852
151,2017,"U",116526359.484893
151,2017,"V",2067890.12556765
157,1899,"U",1.68016725047989e-09
157,1899,"V",1.82477898751058e-10
157,1900,"U",2.52025087571985e-09
157,1900,"V",2.73716848126586e-10
157,1901,"U",5.88058537667964e-09
157,1901,"V",6.38672645628702e-10
157,1902,"U",1.51215052543191e-08
157,1902,"V",1.64230108875952e-09
157,1903,"U",3.61235958853179e-08
157,1903,"V",3.92327482314774e-09
157,1904,"U",8.31682788987551e-08
157,1904,"V",9.03265598817734e-09
157,1905,"U",1.90698982929469e-07
157,1905,"V",2.0711241508245e-08
157,1906,"U",4.38523652375254e-07
157,1906,"V",4.7626731574026e-08
157,1907,"U",1.00810035028794e-06
157,1907,"V",1.09486739250634e-07
157,1908,"U",2.31611055478654e-06
157,1908,"V",2.51545783428333e-07
157,1909,"U",5.32529010039604e-06
157,1909,"V",5.78363700091476e-07
157,1910,"U",1.2243378754247e-05
157,1910,"V",1.32971644819896e-06
157,1911,"U",2.81495221145402e-05
157,1911,"V",3.05723471567522e-06
157,1912,"U",6.47200424884859e-05
157,1912,"V",7.02904865989074e-06
157,1913,"U",0.00014879729186975
157,1913,"V",1.61604251912924e-05
157,1914,"U",0.000342101374121088
157,1914,"V",3.7154598681551e-05
157,1915,"U",0.000786526613963653
157,1915,"V",8.542228387494e-05
157,1916,"U",0.0018083035256705
157,1916,"V",0.000196394393221408
157,1917,"U",0.00415747221119385
157,1917,"V",0.000451530520546618
157,1918,"U",0.00955844460530414
157,1918,"V",0.00103811384634839
157,1919,"U",0.0219758273605962
157,1919,"V",0.00238672834441465
157,1920,"U",0.0505246420622967
157,1920,"V",0.005487329023967
157,1921,"U",0.116152371385513
157,1921,"V",0.0126149588139674
157,1922,"U",0.2668856989759
157,1922,"V",0.0289856510070169
157,1923,"U",0.612390802957695
157,1923,"V",0.066509918525239
157,1924,"U",1.40160730588351
157,1924,"V",0.152224343129353
157,1925,"U",3.19511284334386
157,1925,"V",0.347011571472645
157,1926,"U",7.24235227109136
157,1926,"V",0.786570041801626
157,1927,"U",16.293131017452
157,1927,"V",1.76954783000986
157,1928,"U",36.308370204523
157,1928,"V",3.94334260479392
157,1929,"U",79.9834840120612
157,1929,"V",8.68676501886402
157,1930,"U",173.814652313435
157,1930,"V",18.8774852725179
157,1931,"U",371.852437667903
157,1931,"V",40.3857719829479
157,1932,"U",781.59044177591
157,1932,"V",84.8861810980079
157,1933,"U",1610.91754480746
157,1933,"V",174.956897031362
157,1934,"U",3249.83830999002
157,1934,"V",352.955139387631
157,1935,"U",6406.37772151533
157,1935,"V",695.77736674358
157,1936,"U",12321.4656761249
157,1936,"V",1338.19723332326
157,1937,"U",23090.0409669812
157,1937,"V",2507.7397244394
157,1938,"U",42111.0606623257
157,1938,"V",4573.55531816531
157,1939,"U",74672.6333633282
157,1939,"V",8109.96954407737
157,1940,"U",128646.074080496
157,1940,"V",13971.8621905507
157,1941,"U",215213.969475512
157,1941,"V",23373.7402752902
157,1942,"U",349498.843366099
157,1942,"V",37958.0155101551
157,1943,"U",550905.807167689
157,1943,"V",59832.2185324119
157,1944,"U",842966.694418974
157,1944,"V",91552.0708255462
157,1945,"U",1252497.37686623
157,1945,"V",136029.963360183
157,1946,"U",1807967.98290728
157,1946,"V",196357.95093368
157,1947,"U",2537132.6446481
157,1947,"V",275550.326145126
157,1948,"U",3464143.13623839
157,1948,"V",376230.140358424
157,1949,"U",4606532.94421096
157,1949,"V",500301.652675972
157,1950,"U",5203151.73239108
157,1950,"V",74134.2580173394
157,1951,"U",5118993.91677741
157,1951,"V",453529.231235235
157,1952,"U",7626005.15782254
157,1952,"V",473405.519804219
157,1953,"U",7568918.49727562
157,1953,"V",813270.468451092
157,1954,"U",9683723.88709357
157,1954,"V",467160.09223421
157,1955,"U",8125906.4674875
157,1955,"V",947688.957931436
157,1956,"U",9478745.84035696
157,1956,"V",1412829.69706779
157,1957,"U",10044401.387364
157,1957,"V",1347560.09957388
157,1958,"U",11590329.5334636
157,1958,"V",958727.948337542
157,1959,"U",12973454.3972169
157,1959,"V",618091.952567115
157,1960,"U",12993351.4658643
157,1960,"V",697726.32293147
157,1961,"U",15792699.4346262
157,1961,"V",399158.132881034
157,1962,"U",17462076.9962886
157,1962,"V",931584.304133622
157,1963,"U",17409177.0068548
157,1963,"V",1124000.21014017
157,1964,"U",21134216.1910498
157,1964,"V",608730.294036597
157,1965,"U",18876293.8806116
157,1965,"V",1358613.3364417
157,1966,"U",20884816.5065278
157,1966,"V",1400746.2933222
157,1967,"U",22715796.3159931
157,1967,"V",1696852.37667909
157,1968,"U",23518088.3502213
157,1968,"V",2581117.08909755
157,1969,"U",22757703.6740034
157,1969,"V",1240176.87992275
157,1970,"U",22803163.1041278
157,1970,"V",1353150.55570558
157,1971,"U",25050401.4011388
157,1971,"V",1371971.16439928
157,1972,"U",26348449.520604
157,1972,"V",6051376.59519974
157,1973,"U",27114002.7538202
157,1973,"V",1563624.02093883
157,1974,"U",24563471.5198238
157,1974,"V",1347098.75186797
157,1975,"U",26479911.6117698
157,1975,"V",1859612.77354602
157,1976,"U",25710808.3584146
157,1976,"V",3410776.16358305
157,1977,"U",26268212.7090394
157,1977,"V",4216227.12240259
157,1978,"U",37109300.7748922
157,1978,"V",4217206.72296567
157,1979,"U",39416725.4981308
157,1979,"V",5150600.70081937
157,1980,"U",36410344.9640261
157,1980,"V",4894370.49682445
157,1981,"U",32643536.0392945
157,1981,"V",5956875.19052807
157,1982,"U",44247756.2365521
157,1982,"V",5783004.57791922
157,1983,"U",42693142.241542
157,1983,"V",5268850.34097619
157,1984,"U",46984213.2798187
157,1984,"V",5350463.51794147
157,1985,"U",41558503.9014521
157,1985,"V",5327918.19744551
157,1986,"U",52427567.1860573
157,1986,"V",5461272.24548959
157,1987,"U",55193591.5768893
157,1987,"V",4929690.29186704
157,1988,"U",59431851.5110408
157,1988,"V",6054138.11511592
157,1989,"U",63997980.116346
157,1989,"V",7510153.31829785
157,1990,"U",72397306.6202157
157,1990,"V",6747466.25203623
157,1991,"U",77969391.3264078
157,1991,"V",7928141.03475381
157,1992,"U",78384730.138918
157,1992,"V",7545890.56515196
157,1993,"U",77496930.550291
157,1993,"V",7754616.23691136
157,1994,"U",86095540.4003997
157,1994,"V",7623258.67914497
157,1995,"U",86581264.6754749
157,1995,"V",7483597.18710845
157,1996,"U",105015113.082391
157,1996,"V",7537846.85266066
157,1997,"U",109356239.678688
157,1997,"V",9220156.098448
157,1998,"U",124984119.284779
157,1998,"V",10729659.0118709
157,1999,"U",127225712.139481
157,1999,"V",9047723.75753001
157,2000,"U",137661382.72642
157,2000,"V",9025389.47719813
157,2001,"U",155800447.405794
157,2001,"V",10500620.7847325
157,2002,"U",156150600.08226
157,2002,"V",9107157.44632787
157,2003,"U",159263872.348865
157,2003,"V",9840218.89976138
157,2004,"U",159589033.840196
157,2004,"V",8373495.30872053
157,2005,"U",177142760.365684
157,2005,"V",7516217.23078539
157,2006,"U",166219937.227674
157,2006,"V",11464275.426604
157,2007,"U",173245722.280473
157,2007,"V",11687365.17626
157,2008,"U",167472630.653303
157,2008,"V",13390559.6148177
157,2009,"U",198680000.714468
157,2009,"V",16516919.8217286
157,2010,"U",187989541.223413
157,2010,"V",15803057.6173112
157,2011,"U",198178657.534818
157,2011,"V",13657123.2906591
157,2012,"U",187086817.037547
157,2012,"V",12099876.6760271
157,2013,"U",220770643.220466
157,2013,"V",25219228.0234087
157,2014,"U",227170733.637935
157,2014,"V",17440653.4237958
157,2015,"U",181039609.541532
157,2015,"V",13378466.8190267
157,2016,"U",183384555.038351
157,2016,"V",19817805.7870527
157,2017,"U",190553804.649573
157,2017,"V",18803200.6338709
158,1841,"U",2.22044604925031e-16
158,1842,"U",2.22044604925031e-16
158,1843,"U",2.22044604925031e-16
158,1844,"U",2.22044604925031e-16
158,1845,"U",2.22044604925031e-16
158,1846,"U",2.22044604925031e-16
158,1847,"U",2.22044604925031e-16
158,1848,"U",2.22044604925031e-16
158,1849,"U",2.22044604925031e-16
158,1850,"U",2.22044604925031e-16
158,1851,"U",2.22044604925031e-16
158,1852,"U",2.22044604925031e-16
158,1853,"U",2.22044604925031e-16
158,1854,"U",2.22044604925031e-16
158,1855,"U",2.22044604925031e-16
158,1856,"U",2.22044604925031e-16
158,1857,"U",2.22044604925031e-16
158,1858,"U",2.22044604925031e-16
158,1859,"U",2.22044604925031e-16
158,1860,"U",2.22044604925031e-16
158,1861,"U",2.22044604925031e-16
158,1862,"U",2.22044604925031e-16
158,1863,"U",2.22044604925031e-16
158,1864,"U",2.22044604925031e-16
158,1865,"U",2.22044604925031e-16
158,1866,"U",2.22044604925031e-16
158,1867,"U",2.22044604925031e-16
158,1868,"U",2.22044604925031e-16
158,1869,"U",2.22044604925031e-16
158,1870,"U",2.22044604925031e-16
158,1871,"U",2.22044604925031e-16
158,1872,"U",2.22044604925031e-16
158,1873,"U",2.22044604925031e-16
158,1874,"U",2.22044604925031e-16
158,1875,"U",2.22044604925031e-16
158,1876,"U",2.22044604925031e-16
158,1877,"U",2.22044604925031e-16
158,1878,"U",2.22044604925031e-16
158,1879,"U",2.22044604925031e-16
158,1880,"U",2.22044604925031e-16
158,1881,"U",2.22044604925031e-16
158,1882,"U",2.22044604925031e-16
158,1883,"U",2.22044604925031e-16
158,1884,"U",2.22044604925031e-16
158,1885,"U",2.22044604925031e-16
158,1886,"U",2.22044604925031e-16
158,1887,"U",2.22044604925031e-16
158,1888,"U",2.22044604925031e-16
158,1889,"U",2.22044604925031e-16
158,1890,"U",2.22044604925031e-16
158,1891,"U",2.22044604925031e-16
158,1892,"U",2.22044604925031e-16
158,1893,"U",2.22044604925031e-16
158,1894,"U",2.22044604925031e-16
158,1895,"U",2.22044604925031e-16
158,1896,"U",2.22044604925031e-16
158,1897,"U",2.22044604925031e-16
158,1898,"U",2.22044604925031e-16
158,1899,"U",2.22044604925031e-16
158,1900,"U",2.22044604925031e-16
158,1901,"U",2.22044604925031e-16
158,1902,"U",2.22044604925031e-16
158,1903,"U",2.22044604925031e-16
158,1904,"U",2.22044604925031e-16
158,1905,"U",2.22044604925031e-16
158,1906,"U",2.22044604925031e-16
158,1907,"U",2.22044604925031e-16
158,1908,"U",2.22044604925031e-16
158,1909,"U",2.22044604925031e-16
158,1910,"U",2.22044604925031e-16
158,1911,"U",2.22044604925031e-16
158,1912,"U",2.22044604925031e-16
158,1913,"U",2.22044604925031e-16
158,1914,"U",2.22044604925031e-16
158,1915,"U",2.22044604925031e-16
158,1916,"U",2.22044604925031e-16
158,1917,"U",2.22044604925031e-16
158,1918,"U",2.22044604925031e-16
158,1919,"U",2.22044604925031e-16
158,1920,"U",2.22044604925031e-16
158,1921,"U",2.22044604925031e-16
158,1922,"U",2.22044604925031e-16
158,1923,"U",2.22044604925031e-16
158,1924,"U",2.22044604925031e-16
158,1925,"U",2.22044604925031e-16
158,1926,"U",2.22044604925031e-16
158,1927,"U",2.22044604925031e-16
158,1928,"U",2.22044604925031e-16
158,1929,"U",2.22044604925031e-16
158,1930,"U",2.22044604925031e-16
158,1931,"U",2.22044604925031e-16
158,1932,"U",2.22044604925031e-16
158,1933,"U",2.22044604925031e-16
158,1934,"U",2.22044604925031e-16
158,1935,"U",2.22044604925031e-16
158,1936,"U",2.22044604925031e-16
158,1937,"U",2.22044604925031e-16
158,1938,"U",2.22044604925031e-16
158,1939,"U",2.22044604925031e-16
158,1940,"U",2.22044604925031e-16
158,1941,"U",2.22044604925031e-16
158,1942,"U",2.22044604925031e-16
158,1943,"U",2.22044604925031e-16
158,1944,"U",2.22044604925031e-16
158,1945,"U",2.22044604925031e-16
158,1946,"U",2.22044604925031e-16
158,1947,"U",2.22044604925031e-16
158,1948,"U",2.86950909442174e-16
158,1949,"U",1.0306531553477e-15
158,1950,"U",75.0476982314569
158,1951,"U",568.27744438808
158,1952,"U",467.608737888898
158,1953,"U",1068.65688439434
158,1954,"U",914.378283150991
158,1955,"U",1693.25404697245
158,1956,"U",1113.56405963527
158,1957,"U",1684.59001009346
158,1958,"U",1333.11829647139
158,1959,"U",907.27371185308
158,1960,"U",1464.32296076821
158,1961,"U",1641.75197131453
158,1962,"U",2295.54315069872
158,1963,"U",2911.71209518876
158,1963,"V",0.000203484987951887
158,1964,"U",1651.57796086965
158,1964,"V",0.000350811748101497
158,1965,"U",977.607241392929
158,1965,"V",0.356322406658923
158,1966,"U",14062.0081632964
158,1966,"V",0.000901481240595197
158,1967,"U",981.661065772682
158,1967,"V",0.238811247164665
158,1968,"U",631.891436633789
158,1968,"V",0.0740881520496761
158,1969,"U",929.948346681337
158,1970,"U",1497.21089589409
158,1970,"V",0.0123589695158035
158,1971,"U",3195344.37346149
158,1971,"V",0.0421272621836301
158,1972,"U",2127580.81216266
158,1973,"U",282389.863833499
158,1973,"V",0.0832798428470448
158,1974,"U",573285.18069164
158,1974,"V",6.98184005181858
158,1975,"U",454024.1471027
158,1975,"V",10.989848475443
158,1976,"U",541482.388760042
158,1976,"V",8.98682602284309
158,1977,"U",1294889.50880775
158,1977,"V",31.6357337080938
158,1978,"U",889599.454686295
158,1978,"V",26.3111842125024
158,1979,"U",1415043.73121145
158,1979,"V",11.5881735702914
158,1980,"U",21033.9827934081
158,1980,"V",494.733126719793
158,1981,"U",894052.720236183
158,1981,"V",1105.09317740605
158,1982,"U",791323.566659558
158,1982,"V",1490.51413757941
158,1983,"U",474977.902436627
158,1983,"V",580.162807306168
158,1984,"U",457932.839675586
158,1984,"V",529.855014766723
158,1985,"U",438121.586482915
158,1985,"V",159.007335992936
158,1986,"U",340332.665991276
158,1986,"V",419.2549217337
158,1987,"U",331879.161349606
158,1987,"V",511.582228362486
158,1988,"U",655020.990705553
158,1988,"V",188.678019505977
158,1989,"U",544022.869539452
158,1989,"V",86.4498533298832
158,1990,"U",657573.815830508
158,1990,"V",38783.5602380511
158,1991,"U",1458696.89299442
158,1991,"V",1406.98835667379
158,1992,"U",993586.009445949
158,1992,"V",889.740056188922
158,1993,"U",1312454.06108099
158,1993,"V",896.574725524365
158,1994,"U",3488872.72628209
158,1994,"V",27.643120999785
158,1995,"U",2727445.78209025
158,1995,"V",30.383180265332
158,1996,"U",2242191.77840725
158,1996,"V",36.2425880570387
158,1997,"U",5899720.82303053
158,1997,"V",34.3915921791153
158,1998,"U",9404026.01447268
158,1998,"V",58.2629619029408
158,1999,"U",14438471.0763847
158,1999,"V",72.2779369724764
158,2000,"U",9143965.03627078
158,2000,"V",70.4773631693638
158,2001,"U",11243178.3076023
158,2001,"V",183.603393291459
158,2002,"U",8742921.6363071
158,2002,"V",61.6657515623964
158,2003,"U",12411528.2326328
158,2003,"V",116.306387842259
158,2004,"U",8133506.81333901
158,2004,"V",11372.682974578
158,2005,"U",10778456.6783189
158,2005,"V",3449.06901940282
158,2006,"U",9918814.87374247
158,2006,"V",64.3357277867919
158,2007,"U",9133173.88422949
158,2007,"V",12337.3447844451
158,2008,"U",10203896.922365
158,2008,"V",236.594838510315
158,2009,"U",11085772.6126615
158,2009,"V",39.09660811138
158,2010,"U",10719578.8831056
158,2010,"V",106.630441965636
158,2011,"U",10026908.1327559
158,2011,"V",362.343709414281
158,2012,"U",11337493.3645115
158,2012,"V",274.002719745399
158,2013,"U",12936748.3547447
158,2013,"V",205.689268123245
158,2014,"U",13251312.2356799
158,2014,"V",248.110434245785
158,2015,"U",13626384.9513582
158,2015,"V",7272.20749089419
158,2016,"U",12471719.0700977
158,2016,"V",314.156572306858
158,2017,"U",17551031.8272941
158,2017,"V",68.2020343511791
161,1841,"U",18404.5957395846
161,1841,"V",415.157125558517
161,1842,"U",18404.5957395846
161,1842,"V",415.157125558517
161,1843,"U",18404.5957395846
161,1843,"V",415.157125558517
161,1844,"U",18404.5957395846
161,1844,"V",415.157125558517
161,1845,"U",18404.5957395846
161,1845,"V",415.157125558517
161,1846,"U",18404.5957395846
161,1846,"V",415.157125558517
161,1847,"U",18404.5957395846
161,1847,"V",415.157125558517
161,1848,"U",18404.5957395846
161,1848,"V",415.157125558517
161,1849,"U",18404.5957395846
161,1849,"V",415.157125558517
161,1850,"U",18404.5957395846
161,1850,"V",415.157125558517
161,1851,"U",18404.5957395846
161,1851,"V",415.157125558517
161,1852,"U",18404.5957395846
161,1852,"V",415.157125558517
161,1853,"U",18404.5957395846
161,1853,"V",415.157125558517
161,1854,"U",18404.5957395846
161,1854,"V",415.157125558517
161,1855,"U",18404.5957395846
161,1855,"V",415.157125558517
161,1856,"U",18404.5957395846
161,1856,"V",415.157125558517
161,1857,"U",18404.5957395846
161,1857,"V",415.157125558517
161,1858,"U",18404.5957395846
161,1858,"V",415.157125558517
161,1859,"U",18404.5957395846
161,1859,"V",415.157125558517
161,1860,"U",18404.5957395846
161,1860,"V",415.157125558517
161,1861,"U",18404.5957395846
161,1861,"V",415.157125558517
161,1862,"U",19989.1827711073
161,1862,"V",450.901056395821
161,1863,"U",21710.1985564045
161,1863,"V",489.722445171457
161,1864,"U",23579.3892504602
161,1864,"V",531.886252877153
161,1865,"U",25609.5123211531
161,1865,"V",577.680252945633
161,1866,"U",27814.4236205875
161,1866,"V",627.416995340678
161,1867,"U",30209.1719531335
161,1867,"V",681.435939752347
161,1868,"U",32810.1017854123
161,1868,"V",740.105772452116
161,1869,"U",35634.9647994047
161,1869,"V",803.826922624588
161,1870,"U",38703.041049974
161,1870,"V",873.034295348408
161,1871,"U",42035.2705537474
161,1871,"V",948.200239879985
161,1872,"U",45654.3962073894
161,1872,"V",1029.83777349718
161,1873,"U",49585.1190108668
161,1873,"V",1118.50408290973
161,1874,"U",53854.2666549095
161,1874,"V",1214.80432712937
161,1875,"U",58490.9766235094
161,1875,"V",1319.39576775918
161,1876,"U",63526.8950609662
161,1876,"V",1432.99225488795
161,1877,"U",68996.3927609444
161,1877,"V",1556.36909920993
161,1878,"U",74936.7997515707
161,1878,"V",1690.36836362038
161,1879,"U",81388.6600776828
161,1879,"V",1835.90461040319
161,1880,"U",88396.0085191963
161,1880,"V",1993.97114323708
161,1881,"U",96006.671134124
161,1881,"V",2165.64678662071
161,1882,"U",104272.591677651
161,1882,"V",2352.10324899034
161,1883,"U",113250.186124922
161,1883,"V",2554.61311977999
161,1884,"U",123000.727717397
161,1884,"V",2774.55855500974
161,1885,"U",133590.765160598
161,1885,"V",3013.44071067811
161,1886,"U",145092.576827661
161,1886,"V",3272.88998834646
161,1887,"U",157584.664068529
161,1887,"V",3554.67716283953
161,1888,"U",171152.286991817
161,1888,"V",3860.72546801253
161,1889,"U",185888.04637609
161,1889,"V",4193.12372307113
161,1890,"U",201892.51568207
161,1890,"V",4554.14058903081
161,1891,"U",219274.927479568
161,1891,"V",4946.24005262309
161,1892,"U",238153.918973823
161,1892,"V",5372.09824332169
161,1893,"U",258658.341719793
161,1893,"V",5834.62169827295
161,1894,"U",280928.141050595
161,1894,"V",6336.96719978564
161,1895,"U",305115.992050144
161,1895,"V",6882.5786783803
161,1896,"U",331391.454595697
161,1896,"V",7475.28093913518
161,1897,"U",359943.754921032
161,1897,"V",8119.34240611186
161,1898,"U",390984.027549906
161,1898,"V",8819.52569421529
161,1899,"U",424747.596870142
161,1899,"V",9581.1390752382
161,1900,"U",461496.255512619
161,1900,"V",10410.087871833
161,1901,"U",501520.494926624
161,1901,"V",11312.9247731644
161,1902,"U",545141.643069641
161,1902,"V",12296.8980553195
161,1903,"U",592713.865309513
161,1903,"V",13369.9967161642
161,1904,"U",644625.988057485
161,1904,"V",14540.9916114955
161,1905,"U",701303.111158271
161,1905,"V",15819.4718261323
161,1906,"U",763207.985761447
161,1906,"V",17215.8757549097
161,1907,"U",830842.150591692
161,1907,"V",18741.5167338138
161,1908,"U",904746.842612673
161,1908,"V",20408.6035820583
161,1909,"U",985503.729351991
161,1909,"V",22230.257121323
161,1910,"U",1073735.55063394
161,1910,"V",24220.5246514826
161,1911,"U",1170106.80762129
161,1911,"V",26394.395493496
161,1912,"U",1275324.69657164
161,1912,"V",28767.822052386
161,1913,"U",1390140.55224213
161,1913,"V",31357.7523764834
161,1914,"U",1515352.13897918
161,1914,"V",34182.181838119
161,1915,"U",1651806.56249657
161,1915,"V",37260.2188153388
161,1916,"U",1800401.61549409
161,1916,"V",40612.1150453647
161,1917,"U",1962085.84877563
161,1917,"V",44259.2672288232
161,1918,"U",2137857.92841559
161,1918,"V",48224.2025291852
161,1919,"U",2328765.28569115
161,1919,"V",52530.5481189461
161,1920,"U",2535908.59220065
161,1920,"V",57203.132126005
161,1921,"U",2760471.36225169
161,1921,"V",62268.6513822269
161,1922,"U",3003744.78668736
161,1922,"V",67756.2316063484
161,1923,"U",3267152.93244924
161,1923,"V",73697.9958368985
161,1924,"U",3552282.94082204
161,1924,"V",80129.7456216511
161,1925,"U",3860920.30304534
161,1925,"V",87091.7567385263
161,1926,"U",4195089.13089305
161,1926,"V",94629.6875892503
161,1927,"U",4557097.17396714
161,1927,"V",102795.594665843
161,1928,"U",4949585.16788243
161,1928,"V",111649.045710119
161,1929,"U",5375579.92585319
161,1929,"V",121258.317314046
161,1930,"U",5838550.40104783
161,1930,"V",131701.659532471
161,1931,"U",6342465.73121324
161,1931,"V",143068.605210413
161,1932,"U",6891854.00534304
161,1932,"V",155461.29559767
161,1933,"U",7491860.13237755
161,1933,"V",168995.785707734
161,1934,"U",8148300.70654521
161,1934,"V",183803.281929196
161,1935,"U",8867713.11260538
161,1935,"V",200031.24970513
161,1936,"U",9657395.25697876
161,1936,"V",217844.309758267
161,1937,"U",10525431.2121222
161,1937,"V",237424.816557648
161,1938,"U",11480696.6956089
161,1938,"V",258972.981911622
161,1939,"U",12532836.6620394
161,1939,"V",282706.369502911
161,1940,"U",13692287.8722825
161,1940,"V",308860.403988685
161,1941,"U",14970575.8706309
161,1941,"V",337695.069989466
161,1942,"U",16380500.7217566
161,1942,"V",369499.101804621
161,1943,"U",17936279.3399272
161,1943,"V",404593.193968565
161,1944,"U",19653703.5872877
161,1944,"V",443333.5675137
161,1945,"U",21550315.8382971
161,1945,"V",486115.930221869
161,1946,"U",23645603.8795693
161,1946,"V",533379.873029413
161,1947,"U",25961037.4036097
161,1947,"V",585609.693225622
161,1948,"U",28519440.3880281
161,1948,"V",643320.237051753
161,1949,"U",31344603.191817
161,1949,"V",707048.149658559
161,1950,"U",36403438.1501055
161,1950,"V",344716.638218472
161,1951,"U",31533799.0957655
161,1951,"V",428531.500460112
161,1952,"U",38637213.3408545
161,1952,"V",891526.769094805
161,1953,"U",35771215.6592535
161,1953,"V",735152.87726789
161,1954,"U",41386717.5835708
161,1954,"V",833937.245354282
161,1955,"U",33182290.6370278
161,1955,"V",957541.424174614
161,1956,"U",35818087.7133678
161,1956,"V",1072112.48290778
161,1957,"U",36997543.8730123
161,1957,"V",841860.532838452
161,1958,"U",36938137.2891192
161,1958,"V",966389.126129519
161,1959,"U",36027262.0457455
161,1959,"V",930890.883746845
161,1960,"U",38969591.8812143
161,1960,"V",1039677.04375618
161,1961,"U",37708818.7846412
161,1961,"V",995004.733813977
161,1962,"U",49945936.2324457
161,1962,"V",1127376.10451549
161,1963,"U",55358804.5484354
161,1963,"V",1369449.82332162
161,1964,"U",59694282.1335731
161,1964,"V",1647753.84315084
161,1965,"U",68796421.5499018
161,1965,"V",1186156.827281
161,1966,"U",70337727.1524833
161,1966,"V",1801581.26937526
161,1967,"U",73964162.4958513
161,1967,"V",1324910.53879682
161,1968,"U",97774269.1303709
161,1968,"V",1427106.11463227
161,1969,"U",105846362.907637
161,1969,"V",1659833.00266077
161,1970,"U",123516965.760029
161,1970,"V",1384960.62181356
161,1971,"U",107453382.18186
161,1971,"V",1366576.29088041
161,1972,"U",101487846.982493
161,1972,"V",1890004.20415116
161,1973,"U",101590110.971443
161,1973,"V",2172675.39330635
161,1974,"U",118403017.494849
161,1974,"V",2763387.68864114
161,1975,"U",127867630.421918
161,1975,"V",2759524.9241204
161,1976,"U",119903433.310178
161,1976,"V",3019677.50482394
161,1977,"U",145514730.540663
161,1977,"V",2930630.93092821
161,1978,"U",124147508.939629
161,1978,"V",2442009.47404303
161,1979,"U",124950429.412151
161,1979,"V",2336871.9311228
161,1980,"U",127336489.61693
161,1980,"V",2346371.90166985
161,1981,"U",99149195.0197684
161,1981,"V",2448111.15217135
161,1982,"U",85052569.8222221
161,1982,"V",2966254.33406513
161,1983,"U",87531727.1755295
161,1983,"V",2146553.20371653
161,1984,"U",84305553.9085207
161,1984,"V",2768519.39392621
161,1985,"U",71522348.9231362
161,1985,"V",2804856.09369849
161,1986,"U",96008170.1958719
161,1986,"V",2856705.28255762
161,1987,"U",97057469.2362501
161,1987,"V",2895698.7614596
161,1988,"U",106117358.005087
161,1988,"V",3291514.42428672
161,1989,"U",88219686.1659828
161,1989,"V",2696700.17315318
161,1990,"U",76629025.9020034
161,1990,"V",2841078.63353987
161,1991,"U",84122528.6509953
161,1991,"V",2489736.76539189
161,1992,"U",89835811.7111834
161,1992,"V",2771525.79770369
161,1993,"U",125897493.907074
161,1993,"V",2993020.7829663
161,1994,"U",128507432.578397
161,1994,"V",2841739.74470961
161,1995,"U",175295094.570656
161,1995,"V",2796209.54361505
161,1996,"U",235712281.408879
161,1996,"V",3822462.78257223
161,1997,"U",226208180.096903
161,1997,"V",1884256.35336499
161,1998,"U",242981879.986189
161,1998,"V",1648447.61871216
161,1999,"U",135776858.807596
161,1999,"V",1688037.31935184
161,2000,"U",185239538.611463
161,2000,"V",4590600.59423997
161,2001,"U",176916334.305075
161,2001,"V",2613321.25885222
161,2002,"U",189046127.4683
161,2002,"V",4106268.67417309
161,2003,"U",177696842.567513
161,2003,"V",2339802.74534011
161,2004,"U",184274659.088846
161,2004,"V",2634731.42090588
161,2005,"U",153743513.407928
161,2005,"V",2909479.49953995
161,2006,"U",212547493.782124
161,2006,"V",742711.247655376
161,2007,"U",194400896.679277
161,2007,"V",889740.010188738
161,2008,"U",211099446.261726
161,2008,"V",608485.052029355
161,2009,"U",191263800.389315
161,2009,"V",798427.194437246
161,2010,"U",238496914.670533
161,2010,"V",540030.506580604
161,2011,"U",196265502.860541
161,2011,"V",710484.667369283
161,2012,"U",212666414.561038
161,2012,"V",1073561.04786939
161,2013,"U",188856691.037947
161,2013,"V",595375.983954692
161,2014,"U",200653955.442082
161,2014,"V",1172225.67118973
161,2015,"U",180043338.665368
161,2015,"V",2317121.99242151
161,2016,"U",211199849.207422
161,2016,"V",1094109.87665931
161,2017,"U",183628783.809376
161,2017,"V",1310697.57257742
167,1841,"U",2.46527568291913
167,1841,"V",0.231153519413964
167,1842,"U",2.46527568291913
167,1842,"V",0.231153519413964
167,1843,"U",2.46527568291913
167,1843,"V",0.231153519413964
167,1844,"U",2.46527568291913
167,1844,"V",0.231153519413964
167,1845,"U",2.46527568291913
167,1845,"V",0.231153519413964
167,1846,"U",2.46527568291913
167,1846,"V",0.231153519413964
167,1847,"U",2.46527568291913
167,1847,"V",0.231153519413964
167,1848,"U",2.46527568291913
167,1848,"V",0.231153519413964
167,1849,"U",2.46527568291913
167,1849,"V",0.231153519413964
167,1850,"U",2.46527568291913
167,1850,"V",0.231153519413964
167,1851,"U",2.46527568291913
167,1851,"V",0.231153519413964
167,1852,"U",2.46527568291913
167,1852,"V",0.231153519413964
167,1853,"U",2.46527568291913
167,1853,"V",0.231153519413964
167,1854,"U",2.46527568291913
167,1854,"V",0.231153519413964
167,1855,"U",2.46527568291913
167,1855,"V",0.231153519413964
167,1856,"U",2.46527568291913
167,1856,"V",0.231153519413964
167,1857,"U",2.46527568291913
167,1857,"V",0.231153519413964
167,1858,"U",2.46527568291913
167,1858,"V",0.231153519413964
167,1859,"U",2.46527568291913
167,1859,"V",0.231153519413964
167,1860,"U",2.46527568291913
167,1860,"V",0.231153519413964
167,1861,"U",2.46527568291913
167,1861,"V",0.231153519413964
167,1862,"U",2.92296842470883
167,1862,"V",0.274068512170328
167,1863,"U",3.46563447917773
167,1863,"V",0.324950922290255
167,1864,"U",4.10904963662912
167,1864,"V",0.385279947202013
167,1865,"U",4.87191855379056
167,1865,"V",0.456809405864658
167,1866,"U",5.77641851248351
167,1866,"V",0.541618723625864
167,1867,"U",6.848844140479
167,1867,"V",0.642173383674006
167,1868,"U",8.12037180931088
167,1868,"V",0.76139659985188
167,1869,"U",9.62796597280447
167,1869,"V",0.902754298365683
167,1870,"U",11.4154537427071
167,1870,"V",1.0703558740374
167,1871,"U",13.5347989943176
167,1871,"V",1.26907365524026
167,1872,"U",16.0476129931426
167,1872,"V",1.50468454593516
167,1873,"U",19.0269454961948
167,1873,"V",1.78403796606441
167,1874,"U",22.5594083749069
167,1874,"V",2.11525497042257
167,1875,"U",26.7476934888587
167,1875,"V",2.50796433396632
167,1876,"U",31.7135580473273
167,1876,"V",2.97358247054076
167,1877,"U",37.601364186585
167,1877,"V",3.52564531695842
167,1878,"U",44.5822757124937
167,1878,"V",4.18020183536798
167,1879,"U",52.8592339860658
167,1879,"V",4.95628057099777
167,1880,"U",62.6728576063855
167,1880,"V",5.87644282861383
167,1881,"U",74.3084374181269
167,1881,"V",6.96743855073175
167,1882,"U",88.1042301636278
167,1882,"V",8.26098396162558
167,1883,"U",104.461291912178
167,1883,"V",9.79468358663948
167,1884,"U",123.855137120851
167,1884,"V",11.6131234495785
167,1885,"U",146.849562269522
167,1885,"V",13.7691672287158
167,1886,"U",174.113035922956
167,1886,"V",16.3254930506534
167,1887,"U",206.438131715624
167,1887,"V",19.3564156000623
167,1888,"U",244.764569179866
167,1888,"V",22.9500465143818
167,1889,"U",290.206532232328
167,1889,"V",27.2108558678487
167,1890,"U",344.085059502296
167,1890,"V",32.2627092104928
167,1891,"U",407.966448108876
167,1891,"V",38.2524684507158
167,1892,"U",483.707787322518
167,1892,"V",45.3542612626374
167,1893,"U",573.510945817131
167,1893,"V",53.7745431338885
167,1894,"U",679.986581965126
167,1894,"V",63.7580992116032
167,1895,"U",806.230038024256
167,1895,"V",75.5951604268002
167,1896,"U",955.911324505571
167,1896,"V",89.6298407671331
167,1897,"U",1133.38181067779
167,1897,"V",106.270140979821
167,1898,"U",1343.80072276998
167,1898,"V",125.999809518869
167,1899,"U",1593.28512730862
167,1899,"V",149.392405546798
167,1900,"U",1889.08775973389
167,1900,"V",177.127972814493
167,1901,"U",2239.80786791309
167,1901,"V",210.012809141955
167,1902,"U",2655.64120000028
167,1902,"V",249.002906220174
167,1903,"U",3148.67640397645
167,1903,"V",295.23174114671
167,1904,"U",3733.24645549195
167,1904,"V",350.04322762185
167,1905,"U",4426.34533032316
167,1905,"V",415.030784725152
167,1906,"U",5248.12203449673
167,1906,"V",492.083659037854
167,1907,"U",6222.46635396714
167,1907,"V",583.441846735508
167,1908,"U",7377.70335212053
167,1908,"V",691.761212285805
167,1909,"U",8747.41680478436
167,1909,"V",820.190696811852
167,1910,"U",10371.4255107076
167,1910,"V",972.463860634471
167,1911,"U",12296.9408597676
167,1911,"V",1153.00742122069
167,1912,"U",14579.7518366181
167,1912,"V",1367.05236358226
167,1913,"U",17284.8526099446
167,1913,"V",1620.69278540456
167,1914,"U",20487.4457226073
167,1914,"V",1920.9799599271
167,1915,"U",24274.3076086599
167,1915,"V",2276.05037195467
167,1916,"U",28745.5520819918
167,1916,"V",2695.29106918456
167,1917,"U",34016.3015615387
167,1917,"V",3189.49636256737
167,1918,"U",40218.3302541972
167,1918,"V",3771.02189731685
167,1919,"U",47501.7217442869
167,1919,"V",4453.94007473156
167,1920,"U",56037.0629478285
167,1920,"V",5254.24576559916
167,1921,"U",66020.2516679075
167,1921,"V",6190.30708466736
167,1922,"U",77678.2233022178
167,1922,"V",7283.40234828027
167,1923,"U",91276.0722989685
167,1923,"V",8558.38780886646
167,1924,"U",107126.253772718
167,1924,"V",10044.5604330449
167,1925,"U",125600.283571059
167,1925,"V",11776.7549438789
167,1926,"U",147143.373904481
167,1926,"V",13796.7161125733
167,1927,"U",172292.453298072
167,1927,"V",16154.7883769159
167,1928,"U",201698.019376924
167,1928,"V",18911.9648406199
167,1929,"U",236150.248570159
167,1929,"V",22142.3354173674
167,1930,"U",276609.714660373
167,1930,"V",25935.9671175303
167,1931,"U",324242.909802499
167,1931,"V",30402.2346324871
167,1932,"U",380462.460855038
167,1932,"V",35673.5911690832
167,1933,"U",446971.414498894
167,1933,"V",41909.720788921
167,1934,"U",525810.131327275
167,1934,"V",49301.9353745864
167,1935,"U",619403.072312205
167,1935,"V",58077.5615047044
167,1936,"U",730600.96965816
167,1936,"V",68503.8945517715
167,1937,"U",862711.459873365
167,1937,"V",80891.0709541237
167,1938,"U",1019508.19569384
167,1938,"V",95592.9225842053
167,1939,"U",1205204.845564
167,1939,"V",113004.538842084
167,1940,"U",1424406.71981857
167,1940,"V",133557.730944351
167,1941,"U",1682126.77509045
167,1941,"V",157722.532557579
167,1942,"U",1983734.59324645
167,1942,"V",186002.415871469
167,1943,"U",2334839.92634597
167,1943,"V",218923.37233621
167,1944,"U",2741119.22206932
167,1944,"V",257017.647034234
167,1945,"U",3208075.47037899
167,1945,"V",300801.221000012
167,1946,"U",3740723.7211141
167,1946,"V",350744.324167005
167,1947,"U",4343174.19456477
167,1947,"V",407232.346247295
167,1948,"U",5018049.1713227
167,1948,"V",470511.162130997
167,1949,"U",5765914.35930292
167,1949,"V",540633.814719741
167,1950,"U",5685452.7556431
167,1950,"V",695554.988303873
167,1951,"U",7250926.52642398
167,1951,"V",1119517.86464923
167,1952,"U",6080121.30007203
167,1952,"V",878484.757424901
167,1953,"U",6087346.85871271
167,1953,"V",618826.886904465
167,1954,"U",5157927.34469035
167,1954,"V",674228.482029036
167,1955,"U",10470090.7963136
167,1955,"V",511037.949146994
167,1956,"U",12040455.2557624
167,1956,"V",555116.549013373
167,1957,"U",10216579.9562842
167,1957,"V",1027682.40786682
167,1958,"U",5167005.88305447
167,1958,"V",1032517.94010678
167,1959,"U",11383191.9213201
167,1959,"V",808192.560903811
167,1960,"U",10204748.2479394
167,1960,"V",1015059.27341047
167,1961,"U",15599198.6470605
167,1961,"V",1160489.67057788
167,1962,"U",14559207.9832809
167,1962,"V",1550684.38701125
167,1963,"U",15576635.5770068
167,1963,"V",1363358.50848437
167,1964,"U",16835972.6078619
167,1964,"V",1722210.29658571
167,1965,"U",14986843.0149272
167,1965,"V",1786107.60151541
167,1966,"U",11201132.5306381
167,1966,"V",2175411.62114849
167,1967,"U",12311895.043704
167,1967,"V",2079080.79363483
167,1968,"U",11356223.0666493
167,1968,"V",1707281.6126021
167,1969,"U",11619836.1329436
167,1969,"V",1619555.45557653
167,1970,"U",14514776.6952726
167,1970,"V",1459429.01202189
167,1971,"U",12871791.7678288
167,1971,"V",1442198.13180308
167,1972,"U",11155457.8870235
167,1972,"V",2423632.63591158
167,1973,"U",10974909.4941213
167,1973,"V",2382782.4405532
167,1974,"U",12915563.3047682
167,1974,"V",2900755.35399577
167,1975,"U",15552908.3762301
167,1975,"V",2951769.72554441
167,1976,"U",17816755.9796674
167,1976,"V",3046840.95608738
167,1977,"U",17715649.4104009
167,1977,"V",3826149.00147344
167,1978,"U",15627753.7302912
167,1978,"V",3381365.44286487
167,1979,"U",12245036.0687888
167,1979,"V",3105796.64342352
167,1980,"U",12691210.355218
167,1980,"V",3234718.84922626
167,1981,"U",14431972.5803976
167,1981,"V",3127592.10592031
167,1982,"U",17024662.0364421
167,1982,"V",1698678.82401923
167,1983,"U",21167104.6788836
167,1983,"V",1318600.67675498
167,1984,"U",23459553.1292592
167,1984,"V",1318117.72680786
167,1985,"U",27454861.0034064
167,1985,"V",1691298.59729614
167,1986,"U",27812259.1651349
167,1986,"V",1997768.87808214
167,1987,"U",28810436.9811189
167,1987,"V",1367229.67507601
167,1988,"U",28265625.3821282
167,1988,"V",2170174.14309046
167,1989,"U",31302904.4266013
167,1989,"V",1881276.47047514
167,1990,"U",31799945.0972456
167,1990,"V",2555687.13030009
167,1991,"U",27843420.8694413
167,1991,"V",3161490.72474839
167,1992,"U",31794773.5503214
167,1992,"V",3499450.58844084
167,1993,"U",33164835.0141427
167,1993,"V",3609492.29245713
167,1994,"U",32199693.1117207
167,1994,"V",2256856.23994636
167,1995,"U",31086896.3145713
167,1995,"V",1605682.8493356
167,1996,"U",31246576.6589397
167,1996,"V",2068748.84170263
167,1997,"U",28691655.949354
167,1997,"V",1760437.53733089
167,1998,"U",30208183.6370573
167,1998,"V",2054720.03197953
167,1999,"U",26270388.3688008
167,1999,"V",2290144.37498626
167,2000,"U",23689210.6395418
167,2000,"V",1035159.58672216
167,2001,"U",24591579.2370132
167,2001,"V",736807.348527934
167,2002,"U",27205470.5029557
167,2002,"V",1346128.91517983
167,2003,"U",21549433.1960876
167,2003,"V",1285020.02186405
167,2004,"U",27063670.5561956
167,2004,"V",1087390.62411298
167,2005,"U",24885455.542675
167,2005,"V",1087762.33641879
167,2006,"U",26112986.1991189
167,2006,"V",1436680.91620136
167,2007,"U",21386360.2593604
167,2007,"V",1501034.46512804
167,2008,"U",21997390.9746378
167,2008,"V",1328233.33040132
167,2009,"U",21184453.521536
167,2009,"V",1332898.70581422
167,2010,"U",23173940.2679102
167,2010,"V",2103340.38282029
167,2011,"U",20061762.4211856
167,2011,"V",1147572.24391004
167,2012,"U",22632907.9835729
167,2012,"V",1250954.69695712
167,2013,"U",20625116.2838049
167,2013,"V",1487452.46167092
167,2014,"U",21996331.0141016
167,2014,"V",1531996.85548894
167,2015,"U",29397971.4641785
167,2015,"V",1350406.41845192
167,2016,"U",22663471.9830257
167,2016,"V",607813.962318152
167,2017,"U",20695018.2761321
167,2017,"V",411755.811402003
171,1895,"U",6.31958490981388e-09
171,1895,"V",1.13099568710996e-09
171,1896,"U",6.31958490981388e-09
171,1896,"V",1.13099568710996e-09
171,1897,"U",1.89587547294416e-08
171,1897,"V",3.39298706132989e-09
171,1898,"U",3.79175094588832e-08
171,1898,"V",6.78597412265978e-09
171,1899,"U",8.8474188737394e-08
171,1899,"V",1.58339396195395e-08
171,1900,"U",1.95907132204229e-07
171,1900,"V",3.50608663004089e-08
171,1901,"U",4.36051358777156e-07
171,1901,"V",7.80387024105875e-08
171,1902,"U",9.73216076111335e-07
171,1902,"V",1.74173335814935e-07
171,1903,"U",2.16129803915634e-06
171,1903,"V",3.86800524991608e-07
171,1904,"U",4.80920411636835e-06
171,1904,"V",8.60687717890683e-07
171,1905,"U",1.07116964221345e-05
171,1905,"V",1.91703768965139e-06
171,1906,"U",2.38248351099983e-05
171,1906,"V",4.26385374040457e-06
171,1907,"U",5.30086782235187e-05
171,1907,"V",9.48679182347836e-06
171,1908,"U",0.000117955052341676
171,1908,"V",2.11100344999075e-05
171,1909,"U",0.00026245868088948
171,1909,"V",4.69713818813639e-05
171,1910,"U",0.000583986521930988
171,1910,"V",0.000104514180450145
171,1911,"U",0.00129940777081629
171,1911,"V",0.000232550809200802
171,1912,"U",0.00289126065291911
171,1912,"V",0.000517439574818306
171,1913,"U",0.00643323632483197
171,1913,"V",0.00115133551354695
171,1914,"U",0.014314378026691
171,1914,"V",0.00256179797295042
171,1915,"U",0.031850423564141
171,1915,"V",0.0057001673682283
171,1916,"U",0.070869272363597
171,1916,"V",0.0126832446332635
171,1917,"U",0.157688747307791
171,1917,"V",0.0282210454730858
171,1918,"U",0.350867746304379
171,1918,"V",0.0627936665903477
171,1919,"U",0.780703591096017
171,1919,"V",0.139719998550801
171,1920,"U",1.73711637122061
171,1920,"V",0.310886102789382
171,1921,"U",3.86482733960125
171,1921,"V",0.691675658273961
171,1922,"U",8.5930336900773
171,1922,"V",1.53786746777871
171,1923,"U",19.0731260778922
171,1923,"V",3.41345573192654
171,1924,"U",42.2009199335093
171,1924,"V",7.55256225179477
171,1925,"U",92.9111912441736
171,1925,"V",16.6280156182764
171,1926,"U",203.127835523196
171,1926,"V",36.3531322368898
171,1927,"U",440.0011253888
171,1927,"V",78.7455793758644
171,1928,"U",942.097744494538
171,1928,"V",168.604188576482
171,1929,"U",1989.04759413635
171,1929,"V",355.973419540766
171,1930,"U",4130.95091840239
171,1930,"V",739.302935090032
171,1931,"U",8419.4091595921
171,1931,"V",1506.79444669306
171,1932,"U",16801.7426714532
171,1932,"V",3006.95358453611
171,1933,"U",32760.0496733442
171,1933,"V",5862.96021318142
171,1934,"U",62288.3618734671
171,1934,"V",11147.5468153985
171,1935,"U",115289.077941119
171,1935,"V",20632.9136775742
171,1936,"U",207414.289523887
171,1936,"V",37120.2650560483
171,1937,"U",362260.829914593
171,1937,"V",64832.6499428817
171,1938,"U",613646.677592118
171,1938,"V",109822.362650474
171,1939,"U",1007477.00886572
171,1939,"V",180304.904222442
171,1940,"U",1602515.61255472
171,1940,"V",286797.040025712
171,1941,"U",2469307.47312916
171,1941,"V",441923.977937302
171,1942,"U",3686646.83454946
171,1942,"V",659787.269144525
171,1943,"U",5335398.39109904
171,1943,"V",954859.006637538
171,1944,"U",7490108.84144979
171,1944,"V",1340480.57215097
171,1945,"U",10209535.4539727
171,1945,"V",1827167.56410818
171,1946,"U",13527742.6083933
171,1946,"V",2421016.37445633
171,1947,"U",17447567.371274
171,1947,"V",3122534.74382903
171,1948,"U",21937930.4259677
171,1948,"V",3926160.50737084
171,1949,"U",26935730.6812703
171,1949,"V",4820600.66672472
171,1950,"U",31786051.3223587
171,1950,"V",2742318.02313998
171,1951,"U",32677459.2303448
171,1951,"V",2762910.26177512
171,1952,"U",35412527.7692116
171,1952,"V",3975187.13999636
171,1953,"U",37859641.7947192
171,1953,"V",3920444.79656415
171,1954,"U",38739035.1954079
171,1954,"V",5609185.1443126
171,1955,"U",35626470.744674
171,1955,"V",8584087.33320302
171,1956,"U",40579321.1749827
171,1956,"V",8454263.91229778
171,1957,"U",39771489.1364563
171,1957,"V",9861048.23223712
171,1958,"U",40287937.5800139
171,1958,"V",8040109.50659286
171,1959,"U",44644010.0243771
171,1959,"V",6318836.345129
171,1960,"U",40624326.2778868
171,1960,"V",7123509.3511704
171,1961,"U",46397341.3071538
171,1961,"V",7885332.38497787
171,1962,"U",97404466.2808836
171,1962,"V",11506784.1171144
171,1963,"U",51045484.7006055
171,1963,"V",12838913.3289888
171,1964,"U",54526959.6219918
171,1964,"V",12123947.2525299
171,1965,"U",61238048.9358111
171,1965,"V",14405910.2196652
171,1966,"U",59197556.4887522
171,1966,"V",17489405.711326
171,1967,"U",61545193.7643227
171,1967,"V",17296789.4695331
171,1968,"U",62808507.0596322
171,1968,"V",18290153.8115577
171,1969,"U",71122305.7117042
171,1969,"V",12647994.4267015
171,1970,"U",85831243.5818234
171,1970,"V",16732945.2277011
171,1971,"U",82622308.3929355
171,1971,"V",19660640.1628112
171,1972,"U",93032023.8534557
171,1972,"V",23932333.3087757
171,1973,"U",96037896.4489942
171,1973,"V",20174794.1922797
171,1974,"U",96668270.4487561
171,1974,"V",22939669.4257839
171,1975,"U",99115302.7091896
171,1975,"V",20244881.1474388
171,1976,"U",95461519.1350974
171,1976,"V",14427155.3734526
171,1977,"U",106568056.427748
171,1977,"V",15951490.3592971
171,1978,"U",111868162.01512
171,1978,"V",16813582.0447086
171,1979,"U",124528879.186759
171,1979,"V",21521859.1248609
171,1980,"U",120254005.946359
171,1980,"V",19091448.9143994
171,1981,"U",127539970.511694
171,1981,"V",24062776.2606841
171,1982,"U",154484037.70081
171,1982,"V",26653173.7359721
171,1983,"U",162566097.953399
171,1983,"V",26779406.5448312
171,1984,"U",155137915.456151
171,1984,"V",24091082.8218927
171,1985,"U",157771706.523088
171,1985,"V",25766738.8289628
171,1986,"U",182925488.500802
171,1986,"V",22658519.0528004
171,1987,"U",172169642.320241
171,1987,"V",21773142.9010422
171,1988,"U",175183472.064782
171,1988,"V",25270624.3336946
171,1989,"U",202970413.341527
171,1989,"V",29944351.3086265
171,1990,"U",233279415.169826
171,1990,"V",30838066.377278
171,1991,"U",246168287.736604
171,1991,"V",30300575.0164514
171,1992,"U",250555055.868984
171,1992,"V",35859282.6432656
171,1993,"U",258378986.353183
171,1993,"V",34688278.0309477
171,1994,"U",264697358.070497
171,1994,"V",36459041.292517
171,1995,"U",296743779.744946
171,1995,"V",38279335.6673992
171,1996,"U",297026776.52333
171,1996,"V",45384770.6933295
171,1997,"U",330904781.487066
171,1997,"V",42860609.1545002
171,1998,"U",335923017.467899
171,1998,"V",44034545.3354985
171,1999,"U",364353977.394356
171,1999,"V",41794778.1494187
171,2000,"U",376989891.186917
171,2000,"V",40216278.2761813
171,2001,"U",374825228.937427
171,2001,"V",50468307.8935005
171,2002,"U",421149122.352535
171,2002,"V",44057117.9769944
171,2003,"U",522632503.44078
171,2003,"V",50061624.1499894
171,2004,"U",439630240.017795
171,2004,"V",47502236.0054694
171,2005,"U",444509449.144262
171,2005,"V",45092046.5917172
171,2006,"U",417307807.535931
171,2006,"V",57314999.2956686
171,2007,"U",430575979.033567
171,2007,"V",56858314.9489448
171,2008,"U",433591292.304442
171,2008,"V",56389505.4160744
171,2009,"U",472866346.745302
171,2009,"V",52601783.8329711
171,2010,"U",486871183.357424
171,2010,"V",55702712.6686994
171,2011,"U",513444316.043806
171,2011,"V",65630900.5916228
171,2012,"U",554486861.848067
171,2012,"V",84733764.2351078
171,2013,"U",536172670.455689
171,2013,"V",103260158.517815
171,2014,"U",519133557.055523
171,2014,"V",78861431.3192495
171,2015,"U",493669692.318827
171,2015,"V",68228586.6385784
171,2016,"U",606624484.325745
171,2016,"V",68671862.5410622
171,2017,"U",569655260.077668
171,2017,"V",77543046.0250363
177,1841,"U",7527.74286324408
177,1841,"V",1252.76645305504
177,1842,"U",7527.74286324408
177,1842,"V",1252.76645305504
177,1843,"U",7527.74286324408
177,1843,"V",1252.76645305504
177,1844,"U",7527.74286324408
177,1844,"V",1252.76645305504
177,1845,"U",7527.74286324408
177,1845,"V",1252.76645305504
177,1846,"U",7527.74286324408
177,1846,"V",1252.76645305504
177,1847,"U",7527.74286324408
177,1847,"V",1252.76645305504
177,1848,"U",7527.74286324408
177,1848,"V",1252.76645305504
177,1849,"U",7527.74286324408
177,1849,"V",1252.76645305504
177,1850,"U",7527.74286324408
177,1850,"V",1252.76645305504
177,1851,"U",7527.74286324408
177,1851,"V",1252.76645305504
177,1852,"U",7527.74286324408
177,1852,"V",1252.76645305504
177,1853,"U",7527.74286324408
177,1853,"V",1252.76645305504
177,1854,"U",7527.74286324408
177,1854,"V",1252.76645305504
177,1855,"U",7527.74286324408
177,1855,"V",1252.76645305504
177,1856,"U",7527.74286324408
177,1856,"V",1252.76645305504
177,1857,"U",7527.74286324408
177,1857,"V",1252.76645305504
177,1858,"U",7527.74286324408
177,1858,"V",1252.76645305504
177,1859,"U",7527.74286324408
177,1859,"V",1252.76645305504
177,1860,"U",7527.74286324408
177,1860,"V",1252.76645305504
177,1861,"U",7527.74286324408
177,1861,"V",1252.76645305504
177,1862,"U",8203.33585510925
177,1862,"V",1365.19859260915
177,1863,"U",8939.56134982682
177,1863,"V",1487.72118914596
177,1864,"U",9741.86093789549
177,1864,"V",1621.23983178449
177,1865,"U",10616.1645767042
177,1865,"V",1766.74138362835
177,1866,"U",11568.9344200372
177,1866,"V",1925.30127586882
177,1867,"U",12607.2125811638
177,1867,"V",2098.09145651517
177,1868,"U",13738.6731825019
177,1868,"V",2286.38905249587
177,1869,"U",14971.6790765873
177,1869,"V",2491.58580915868
177,1870,"U",16315.343657635
177,1870,"V",2715.1983769463
177,1871,"U",17779.5982204109
177,1871,"V",2958.8795212552
177,1872,"U",19375.2653644717
177,1872,"V",3224.43033836426
177,1873,"U",21114.1389861536
177,1873,"V",3513.81356769611
177,1874,"U",23009.07144963
177,1874,"V",3829.16809881849
177,1875,"U",25074.0685813084
177,1875,"V",4172.82478040535
177,1876,"U",27324.3931897268
177,1876,"V",4547.32364801092
177,1877,"U",29776.6778760135
177,1877,"V",4955.43269797872
177,1878,"U",32449.0479688091
177,1878,"V",5400.16834626297
177,1879,"U",35361.2554921746
177,1879,"V",5884.81772335853
177,1880,"U",38534.8251568075
177,1880,"V",6412.96297014926
177,1881,"U",41993.2134534757
177,1881,"V",6988.50771422639
177,1882,"U",45761.9820246574
177,1882,"V",7615.70592238487
177,1883,"U",49868.9865957769
177,1883,"V",8299.19334254695
177,1884,"U",54344.5828624685
177,1884,"V",9044.02176750636
177,1885,"U",59221.8508556207
177,1885,"V",9855.6963737438
177,1886,"U",64536.839442507
177,1886,"V",10740.2164112882
177,1887,"U",70328.8327712289
177,1887,"V",11704.1195453831
177,1888,"U",76640.6406277483
177,1888,"V",12754.5301776837
177,1889,"U",83518.9148515855
177,1889,"V",13899.2121041361
177,1890,"U",91014.4941489521
177,1890,"V",15146.625898755
177,1891,"U",99182.7798518427
177,1891,"V",16505.9914474263
177,1892,"U",108084.145400402
177,1892,"V",17987.3560939347
177,1893,"U",117784.382575139
177,1893,"V",19601.6689018978
177,1894,"U",128355.187777199
177,1894,"V",21360.8615814965
177,1895,"U",139874.691950861
177,1895,"V",23277.9366791402
177,1896,"U",152428.038065039
177,1896,"V",25367.0636818995
177,1897,"U",166108.010422066
177,1897,"V",27643.68374703
177,1898,"U",181015.720445112
177,1898,"V",30124.6238306682
177,1899,"U",197261.354012999
177,1899,"V",32828.2210592408
177,1900,"U",214964.985866192
177,1900,"V",35774.4582628532
177,1901,"U",234257.4671033
177,1901,"V",38985.1116723967
177,1902,"U",255281.392327828
177,1902,"V",42483.9118720461
177,1903,"U",278192.153593535
177,1903,"V",46296.7191967719
177,1904,"U",303159.088938318
177,1904,"V",50451.7148712732
177,1905,"U",330366.733995645
177,1905,"V",54979.6093030658
177,1906,"U",360016.185934493
177,1906,"V",59913.8690692727
177,1907,"U",392326.589808916
177,1907,"V",65290.964274819
177,1908,"U",427536.758303135
177,1908,"V",71150.6381102992
177,1909,"U",465906.936844074
177,1909,"V",77536.2006018831
177,1910,"U",507720.727127563
177,1910,"V",84494.8487244174
177,1911,"U",553287.18327543
177,1911,"V",92078.0152437439
177,1912,"U",602943.096116588
177,1912,"V",100341.748866603
177,1913,"U",657055.482475695
177,1913,"V",109347.128507882
177,1914,"U",716024.297868218
177,1914,"V",119160.714737143
177,1915,"U",780285.392651966
177,1915,"V",129855.041741157
177,1916,"U",850313.733484631
177,1916,"V",141509.153438652
177,1917,"U",926626.913897726
177,1917,"V",154209.187709784
177,1918,"U",1009788.97993436
177,1918,"V",168049.013058513
177,1919,"U",1100414.59912682
177,1919,"V",183130.922413574
177,1920,"U",1199173.6036277
177,1920,"V",199566.389196043
177,1921,"U",1306795.94107396
177,1921,"V",217476.891241796
177,1922,"U",1424077.06977642
177,1922,"V",236994.808668581
177,1923,"U",1551882.53547165
177,1923,"V",258264.185538751
177,1924,"U",1691148.3021369
177,1924,"V",281440.784913456
177,1925,"U",1842883.99530149
177,1925,"V",306692.628604322
177,1926,"U",2008177.52762357
177,1926,"V",334200.76696159
177,1927,"U",2188199.99777234
177,1927,"V",364160.094145795
177,1928,"U",2384210.89592613
177,1928,"V",396780.214426368
177,1929,"U",2597563.65029618
177,1929,"V",432286.365233769
177,1930,"U",2829711.54783028
177,1930,"V",470920.402482572
177,1931,"U",3082214.05784195
177,1931,"V",512941.852949401
177,1932,"U",3356743.57888967
177,1932,"V",558629.037088102
177,1933,"U",3655092.61590879
177,1933,"V",608280.263447574
177,1934,"U",3979181.37548903
177,1934,"V",662215.0926773
177,1935,"U",4331065.74144814
177,1935,"V",720775.664821779
177,1936,"U",4712945.55972314
177,1936,"V",784328.078091581
177,1937,"U",5127173.12045624
177,1937,"V",853263.800451468
177,1938,"U",5576261.6755493
177,1938,"V",928001.087111273
177,1939,"U",6062893.77168965
177,1939,"V",1008986.36730743
177,1940,"U",6589929.11199038
177,1940,"V",1096695.55263668
177,1941,"U",7160411.58438646
177,1941,"V",1191635.20672122
177,1942,"U",7777575.01266421
177,1942,"V",1294343.50229464
177,1943,"U",8444847.09789937
177,1943,"V",1405390.87713582
177,1944,"U",9165850.92620534
177,1944,"V",1525380.28498825
177,1945,"U",9944406.18189768
177,1945,"V",1654947.39745477
177,1946,"U",10784538.0705228
177,1946,"V",1794762.08896746
177,1947,"U",11690482.3355589
177,1947,"V",1945529.2716666
177,1948,"U",12666680.8218014
177,1948,"V",2107988.15705959
177,1949,"U",13717749.0845526
177,1949,"V",2282906.86554455
177,1950,"U",15434735.7577746
177,1950,"V",2808813.53283066
177,1951,"U",14157653.4977382
177,1951,"V",1556280.29122227
177,1952,"U",14633651.9408354
177,1952,"V",1324891.4218639
177,1953,"U",14969402.2448128
177,1953,"V",2828422.62034032
177,1954,"U",16124577.7729117
177,1954,"V",1801129.66678217
177,1955,"U",17703802.7454456
177,1955,"V",3533598.40301715
177,1956,"U",17436190.7976192
177,1956,"V",1991718.20545306
177,1957,"U",15372278.2431703
177,1957,"V",3444682.12904297
177,1958,"U",18488637.2762886
177,1958,"V",4964949.93396593
177,1959,"U",17301113.5326232
177,1959,"V",4221844.27870402
177,1960,"U",20749227.5768979
177,1960,"V",3111625.33093332
177,1961,"U",21451765.5614596
177,1961,"V",3982833.97865771
177,1962,"U",22494240.5471192
177,1962,"V",2912544.90613765
177,1963,"U",19785150.0473015
177,1963,"V",2209774.65010348
177,1964,"U",26157414.2326929
177,1964,"V",2133343.40107893
177,1965,"U",22847778.3372597
177,1965,"V",2050473.34157218
177,1966,"U",24886844.5322507
177,1966,"V",3194959.8154381
177,1967,"U",23097903.5469633
177,1967,"V",574980.038081622
177,1968,"U",22559680.1039929
177,1968,"V",3095853.39266602
177,1969,"U",22153532.6497744
177,1969,"V",899442.535100297
177,1970,"U",29508685.6355882
177,1970,"V",4165130.75203513
177,1971,"U",36108586.649926
177,1971,"V",8092897.0696815
177,1972,"U",42143629.3823146
177,1972,"V",4766591.93777034
177,1973,"U",45194517.4601954
177,1973,"V",5607675.40041972
177,1974,"U",62565880.3836368
177,1974,"V",6521766.88188597
177,1975,"U",54542259.1419755
177,1975,"V",6704235.80050949
177,1976,"U",59268996.9134388
177,1976,"V",7607085.84729874
177,1977,"U",50952864.7033166
177,1977,"V",7533595.8939666
177,1978,"U",50067888.4065907
177,1978,"V",1950058.61774458
177,1979,"U",41429404.0029904
177,1979,"V",1151191.84463002
177,1980,"U",39642141.34065
177,1980,"V",792792.336061107
177,1981,"U",47513346.8091962
177,1981,"V",845139.944534623
177,1982,"U",45217336.4059327
177,1982,"V",667617.916355601
177,1983,"U",50439255.9891201
177,1983,"V",920565.029443296
177,1984,"U",52652133.0854686
177,1984,"V",995758.525234828
177,1985,"U",77971512.6844415
177,1985,"V",703258.113132679
177,1986,"U",74294051.3997392
177,1986,"V",721760.576444172
177,1987,"U",65044595.6356346
177,1987,"V",757740.751518813
177,1988,"U",68149255.6738548
177,1988,"V",741539.965465573
177,1989,"U",67059436.2725611
177,1989,"V",1193153.36394955
177,1990,"U",81709335.4016908
177,1990,"V",1285929.62770838
177,1991,"U",86273343.6133659
177,1991,"V",1266425.80050344
177,1992,"U",82538618.5794398
177,1992,"V",1389419.84933147
177,1993,"U",97499176.3528232
177,1993,"V",1148872.92460231
177,1994,"U",78471667.7037757
177,1994,"V",1598650.97123611
177,1995,"U",76779830.7077667
177,1995,"V",688494.093013445
177,1996,"U",65858847.3069371
177,1996,"V",1005249.223409
177,1997,"U",79395909.3952536
177,1997,"V",846676.037163147
177,1998,"U",85601925.2263574
177,1998,"V",751878.553606111
177,1999,"U",112228666.506488
177,1999,"V",793474.119958236
177,2000,"U",91921283.7854521
177,2000,"V",1077048.94432395
177,2001,"U",93256196.1812346
177,2001,"V",1111082.89452072
177,2002,"U",111267960.044526
177,2002,"V",1863854.32947404
177,2003,"U",103688560.514882
177,2003,"V",2189785.62099325
177,2004,"U",138188776.98781
177,2004,"V",3410621.82871597
177,2005,"U",98840399.9525659
177,2005,"V",3584152.78396015
177,2006,"U",89145036.2325484
177,2006,"V",3577174.76395569
177,2007,"U",77133631.3821413
177,2007,"V",3809352.1188445
177,2008,"U",95737659.9417995
177,2008,"V",3319356.94854488
177,2009,"U",107383522.821981
177,2009,"V",2240818.62613053
177,2010,"U",112105411.385273
177,2010,"V",2222756.9273617
177,2011,"U",116894104.563403
177,2011,"V",1883883.06391169
177,2012,"U",117841200.242258
177,2012,"V",1183561.33526815
177,2013,"U",114585317.231336
177,2013,"V",912339.654981596
177,2014,"U",128987758.649776
177,2014,"V",2027323.41048122
177,2015,"U",142547604.35735
177,2015,"V",1170575.13771416
177,2016,"U",121801510.573164
177,2016,"V",1089676.14413319
177,2017,"U",128405088.831503
177,2017,"V",929539.502479662
181,1841,"U",1.74775667128555
181,1841,"V",0.0366966886126257
181,1842,"U",1.74775667128555
181,1842,"V",0.0366966886126257
181,1843,"U",1.74775667128555
181,1843,"V",0.0366966886126257
181,1844,"U",1.74775667128555
181,1844,"V",0.0366966886126257
181,1845,"U",1.74775667128555
181,1845,"V",0.0366966886126257
181,1846,"U",1.74775667128555
181,1846,"V",0.0366966886126257
181,1847,"U",1.74775667128555
181,1847,"V",0.0366966886126257
181,1848,"U",1.74775667128555
181,1848,"V",0.0366966886126257
181,1849,"U",1.74775667128555
181,1849,"V",0.0366966886126257
181,1850,"U",1.74775667128555
181,1850,"V",0.0366966886126257
181,1851,"U",1.74775667128555
181,1851,"V",0.0366966886126257
181,1852,"U",1.74775667128555
181,1852,"V",0.0366966886126257
181,1853,"U",1.74775667128555
181,1853,"V",0.0366966886126257
181,1854,"U",1.74775667128555
181,1854,"V",0.0366966886126257
181,1855,"U",1.74775667128555
181,1855,"V",0.0366966886126257
181,1856,"U",1.74775667128555
181,1856,"V",0.0366966886126257
181,1857,"U",1.74775667128555
181,1857,"V",0.0366966886126257
181,1858,"U",1.74775667128555
181,1858,"V",0.0366966886126257
181,1859,"U",1.74775667128555
181,1859,"V",0.0366966886126257
181,1860,"U",1.74775667128555
181,1860,"V",0.0366966886126257
181,1861,"U",1.74775667128555
181,1861,"V",0.0366966886126257
181,1862,"U",2.05420682659205
181,1862,"V",0.0431310545111128
181,1863,"U",2.41438968820783
181,1863,"V",0.050693616584812
181,1864,"U",2.83772670447648
181,1864,"V",0.0595821918192478
181,1865,"U",3.33529126905637
181,1865,"V",0.0700292821900342
181,1866,"U",3.92009837738663
181,1866,"V",0.0823081564208849
181,1867,"U",4.60744506275794
181,1867,"V",0.0967399979331467
181,1868,"U",5.41531052617187
181,1868,"V",0.113702306153083
181,1869,"U",6.36482642623
181,1869,"V",0.133638770930838
181,1870,"U",7.48082962921245
181,1870,"V",0.157070878330786
181,1871,"U",8.79251187633177
181,1871,"V",0.184611551338683
181,1872,"U",10.334183362806
181,1872,"V",0.216981182312826
181,1873,"U",12.1461702048228
181,1873,"V",0.255026476605857
181,1874,"U",14.2758692636232
181,1874,"V",0.29974260012774
181,1875,"U",16.778987928519
181,1875,"V",0.352299210390065
181,1876,"U",19.7210012719028
181,1876,"V",0.414071051590895
181,1877,"U",23.1788647099814
181,1877,"V",0.486673914413224
181,1878,"U",27.2430269554255
181,1878,"V",0.572006900888139
181,1879,"U",32.019795921064
181,1879,"V",0.672302099977583
181,1880,"U",37.6341194576233
181,1880,"V",0.790182973200118
181,1881,"U",44.2328536651569
181,1881,"V",0.92873297757414
181,1882,"U",51.9886042649354
181,1882,"V",1.09157622079742
181,1883,"U",61.1042415187527
181,1883,"V",1.28297225853242
181,1884,"U",71.8182067856594
181,1884,"V",1.50792751326876
181,1885,"U",84.4107495270019
181,1885,"V",1.77232622929845
181,1886,"U",99.2112579055149
181,1886,"V",2.0830843892861
181,1887,"U",116.606874720759
181,1887,"V",2.44833061834155
181,1888,"U",137.052624059464
181,1888,"V",2.87761880774517
181,1889,"U",161.083313539973
181,1889,"V",3.38217801984894
181,1890,"U",189.327523489986
181,1890,"V",3.97520621117197
181,1891,"U",222.524048972871
181,1891,"V",4.67221545661258
181,1892,"U",261.541224743977
181,1892,"V",5.49143770496094
181,1893,"U",307.399638628845
181,1893,"V",6.45430167924867
181,1894,"U",361.298827448066
181,1894,"V",7.58599339644702
181,1895,"U",424.648653776554
181,1895,"V",8.9161149680789
181,1896,"U",499.106184285198
181,1896,"V",10.4794589145397
181,1897,"U",586.619034291756
181,1897,"V",12.3169182468688
181,1898,"U",689.476312312564
181,1898,"V",14.4765561215711
181,1899,"U",810.368497187245
181,1899,"V",17.0148630477767
181,1900,"U",952.457814004608
181,1900,"V",19.9982345319731
181,1901,"U",1119.46094968828
181,1901,"V",23.5047078118079
181,1902,"U",1315.74627185601
181,1902,"V",27.6260031071765
181,1903,"U",1546.44809395562
181,1903,"V",32.4699227826355
181,1904,"U",1817.60097554791
181,1904,"V",38.1631711768122
181,1905,"U",2136.29757068786
181,1905,"V",44.8546688583244
181,1906,"U",2510.87415330594
181,1906,"V",52.7194480004957
181,1907,"U",2951.12867244942
181,1907,"V",61.9632307677081
181,1908,"U",3468.5770411415
181,1908,"V",72.8278104720654
181,1909,"U",4076.75436271182
181,1909,"V",85.5973762575078
181,1910,"U",4791.56897389321
181,1910,"V",100.605946748607
181,1911,"U",5631.71856552644
181,1911,"V",118.246107108866
181,1912,"U",6619.17926551878
181,1912,"V",138.979278047456
181,1913,"U",7779.78047718268
181,1913,"V",163.347785384658
181,1914,"U",9143.88050924264
181,1914,"V",191.989045884701
181,1915,"U",10747.1606702168
181,1915,"V",225.652240420123
181,1916,"U",12631.5585986399
181,1916,"V",265.217910594769
181,1917,"U",14846.365242593
181,1917,"V",311.720991421539
181,1918,"U",17449.514182692
181,1918,"V",366.377882530322
181,1919,"U",20509.0970238582
181,1919,"V",430.618266018157
181,1920,"U",24105.144494581
181,1920,"V",506.122503213987
181,1921,"U",28331.7198425989
181,1921,"V",594.865588560032
181,1922,"U",33298.0361692989
181,1922,"V",699.140609669607
181,1923,"U",39124.2795013118
181,1923,"V",821.471046651435
181,1924,"U",45938.6772319528
181,1924,"V",964.549219781783
181,1925,"U",53874.9970827722
181,1925,"V",1131.18377657138
181,1926,"U",63069.6834802939
181,1926,"V",1324.23956583775
181,1927,"U",73659.1149671899
181,1927,"V",1546.58005307132
181,1928,"U",85777.6912297752
181,1928,"V",1801.0271548005
181,1929,"U",99557.6365736267
181,1929,"V",2090.357112277
181,1930,"U",115131.488391078
181,1930,"V",2417.35274046351
181,1931,"U",132638.189567075
181,1931,"V",2784.93134693925
181,1932,"U",152233.520504605
181,1932,"V",3196.36376741858
181,1933,"U",174105.329723375
181,1933,"V",3655.59415428108
181,1934,"U",198493.731031178
181,1934,"V",4167.66404550565
181,1935,"U",225716.229562232
181,1935,"V",4739.23992232204
181,1936,"U",256197.709419719
181,1936,"V",5379.24284330042
181,1937,"U",290505.4160723
181,1937,"V",6099.58295055177
181,1938,"U",329389.496175963
181,1938,"V",6916.01066214103
181,1939,"U",373830.25929134
181,1939,"V",7849.10900045426
181,1940,"U",425093.99972561
181,1940,"V",8925.46565280859
181,1941,"U",484799.835880657
181,1941,"V",10179.0763606004
181,1942,"U",555000.447403361
181,1942,"V",11653.0401129858
181,1943,"U",638279.658260643
181,1943,"V",13401.6080452066
181,1944,"U",737869.334698206
181,1944,"V",15492.6378809407
181,1945,"U",857786.79384907
181,1945,"V",18010.4790255204
181,1946,"U",1002991.53549573
181,1946,"V",21059.2633768138
181,1947,"U",1179556.24585757
181,1947,"V",24766.4957979958
181,1948,"U",1394841.32208473
181,1948,"V",29286.7185126616
181,1949,"U",1657654.43542176
181,1949,"V",34804.861365093
181,1950,"U",1667283.8205867
181,1950,"V",19527.047540407
181,1951,"U",2246822.80515495
181,1951,"V",24978.1098718859
181,1952,"U",2345355.82973603
181,1952,"V",31840.4005094229
181,1953,"U",2955145.80123787
181,1953,"V",82166.0144219209
181,1954,"U",2685752.54018096
181,1954,"V",97682.3682035693
181,1955,"U",2092365.94260249
181,1955,"V",70749.7365797077
181,1956,"U",2345134.00093552
181,1956,"V",74085.020344337
181,1957,"U",2895718.32281233
181,1957,"V",98274.6323130142
181,1958,"U",3134051.86727157
181,1958,"V",48618.4765614731
181,1959,"U",3277566.09241435
181,1959,"V",42414.2254806647
181,1960,"U",3589902.41920279
181,1960,"V",36380.4369654606
181,1961,"U",3971117.19666086
181,1961,"V",271795.492377455
181,1962,"U",4442090.25661498
181,1962,"V",420998.636740492
181,1963,"U",4342682.29044055
181,1963,"V",416056.727539367
181,1964,"U",6513495.37937768
181,1964,"V",403718.396315866
181,1965,"U",5725822.34123126
181,1965,"V",552271.023403721
181,1966,"U",6585112.72186778
181,1966,"V",554979.5636075
181,1967,"U",8140891.72005801
181,1967,"V",597995.468196765
181,1968,"U",7444889.52311593
181,1968,"V",865059.735962276
181,1969,"U",8956744.85698268
181,1969,"V",806680.581069282
181,1970,"U",8035784.90046945
181,1970,"V",518959.268735638
181,1971,"U",8032800.14573509
181,1971,"V",545741.04143917
181,1972,"U",8990348.73071458
181,1972,"V",719592.469257263
181,1973,"U",10622034.9424081
181,1973,"V",561717.5538472
181,1974,"U",13141636.7653929
181,1974,"V",699646.958867251
181,1975,"U",13159768.3293194
181,1975,"V",651076.170230714
181,1976,"U",12667089.9202379
181,1976,"V",862047.352301306
181,1977,"U",16958845.4983191
181,1977,"V",796044.02940778
181,1978,"U",14305177.9775721
181,1978,"V",813344.117885746
181,1979,"U",12979589.8472638
181,1979,"V",654324.136816242
181,1980,"U",20144827.3635994
181,1980,"V",957946.173931939
181,1981,"U",22951047.1581968
181,1981,"V",1751422.66503934
181,1982,"U",24839167.7838282
181,1982,"V",1360882.49794172
181,1983,"U",20247787.9533819
181,1983,"V",1212933.19657943
181,1984,"U",20253478.4430782
181,1984,"V",1188495.68451463
181,1985,"U",20172139.8186231
181,1985,"V",824000.116728357
181,1986,"U",26087411.2700919
181,1986,"V",1268144.21671283
181,1987,"U",28697456.1352268
181,1987,"V",1000216.36292791
181,1988,"U",37360244.1476115
181,1988,"V",1084575.09717412
181,1989,"U",31802282.3510203
181,1989,"V",1136546.29200611
181,1990,"U",31451134.7803105
181,1990,"V",738551.646581638
181,1991,"U",28337251.7000549
181,1991,"V",826547.192206146
181,1992,"U",31302702.6017706
181,1992,"V",1470888.22411719
181,1993,"U",28416279.7432874
181,1993,"V",1329522.09315938
181,1994,"U",29228433.7391313
181,1994,"V",1363384.65963385
181,1995,"U",24693232.3798887
181,1995,"V",1024051.29221397
181,1996,"U",27379242.7689816
181,1996,"V",984781.127250558
181,1997,"U",26388590.3906794
181,1997,"V",1317923.35868121
181,1998,"U",31420611.6131724
181,1998,"V",1114567.76244538
181,1999,"U",25141258.5172772
181,1999,"V",1127242.97515427
181,2000,"U",32906293.0812166
181,2000,"V",1213280.66274778
181,2001,"U",27330138.7673843
181,2001,"V",899641.832260513
181,2002,"U",33329733.3560793
181,2002,"V",844195.552393873
181,2003,"U",33168445.0846806
181,2003,"V",1022067.27026243
181,2004,"U",36429576.32543
181,2004,"V",869766.472605938
181,2005,"U",38511953.0260636
181,2005,"V",715699.293782263
181,2006,"U",35603152.5251484
181,2006,"V",733733.478602316
181,2007,"U",25876491.7125229
181,2007,"V",683560.398312068
181,2008,"U",28418491.340846
181,2008,"V",895286.34824788
181,2009,"U",27218726.6516116
181,2009,"V",613938.436518176
181,2010,"U",29194199.2878678
181,2010,"V",893816.940321559
181,2011,"U",28797027.8057978
181,2011,"V",924780.612681284
181,2012,"U",32389876.3184971
181,2012,"V",1010789.09540958
181,2013,"U",30160830.0999823
181,2013,"V",772841.882401905
181,2014,"U",32439136.5681743
181,2014,"V",1016371.34482499
181,2015,"U",35844700.505523
181,2015,"V",1008516.55139098
181,2016,"U",26440952.5437333
181,2016,"V",1110411.40519056
181,2017,"U",21224820.9982902
181,2017,"V",1372541.68365929
187,1841,"U",910446.496878191
187,1841,"V",19676.016268421
187,1842,"U",910446.496878191
187,1842,"V",19676.016268421
187,1843,"U",910446.496878191
187,1843,"V",19676.016268421
187,1844,"U",910446.496878191
187,1844,"V",19676.016268421
187,1845,"U",910446.496878191
187,1845,"V",19676.016268421
187,1846,"U",910446.496878191
187,1846,"V",19676.016268421
187,1847,"U",910446.496878191
187,1847,"V",19676.016268421
187,1848,"U",910446.496878191
187,1848,"V",19676.016268421
187,1849,"U",910446.496878191
187,1849,"V",19676.016268421
187,1850,"U",910446.496878191
187,1850,"V",19676.016268421
187,1851,"U",910446.496878191
187,1851,"V",19676.016268421
187,1852,"U",910446.496878191
187,1852,"V",19676.016268421
187,1853,"U",910446.496878191
187,1853,"V",19676.016268421
187,1854,"U",910446.496878191
187,1854,"V",19676.016268421
187,1855,"U",910446.496878191
187,1855,"V",19676.016268421
187,1856,"U",910446.496878191
187,1856,"V",19676.016268421
187,1857,"U",910446.496878191
187,1857,"V",19676.016268421
187,1858,"U",910446.496878191
187,1858,"V",19676.016268421
187,1859,"U",910446.496878191
187,1859,"V",19676.016268421
187,1860,"U",910446.496878191
187,1860,"V",19676.016268421
187,1861,"U",910446.496878191
187,1861,"V",19676.016268421
187,1862,"U",910446.496878191
187,1862,"V",19676.016268421
187,1863,"U",910446.496878191
187,1863,"V",19676.016268421
187,1864,"U",910446.496878191
187,1864,"V",19676.016268421
187,1865,"U",910446.496878191
187,1865,"V",19676.016268421
187,1866,"U",910446.496878191
187,1866,"V",19676.016268421
187,1867,"U",910446.496878191
187,1867,"V",19676.016268421
187,1868,"U",910446.496878191
187,1868,"V",19676.016268421
187,1869,"U",910446.496878191
187,1869,"V",19676.016268421
187,1870,"U",910446.496878191
187,1870,"V",19676.016268421
187,1871,"U",910446.496878191
187,1871,"V",19676.016268421
187,1872,"U",910446.496878191
187,1872,"V",19676.016268421
187,1873,"U",910446.496878191
187,1873,"V",19676.016268421
187,1874,"U",910446.496878191
187,1874,"V",19676.016268421
187,1875,"U",910446.496878191
187,1875,"V",19676.016268421
187,1876,"U",910446.496878191
187,1876,"V",19676.016268421
187,1877,"U",910446.496878191
187,1877,"V",19676.016268421
187,1878,"U",910446.496878191
187,1878,"V",19676.016268421
187,1879,"U",910446.496878191
187,1879,"V",19676.016268421
187,1880,"U",910446.496878191
187,1880,"V",19676.016268421
187,1881,"U",910446.496878191
187,1881,"V",19676.016268421
187,1882,"U",910446.496878191
187,1882,"V",19676.016268421
187,1883,"U",910446.496878191
187,1883,"V",19676.016268421
187,1884,"U",910446.496878191
187,1884,"V",19676.016268421
187,1885,"U",910446.496878191
187,1885,"V",19676.016268421
187,1886,"U",910446.496878191
187,1886,"V",19676.016268421
187,1887,"U",910446.496878191
187,1887,"V",19676.016268421
187,1888,"U",910446.496878191
187,1888,"V",19676.016268421
187,1889,"U",910446.496878191
187,1889,"V",19676.016268421
187,1890,"U",910446.496878191
187,1890,"V",19676.016268421
187,1891,"U",910446.496878191
187,1891,"V",19676.016268421
187,1892,"U",910446.496878191
187,1892,"V",19676.016268421
187,1893,"U",910446.496878191
187,1893,"V",19676.016268421
187,1894,"U",910446.496878191
187,1894,"V",19676.016268421
187,1895,"U",910446.496878191
187,1895,"V",19676.016268421
187,1896,"U",910446.496878191
187,1896,"V",19676.016268421
187,1897,"U",910446.496878191
187,1897,"V",19676.016268421
187,1898,"U",910446.496878191
187,1898,"V",19676.016268421
187,1899,"U",910446.496878191
187,1899,"V",19676.016268421
187,1900,"U",910446.496878191
187,1900,"V",19676.016268421
187,1901,"U",910446.496878191
187,1901,"V",19676.016268421
187,1902,"U",910446.496878191
187,1902,"V",19676.016268421
187,1903,"U",910446.496878191
187,1903,"V",19676.016268421
187,1904,"U",910446.496878191
187,1904,"V",19676.016268421
187,1905,"U",910446.496878191
187,1905,"V",19676.016268421
187,1906,"U",910446.496878191
187,1906,"V",19676.016268421
187,1907,"U",910446.496878191
187,1907,"V",19676.016268421
187,1908,"U",910446.496878191
187,1908,"V",19676.016268421
187,1909,"U",910446.496878191
187,1909,"V",19676.016268421
187,1910,"U",910446.496878191
187,1910,"V",19676.016268421
187,1911,"U",910446.496878191
187,1911,"V",19676.016268421
187,1912,"U",910446.496878191
187,1912,"V",19676.016268421
187,1913,"U",910446.496878191
187,1913,"V",19676.016268421
187,1914,"U",910446.496878191
187,1914,"V",19676.016268421
187,1915,"U",910446.496878191
187,1915,"V",19676.016268421
187,1916,"U",910446.496878191
187,1916,"V",19676.016268421
187,1917,"U",910446.496878191
187,1917,"V",19676.016268421
187,1918,"U",910446.496878191
187,1918,"V",19676.016268421
187,1919,"U",910446.496878191
187,1919,"V",19676.016268421
187,1920,"U",910446.496878191
187,1920,"V",19676.016268421
187,1921,"U",910446.496878191
187,1921,"V",19676.016268421
187,1922,"U",910446.496878191
187,1922,"V",19676.016268421
187,1923,"U",910446.496878191
187,1923,"V",19676.016268421
187,1924,"U",910446.496878191
187,1924,"V",19676.016268421
187,1925,"U",910446.496878191
187,1925,"V",19676.016268421
187,1926,"U",910446.496878191
187,1926,"V",19676.016268421
187,1927,"U",910446.496878191
187,1927,"V",19676.016268421
187,1928,"U",910446.496878191
187,1928,"V",19676.016268421
187,1929,"U",910446.496878191
187,1929,"V",19676.016268421
187,1930,"U",910446.496878191
187,1930,"V",19676.016268421
187,1931,"U",910446.496878191
187,1931,"V",19676.016268421
187,1932,"U",910446.496878191
187,1932,"V",19676.016268421
187,1933,"U",910446.496878191
187,1933,"V",19676.016268421
187,1934,"U",910446.496878191
187,1934,"V",19676.016268421
187,1935,"U",910446.496878191
187,1935,"V",19676.016268421
187,1936,"U",910446.496878191
187,1936,"V",19676.016268421
187,1937,"U",910446.496878191
187,1937,"V",19676.016268421
187,1938,"U",910446.496878191
187,1938,"V",19676.016268421
187,1939,"U",910446.496878191
187,1939,"V",19676.016268421
187,1940,"U",910446.496878191
187,1940,"V",19676.016268421
187,1941,"U",910446.496878191
187,1941,"V",19676.016268421
187,1942,"U",910446.496878191
187,1942,"V",19676.016268421
187,1943,"U",910446.496878191
187,1943,"V",19676.016268421
187,1944,"U",910446.496878191
187,1944,"V",19676.016268421
187,1945,"U",910446.496878191
187,1945,"V",19676.016268421
187,1946,"U",910446.496878191
187,1946,"V",19676.016268421
187,1947,"U",910446.496878191
187,1947,"V",19676.016268421
187,1948,"U",910446.496878191
187,1948,"V",19676.016268421
187,1949,"U",910446.496878191
187,1949,"V",19676.016268421
187,1950,"U",424271.388377839
187,1950,"V",92191.4133539069
187,1951,"U",606458.62493195
187,1951,"V",89449.4583410636
187,1952,"U",732707.63006451
187,1952,"V",123650.199429292
187,1953,"U",887154.993438454
187,1953,"V",123458.65797307
187,1954,"U",1094285.1953693
187,1954,"V",109438.619923528
187,1955,"U",1180349.41180716
187,1955,"V",117319.485869587
187,1956,"U",1117261.9952533
187,1956,"V",106297.89367591
187,1957,"U",3103806.2607902
187,1957,"V",13408.5605217707
187,1958,"U",4253811.73316568
187,1958,"V",24828.7506869475
187,1959,"U",4435022.50419669
187,1959,"V",50885.2227770444
187,1960,"U",6485046.19131153
187,1960,"V",73211.1913593635
187,1961,"U",8679005.52475422
187,1961,"V",481242.149585498
187,1962,"U",7997420.65688904
187,1962,"V",957471.91178996
187,1963,"U",9093395.00408615
187,1963,"V",1036995.02921914
187,1964,"U",11013475.9439101
187,1964,"V",989068.397298903
187,1965,"U",13094468.7669613
187,1965,"V",1101770.79177087
187,1966,"U",12517171.5667644
187,1966,"V",1632373.49360577
187,1967,"U",15043846.7143752
187,1967,"V",1721825.27868728
187,1968,"U",16188232.1915323
187,1968,"V",1233728.7842363
187,1969,"U",18751622.5846374
187,1969,"V",1219165.73753085
187,1970,"U",24910804.0731089
187,1970,"V",813832.23850491
187,1971,"U",22862697.8932537
187,1971,"V",864495.282272379
187,1972,"U",29308172.1965989
187,1972,"V",860257.16621145
187,1973,"U",36453308.6562104
187,1973,"V",722312.208433617
187,1974,"U",33655881.4893995
187,1974,"V",654528.743388293
187,1975,"U",40399689.7700375
187,1975,"V",503817.205371966
187,1976,"U",45161977.6878519
187,1976,"V",536047.94167166
187,1977,"U",50872505.2268464
187,1977,"V",498569.537509051
187,1978,"U",83471964.5381493
187,1978,"V",385886.061216501
187,1979,"U",85753831.9907621
187,1979,"V",386502.263135397
187,1980,"U",61275108.646906
187,1980,"V",358974.52058686
187,1981,"U",48573756.8192536
187,1981,"V",301032.620525943
187,1982,"U",52279851.9106495
187,1982,"V",305228.342922093
187,1983,"U",37387155.5067325
187,1983,"V",498510.249279807
187,1984,"U",66641969.5769014
187,1984,"V",258986.518302673
187,1985,"U",35905631.865773
187,1985,"V",193796.646369063
187,1986,"U",45699156.7174435
187,1986,"V",165356.052346792
187,1987,"U",47323580.5228458
187,1987,"V",106796.633335289
187,1988,"U",54833488.1053689
187,1988,"V",82493.3384139472
187,1989,"U",59333083.617316
187,1989,"V",135140.154437617
187,1990,"U",73150317.7822926
187,1990,"V",110001.031442111
187,1991,"U",82879908.684795
187,1991,"V",426265.644328428
187,1992,"U",69584254.4109667
187,1992,"V",238929.149041315
187,1993,"U",57977238.287494
187,1993,"V",175335.397276911
187,1994,"U",54983985.989592
187,1994,"V",207208.433656579
187,1995,"U",57739380.6470112
187,1995,"V",254775.702704696
187,1996,"U",67366224.9914011
187,1996,"V",127907.349723963
187,1997,"U",73257638.2846767
187,1997,"V",265307.659688622
187,1998,"U",71791482.3046476
187,1998,"V",521103.869389115
187,1999,"U",117439465.842879
187,1999,"V",333414.596770675
187,2000,"U",97986854.179991
187,2000,"V",984291.434557039
187,2001,"U",98272697.1697957
187,2001,"V",405403.511279969
187,2002,"U",98967213.1780514
187,2002,"V",884234.809434095
187,2003,"U",124842755.638091
187,2003,"V",766848.701406878
187,2004,"U",179483375.904328
187,2004,"V",216585.298034559
187,2005,"U",138240609.841193
187,2005,"V",189044.216035208
187,2006,"U",154855976.750596
187,2006,"V",108814.027297033
187,2007,"U",136056118.443472
187,2007,"V",1382694.98072586
187,2008,"U",145541217.33326
187,2008,"V",1178046.5643496
187,2009,"U",142856324.06242
187,2009,"V",1488909.07051545
187,2010,"U",177278394.065132
187,2010,"V",2156868.33611666
187,2011,"U",168376267.415384
187,2011,"V",1446248.80067985
187,2012,"U",169348694.922136
187,2012,"V",1624063.90217212
187,2013,"U",184274526.09947
187,2013,"V",2087677.04830134
187,2014,"U",189792667.744799
187,2014,"V",2458354.11329737
187,2015,"U",192891042.859171
187,2015,"V",2465410.55172121
187,2016,"U",198897693.520448
187,2016,"V",709833.068730316
187,2017,"U",217806849.64401
187,2017,"V",363707.694693614
188,1841,"U",2.22044604812983e-16
188,1841,"V",1.12048840215155e-25
188,1842,"U",2.22044604812983e-16
188,1842,"V",1.12048840215155e-25
188,1843,"U",2.22044604812983e-16
188,1843,"V",1.12048840215155e-25
188,1844,"U",2.22044604812983e-16
188,1844,"V",1.12048840215155e-25
188,1845,"U",2.22044604812983e-16
188,1845,"V",1.12048840215155e-25
188,1846,"U",2.22044604812983e-16
188,1846,"V",1.12048840215155e-25
188,1847,"U",2.22044604812983e-16
188,1847,"V",1.12048840215155e-25
188,1848,"U",2.22044604812983e-16
188,1848,"V",1.12048840215155e-25
188,1849,"U",2.22044604812983e-16
188,1849,"V",1.12048840215155e-25
188,1850,"U",2.22044604812983e-16
188,1850,"V",1.12048840215155e-25
188,1851,"U",2.22044604812983e-16
188,1851,"V",1.12048840215155e-25
188,1852,"U",2.22044604812983e-16
188,1852,"V",1.12048840215155e-25
188,1853,"U",2.22044604812983e-16
188,1853,"V",1.12048840215155e-25
188,1854,"U",2.22044604812983e-16
188,1854,"V",1.12048840215155e-25
188,1855,"U",2.22044604812983e-16
188,1855,"V",1.12048840215155e-25
188,1856,"U",2.22044604812983e-16
188,1856,"V",1.12048840215155e-25
188,1857,"U",2.22044604812983e-16
188,1857,"V",1.12048840215155e-25
188,1858,"U",2.22044604812983e-16
188,1858,"V",1.12048840215155e-25
188,1859,"U",2.22044604812983e-16
188,1859,"V",1.12048840215155e-25
188,1860,"U",2.22044604812983e-16
188,1860,"V",1.12048840215155e-25
188,1861,"U",2.22044604812983e-16
188,1861,"V",1.12048840215155e-25
188,1862,"U",2.22044604812983e-16
188,1862,"V",1.12048840215155e-25
188,1863,"U",2.22044604812983e-16
188,1863,"V",1.12048840215155e-25
188,1864,"U",2.22044604812983e-16
188,1864,"V",1.12048840215155e-25
188,1865,"U",2.22044604812983e-16
188,1865,"V",1.12048840215155e-25
188,1866,"U",2.22044604812983e-16
188,1866,"V",1.12048840215155e-25
188,1867,"U",2.22044604812983e-16
188,1867,"V",1.12048840215155e-25
188,1868,"U",2.22044604812983e-16
188,1868,"V",1.12048840215155e-25
188,1869,"U",2.22044604812983e-16
188,1869,"V",1.12048840215155e-25
188,1870,"U",2.22044604812983e-16
188,1870,"V",1.12048840215155e-25
188,1871,"U",2.22044604812983e-16
188,1871,"V",1.12048840215155e-25
188,1872,"U",2.22044604812983e-16
188,1872,"V",1.12048840215155e-25
188,1873,"U",2.22044604812983e-16
188,1873,"V",1.12048840215155e-25
188,1874,"U",2.22044604812983e-16
188,1874,"V",1.12048840215155e-25
188,1875,"U",2.22044604812983e-16
188,1875,"V",1.12048840215155e-25
188,1876,"U",2.22044604812983e-16
188,1876,"V",1.12048840215155e-25
188,1877,"U",2.22044604812983e-16
188,1877,"V",1.12048840215155e-25
188,1878,"U",2.22044604812983e-16
188,1878,"V",1.12048840215155e-25
188,1879,"U",2.22044604812983e-16
188,1879,"V",1.12048840215155e-25
188,1880,"U",2.22044604812983e-16
188,1880,"V",1.12048840215155e-25
188,1881,"U",2.22044604812983e-16
188,1881,"V",1.12048840215155e-25
188,1882,"U",2.22044604812983e-16
188,1882,"V",1.12048840215155e-25
188,1883,"U",2.22044604812983e-16
188,1883,"V",1.12048840215155e-25
188,1884,"U",2.22044604812983e-16
188,1884,"V",1.12048840215155e-25
188,1885,"U",2.22044604812983e-16
188,1885,"V",1.12048840215155e-25
188,1886,"U",2.22044604812983e-16
188,1886,"V",1.12048840215155e-25
188,1887,"U",2.22044604812983e-16
188,1887,"V",1.12048840215155e-25
188,1888,"U",2.22044604812983e-16
188,1888,"V",1.12048840215155e-25
188,1889,"U",2.22044604812983e-16
188,1889,"V",1.12048840215155e-25
188,1890,"U",2.22044604812983e-16
188,1890,"V",1.12048840215155e-25
188,1891,"U",2.22044604812983e-16
188,1891,"V",1.12048840215155e-25
188,1892,"U",2.22044604812983e-16
188,1892,"V",1.12048840215155e-25
188,1893,"U",2.22044604812983e-16
188,1893,"V",1.12048840215155e-25
188,1894,"U",2.22044604812983e-16
188,1894,"V",1.12048840215155e-25
188,1895,"U",2.22044604812983e-16
188,1895,"V",1.12048840215155e-25
188,1896,"U",2.22044604812983e-16
188,1896,"V",1.12048840215155e-25
188,1897,"U",2.22044604812983e-16
188,1897,"V",1.12048840215155e-25
188,1898,"U",2.22044604812983e-16
188,1898,"V",1.12048840215155e-25
188,1899,"U",2.22044604812983e-16
188,1899,"V",1.12048840215155e-25
188,1900,"U",2.22044604812983e-16
188,1900,"V",1.12048840215155e-25
188,1901,"U",2.22044604812983e-16
188,1901,"V",1.12048840215155e-25
188,1902,"U",2.22044604812983e-16
188,1902,"V",1.12048840215155e-25
188,1903,"U",2.22044604812983e-16
188,1903,"V",1.12048840215155e-25
188,1904,"U",2.22044604812983e-16
188,1904,"V",1.12048840215155e-25
188,1905,"U",2.22044604812983e-16
188,1905,"V",1.12048840215155e-25
188,1906,"U",2.22044604812983e-16
188,1906,"V",1.12048840215155e-25
188,1907,"U",2.22044604812983e-16
188,1907,"V",1.12048840215155e-25
188,1908,"U",2.22044604812983e-16
188,1908,"V",1.12048840215155e-25
188,1909,"U",2.22044604812983e-16
188,1909,"V",1.12048840215155e-25
188,1910,"U",2.22044604812983e-16
188,1910,"V",1.12048840215155e-25
188,1911,"U",2.22044604812983e-16
188,1911,"V",1.12048840215155e-25
188,1912,"U",2.22044604812983e-16
188,1912,"V",1.12048840215155e-25
188,1913,"U",2.22044604812983e-16
188,1913,"V",1.12048840215155e-25
188,1914,"U",2.22044604812983e-16
188,1914,"V",1.12048840215155e-25
188,1915,"U",2.22044604812983e-16
188,1915,"V",1.12048840215155e-25
188,1916,"U",2.22044604812983e-16
188,1916,"V",1.12048840215155e-25
188,1917,"U",2.22044604812983e-16
188,1917,"V",1.12048840215155e-25
188,1918,"U",2.22044604812983e-16
188,1918,"V",1.12048840215155e-25
188,1919,"U",2.22044604812983e-16
188,1919,"V",1.12048840215155e-25
188,1920,"U",2.22044604812983e-16
188,1920,"V",1.12048840215155e-25
188,1921,"U",2.22044604812983e-16
188,1921,"V",1.12048840215155e-25
188,1922,"U",2.22044604812983e-16
188,1922,"V",1.12048840215155e-25
188,1923,"U",2.22044604812983e-16
188,1923,"V",1.12048840215155e-25
188,1924,"U",2.22044604812983e-16
188,1924,"V",1.12048840215155e-25
188,1925,"U",2.22044604812983e-16
188,1925,"V",1.12048840215155e-25
188,1926,"U",2.22044604812983e-16
188,1926,"V",1.12048840215155e-25
188,1927,"U",2.22044604812983e-16
188,1927,"V",1.12048840215155e-25
188,1928,"U",2.22044604812983e-16
188,1928,"V",1.12048840215155e-25
188,1929,"U",2.22044604812983e-16
188,1929,"V",1.12048840215155e-25
188,1930,"U",2.22044604812983e-16
188,1930,"V",1.12048840215155e-25
188,1931,"U",2.22044604812983e-16
188,1931,"V",1.12048840215155e-25
188,1932,"U",2.22044604812983e-16
188,1932,"V",1.12048840215155e-25
188,1933,"U",2.22044604812983e-16
188,1933,"V",1.12048840215155e-25
188,1934,"U",2.22044604812983e-16
188,1934,"V",1.12048840215155e-25
188,1935,"U",2.22044604812983e-16
188,1935,"V",1.12048840215155e-25
188,1936,"U",2.22044604812983e-16
188,1936,"V",1.12048840215155e-25
188,1937,"U",2.22044604812983e-16
188,1937,"V",1.12048840215155e-25
188,1938,"U",2.22044604812983e-16
188,1938,"V",1.12048840215155e-25
188,1939,"U",2.22044604812983e-16
188,1939,"V",1.12048840215155e-25
188,1940,"U",2.22044604812983e-16
188,1940,"V",1.12048840215155e-25
188,1941,"U",2.22044604812983e-16
188,1941,"V",1.12048840215155e-25
188,1942,"U",2.22044604812983e-16
188,1942,"V",1.12048840215155e-25
188,1943,"U",2.22044604812983e-16
188,1943,"V",1.12048840215155e-25
188,1944,"U",2.22044604812983e-16
188,1944,"V",1.12048840215155e-25
188,1945,"U",2.22044604812983e-16
188,1945,"V",1.12048840215155e-25
188,1946,"U",2.22044604812983e-16
188,1946,"V",1.12048840215155e-25
188,1947,"U",2.22044604812983e-16
188,1947,"V",1.12048840215155e-25
188,1948,"U",2.22044604812983e-16
188,1948,"V",1.12048840215155e-25
188,1949,"U",2.22044604812983e-16
188,1949,"V",1.12048840215155e-25
188,1950,"U",2.22044604812983e-16
188,1950,"V",1.12048840215155e-25
188,1951,"U",2.22044604812983e-16
188,1951,"V",1.12048840215155e-25
188,1952,"U",2.22044604812983e-16
188,1952,"V",1.12048840215155e-25
188,1953,"U",2.22044604812983e-16
188,1953,"V",1.12048840215155e-25
188,1954,"U",2.22044604812983e-16
188,1954,"V",1.12048840215155e-25
188,1955,"U",2.22044604812983e-16
188,1955,"V",1.12048840215155e-25
188,1956,"U",2.22044604812983e-16
188,1956,"V",1.12048840215155e-25
188,1957,"U",2.22044604812983e-16
188,1957,"V",1.12048840215155e-25
188,1958,"U",2.22044604812983e-16
188,1958,"V",1.12048840215155e-25
188,1959,"U",2.22044604812983e-16
188,1959,"V",1.12048840215155e-25
188,1960,"U",2.22044604812983e-16
188,1960,"V",1.12048840215155e-25
188,1961,"U",2.22044604812983e-16
188,1961,"V",1.12048840215155e-25
188,1962,"U",2.22044604812983e-16
188,1962,"V",1.12048840215155e-25
188,1963,"U",2.22044604812983e-16
188,1963,"V",1.12048840215155e-25
188,1964,"U",2.22044604812983e-16
188,1964,"V",1.12048840215155e-25
188,1965,"U",2.22044604812983e-16
188,1965,"V",1.12048840215155e-25
188,1966,"U",2.22044604812983e-16
188,1966,"V",1.12048840215155e-25
188,1967,"U",2.22044604812983e-16
188,1967,"V",1.12048840215155e-25
188,1968,"U",2.22044604812983e-16
188,1968,"V",1.12048840215155e-25
188,1969,"U",2.22044604812983e-16
188,1969,"V",1.12048840215155e-25
188,1970,"U",2.22044604812983e-16
188,1970,"V",1.12048840215155e-25
188,1971,"U",2.22044604812983e-16
188,1971,"V",1.12048840215155e-25
188,1972,"U",2.22044604812983e-16
188,1972,"V",1.12048840215155e-25
188,1973,"U",2.22044604812983e-16
188,1973,"V",1.12048840215155e-25
188,1974,"U",9.77507858366166
188,1975,"U",17.1045868144463
188,1976,"U",5294.98143415858
188,1977,"U",8955.68616793126
188,1978,"U",44505.8703839346
188,1978,"V",1.26542388243038e-05
188,1979,"U",22440.2260749254
188,1980,"U",38856.808495004
188,1981,"U",34454.8769727933
188,1982,"U",20264.7577394454
188,1983,"U",26442.3372118165
188,1984,"U",14188.9977878686
188,1985,"U",13097.9927440192
188,1986,"U",19586.4231184567
188,1987,"U",18407.813450835
188,1988,"U",447.419704845949
188,1989,"U",542.864926998394
188,1990,"U",2351.75020861133
188,1991,"U",12162.6430324651
188,1992,"U",488.184295506999
188,1993,"U",466.016037847099
188,1994,"U",316.28574483029
188,1995,"U",553.028357380629
188,1996,"U",162.136404757712
188,1997,"U",594.033105668474
188,1998,"U",382.725344277087
188,1999,"U",1627.10814324813
188,2000,"U",2395.16947375278
188,2001,"U",1492.86261959644
188,2002,"U",4323.28332777679
188,2003,"U",10258.8844949389
188,2004,"U",5640.28215114189
188,2004,"V",0.00631188630740449
188,2005,"U",2979.50019690632
188,2005,"V",0.284218830844159
188,2006,"U",7596.60360005462
188,2006,"V",1.46742062867878
188,2007,"U",45479.7103501031
188,2007,"V",1.66779172954611
188,2008,"U",59390.3857016764
188,2008,"V",0.752158277434475
188,2009,"U",6303.27832791412
188,2009,"V",0.0701280861385244
188,2010,"U",8525.57842356517
188,2010,"V",0.0779525025487978
188,2011,"U",7489.9317569313
188,2011,"V",0.000347351239770192
188,2012,"U",7075.77769443172
188,2012,"V",0.00101808854716591
188,2013,"U",18081.7548616716
188,2013,"V",0.223194051021286
188,2014,"U",28017.0457402813
188,2014,"V",0.000903130554295634
188,2015,"U",133224.017253764
188,2016,"U",69377.3033010551
188,2016,"V",1.41692622775251
188,2017,"U",102633.655058253
188,2017,"V",1.81217441292057
