"region","year","min_fished_U","min_fished_V","max_fished_U","max_fished_V"
1,1950,1.69134676413482,1.12763625255165,4.48410400670492,2.80102999566398
1,1951,1.69134676413482,1.12763625255165,4.48410400670492,2.80102999566398
1,1952,1.69134676413482,1.12763625255165,4.48410400670492,2.80102999566398
1,1953,1.69134676413482,1.12763625255165,4.48410400670492,2.80102999566398
1,1954,1.69134676413482,1.12763625255165,4.48410400670492,2.80102999566398
1,1955,1.69134676413482,1.12763625255165,4.48410400670492,2.80102999566398
1,1956,1.69134676413482,1.12763625255165,4.48410400670492,2.80102999566398
1,1957,1.69134676413482,1.12763625255165,4.48410400670492,2.80102999566398
1,1958,1.69134676413482,1.12763625255165,4.48410400670492,2.80102999566398
1,1959,1.69134676413482,1.12763625255165,4.48410400670492,2.80102999566398
1,1960,1.69134676413482,1.12763625255165,4.48410400670492,2.80102999566398
1,1961,1.69134676413482,1.12763625255165,4.48410400670492,2.80102999566398
1,1962,1.69134676413482,1.12763625255165,4.48410400670492,2.80102999566398
1,1963,1.69134676413482,1.12763625255165,4.48410400670492,2.80102999566398
1,1964,1.69134676413482,1.12763625255165,4.48410400670492,2.80102999566398
1,1965,1.69134676413482,1.12763625255165,4.48410400670492,2.80102999566398
1,1966,1.69134676413482,1.12763625255165,4.48410400670492,2.80102999566398
1,1967,1.69134676413482,1.12763625255165,4.48410400670492,2.80102999566398
1,1968,1.69134676413482,1.12763625255165,4.48410400670492,2.80102999566398
1,1969,1.69134676413482,1.12763625255165,4.48410400670492,2.80102999566398
1,1970,1.69134676413482,1.12763625255165,4.48410400670492,2.80102999566398
1,1971,1.69134676413482,1.12763625255165,4.48410400670492,2.80102999566398
1,1972,1.69134676413482,1.12763625255165,4.48410400670492,2.80102999566398
1,1973,1.69134676413482,1.12763625255165,4.48410400670492,2.80102999566398
1,1974,1.69134676413482,1.12763625255165,4.48410400670492,2.80102999566398
1,1975,1.69134676413482,1.12763625255165,4.48410400670492,2.80102999566398
1,1976,1.69134676413482,1.12763625255165,4.48410400670492,2.80102999566398
1,1977,1.69134676413482,1.12763625255165,4.48410400670492,2.80102999566398
1,1978,1.69134676413482,1.12763625255165,4.48410400670492,2.80102999566398
1,1979,1.69134676413482,1.12763625255165,4.48410400670492,2.80102999566398
1,1980,1.69134676413482,1.12763625255165,4.48410400670492,2.80102999566398
1,1981,1.69134676413482,1.12763625255165,4.48410400670492,2.80102999566398
1,1982,1.69134676413482,1.12763625255165,4.48410400670492,2.80102999566398
1,1983,1.69134676413482,1.12763625255165,4.48410400670492,2.80102999566398
1,1984,1.69134676413482,1.12763625255165,4.48410400670492,2.80102999566398
1,1985,1.69134676413482,1.12763625255165,4.48410400670492,2.80102999566398
1,1986,1.69134676413482,1.12763625255165,4.48410400670492,2.80102999566398
1,1987,1.69134676413482,1.12763625255165,4.48410400670492,2.80102999566398
1,1988,1.69134676413482,1.12763625255165,4.48410400670492,2.80102999566398
1,1989,1.69134676413482,1.12763625255165,4.48410400670492,2.80102999566398
1,1990,1.69134676413482,1.12763625255165,4.48410400670492,2.80102999566398
1,1991,1.69134676413482,1.12763625255165,4.48410400670492,2.80102999566398
1,1992,1.69134676413482,1.12763625255165,4.48410400670492,2.80102999566398
1,1993,1.69134676413482,1.12763625255165,4.48410400670492,2.80102999566398
1,1994,1.69134676413482,1.12763625255165,4.48410400670492,2.80102999566398
1,1995,3.01629357380715,1.12763625255165,4.48410400670492,2.80102999566398
1,1996,3.01629357380715,1.12763625255165,4.48410400670492,2.80102999566398
1,1997,3.01629357380715,1.12763625255165,4.48410400670492,2.80102999566398
1,1998,1.69134676413482,1.12763625255165,4.48410400670492,2.80102999566398
1,1999,1.69134676413482,1.12763625255165,4.48410400670492,2.80102999566398
1,2000,1.69134676413482,1.12763625255165,4.48410400670492,2.80102999566398
1,2001,1.69134676413482,1.12763625255165,4.48410400670492,2.80102999566398
1,2002,1.69134676413482,1.12763625255165,4.48410400670492,2.80102999566398
1,2003,3.01629357380715,1.12763625255165,4.48410400670492,2.80102999566398
1,2004,1.69134676413482,1.12763625255165,4.48410400670492,2.80102999566398
1,2005,1.69134676413482,1.12763625255165,4.48410400670492,2.80102999566398
1,2006,1.69134676413482,1.12763625255165,4.48410400670492,2.80102999566398
1,2007,1.69134676413482,1.12763625255165,4.48410400670492,2.80102999566398
1,2008,1.69134676413482,1.12763625255165,4.48410400670492,2.80102999566398
1,2009,1.69134676413482,1.12763625255165,4.48410400670492,2.80102999566398
1,2010,1.69134676413482,1.12763625255165,4.48410400670492,2.80102999566398
1,2011,3.01629357380715,1.12763625255165,4.48410400670492,2.80102999566398
1,2012,3.01629357380715,1.12763625255165,4.48410400670492,2.80102999566398
1,2013,3.01629357380715,1.12763625255165,4.48410400670492,2.80102999566398
1,2014,1.69134676413482,1.12763625255165,4.48410400670492,2.80102999566398
1,2015,1.69134676413482,1.12763625255165,4.48410400670492,2.80102999566398
1,2016,1.69134676413482,1.12763625255165,4.48410400670492,2.80102999566398
1,2017,3.01629357380715,1.12763625255165,4.48410400670492,2.80102999566398
2,1880,-0.193820026016113,NA,2.43136376415899,NA
2,1889,-0.193820026016113,NA,2.43136376415899,NA
2,1890,-0.193820026016113,NA,2.43136376415899,NA
2,1891,-0.193820026016113,NA,2.43136376415899,NA
2,1892,-0.193820026016113,NA,2.43136376415899,NA
2,1905,-0.193820026016113,NA,2.43136376415899,NA
2,1906,-0.193820026016113,NA,2.43136376415899,NA
2,1907,-0.193820026016113,NA,2.43136376415899,NA
2,1908,-0.193820026016113,NA,2.43136376415899,NA
2,1911,3.33445375115093,NA,4.48410400670492,NA
2,1912,3.33445375115093,NA,4.48410400670492,NA
2,1913,3.33445375115093,NA,4.48410400670492,NA
2,1914,3.33445375115093,NA,4.48410400670492,NA
2,1915,3.33445375115093,NA,4.48410400670492,NA
2,1916,3.33445375115093,NA,4.48410400670492,NA
2,1917,1.69134676413482,NA,4.48410400670492,NA
2,1918,3.33445375115093,NA,4.48410400670492,NA
2,1919,3.33445375115093,NA,4.48410400670492,NA
2,1920,3.33445375115093,NA,4.48410400670492,NA
2,1921,1.69134676413482,NA,4.48410400670492,NA
2,1922,1.69134676413482,NA,4.48410400670492,NA
2,1923,1.69134676413482,NA,4.48410400670492,NA
2,1924,1.69134676413482,NA,4.48410400670492,NA
2,1925,1.69134676413482,NA,4.48410400670492,NA
2,1926,1.69134676413482,NA,4.48410400670492,NA
2,1927,1.69134676413482,NA,4.48410400670492,NA
2,1928,1.69134676413482,NA,4.48410400670492,NA
2,1929,1.69134676413482,NA,4.48410400670492,NA
2,1930,1.69134676413482,NA,4.48410400670492,NA
2,1931,1.69134676413482,NA,4.48410400670492,NA
2,1932,1.69134676413482,NA,4.48410400670492,NA
2,1933,1.69134676413482,NA,4.48410400670492,NA
2,1934,1.69134676413482,NA,4.48410400670492,NA
2,1935,1.69134676413482,NA,4.48410400670492,NA
2,1936,1.69134676413482,NA,4.48410400670492,NA
2,1937,1.69134676413482,NA,4.48410400670492,NA
2,1938,1.69134676413482,NA,4.48410400670492,NA
2,1939,1.69134676413482,NA,4.48410400670492,NA
2,1940,1.69134676413482,NA,4.48410400670492,NA
2,1941,1.69134676413482,NA,4.48410400670492,NA
2,1942,1.69134676413482,NA,4.48410400670492,NA
2,1943,1.69134676413482,NA,4.48410400670492,NA
2,1944,1.69134676413482,NA,4.48410400670492,NA
2,1945,1.69134676413482,NA,4.48410400670492,NA
2,1946,1.69134676413482,NA,4.48410400670492,NA
2,1947,1.69134676413482,NA,4.48410400670492,NA
2,1948,1.69134676413482,NA,4.48410400670492,NA
2,1949,1.69134676413482,NA,4.48410400670492,NA
2,1950,3.01629357380715,1.12763625255165,4.48410400670492,2.80102999566398
2,1951,3.01629357380715,1.12763625255165,4.48410400670492,2.80102999566398
2,1952,3.01629357380715,1.12763625255165,4.48410400670492,2.80102999566398
2,1953,3.01629357380715,1.12763625255165,4.48410400670492,2.80102999566398
2,1954,3.01629357380715,1.12763625255165,4.48410400670492,2.80102999566398
2,1955,1.69134676413482,1.12763625255165,4.48410400670492,2.80102999566398
2,1956,3.01629357380715,1.12763625255165,4.48410400670492,2.80102999566398
2,1957,3.01629357380715,1.12763625255165,4.48410400670492,2.80102999566398
2,1958,3.01629357380715,1.12763625255165,4.48410400670492,2.80102999566398
2,1959,1.69134676413482,1.12763625255165,4.48410400670492,2.80102999566398
2,1960,1.69134676413482,1.12763625255165,4.48410400670492,2.80102999566398
2,1961,3.01629357380715,1.12763625255165,4.48410400670492,2.80102999566398
2,1962,3.01629357380715,1.12763625255165,4.48410400670492,2.80102999566398
2,1963,1.69134676413482,1.12763625255165,4.48410400670492,2.80102999566398
2,1964,3.01629357380715,1.12763625255165,4.48410400670492,2.80102999566398
2,1965,1.69134676413482,1.12763625255165,4.48410400670492,2.80102999566398
2,1966,1.69134676413482,1.12763625255165,4.48410400670492,2.80102999566398
2,1967,1.69134676413482,1.12763625255165,4.48410400670492,2.80102999566398
2,1968,1.69134676413482,1.12763625255165,4.48410400670492,2.80102999566398
2,1969,1.69134676413482,1.12763625255165,4.48410400670492,2.80102999566398
2,1970,1.69134676413482,1.12763625255165,4.48410400670492,2.80102999566398
2,1971,1.69134676413482,1.12763625255165,4.48410400670492,2.80102999566398
2,1972,1.69134676413482,1.12763625255165,4.48410400670492,2.80102999566398
2,1973,1.69134676413482,1.12763625255165,4.48410400670492,2.80102999566398
2,1974,1.69134676413482,1.12763625255165,4.48410400670492,2.80102999566398
2,1975,1.69134676413482,1.12763625255165,4.48410400670492,2.80102999566398
2,1976,1.69134676413482,1.12763625255165,4.48410400670492,2.80102999566398
2,1977,1.69134676413482,1.12763625255165,4.48410400670492,2.80102999566398
2,1978,1.69134676413482,1.12763625255165,4.48410400670492,2.80102999566398
2,1979,1.69134676413482,1.12763625255165,4.48410400670492,2.80102999566398
2,1980,1.69134676413482,1.12763625255165,4.48410400670492,2.80102999566398
2,1981,1.69134676413482,1.12763625255165,4.48410400670492,2.80102999566398
2,1982,1.69134676413482,1.12763625255165,4.48410400670492,2.80102999566398
2,1983,1.69134676413482,1.12763625255165,4.48410400670492,2.80102999566398
2,1984,1.69134676413482,1.12763625255165,4.48410400670492,2.80102999566398
2,1985,1.69134676413482,1.12763625255165,4.48410400670492,2.80102999566398
2,1986,1.69134676413482,1.12763625255165,4.48410400670492,2.80102999566398
2,1987,1.69134676413482,1.12763625255165,4.48410400670492,2.80102999566398
2,1988,1.69134676413482,1.12763625255165,4.48410400670492,2.80102999566398
2,1989,1.69134676413482,1.12763625255165,4.48410400670492,2.80102999566398
2,1990,1.69134676413482,1.12763625255165,4.48410400670492,2.80102999566398
2,1991,1.69134676413482,1.12763625255165,4.48410400670492,2.80102999566398
2,1992,1.69134676413482,1.12763625255165,4.48410400670492,2.80102999566398
2,1993,1.69134676413482,1.12763625255165,4.48410400670492,2.80102999566398
2,1994,1.69134676413482,1.12763625255165,4.48410400670492,2.80102999566398
2,1995,3.01629357380715,1.12763625255165,4.48410400670492,2.80102999566398
2,1996,3.01629357380715,1.12763625255165,4.48410400670492,2.80102999566398
2,1997,2.53959062302381,1.12763625255165,4.48410400670492,2.80102999566398
2,1998,2.53959062302381,1.12763625255165,4.48410400670492,2.80102999566398
2,1999,1.69134676413482,1.12763625255165,4.48410400670492,2.80102999566398
2,2000,3.01629357380715,1.12763625255165,4.48410400670492,2.80102999566398
2,2001,3.01629357380715,1.12763625255165,4.48410400670492,2.80102999566398
2,2002,3.01629357380715,1.12763625255165,4.48410400670492,2.80102999566398
2,2003,3.01629357380715,1.12763625255165,4.48410400670492,2.80102999566398
2,2004,3.01629357380715,1.12763625255165,4.48410400670492,2.80102999566398
2,2005,3.01629357380715,1.12763625255165,4.48410400670492,2.80102999566398
2,2006,3.01629357380715,1.12763625255165,4.48410400670492,2.80102999566398
2,2007,3.01629357380715,1.12763625255165,4.48410400670492,2.80102999566398
2,2008,3.01629357380715,1.12763625255165,4.48410400670492,2.80102999566398
2,2009,3.01629357380715,1.12763625255165,4.48410400670492,2.80102999566398
2,2010,3.01629357380715,1.12763625255165,4.48410400670492,2.80102999566398
2,2011,3.01629357380715,1.12763625255165,4.48410400670492,2.80102999566398
2,2012,3.01629357380715,1.12763625255165,4.48410400670492,2.80102999566398
2,2013,3.01629357380715,1.12763625255165,4.48410400670492,2.80102999566398
2,2014,3.01629357380715,1.12763625255165,4.48410400670492,2.80102999566398
2,2015,3.01629357380715,1.12763625255165,4.48410400670492,2.80102999566398
2,2016,3.01629357380715,1.12763625255165,4.48410400670492,2.80102999566398
2,2017,3.01629357380715,1.12763625255165,4.48410400670492,2.80102999566398
3,1880,-0.193820026016113,NA,2.43136376415899,NA
3,1889,-0.193820026016113,NA,2.43136376415899,NA
3,1890,-0.193820026016113,NA,2.43136376415899,NA
3,1891,-0.193820026016113,NA,2.43136376415899,NA
3,1892,-0.193820026016113,NA,2.43136376415899,NA
3,1905,-0.193820026016113,NA,2.43136376415899,NA
3,1906,-0.193820026016113,NA,2.43136376415899,NA
3,1907,-0.193820026016113,NA,2.43136376415899,NA
3,1908,-0.193820026016113,NA,2.43136376415899,NA
3,1917,-0.193820026016113,NA,2.43136376415899,NA
3,1921,-0.193820026016113,NA,2.43136376415899,NA
3,1922,-0.193820026016113,NA,2.43136376415899,NA
3,1923,-0.193820026016113,NA,2.43136376415899,NA
3,1924,-0.193820026016113,NA,2.43136376415899,NA
3,1925,-0.193820026016113,NA,2.43136376415899,NA
3,1926,-0.193820026016113,NA,2.43136376415899,NA
3,1927,-0.193820026016113,NA,2.43136376415899,NA
3,1928,-0.193820026016113,NA,2.43136376415899,NA
3,1929,-0.193820026016113,NA,2.43136376415899,NA
3,1930,-0.193820026016113,NA,2.43136376415899,NA
3,1931,-0.193820026016113,NA,2.43136376415899,NA
3,1932,-0.193820026016113,NA,2.43136376415899,NA
3,1933,-0.193820026016113,NA,2.43136376415899,NA
3,1934,-0.193820026016113,NA,2.43136376415899,NA
3,1935,-0.193820026016113,NA,2.43136376415899,NA
3,1936,-0.193820026016113,NA,2.43136376415899,NA
3,1937,-0.193820026016113,NA,2.43136376415899,NA
3,1938,-0.193820026016113,NA,2.43136376415899,NA
3,1939,-0.193820026016113,NA,2.43136376415899,NA
3,1940,-0.193820026016113,NA,2.43136376415899,NA
3,1941,-0.193820026016113,NA,2.43136376415899,NA
3,1942,-0.193820026016113,NA,2.43136376415899,NA
3,1943,-0.193820026016113,NA,2.43136376415899,NA
3,1944,-0.193820026016113,NA,2.43136376415899,NA
3,1945,-0.193820026016113,NA,2.43136376415899,NA
3,1946,-0.193820026016113,NA,2.43136376415899,NA
3,1947,-0.193820026016113,NA,2.43136376415899,NA
3,1948,-0.193820026016113,NA,2.43136376415899,NA
3,1949,-0.193820026016113,NA,2.43136376415899,NA
3,1950,2.53959062302381,1.12763625255165,4.48410400670492,2.80102999566398
3,1951,1.69134676413482,1.12763625255165,4.48410400670492,2.80102999566398
3,1952,1.69134676413482,1.12763625255165,4.48410400670492,2.80102999566398
3,1953,1.69134676413482,1.12763625255165,4.48410400670492,2.80102999566398
3,1954,1.69134676413482,1.12763625255165,4.48410400670492,2.80102999566398
3,1955,1.69134676413482,1.12763625255165,4.48410400670492,2.80102999566398
3,1956,1.69134676413482,1.12763625255165,4.48410400670492,2.80102999566398
3,1957,1.69134676413482,1.12763625255165,4.48410400670492,2.80102999566398
3,1958,1.69134676413482,1.12763625255165,4.48410400670492,2.80102999566398
3,1959,1.69134676413482,1.12763625255165,4.48410400670492,2.80102999566398
3,1960,1.69134676413482,1.12763625255165,4.48410400670492,2.80102999566398
3,1961,1.69134676413482,1.12763625255165,4.48410400670492,2.80102999566398
3,1962,1.69134676413482,1.12763625255165,4.48410400670492,2.80102999566398
3,1963,1.69134676413482,1.12763625255165,4.48410400670492,2.80102999566398
3,1964,1.69134676413482,1.12763625255165,4.48410400670492,2.80102999566398
3,1965,1.69134676413482,1.12763625255165,4.48410400670492,2.80102999566398
3,1966,1.69134676413482,1.12763625255165,4.48410400670492,2.80102999566398
3,1967,1.69134676413482,1.12763625255165,4.48410400670492,2.80102999566398
3,1968,1.69134676413482,1.12763625255165,4.48410400670492,2.80102999566398
3,1969,1.69134676413482,1.12763625255165,4.48410400670492,2.80102999566398
3,1970,1.69134676413482,1.12763625255165,4.48410400670492,2.80102999566398
3,1971,1.69134676413482,1.12763625255165,4.48410400670492,2.80102999566398
3,1972,1.69134676413482,1.12763625255165,4.48410400670492,2.80102999566398
3,1973,1.69134676413482,1.12763625255165,4.48410400670492,2.80102999566398
3,1974,1.69134676413482,1.12763625255165,4.48410400670492,2.80102999566398
3,1975,1.69134676413482,1.12763625255165,4.48410400670492,2.80102999566398
3,1976,1.69134676413482,1.12763625255165,4.48410400670492,2.80102999566398
3,1977,1.69134676413482,1.12763625255165,4.48410400670492,2.80102999566398
3,1978,1.69134676413482,1.12763625255165,4.48410400670492,2.80102999566398
3,1979,1.69134676413482,1.12763625255165,4.48410400670492,2.80102999566398
3,1980,1.69134676413482,1.12763625255165,4.48410400670492,2.80102999566398
3,1981,1.69134676413482,1.12763625255165,4.48410400670492,2.80102999566398
3,1982,1.69134676413482,1.12763625255165,4.48410400670492,2.80102999566398
3,1983,1.69134676413482,1.12763625255165,4.48410400670492,2.80102999566398
3,1984,1.69134676413482,1.12763625255165,4.48410400670492,2.80102999566398
3,1985,1.69134676413482,1.12763625255165,4.48410400670492,2.80102999566398
3,1986,1.69134676413482,1.12763625255165,4.48410400670492,2.80102999566398
3,1987,1.69134676413482,1.12763625255165,4.48410400670492,2.80102999566398
3,1988,1.69134676413482,1.12763625255165,4.48410400670492,2.80102999566398
3,1989,1.69134676413482,1.12763625255165,4.48410400670492,2.80102999566398
3,1990,1.69134676413482,1.12763625255165,4.48410400670492,2.80102999566398
3,1991,1.69134676413482,1.12763625255165,4.48410400670492,2.80102999566398
3,1992,1.69134676413482,1.12763625255165,4.48410400670492,2.80102999566398
3,1993,1.69134676413482,1.12763625255165,4.48410400670492,2.80102999566398
3,1994,1.69134676413482,1.12763625255165,4.48410400670492,2.80102999566398
3,1995,1.69134676413482,1.12763625255165,4.48410400670492,2.80102999566398
3,1996,1.69134676413482,1.12763625255165,4.48410400670492,2.80102999566398
3,1997,1.69134676413482,1.12763625255165,4.48410400670492,2.80102999566398
3,1998,1.69134676413482,1.12763625255165,4.48410400670492,2.80102999566398
3,1999,1.69134676413482,1.12763625255165,4.48410400670492,2.80102999566398
3,2000,1.69134676413482,1.12763625255165,4.48410400670492,2.80102999566398
3,2001,1.69134676413482,1.12763625255165,4.48410400670492,2.80102999566398
3,2002,1.69134676413482,1.12763625255165,4.48410400670492,2.80102999566398
3,2003,1.69134676413482,1.12763625255165,4.48410400670492,2.80102999566398
3,2004,1.69134676413482,1.12763625255165,4.48410400670492,2.80102999566398
3,2005,1.69134676413482,1.12763625255165,4.48410400670492,2.80102999566398
3,2006,1.69134676413482,1.12763625255165,4.48410400670492,2.80102999566398
3,2007,1.69134676413482,1.12763625255165,4.48410400670492,2.80102999566398
3,2008,1.69134676413482,1.12763625255165,4.48410400670492,2.80102999566398
3,2009,1.69134676413482,1.12763625255165,4.48410400670492,2.80102999566398
3,2010,1.69134676413482,1.12763625255165,4.48410400670492,2.80102999566398
3,2011,1.69134676413482,1.12763625255165,4.48410400670492,2.80102999566398
3,2012,1.69134676413482,1.12763625255165,4.48410400670492,2.80102999566398
3,2013,1.69134676413482,1.12763625255165,4.48410400670492,2.80102999566398
3,2014,1.69134676413482,1.12763625255165,4.48410400670492,2.80102999566398
3,2015,1.69134676413482,1.12763625255165,4.48410400670492,2.80102999566398
3,2016,1.69134676413482,1.12763625255165,4.48410400670492,2.80102999566398
3,2017,1.69134676413482,1.12763625255165,4.48410400670492,2.80102999566398
4,1922,-0.193820026016113,NA,2.43136376415899,NA
4,1923,-0.193820026016113,NA,2.43136376415899,NA
4,1924,-0.193820026016113,NA,2.43136376415899,NA
4,1925,-0.193820026016113,NA,2.43136376415899,NA
4,1926,-0.193820026016113,NA,2.43136376415899,NA
4,1927,-0.193820026016113,NA,2.43136376415899,NA
4,1928,-0.193820026016113,NA,2.43136376415899,NA
4,1929,-0.193820026016113,NA,2.43136376415899,NA
4,1930,-0.193820026016113,NA,2.43136376415899,NA
4,1931,-0.193820026016113,NA,2.43136376415899,NA
4,1932,-0.193820026016113,NA,2.43136376415899,NA
4,1933,-0.193820026016113,NA,2.43136376415899,NA
4,1934,-0.193820026016113,NA,2.43136376415899,NA
4,1935,-0.193820026016113,NA,2.43136376415899,NA
4,1936,-0.193820026016113,NA,2.43136376415899,NA
4,1937,-0.193820026016113,NA,2.43136376415899,NA
4,1938,-0.193820026016113,NA,2.43136376415899,NA
4,1939,-0.193820026016113,NA,2.43136376415899,NA
4,1940,-0.193820026016113,NA,2.43136376415899,NA
4,1941,-0.193820026016113,NA,2.43136376415899,NA
4,1942,-0.193820026016113,NA,2.43136376415899,NA
4,1943,-0.193820026016113,NA,2.43136376415899,NA
4,1947,-0.193820026016113,NA,2.43136376415899,NA
4,1948,-0.193820026016113,NA,2.43136376415899,NA
4,1949,-0.193820026016113,NA,2.43136376415899,NA
4,1950,1.69134676413482,1.12763625255165,3.33445375115093,1.5
4,1951,1.69134676413482,1.12763625255165,3.33445375115093,1.5
4,1952,1.69134676413482,1.12763625255165,4.48410400670492,1.5
4,1953,1.69134676413482,1.12763625255165,4.48410400670492,1.5
4,1954,1.69134676413482,1.12763625255165,4.48410400670492,2.80102999566398
4,1955,1.69134676413482,1.12763625255165,4.48410400670492,2.80102999566398
4,1956,1.69134676413482,1.12763625255165,4.48410400670492,2.80102999566398
4,1957,1.69134676413482,1.12763625255165,4.48410400670492,2.80102999566398
4,1958,1.69134676413482,1.12763625255165,4.48410400670492,2.80102999566398
4,1959,1.69134676413482,1.12763625255165,4.48410400670492,2.80102999566398
4,1960,1.69134676413482,1.12763625255165,4.48410400670492,2.80102999566398
4,1961,1.69134676413482,1.12763625255165,4.48410400670492,2.80102999566398
4,1962,1.69134676413482,1.12763625255165,4.48410400670492,2.80102999566398
4,1963,1.69134676413482,1.12763625255165,4.48410400670492,2.80102999566398
4,1964,1.69134676413482,1.12763625255165,4.48410400670492,2.80102999566398
4,1965,1.69134676413482,1.12763625255165,4.48410400670492,2.80102999566398
4,1966,1.69134676413482,1.12763625255165,4.48410400670492,2.80102999566398
4,1967,1.69134676413482,1.12763625255165,4.48410400670492,2.80102999566398
4,1968,1.69134676413482,1.12763625255165,4.48410400670492,2.80102999566398
4,1969,1.69134676413482,1.12763625255165,4.48410400670492,2.80102999566398
4,1970,1.69134676413482,1.12763625255165,4.48410400670492,2.80102999566398
4,1971,1.69134676413482,1.12763625255165,4.48410400670492,2.80102999566398
4,1972,1.69134676413482,1.12763625255165,4.48410400670492,2.80102999566398
4,1973,1.69134676413482,1.12763625255165,4.48410400670492,2.80102999566398
4,1974,1.69134676413482,1.12763625255165,4.48410400670492,2.80102999566398
4,1975,1.69134676413482,1.12763625255165,4.48410400670492,2.80102999566398
4,1976,1.69134676413482,1.12763625255165,4.48410400670492,2.80102999566398
4,1977,1.69134676413482,1.12763625255165,4.48410400670492,2.80102999566398
4,1978,1.69134676413482,1.12763625255165,4.48410400670492,2.80102999566398
4,1979,1.69134676413482,1.12763625255165,4.48410400670492,2.80102999566398
4,1980,1.69134676413482,1.12763625255165,4.48410400670492,2.80102999566398
4,1981,1.69134676413482,1.12763625255165,4.48410400670492,2.80102999566398
4,1982,1.69134676413482,1.12763625255165,4.48410400670492,2.80102999566398
4,1983,1.69134676413482,1.12763625255165,4.48410400670492,2.80102999566398
4,1984,1.69134676413482,1.12763625255165,4.48410400670492,2.80102999566398
4,1985,1.69134676413482,1.12763625255165,4.48410400670492,2.80102999566398
4,1986,1.69134676413482,1.12763625255165,4.48410400670492,2.80102999566398
4,1987,1.69134676413482,1.12763625255165,4.48410400670492,2.80102999566398
4,1988,1.69134676413482,1.12763625255165,4.48410400670492,2.80102999566398
4,1989,1.69134676413482,1.12763625255165,4.48410400670492,2.80102999566398
4,1990,1.69134676413482,1.12763625255165,4.48410400670492,2.80102999566398
4,1991,1.69134676413482,1.12763625255165,4.48410400670492,2.80102999566398
4,1992,1.69134676413482,1.12763625255165,4.48410400670492,2.80102999566398
4,1993,1.69134676413482,1.12763625255165,4.48410400670492,2.80102999566398
4,1994,1.69134676413482,1.12763625255165,4.48410400670492,2.80102999566398
4,1995,1.69134676413482,1.12763625255165,4.48410400670492,2.80102999566398
4,1996,1.69134676413482,1.12763625255165,4.48410400670492,2.80102999566398
4,1997,1.69134676413482,1.12763625255165,4.48410400670492,2.80102999566398
4,1998,1.69134676413482,1.12763625255165,4.48410400670492,2.80102999566398
4,1999,1.69134676413482,1.12763625255165,4.48410400670492,2.80102999566398
4,2000,1.69134676413482,1.12763625255165,4.48410400670492,2.80102999566398
4,2001,1.69134676413482,1.12763625255165,4.48410400670492,2.80102999566398
4,2002,1.69134676413482,1.12763625255165,4.48410400670492,2.80102999566398
4,2003,1.69134676413482,1.12763625255165,4.48410400670492,2.80102999566398
4,2004,1.69134676413482,1.12763625255165,4.48410400670492,2.80102999566398
4,2005,1.69134676413482,1.12763625255165,4.48410400670492,2.80102999566398
4,2006,1.69134676413482,1.12763625255165,4.48410400670492,2.80102999566398
4,2007,1.69134676413482,1.12763625255165,4.48410400670492,2.80102999566398
4,2008,1.69134676413482,1.12763625255165,4.48410400670492,2.80102999566398
4,2009,1.69134676413482,1.12763625255165,4.48410400670492,2.80102999566398
4,2010,1.69134676413482,1.12763625255165,4.48410400670492,2.80102999566398
4,2011,1.69134676413482,1.12763625255165,4.48410400670492,2.80102999566398
4,2012,1.69134676413482,1.12763625255165,4.48410400670492,2.80102999566398
4,2013,1.69134676413482,1.12763625255165,4.48410400670492,2.80102999566398
4,2014,1.69134676413482,1.12763625255165,4.48410400670492,2.80102999566398
4,2015,1.69134676413482,1.12763625255165,4.48410400670492,2.80102999566398
4,2016,1.69134676413482,1.12763625255165,4.48410400670492,2.80102999566398
4,2017,1.69134676413482,1.12763625255165,4.48410400670492,2.80102999566398
5,1880,-0.193820026016113,NA,2.43136376415899,NA
5,1889,-0.193820026016113,NA,2.43136376415899,NA
5,1890,-0.193820026016113,NA,2.43136376415899,NA
5,1891,-0.193820026016113,NA,2.43136376415899,NA
5,1892,-0.193820026016113,NA,2.43136376415899,NA
5,1905,-0.193820026016113,NA,2.43136376415899,NA
5,1906,-0.193820026016113,NA,2.43136376415899,NA
5,1907,-0.193820026016113,NA,2.43136376415899,NA
5,1908,-0.193820026016113,NA,2.43136376415899,NA
5,1917,-0.193820026016113,NA,2.43136376415899,NA
5,1921,-0.193820026016113,NA,2.43136376415899,NA
5,1922,-0.193820026016113,NA,2.43136376415899,NA
5,1923,-0.193820026016113,NA,2.43136376415899,NA
5,1924,-0.193820026016113,NA,2.43136376415899,NA
5,1925,-0.193820026016113,NA,2.43136376415899,NA
5,1926,-0.193820026016113,NA,2.43136376415899,NA
5,1927,-0.193820026016113,NA,2.43136376415899,NA
5,1928,-0.193820026016113,NA,2.43136376415899,NA
5,1929,-0.193820026016113,NA,2.43136376415899,NA
5,1930,-0.193820026016113,NA,2.43136376415899,NA
5,1931,-0.193820026016113,NA,2.43136376415899,NA
5,1932,-0.193820026016113,NA,2.43136376415899,NA
5,1933,-0.193820026016113,NA,2.43136376415899,NA
5,1934,-0.193820026016113,NA,2.43136376415899,NA
5,1935,-0.193820026016113,NA,2.43136376415899,NA
5,1936,-0.193820026016113,NA,2.43136376415899,NA
5,1937,-0.193820026016113,NA,2.43136376415899,NA
5,1938,-0.193820026016113,NA,2.43136376415899,NA
5,1939,-0.193820026016113,NA,2.43136376415899,NA
5,1940,-0.193820026016113,NA,2.43136376415899,NA
5,1941,-0.193820026016113,NA,2.43136376415899,NA
5,1942,-0.193820026016113,NA,2.43136376415899,NA
5,1943,-0.193820026016113,NA,2.43136376415899,NA
5,1944,-0.193820026016113,NA,2.43136376415899,NA
5,1945,-0.193820026016113,NA,2.43136376415899,NA
5,1946,-0.193820026016113,NA,2.43136376415899,NA
5,1947,-0.193820026016113,NA,2.43136376415899,NA
5,1948,-0.193820026016113,NA,2.43136376415899,NA
5,1949,-0.193820026016113,NA,2.43136376415899,NA
5,1950,1.69134676413482,1.12763625255165,4.48410400670492,2.80102999566398
5,1951,1.69134676413482,1.12763625255165,4.48410400670492,2.80102999566398
5,1952,1.69134676413482,1.12763625255165,4.48410400670492,2.80102999566398
5,1953,1.69134676413482,1.12763625255165,4.48410400670492,2.80102999566398
5,1954,1.69134676413482,1.12763625255165,4.48410400670492,2.80102999566398
5,1955,1.69134676413482,1.12763625255165,4.48410400670492,2.80102999566398
5,1956,1.69134676413482,1.12763625255165,4.48410400670492,2.80102999566398
5,1957,1.69134676413482,1.12763625255165,4.48410400670492,2.80102999566398
5,1958,1.69134676413482,1.12763625255165,4.48410400670492,2.80102999566398
5,1959,1.69134676413482,1.12763625255165,4.48410400670492,2.80102999566398
5,1960,1.69134676413482,1.12763625255165,4.48410400670492,2.80102999566398
5,1961,1.69134676413482,1.12763625255165,4.48410400670492,2.80102999566398
5,1962,1.69134676413482,1.12763625255165,4.48410400670492,2.80102999566398
5,1963,1.69134676413482,1.12763625255165,4.48410400670492,2.80102999566398
5,1964,1.69134676413482,1.12763625255165,4.48410400670492,2.80102999566398
5,1965,1.69134676413482,1.12763625255165,4.48410400670492,2.80102999566398
5,1966,1.69134676413482,1.12763625255165,4.48410400670492,2.80102999566398
5,1967,1.69134676413482,1.12763625255165,4.48410400670492,2.80102999566398
5,1968,1.69134676413482,1.12763625255165,4.48410400670492,2.80102999566398
5,1969,1.69134676413482,1.12763625255165,4.48410400670492,2.80102999566398
5,1970,1.69134676413482,1.12763625255165,4.48410400670492,2.80102999566398
5,1971,1.69134676413482,1.12763625255165,4.48410400670492,2.80102999566398
5,1972,1.69134676413482,1.12763625255165,4.48410400670492,2.80102999566398
5,1973,1.69134676413482,1.12763625255165,4.48410400670492,2.80102999566398
5,1974,1.69134676413482,1.12763625255165,4.48410400670492,2.80102999566398
5,1975,1.69134676413482,1.12763625255165,4.48410400670492,2.80102999566398
5,1976,1.69134676413482,1.12763625255165,4.48410400670492,2.80102999566398
5,1977,1.69134676413482,1.12763625255165,4.48410400670492,2.80102999566398
5,1978,1.69134676413482,1.12763625255165,4.48410400670492,2.80102999566398
5,1979,1.69134676413482,1.12763625255165,4.48410400670492,2.80102999566398
5,1980,1.69134676413482,1.12763625255165,4.48410400670492,2.80102999566398
5,1981,1.69134676413482,1.12763625255165,4.48410400670492,2.80102999566398
5,1982,1.69134676413482,1.12763625255165,4.48410400670492,2.80102999566398
5,1983,1.69134676413482,1.12763625255165,4.48410400670492,2.80102999566398
5,1984,1.69134676413482,1.12763625255165,4.48410400670492,2.80102999566398
5,1985,1.69134676413482,1.12763625255165,4.48410400670492,2.80102999566398
5,1986,1.69134676413482,1.12763625255165,4.48410400670492,2.80102999566398
5,1987,1.69134676413482,1.12763625255165,4.48410400670492,2.80102999566398
5,1988,1.69134676413482,1.12763625255165,4.48410400670492,2.80102999566398
5,1989,1.69134676413482,1.12763625255165,4.48410400670492,2.80102999566398
5,1990,1.69134676413482,1.12763625255165,4.48410400670492,2.80102999566398
5,1991,1.69134676413482,1.12763625255165,4.48410400670492,2.80102999566398
5,1992,1.69134676413482,1.12763625255165,4.48410400670492,2.80102999566398
5,1993,1.69134676413482,1.12763625255165,4.48410400670492,2.80102999566398
5,1994,1.69134676413482,1.12763625255165,4.48410400670492,2.80102999566398
5,1995,1.69134676413482,1.12763625255165,4.48410400670492,2.80102999566398
5,1996,1.69134676413482,1.12763625255165,4.48410400670492,2.80102999566398
5,1997,1.69134676413482,1.12763625255165,4.48410400670492,2.80102999566398
5,1998,1.69134676413482,1.12763625255165,4.48410400670492,2.80102999566398
5,1999,1.69134676413482,1.12763625255165,4.48410400670492,2.80102999566398
5,2000,1.69134676413482,1.12763625255165,4.48410400670492,2.80102999566398
5,2001,1.69134676413482,1.12763625255165,4.48410400670492,2.80102999566398
5,2002,1.69134676413482,1.12763625255165,4.48410400670492,2.80102999566398
5,2003,1.69134676413482,1.12763625255165,4.48410400670492,2.80102999566398
5,2004,1.69134676413482,1.12763625255165,4.48410400670492,2.80102999566398
5,2005,1.69134676413482,1.12763625255165,4.48410400670492,2.80102999566398
5,2006,1.69134676413482,1.12763625255165,4.48410400670492,2.80102999566398
5,2007,1.69134676413482,1.12763625255165,4.48410400670492,2.80102999566398
5,2008,1.69134676413482,1.12763625255165,4.48410400670492,2.80102999566398
5,2009,1.69134676413482,1.12763625255165,4.48410400670492,2.80102999566398
5,2010,1.69134676413482,1.12763625255165,4.48410400670492,2.80102999566398
5,2011,1.69134676413482,1.12763625255165,4.48410400670492,2.80102999566398
5,2012,1.69134676413482,1.12763625255165,4.48410400670492,2.80102999566398
5,2013,1.69134676413482,1.12763625255165,4.48410400670492,2.80102999566398
5,2014,1.69134676413482,1.12763625255165,4.48410400670492,2.80102999566398
5,2015,1.69134676413482,1.12763625255165,4.48410400670492,2.80102999566398
5,2016,1.69134676413482,1.12763625255165,4.48410400670492,2.80102999566398
5,2017,1.69134676413482,1.12763625255165,4.48410400670492,2.80102999566398
6,1880,-0.193820026016113,NA,2.43136376415899,NA
6,1889,-0.193820026016113,NA,2.43136376415899,NA
6,1890,-0.193820026016113,NA,2.43136376415899,NA
6,1891,-0.193820026016113,NA,2.43136376415899,NA
6,1892,-0.193820026016113,NA,2.43136376415899,NA
6,1905,-0.193820026016113,NA,2.43136376415899,NA
6,1906,-0.193820026016113,NA,2.43136376415899,NA
6,1907,-0.193820026016113,NA,2.43136376415899,NA
6,1908,-0.193820026016113,NA,2.43136376415899,NA
6,1917,-0.193820026016113,NA,2.43136376415899,NA
6,1921,-0.193820026016113,NA,2.43136376415899,NA
6,1922,-0.193820026016113,NA,2.43136376415899,NA
6,1923,-0.193820026016113,NA,2.43136376415899,NA
6,1924,-0.193820026016113,NA,2.43136376415899,NA
6,1925,-0.193820026016113,NA,2.43136376415899,NA
6,1926,-0.193820026016113,NA,2.43136376415899,NA
6,1927,-0.193820026016113,NA,2.43136376415899,NA
6,1928,-0.193820026016113,NA,2.43136376415899,NA
6,1929,-0.193820026016113,NA,2.43136376415899,NA
6,1930,-0.193820026016113,NA,2.43136376415899,NA
6,1931,-0.193820026016113,NA,2.43136376415899,NA
6,1932,-0.193820026016113,NA,2.43136376415899,NA
6,1933,-0.193820026016113,NA,2.43136376415899,NA
6,1934,-0.193820026016113,NA,2.43136376415899,NA
6,1935,-0.193820026016113,NA,2.43136376415899,NA
6,1936,-0.193820026016113,NA,2.43136376415899,NA
6,1937,-0.193820026016113,NA,2.43136376415899,NA
6,1938,-0.193820026016113,NA,2.43136376415899,NA
6,1939,-0.193820026016113,NA,2.43136376415899,NA
6,1940,-0.193820026016113,NA,2.43136376415899,NA
6,1941,-0.193820026016113,NA,2.43136376415899,NA
6,1942,-0.193820026016113,NA,2.43136376415899,NA
6,1943,-0.193820026016113,NA,2.43136376415899,NA
6,1944,-0.193820026016113,NA,2.43136376415899,NA
6,1945,-0.193820026016113,NA,2.43136376415899,NA
6,1946,-0.193820026016113,NA,2.43136376415899,NA
6,1947,-0.193820026016113,NA,2.43136376415899,NA
6,1948,-0.193820026016113,NA,2.43136376415899,NA
6,1949,-0.193820026016113,NA,2.43136376415899,NA
6,1950,1.69134676413482,1.12763625255165,4.48410400670492,2.80102999566398
6,1951,1.69134676413482,1.12763625255165,4.48410400670492,2.80102999566398
6,1952,1.69134676413482,1.12763625255165,4.48410400670492,2.80102999566398
6,1953,1.69134676413482,1.12763625255165,4.48410400670492,2.80102999566398
6,1954,1.69134676413482,1.12763625255165,4.48410400670492,2.80102999566398
6,1955,1.69134676413482,1.12763625255165,4.48410400670492,2.80102999566398
6,1956,1.69134676413482,1.12763625255165,4.48410400670492,2.80102999566398
6,1957,1.69134676413482,1.12763625255165,4.48410400670492,2.80102999566398
6,1958,1.69134676413482,1.12763625255165,4.48410400670492,2.80102999566398
6,1959,1.69134676413482,1.12763625255165,4.48410400670492,2.80102999566398
6,1960,1.69134676413482,1.12763625255165,4.48410400670492,2.80102999566398
6,1961,1.69134676413482,1.12763625255165,4.48410400670492,2.80102999566398
6,1962,1.69134676413482,1.12763625255165,4.48410400670492,2.80102999566398
6,1963,1.69134676413482,1.12763625255165,4.48410400670492,2.80102999566398
6,1964,1.69134676413482,1.12763625255165,4.48410400670492,2.80102999566398
6,1965,1.69134676413482,1.12763625255165,4.48410400670492,2.80102999566398
6,1966,1.69134676413482,1.12763625255165,4.48410400670492,2.80102999566398
6,1967,1.69134676413482,1.12763625255165,4.48410400670492,2.80102999566398
6,1968,1.69134676413482,1.12763625255165,4.48410400670492,2.80102999566398
6,1969,1.69134676413482,1.12763625255165,4.48410400670492,2.80102999566398
6,1970,1.69134676413482,1.12763625255165,4.48410400670492,2.80102999566398
6,1971,1.69134676413482,1.12763625255165,4.48410400670492,2.80102999566398
6,1972,1.69134676413482,1.12763625255165,4.48410400670492,2.80102999566398
6,1973,1.69134676413482,1.12763625255165,4.48410400670492,2.80102999566398
6,1974,1.69134676413482,1.12763625255165,4.48410400670492,2.80102999566398
6,1975,1.69134676413482,1.12763625255165,4.48410400670492,2.80102999566398
6,1976,1.69134676413482,1.12763625255165,4.48410400670492,2.80102999566398
6,1977,1.69134676413482,1.12763625255165,4.48410400670492,2.80102999566398
6,1978,1.69134676413482,1.12763625255165,4.48410400670492,2.80102999566398
6,1979,1.69134676413482,1.12763625255165,4.48410400670492,2.80102999566398
6,1980,1.69134676413482,1.12763625255165,4.48410400670492,2.80102999566398
6,1981,1.69134676413482,1.12763625255165,4.48410400670492,2.80102999566398
6,1982,1.69134676413482,1.12763625255165,4.48410400670492,2.80102999566398
6,1983,1.69134676413482,1.12763625255165,4.48410400670492,2.80102999566398
6,1984,1.69134676413482,1.12763625255165,4.48410400670492,2.80102999566398
6,1985,1.69134676413482,1.12763625255165,4.48410400670492,2.80102999566398
6,1986,1.69134676413482,1.12763625255165,4.48410400670492,2.80102999566398
6,1987,1.69134676413482,1.12763625255165,4.48410400670492,2.80102999566398
6,1988,1.69134676413482,1.12763625255165,4.48410400670492,2.80102999566398
6,1989,1.69134676413482,1.12763625255165,4.48410400670492,2.80102999566398
6,1990,1.69134676413482,1.12763625255165,4.48410400670492,2.80102999566398
6,1991,1.69134676413482,1.12763625255165,4.48410400670492,2.80102999566398
6,1992,1.69134676413482,1.12763625255165,4.48410400670492,2.80102999566398
6,1993,1.69134676413482,1.12763625255165,4.48410400670492,2.80102999566398
6,1994,1.69134676413482,1.12763625255165,4.48410400670492,2.80102999566398
6,1995,1.69134676413482,1.12763625255165,4.48410400670492,2.80102999566398
6,1996,1.69134676413482,1.12763625255165,4.48410400670492,2.80102999566398
6,1997,1.69134676413482,1.12763625255165,4.48410400670492,2.80102999566398
6,1998,1.69134676413482,1.12763625255165,4.48410400670492,2.80102999566398
6,1999,1.69134676413482,1.12763625255165,4.48410400670492,2.80102999566398
6,2000,1.69134676413482,1.12763625255165,4.48410400670492,2.80102999566398
6,2001,1.69134676413482,1.12763625255165,4.48410400670492,2.80102999566398
6,2002,1.69134676413482,1.12763625255165,4.48410400670492,2.80102999566398
6,2003,1.69134676413482,1.12763625255165,4.48410400670492,2.80102999566398
6,2004,3.01629357380715,1.12763625255165,4.48410400670492,2.80102999566398
6,2005,3.01629357380715,1.12763625255165,4.48410400670492,2.80102999566398
6,2006,1.69134676413482,1.12763625255165,4.48410400670492,2.80102999566398
6,2007,1.69134676413482,1.12763625255165,4.48410400670492,2.80102999566398
6,2008,1.69134676413482,1.12763625255165,4.48410400670492,2.80102999566398
6,2009,1.69134676413482,1.12763625255165,4.48410400670492,2.80102999566398
6,2010,1.69134676413482,1.12763625255165,4.48410400670492,2.80102999566398
6,2011,1.69134676413482,1.12763625255165,4.48410400670492,2.80102999566398
6,2012,1.69134676413482,1.12763625255165,4.48410400670492,2.80102999566398
6,2013,1.69134676413482,1.12763625255165,4.48410400670492,2.80102999566398
6,2014,1.69134676413482,1.12763625255165,4.48410400670492,2.80102999566398
6,2015,1.69134676413482,1.12763625255165,4.48410400670492,2.80102999566398
6,2016,1.69134676413482,1.12763625255165,4.48410400670492,2.80102999566398
6,2017,1.69134676413482,1.12763625255165,4.48410400670492,2.80102999566398
7,1880,-0.193820026016113,NA,2.43136376415899,NA
7,1889,-0.193820026016113,NA,2.43136376415899,NA
7,1890,-0.193820026016113,NA,2.43136376415899,NA
7,1891,-0.193820026016113,NA,2.43136376415899,NA
7,1892,-0.193820026016113,NA,2.43136376415899,NA
7,1905,-0.193820026016113,NA,2.43136376415899,NA
7,1906,-0.193820026016113,NA,2.43136376415899,NA
7,1907,-0.193820026016113,NA,2.43136376415899,NA
7,1908,-0.193820026016113,NA,2.43136376415899,NA
7,1917,-0.193820026016113,NA,2.43136376415899,NA
7,1921,-0.193820026016113,NA,2.43136376415899,NA
7,1922,-0.193820026016113,NA,2.43136376415899,NA
7,1923,-0.193820026016113,NA,2.43136376415899,NA
7,1924,-0.193820026016113,NA,2.43136376415899,NA
7,1925,-0.193820026016113,NA,2.43136376415899,NA
7,1926,-0.193820026016113,NA,2.43136376415899,NA
7,1927,-0.193820026016113,NA,2.43136376415899,NA
7,1928,-0.193820026016113,NA,2.43136376415899,NA
7,1929,-0.193820026016113,NA,2.43136376415899,NA
7,1930,-0.193820026016113,NA,2.43136376415899,NA
7,1931,-0.193820026016113,NA,2.43136376415899,NA
7,1932,-0.193820026016113,NA,2.43136376415899,NA
7,1933,-0.193820026016113,NA,2.43136376415899,NA
7,1934,-0.193820026016113,NA,2.43136376415899,NA
7,1935,-0.193820026016113,NA,2.43136376415899,NA
7,1936,-0.193820026016113,NA,2.43136376415899,NA
7,1937,-0.193820026016113,NA,2.43136376415899,NA
7,1938,-0.193820026016113,NA,2.43136376415899,NA
7,1939,-0.193820026016113,NA,2.43136376415899,NA
7,1940,-0.193820026016113,NA,2.43136376415899,NA
7,1941,-0.193820026016113,NA,2.43136376415899,NA
7,1942,-0.193820026016113,NA,2.43136376415899,NA
7,1943,-0.193820026016113,NA,2.43136376415899,NA
7,1944,-0.193820026016113,NA,2.43136376415899,NA
7,1945,-0.193820026016113,NA,2.43136376415899,NA
7,1946,-0.193820026016113,NA,2.43136376415899,NA
7,1947,-0.193820026016113,NA,2.43136376415899,NA
7,1948,-0.193820026016113,NA,2.43136376415899,NA
7,1949,-0.193820026016113,NA,2.43136376415899,NA
7,1950,1.69134676413482,1.5,4.48410400670492,2.80102999566398
7,1951,3.01629357380715,1.5,4.48410400670492,2.80102999566398
7,1952,1.69134676413482,1.5,4.48410400670492,2.80102999566398
7,1953,3.01629357380715,1.5,4.48410400670492,2.80102999566398
7,1954,1.69134676413482,1.5,4.48410400670492,2.80102999566398
7,1955,1.69134676413482,1.5,4.48410400670492,2.80102999566398
7,1956,1.69134676413482,1.5,4.48410400670492,2.80102999566398
7,1957,1.69134676413482,1.5,4.48410400670492,2.80102999566398
7,1958,1.69134676413482,1.5,4.48410400670492,2.80102999566398
7,1959,1.69134676413482,1.5,4.48410400670492,2.80102999566398
7,1960,1.69134676413482,1.5,4.48410400670492,2.80102999566398
7,1961,1.69134676413482,1.5,4.48410400670492,2.80102999566398
7,1962,1.69134676413482,1.5,4.48410400670492,2.80102999566398
7,1963,1.69134676413482,1.5,4.48410400670492,2.80102999566398
7,1964,1.69134676413482,1.5,4.48410400670492,2.80102999566398
7,1965,1.69134676413482,1.5,4.48410400670492,2.80102999566398
7,1966,1.69134676413482,1.5,4.48410400670492,2.80102999566398
7,1967,1.69134676413482,1.5,4.48410400670492,2.80102999566398
7,1968,1.69134676413482,1.12763625255165,4.48410400670492,2.80102999566398
7,1969,1.69134676413482,1.12763625255165,4.48410400670492,2.80102999566398
7,1970,1.69134676413482,1.12763625255165,4.48410400670492,2.80102999566398
7,1971,1.69134676413482,1.12763625255165,4.48410400670492,2.80102999566398
7,1972,1.69134676413482,1.12763625255165,4.48410400670492,2.80102999566398
7,1973,1.69134676413482,1.12763625255165,4.48410400670492,2.80102999566398
7,1974,1.69134676413482,1.12763625255165,4.48410400670492,2.80102999566398
7,1975,1.69134676413482,1.12763625255165,4.48410400670492,2.80102999566398
7,1976,1.69134676413482,1.5,4.48410400670492,2.80102999566398
7,1977,1.69134676413482,1.5,4.48410400670492,2.80102999566398
7,1978,1.69134676413482,1.5,4.48410400670492,2.80102999566398
7,1979,1.69134676413482,1.5,4.48410400670492,2.80102999566398
7,1980,1.69134676413482,1.5,4.48410400670492,2.80102999566398
7,1981,1.69134676413482,1.5,4.48410400670492,2.80102999566398
7,1982,1.69134676413482,1.5,4.48410400670492,2.80102999566398
7,1983,1.69134676413482,1.5,4.48410400670492,2.80102999566398
7,1984,1.69134676413482,1.12763625255165,4.48410400670492,2.80102999566398
7,1985,1.69134676413482,1.12763625255165,4.48410400670492,2.80102999566398
7,1986,1.69134676413482,1.12763625255165,4.48410400670492,2.80102999566398
7,1987,1.69134676413482,1.12763625255165,4.48410400670492,2.80102999566398
7,1988,1.69134676413482,1.12763625255165,4.48410400670492,2.80102999566398
7,1989,1.69134676413482,1.12763625255165,4.48410400670492,2.80102999566398
7,1990,1.69134676413482,1.12763625255165,4.48410400670492,2.80102999566398
7,1991,1.69134676413482,1.12763625255165,4.48410400670492,2.80102999566398
7,1992,1.69134676413482,1.12763625255165,4.48410400670492,2.80102999566398
7,1993,1.69134676413482,1.5,4.48410400670492,2.80102999566398
7,1994,1.69134676413482,1.5,4.48410400670492,2.80102999566398
7,1995,2.53959062302381,1.5,4.48410400670492,2.80102999566398
7,1996,1.69134676413482,1.5,4.48410400670492,2.80102999566398
7,1997,1.69134676413482,1.5,4.48410400670492,2.80102999566398
7,1998,2.53959062302381,1.5,4.48410400670492,2.80102999566398
7,1999,1.69134676413482,1.5,4.48410400670492,2.80102999566398
7,2000,1.69134676413482,1.5,4.48410400670492,2.80102999566398
7,2001,1.69134676413482,1.5,4.48410400670492,2.80102999566398
7,2002,1.69134676413482,1.5,4.48410400670492,2.80102999566398
7,2003,1.69134676413482,1.5,4.48410400670492,2.80102999566398
7,2004,2.53959062302381,1.5,4.48410400670492,2.80102999566398
7,2005,2.53959062302381,1.5,4.48410400670492,2.80102999566398
7,2006,2.53959062302381,1.5,4.48410400670492,2.80102999566398
7,2007,2.53959062302381,1.5,4.48410400670492,2.80102999566398
7,2008,2.53959062302381,1.5,4.48410400670492,2.80102999566398
7,2009,2.53959062302381,1.5,4.48410400670492,2.80102999566398
7,2010,2.53959062302381,1.5,4.48410400670492,2.80102999566398
7,2011,1.69134676413482,1.5,4.48410400670492,2.80102999566398
7,2012,1.69134676413482,1.5,4.48410400670492,2.80102999566398
7,2013,2.53959062302381,1.5,4.48410400670492,2.80102999566398
7,2014,1.69134676413482,1.5,4.48410400670492,2.80102999566398
7,2015,1.69134676413482,1.12763625255165,4.48410400670492,2.80102999566398
7,2016,2.53959062302381,1.5,4.48410400670492,2.80102999566398
7,2017,1.69134676413482,1.5,4.48410400670492,2.80102999566398
8,1950,1.69134676413482,1.5,4.48410400670492,2.80102999566398
8,1951,1.69134676413482,1.5,4.48410400670492,2.80102999566398
8,1952,1.69134676413482,1.5,4.48410400670492,2.80102999566398
8,1953,1.69134676413482,1.5,4.48410400670492,2.80102999566398
8,1954,1.69134676413482,1.5,4.48410400670492,2.80102999566398
8,1955,1.69134676413482,1.5,4.48410400670492,2.80102999566398
8,1956,1.69134676413482,1.5,4.48410400670492,2.80102999566398
8,1957,1.69134676413482,1.5,4.48410400670492,2.80102999566398
8,1958,1.69134676413482,1.5,4.48410400670492,2.80102999566398
8,1959,1.69134676413482,1.5,4.48410400670492,2.80102999566398
8,1960,1.69134676413482,1.5,4.48410400670492,2.80102999566398
8,1961,1.69134676413482,1.5,4.48410400670492,2.80102999566398
8,1962,1.69134676413482,1.5,4.48410400670492,2.80102999566398
8,1963,1.69134676413482,1.5,4.48410400670492,2.80102999566398
8,1964,1.69134676413482,1.5,4.48410400670492,2.80102999566398
8,1965,1.69134676413482,1.5,4.48410400670492,2.80102999566398
8,1966,1.69134676413482,1.5,4.48410400670492,2.80102999566398
8,1967,1.69134676413482,1.5,4.48410400670492,2.80102999566398
8,1968,1.69134676413482,1.12763625255165,4.48410400670492,2.80102999566398
8,1969,1.69134676413482,1.5,4.48410400670492,2.80102999566398
8,1970,1.69134676413482,1.12763625255165,4.48410400670492,2.80102999566398
8,1971,2.53959062302381,1.12763625255165,4.48410400670492,2.80102999566398
8,1972,1.69134676413482,1.12763625255165,4.48410400670492,2.80102999566398
8,1973,1.69134676413482,1.12763625255165,4.48410400670492,2.80102999566398
8,1974,1.69134676413482,1.12763625255165,4.48410400670492,2.80102999566398
8,1975,1.69134676413482,1.12763625255165,4.48410400670492,2.80102999566398
8,1976,1.69134676413482,1.12763625255165,4.48410400670492,2.80102999566398
8,1977,1.69134676413482,1.12763625255165,4.48410400670492,2.80102999566398
8,1978,1.69134676413482,1.12763625255165,4.48410400670492,2.80102999566398
8,1979,1.69134676413482,1.12763625255165,4.48410400670492,2.80102999566398
8,1980,1.69134676413482,1.12763625255165,4.48410400670492,2.80102999566398
8,1981,1.69134676413482,1.12763625255165,4.48410400670492,2.80102999566398
8,1982,1.69134676413482,1.12763625255165,4.48410400670492,2.80102999566398
8,1983,1.69134676413482,1.12763625255165,4.48410400670492,2.80102999566398
8,1984,1.69134676413482,1.12763625255165,4.48410400670492,2.80102999566398
8,1985,1.69134676413482,1.12763625255165,4.48410400670492,2.80102999566398
8,1986,1.69134676413482,1.12763625255165,4.48410400670492,2.80102999566398
8,1987,1.69134676413482,1.12763625255165,4.48410400670492,2.80102999566398
8,1988,1.69134676413482,1.12763625255165,4.48410400670492,2.80102999566398
8,1989,1.69134676413482,1.12763625255165,4.48410400670492,2.80102999566398
8,1990,1.69134676413482,1.12763625255165,4.48410400670492,2.80102999566398
8,1991,1.69134676413482,1.12763625255165,4.48410400670492,2.80102999566398
8,1992,1.69134676413482,1.12763625255165,4.48410400670492,2.80102999566398
8,1993,1.69134676413482,1.12763625255165,4.48410400670492,2.80102999566398
8,1994,1.69134676413482,1.12763625255165,4.48410400670492,2.80102999566398
8,1995,3.01629357380715,1.12763625255165,4.48410400670492,2.80102999566398
8,1996,1.69134676413482,1.12763625255165,4.48410400670492,2.80102999566398
8,1997,1.69134676413482,1.12763625255165,4.48410400670492,2.80102999566398
8,1998,1.69134676413482,1.12763625255165,4.48410400670492,2.80102999566398
8,1999,1.69134676413482,1.12763625255165,4.48410400670492,2.80102999566398
8,2000,1.69134676413482,1.12763625255165,4.48410400670492,2.80102999566398
8,2001,1.69134676413482,1.12763625255165,4.48410400670492,2.80102999566398
8,2002,1.69134676413482,1.12763625255165,4.48410400670492,2.80102999566398
8,2003,1.69134676413482,1.12763625255165,4.48410400670492,2.80102999566398
8,2004,1.69134676413482,1.12763625255165,4.48410400670492,2.80102999566398
8,2005,1.69134676413482,1.12763625255165,4.48410400670492,2.80102999566398
8,2006,1.69134676413482,1.12763625255165,4.48410400670492,2.80102999566398
8,2007,1.69134676413482,1.12763625255165,4.48410400670492,2.80102999566398
8,2008,1.69134676413482,1.12763625255165,4.48410400670492,2.80102999566398
8,2009,1.69134676413482,1.12763625255165,4.48410400670492,2.80102999566398
8,2010,1.69134676413482,1.12763625255165,4.48410400670492,2.80102999566398
8,2011,1.69134676413482,1.12763625255165,4.48410400670492,2.80102999566398
8,2012,1.69134676413482,1.12763625255165,4.48410400670492,2.80102999566398
8,2013,1.69134676413482,1.12763625255165,4.48410400670492,2.80102999566398
8,2014,1.69134676413482,1.12763625255165,4.48410400670492,2.80102999566398
8,2015,1.69134676413482,1.12763625255165,4.48410400670492,2.80102999566398
8,2016,1.69134676413482,1.12763625255165,4.48410400670492,2.80102999566398
8,2017,1.69134676413482,1.12763625255165,4.48410400670492,2.80102999566398
9,1869,3.86272752831797,NA,4.90308998699194,NA
9,1870,3.86272752831797,NA,4.90308998699194,NA
9,1871,3.86272752831797,NA,4.90308998699194,NA
9,1872,3.86272752831797,NA,4.90308998699194,NA
9,1873,3.86272752831797,NA,4.90308998699194,NA
9,1874,3.86272752831797,NA,4.90308998699194,NA
9,1875,3.86272752831797,NA,4.90308998699194,NA
9,1876,3.86272752831797,NA,4.90308998699194,NA
9,1877,3.86272752831797,NA,4.90308998699194,NA
9,1878,3.86272752831797,NA,4.90308998699194,NA
9,1879,3.86272752831797,NA,4.90308998699194,NA
9,1880,3.86272752831797,NA,4.90308998699194,NA
9,1881,3.86272752831797,NA,4.90308998699194,NA
9,1882,3.86272752831797,NA,4.90308998699194,NA
9,1883,3.86272752831797,NA,4.90308998699194,NA
9,1884,3.86272752831797,NA,4.90308998699194,NA
9,1885,3.86272752831797,NA,4.90308998699194,NA
9,1886,3.86272752831797,NA,4.90308998699194,NA
9,1887,3.86272752831797,NA,4.90308998699194,NA
9,1888,3.86272752831797,NA,4.90308998699194,NA
9,1889,3.86272752831797,NA,4.90308998699194,NA
9,1890,3.86272752831797,NA,4.90308998699194,NA
9,1891,3.86272752831797,NA,4.90308998699194,NA
9,1892,3.86272752831797,NA,4.90308998699194,NA
9,1893,3.86272752831797,NA,4.90308998699194,NA
9,1894,3.86272752831797,NA,4.90308998699194,NA
9,1895,3.86272752831797,NA,4.90308998699194,NA
9,1896,3.86272752831797,NA,4.90308998699194,NA
9,1897,3.86272752831797,NA,4.90308998699194,NA
9,1898,3.86272752831797,NA,4.90308998699194,NA
9,1899,3.86272752831797,NA,4.90308998699194,NA
9,1900,3.86272752831797,NA,4.90308998699194,NA
9,1901,3.86272752831797,NA,4.90308998699194,NA
9,1902,3.86272752831797,NA,4.90308998699194,NA
9,1903,3.86272752831797,NA,4.90308998699194,NA
9,1904,3.86272752831797,NA,4.90308998699194,NA
9,1905,3.86272752831797,NA,4.90308998699194,NA
9,1906,3.86272752831797,NA,4.90308998699194,NA
9,1907,3.86272752831797,NA,4.90308998699194,NA
9,1908,3.86272752831797,NA,4.90308998699194,NA
9,1909,3.86272752831797,NA,4.90308998699194,NA
9,1910,3.86272752831797,NA,4.90308998699194,NA
9,1911,1.69134676413482,2,4.48410400670492,3.60205999132796
9,1912,1.69134676413482,2,4.48410400670492,3.60205999132796
9,1913,1.69134676413482,2,4.48410400670492,3.60205999132796
9,1914,1.69134676413482,2,4.48410400670492,3.60205999132796
9,1915,1.69134676413482,2,4.48410400670492,3.60205999132796
9,1916,1.69134676413482,2,4.48410400670492,3.60205999132796
9,1917,1.69134676413482,2,4.48410400670492,3.60205999132796
9,1918,1.69134676413482,1.5,4.48410400670492,2.80102999566398
9,1919,1.69134676413482,1.5,4.48410400670492,2.80102999566398
9,1920,1.69134676413482,2,4.48410400670492,3.60205999132796
9,1921,1.69134676413482,2,4.48410400670492,3.60205999132796
9,1922,1.69134676413482,1.5,4.48410400670492,2.80102999566398
9,1923,1.69134676413482,1.5,4.48410400670492,2.80102999566398
9,1924,1.69134676413482,1.5,4.48410400670492,2.80102999566398
9,1925,1.69134676413482,1.5,4.48410400670492,2.80102999566398
9,1926,1.69134676413482,1.5,4.48410400670492,2.80102999566398
9,1927,1.69134676413482,1.5,4.48410400670492,2.80102999566398
9,1928,1.69134676413482,1.5,4.48410400670492,2.80102999566398
9,1929,1.69134676413482,1.5,4.48410400670492,2.80102999566398
9,1930,1.69134676413482,1.5,4.48410400670492,2.80102999566398
9,1931,1.69134676413482,1.5,4.48410400670492,2.80102999566398
9,1932,1.69134676413482,1.5,4.48410400670492,2.80102999566398
9,1933,1.69134676413482,1.5,4.48410400670492,2.80102999566398
9,1934,1.69134676413482,1.5,4.48410400670492,2.80102999566398
9,1935,1.69134676413482,1.5,4.48410400670492,2.80102999566398
9,1936,1.69134676413482,1.5,4.48410400670492,2.80102999566398
9,1937,1.69134676413482,1.5,4.48410400670492,2.80102999566398
9,1938,1.69134676413482,1.5,4.48410400670492,2.80102999566398
9,1939,1.69134676413482,1.5,4.48410400670492,2.80102999566398
9,1940,1.69134676413482,1.5,4.48410400670492,2.80102999566398
9,1941,1.69134676413482,1.5,4.48410400670492,2.80102999566398
9,1942,1.69134676413482,1.5,4.48410400670492,2.80102999566398
9,1943,1.69134676413482,1.5,4.48410400670492,2.80102999566398
9,1944,1.69134676413482,1.5,4.48410400670492,2.80102999566398
9,1945,1.69134676413482,1.5,4.48410400670492,2.80102999566398
9,1946,1.69134676413482,1.5,4.48410400670492,2.80102999566398
9,1947,1.69134676413482,1.5,4.48410400670492,2.80102999566398
9,1948,1.69134676413482,1.5,4.48410400670492,2.80102999566398
9,1949,1.69134676413482,1.5,4.48410400670492,2.80102999566398
9,1950,1.69134676413482,1.5,4.48410400670492,2.80102999566398
9,1951,1.69134676413482,1.5,4.48410400670492,2.80102999566398
9,1952,1.69134676413482,1.5,4.48410400670492,2.80102999566398
9,1953,1.69134676413482,1.5,4.48410400670492,2.80102999566398
9,1954,1.69134676413482,1.5,4.48410400670492,2.80102999566398
9,1955,1.69134676413482,1.5,4.48410400670492,2.80102999566398
9,1956,1.69134676413482,1.5,4.48410400670492,2.80102999566398
9,1957,1.69134676413482,1.5,4.48410400670492,2.80102999566398
9,1958,1.69134676413482,1.5,4.48410400670492,2.80102999566398
9,1959,1.69134676413482,1.5,4.48410400670492,2.80102999566398
9,1960,1.69134676413482,1.5,4.48410400670492,2.80102999566398
9,1961,1.69134676413482,1.5,4.48410400670492,2.80102999566398
9,1962,1.69134676413482,1.5,4.48410400670492,2.80102999566398
9,1963,1.69134676413482,1.5,4.48410400670492,2.80102999566398
9,1964,1.69134676413482,1.5,4.48410400670492,2.80102999566398
9,1965,1.69134676413482,1.5,4.48410400670492,2.80102999566398
9,1966,1.69134676413482,1.5,4.48410400670492,2.80102999566398
9,1967,2.53959062302381,1.12763625255165,4.48410400670492,2.80102999566398
9,1968,1.69134676413482,1.12763625255165,4.48410400670492,2.80102999566398
9,1969,1.69134676413482,1.12763625255165,4.48410400670492,2.80102999566398
9,1970,1.69134676413482,1.12763625255165,4.48410400670492,2.80102999566398
9,1971,1.69134676413482,1.12763625255165,4.48410400670492,2.80102999566398
9,1972,1.69134676413482,1.12763625255165,4.48410400670492,2.80102999566398
9,1973,1.69134676413482,1.12763625255165,4.48410400670492,2.80102999566398
9,1974,1.69134676413482,1.12763625255165,4.48410400670492,2.80102999566398
9,1975,1.69134676413482,1.12763625255165,4.48410400670492,2.80102999566398
9,1976,1.69134676413482,1.12763625255165,4.48410400670492,2.80102999566398
9,1977,1.69134676413482,1.12763625255165,4.48410400670492,2.80102999566398
9,1978,1.69134676413482,1.12763625255165,4.48410400670492,2.80102999566398
9,1979,1.69134676413482,1.12763625255165,4.48410400670492,2.80102999566398
9,1980,1.69134676413482,1.12763625255165,4.48410400670492,2.80102999566398
9,1981,1.69134676413482,1.12763625255165,4.48410400670492,2.80102999566398
9,1982,1.69134676413482,1.12763625255165,4.48410400670492,2.80102999566398
9,1983,1.69134676413482,1.12763625255165,4.48410400670492,2.80102999566398
9,1984,1.69134676413482,1.12763625255165,4.48410400670492,2.80102999566398
9,1985,1.69134676413482,1.12763625255165,4.48410400670492,2.80102999566398
9,1986,1.69134676413482,1.12763625255165,4.48410400670492,2.80102999566398
9,1987,1.69134676413482,1.12763625255165,4.48410400670492,2.80102999566398
9,1988,1.69134676413482,1.12763625255165,4.48410400670492,2.80102999566398
9,1989,1.69134676413482,1.12763625255165,4.48410400670492,2.80102999566398
9,1990,1.69134676413482,1.12763625255165,4.48410400670492,2.80102999566398
9,1991,1.69134676413482,1.12763625255165,4.48410400670492,2.80102999566398
9,1992,1.69134676413482,1.12763625255165,4.48410400670492,2.80102999566398
9,1993,1.69134676413482,1.12763625255165,4.48410400670492,2.80102999566398
9,1994,1.69134676413482,1.12763625255165,4.48410400670492,2.80102999566398
9,1995,1.69134676413482,1.12763625255165,4.48410400670492,2.80102999566398
9,1996,1.69134676413482,1.12763625255165,4.48410400670492,2.80102999566398
9,1997,1.69134676413482,1.12763625255165,4.48410400670492,2.80102999566398
9,1998,1.69134676413482,1.12763625255165,4.48410400670492,2.80102999566398
9,1999,1.69134676413482,1.12763625255165,4.48410400670492,2.80102999566398
9,2000,1.69134676413482,1.12763625255165,4.48410400670492,2.80102999566398
9,2001,1.69134676413482,1.12763625255165,4.48410400670492,2.80102999566398
9,2002,1.69134676413482,1.12763625255165,4.48410400670492,2.80102999566398
9,2003,1.69134676413482,1.12763625255165,4.48410400670492,2.80102999566398
9,2004,1.69134676413482,1.12763625255165,4.48410400670492,2.80102999566398
9,2005,1.69134676413482,1.12763625255165,4.48410400670492,2.80102999566398
9,2006,1.69134676413482,1.12763625255165,4.48410400670492,2.80102999566398
9,2007,1.69134676413482,1.12763625255165,4.48410400670492,2.80102999566398
9,2008,1.69134676413482,1.12763625255165,4.48410400670492,2.80102999566398
9,2009,1.69134676413482,1.12763625255165,4.48410400670492,2.80102999566398
9,2010,1.69134676413482,1.12763625255165,4.48410400670492,2.80102999566398
9,2011,1.69134676413482,1.12763625255165,4.48410400670492,2.80102999566398
9,2012,1.69134676413482,1.12763625255165,4.48410400670492,2.80102999566398
9,2013,1.69134676413482,1.12763625255165,4.48410400670492,2.80102999566398
9,2014,1.69134676413482,1.12763625255165,4.48410400670492,2.80102999566398
9,2015,1.69134676413482,1.12763625255165,4.48410400670492,2.80102999566398
9,2016,1.69134676413482,1.12763625255165,4.48410400670492,2.80102999566398
9,2017,1.69134676413482,1.12763625255165,4.48410400670492,2.80102999566398
10,1950,1.69134676413482,1.12763625255165,4.48410400670492,2.80102999566398
10,1951,1.69134676413482,1.12763625255165,4.48410400670492,2.80102999566398
10,1952,1.69134676413482,1.12763625255165,4.48410400670492,2.80102999566398
10,1953,1.69134676413482,1.12763625255165,4.48410400670492,2.80102999566398
10,1954,1.69134676413482,1.12763625255165,4.48410400670492,2.80102999566398
10,1955,1.69134676413482,1.12763625255165,4.48410400670492,2.80102999566398
10,1956,1.69134676413482,1.12763625255165,4.48410400670492,2.80102999566398
10,1957,1.69134676413482,1.12763625255165,4.48410400670492,2.80102999566398
10,1958,1.69134676413482,1.12763625255165,4.48410400670492,2.80102999566398
10,1959,1.69134676413482,1.12763625255165,4.48410400670492,2.80102999566398
10,1960,1.69134676413482,1.12763625255165,4.48410400670492,2.80102999566398
10,1961,1.69134676413482,1.12763625255165,4.48410400670492,2.80102999566398
10,1962,1.69134676413482,1.12763625255165,4.48410400670492,2.80102999566398
10,1963,1.69134676413482,1.12763625255165,4.48410400670492,2.80102999566398
10,1964,1.69134676413482,1.12763625255165,4.48410400670492,2.80102999566398
10,1965,1.69134676413482,1.12763625255165,4.48410400670492,2.80102999566398
10,1966,1.69134676413482,1.12763625255165,4.48410400670492,2.80102999566398
10,1967,1.69134676413482,1.12763625255165,4.48410400670492,2.80102999566398
10,1968,1.69134676413482,1.12763625255165,4.48410400670492,2.80102999566398
10,1969,1.69134676413482,1.12763625255165,4.48410400670492,2.80102999566398
10,1970,1.69134676413482,1.12763625255165,4.48410400670492,2.80102999566398
10,1971,1.69134676413482,1.12763625255165,4.48410400670492,2.80102999566398
10,1972,1.69134676413482,1.12763625255165,4.48410400670492,2.80102999566398
10,1973,1.69134676413482,1.12763625255165,4.48410400670492,2.80102999566398
10,1974,1.69134676413482,1.12763625255165,4.48410400670492,2.80102999566398
10,1975,1.69134676413482,1.12763625255165,4.48410400670492,2.80102999566398
10,1976,1.69134676413482,1.12763625255165,4.48410400670492,2.80102999566398
10,1977,1.69134676413482,1.12763625255165,4.48410400670492,2.80102999566398
10,1978,1.69134676413482,1.12763625255165,4.48410400670492,2.80102999566398
10,1979,1.69134676413482,1.12763625255165,4.48410400670492,2.80102999566398
10,1980,1.69134676413482,1.12763625255165,4.48410400670492,2.80102999566398
10,1981,1.69134676413482,1.12763625255165,4.48410400670492,2.80102999566398
10,1982,1.69134676413482,1.12763625255165,4.48410400670492,2.80102999566398
10,1983,1.69134676413482,1.12763625255165,4.48410400670492,2.80102999566398
10,1984,1.69134676413482,1.12763625255165,4.48410400670492,2.80102999566398
10,1985,1.69134676413482,1.12763625255165,4.48410400670492,2.80102999566398
10,1986,1.69134676413482,1.12763625255165,4.48410400670492,2.80102999566398
10,1987,1.69134676413482,1.12763625255165,4.48410400670492,2.80102999566398
10,1988,1.69134676413482,1.12763625255165,4.48410400670492,2.80102999566398
10,1989,1.69134676413482,1.12763625255165,4.48410400670492,2.80102999566398
10,1990,1.69134676413482,1.12763625255165,4.48410400670492,2.80102999566398
10,1991,1.69134676413482,1.12763625255165,4.48410400670492,2.80102999566398
10,1992,1.69134676413482,1.12763625255165,4.48410400670492,2.80102999566398
10,1993,1.69134676413482,1.12763625255165,4.48410400670492,2.80102999566398
10,1994,1.69134676413482,1.12763625255165,4.48410400670492,2.80102999566398
10,1995,1.69134676413482,1.12763625255165,4.48410400670492,2.80102999566398
10,1996,1.69134676413482,1.12763625255165,4.48410400670492,2.80102999566398
10,1997,1.69134676413482,1.12763625255165,4.48410400670492,2.80102999566398
10,1998,1.69134676413482,1.12763625255165,4.48410400670492,2.80102999566398
10,1999,1.69134676413482,1.5,4.48410400670492,2.80102999566398
10,2000,1.69134676413482,1.12763625255165,4.48410400670492,2.80102999566398
10,2001,1.69134676413482,1.5,4.48410400670492,2.80102999566398
10,2002,1.69134676413482,1.5,4.48410400670492,2.80102999566398
10,2003,1.69134676413482,1.5,4.48410400670492,2.80102999566398
10,2004,1.69134676413482,1.5,4.48410400670492,2.80102999566398
10,2005,1.69134676413482,1.5,4.48410400670492,2.80102999566398
10,2006,1.69134676413482,1.5,4.48410400670492,2.80102999566398
10,2007,1.69134676413482,1.12763625255165,4.48410400670492,2.80102999566398
10,2008,1.69134676413482,1.12763625255165,4.48410400670492,2.80102999566398
10,2009,1.69134676413482,1.12763625255165,4.48410400670492,2.80102999566398
10,2010,1.69134676413482,1.12763625255165,4.48410400670492,2.80102999566398
10,2011,1.69134676413482,1.5,4.48410400670492,2.80102999566398
10,2012,1.69134676413482,1.5,4.48410400670492,2.80102999566398
10,2013,3.33445375115093,1.12763625255165,4.48410400670492,2.80102999566398
10,2014,1.69134676413482,1.12763625255165,4.48410400670492,2.80102999566398
10,2015,1.69134676413482,1.12763625255165,4.48410400670492,2.80102999566398
10,2016,1.69134676413482,1.12763625255165,4.48410400670492,2.80102999566398
10,2017,1.69134676413482,1.12763625255165,4.48410400670492,2.80102999566398
11,1922,-0.193820026016113,NA,2.43136376415899,NA
11,1923,-0.193820026016113,NA,2.43136376415899,NA
11,1924,-0.193820026016113,NA,2.43136376415899,NA
11,1925,-0.193820026016113,NA,2.43136376415899,NA
11,1926,-0.193820026016113,NA,2.43136376415899,NA
11,1927,-0.193820026016113,NA,2.43136376415899,NA
11,1928,-0.193820026016113,NA,2.43136376415899,NA
11,1929,-0.193820026016113,NA,2.43136376415899,NA
11,1930,-0.193820026016113,NA,2.43136376415899,NA
11,1931,-0.193820026016113,NA,2.43136376415899,NA
11,1932,-0.193820026016113,NA,2.43136376415899,NA
11,1933,-0.193820026016113,NA,2.43136376415899,NA
11,1934,-0.193820026016113,NA,2.43136376415899,NA
11,1935,-0.193820026016113,NA,2.43136376415899,NA
11,1936,-0.193820026016113,NA,2.43136376415899,NA
11,1937,-0.193820026016113,NA,2.43136376415899,NA
11,1938,-0.193820026016113,NA,2.43136376415899,NA
11,1939,-0.193820026016113,NA,2.43136376415899,NA
11,1940,-0.193820026016113,NA,2.43136376415899,NA
11,1941,-0.193820026016113,NA,2.43136376415899,NA
11,1942,-0.193820026016113,NA,2.43136376415899,NA
11,1943,-0.193820026016113,NA,2.43136376415899,NA
11,1944,-0.193820026016113,NA,2.43136376415899,NA
11,1945,-0.193820026016113,NA,2.43136376415899,NA
11,1946,-0.193820026016113,NA,2.43136376415899,NA
11,1947,-0.193820026016113,NA,2.43136376415899,NA
11,1948,-0.193820026016113,NA,2.43136376415899,NA
11,1949,-0.193820026016113,NA,2.43136376415899,NA
11,1950,1.69134676413482,1.12763625255165,4.48410400670492,1.5
11,1951,1.69134676413482,1.12763625255165,4.48410400670492,2.80102999566398
11,1952,1.69134676413482,1.12763625255165,4.48410400670492,2.80102999566398
11,1953,1.69134676413482,1.12763625255165,4.48410400670492,2.80102999566398
11,1954,1.69134676413482,1.12763625255165,4.48410400670492,2.80102999566398
11,1955,1.69134676413482,1.12763625255165,4.48410400670492,2.80102999566398
11,1956,1.69134676413482,1.12763625255165,4.48410400670492,2.80102999566398
11,1957,1.69134676413482,1.12763625255165,4.48410400670492,2.80102999566398
11,1958,1.69134676413482,1.12763625255165,4.48410400670492,2.80102999566398
11,1959,1.69134676413482,1.12763625255165,4.48410400670492,2.80102999566398
11,1960,1.69134676413482,1.12763625255165,4.48410400670492,2.80102999566398
11,1961,1.69134676413482,1.12763625255165,4.48410400670492,2.80102999566398
11,1962,1.69134676413482,1.12763625255165,4.48410400670492,2.80102999566398
11,1963,1.69134676413482,1.12763625255165,4.48410400670492,2.80102999566398
11,1964,1.69134676413482,1.12763625255165,3.33445375115093,2.80102999566398
11,1965,1.69134676413482,1.12763625255165,4.48410400670492,2.80102999566398
11,1966,1.69134676413482,1.12763625255165,4.48410400670492,2.80102999566398
11,1967,1.69134676413482,1.12763625255165,3.33445375115093,2.80102999566398
11,1968,1.69134676413482,1.12763625255165,4.48410400670492,2.80102999566398
11,1969,1.69134676413482,1.12763625255165,4.48410400670492,2.80102999566398
11,1970,1.69134676413482,1.12763625255165,3.33445375115093,2.80102999566398
11,1971,1.69134676413482,1.12763625255165,4.48410400670492,2.80102999566398
11,1972,1.69134676413482,1.12763625255165,4.48410400670492,2.80102999566398
11,1973,1.69134676413482,1.12763625255165,4.48410400670492,2.80102999566398
11,1974,1.69134676413482,1.12763625255165,4.48410400670492,2.80102999566398
11,1975,1.69134676413482,1.12763625255165,4.48410400670492,2.80102999566398
11,1976,1.69134676413482,1.12763625255165,4.48410400670492,2.80102999566398
11,1977,1.69134676413482,1.12763625255165,4.48410400670492,2.80102999566398
11,1978,1.69134676413482,1.12763625255165,4.48410400670492,2.80102999566398
11,1979,1.69134676413482,1.12763625255165,4.48410400670492,2.80102999566398
11,1980,1.69134676413482,1.12763625255165,4.48410400670492,2.80102999566398
11,1981,1.69134676413482,1.12763625255165,3.33445375115093,2.80102999566398
11,1982,1.69134676413482,1.12763625255165,3.33445375115093,2.80102999566398
11,1983,1.69134676413482,1.12763625255165,3.33445375115093,2.80102999566398
11,1984,1.69134676413482,1.12763625255165,3.33445375115093,2.80102999566398
11,1985,1.69134676413482,1.12763625255165,3.33445375115093,2.80102999566398
11,1986,1.69134676413482,1.12763625255165,3.33445375115093,2.80102999566398
11,1987,1.69134676413482,1.12763625255165,3.33445375115093,2.80102999566398
11,1988,1.69134676413482,1.12763625255165,3.33445375115093,2.80102999566398
11,1989,1.69134676413482,1.12763625255165,4.48410400670492,2.80102999566398
11,1990,1.69134676413482,1.12763625255165,3.33445375115093,2.80102999566398
11,1991,1.69134676413482,1.12763625255165,4.48410400670492,2.80102999566398
11,1992,1.69134676413482,1.12763625255165,3.33445375115093,2.80102999566398
11,1993,1.69134676413482,1.12763625255165,3.33445375115093,2.80102999566398
11,1994,1.69134676413482,1.12763625255165,3.33445375115093,2.80102999566398
11,1995,1.69134676413482,1.12763625255165,3.33445375115093,2.80102999566398
11,1996,1.69134676413482,1.12763625255165,3.33445375115093,2.80102999566398
11,1997,1.69134676413482,1.12763625255165,4.48410400670492,2.80102999566398
11,1998,1.69134676413482,1.12763625255165,4.48410400670492,2.80102999566398
11,1999,1.69134676413482,1.12763625255165,4.48410400670492,2.80102999566398
11,2000,1.69134676413482,1.12763625255165,4.48410400670492,2.80102999566398
11,2001,1.69134676413482,1.12763625255165,4.48410400670492,2.80102999566398
11,2002,1.69134676413482,1.12763625255165,4.48410400670492,2.80102999566398
11,2003,1.69134676413482,1.12763625255165,4.48410400670492,2.80102999566398
11,2004,1.69134676413482,1.12763625255165,4.48410400670492,2.80102999566398
11,2005,1.69134676413482,1.12763625255165,4.48410400670492,2.80102999566398
11,2006,1.69134676413482,1.12763625255165,4.48410400670492,2.80102999566398
11,2007,1.69134676413482,1.12763625255165,4.48410400670492,2.80102999566398
11,2008,1.69134676413482,1.12763625255165,4.48410400670492,2.80102999566398
11,2009,1.69134676413482,1.12763625255165,3.33445375115093,2.80102999566398
11,2010,1.69134676413482,1.12763625255165,4.48410400670492,2.80102999566398
11,2011,1.69134676413482,1.12763625255165,4.48410400670492,2.80102999566398
11,2012,1.69134676413482,1.12763625255165,4.48410400670492,2.80102999566398
11,2013,1.69134676413482,1.12763625255165,4.48410400670492,2.80102999566398
11,2014,1.69134676413482,1.12763625255165,4.48410400670492,2.80102999566398
11,2015,1.69134676413482,1.12763625255165,4.48410400670492,2.80102999566398
11,2016,1.69134676413482,1.12763625255165,4.48410400670492,2.80102999566398
11,2017,1.69134676413482,1.12763625255165,4.48410400670492,2.80102999566398
12,1880,-0.193820026016113,NA,2.43136376415899,NA
12,1889,-0.193820026016113,NA,2.43136376415899,NA
12,1890,-0.193820026016113,NA,2.43136376415899,NA
12,1891,-0.193820026016113,NA,2.43136376415899,NA
12,1892,-0.193820026016113,NA,2.43136376415899,NA
12,1905,-0.193820026016113,NA,2.43136376415899,NA
12,1906,-0.193820026016113,NA,2.43136376415899,NA
12,1907,-0.193820026016113,NA,2.43136376415899,NA
12,1908,-0.193820026016113,NA,2.43136376415899,NA
12,1917,-0.193820026016113,NA,2.43136376415899,NA
12,1921,-0.193820026016113,NA,2.43136376415899,NA
12,1922,-0.193820026016113,NA,2.43136376415899,NA
12,1923,-0.193820026016113,NA,2.43136376415899,NA
12,1924,-0.193820026016113,NA,2.43136376415899,NA
12,1925,-0.193820026016113,NA,2.43136376415899,NA
12,1926,-0.193820026016113,NA,2.43136376415899,NA
12,1927,-0.193820026016113,NA,2.43136376415899,NA
12,1928,-0.193820026016113,NA,2.43136376415899,NA
12,1929,-0.193820026016113,NA,2.43136376415899,NA
12,1930,-0.193820026016113,NA,2.43136376415899,NA
12,1931,-0.193820026016113,NA,2.43136376415899,NA
12,1932,-0.193820026016113,NA,2.43136376415899,NA
12,1933,-0.193820026016113,NA,2.43136376415899,NA
12,1934,-0.193820026016113,NA,2.43136376415899,NA
12,1935,-0.193820026016113,NA,2.43136376415899,NA
12,1936,-0.193820026016113,NA,2.43136376415899,NA
12,1937,-0.193820026016113,NA,2.43136376415899,NA
12,1938,-0.193820026016113,NA,2.43136376415899,NA
12,1939,-0.193820026016113,NA,2.43136376415899,NA
12,1940,-0.193820026016113,NA,2.43136376415899,NA
12,1941,-0.193820026016113,NA,2.43136376415899,NA
12,1942,-0.193820026016113,NA,2.43136376415899,NA
12,1943,-0.193820026016113,NA,2.43136376415899,NA
12,1944,-0.193820026016113,NA,2.43136376415899,NA
12,1945,-0.193820026016113,NA,2.43136376415899,NA
12,1946,-0.193820026016113,NA,2.43136376415899,NA
12,1947,-0.193820026016113,NA,2.43136376415899,NA
12,1948,-0.193820026016113,NA,2.43136376415899,NA
12,1949,-0.193820026016113,NA,2.43136376415899,NA
12,1950,1.69134676413482,1.12763625255165,4.48410400670492,2.80102999566398
12,1951,1.69134676413482,1.12763625255165,4.48410400670492,2.80102999566398
12,1952,1.69134676413482,1.12763625255165,4.48410400670492,2.80102999566398
12,1953,1.69134676413482,1.12763625255165,4.48410400670492,2.80102999566398
12,1954,1.69134676413482,1.12763625255165,4.48410400670492,2.80102999566398
12,1955,1.69134676413482,1.12763625255165,4.48410400670492,2.80102999566398
12,1956,1.69134676413482,1.12763625255165,4.48410400670492,2.80102999566398
12,1957,1.69134676413482,1.12763625255165,4.48410400670492,2.80102999566398
12,1958,1.69134676413482,1.12763625255165,4.48410400670492,2.80102999566398
12,1959,1.69134676413482,1.12763625255165,4.48410400670492,2.80102999566398
12,1960,1.69134676413482,1.12763625255165,4.48410400670492,2.80102999566398
12,1961,1.69134676413482,1.12763625255165,4.48410400670492,2.80102999566398
12,1962,1.69134676413482,1.12763625255165,4.48410400670492,2.80102999566398
12,1963,1.69134676413482,1.12763625255165,4.48410400670492,2.80102999566398
12,1964,1.69134676413482,1.12763625255165,4.48410400670492,2.80102999566398
12,1965,1.69134676413482,1.12763625255165,4.48410400670492,2.80102999566398
12,1966,1.69134676413482,1.12763625255165,4.48410400670492,2.80102999566398
12,1967,1.69134676413482,1.12763625255165,4.48410400670492,2.80102999566398
12,1968,1.69134676413482,1.12763625255165,4.48410400670492,2.80102999566398
12,1969,1.69134676413482,1.12763625255165,4.48410400670492,2.80102999566398
12,1970,1.69134676413482,1.12763625255165,4.48410400670492,2.80102999566398
12,1971,1.69134676413482,1.12763625255165,4.48410400670492,2.80102999566398
12,1972,1.69134676413482,1.12763625255165,4.48410400670492,2.80102999566398
12,1973,1.69134676413482,1.12763625255165,4.48410400670492,2.80102999566398
12,1974,1.69134676413482,1.12763625255165,4.48410400670492,2.80102999566398
12,1975,1.69134676413482,1.12763625255165,4.48410400670492,2.80102999566398
12,1976,1.69134676413482,1.12763625255165,4.48410400670492,2.80102999566398
12,1977,1.69134676413482,1.12763625255165,4.48410400670492,2.80102999566398
12,1978,1.69134676413482,1.12763625255165,4.48410400670492,2.80102999566398
12,1979,1.69134676413482,1.12763625255165,4.48410400670492,2.80102999566398
12,1980,1.69134676413482,1.12763625255165,4.48410400670492,2.80102999566398
12,1981,1.69134676413482,1.12763625255165,4.48410400670492,2.80102999566398
12,1982,1.69134676413482,1.12763625255165,4.48410400670492,2.80102999566398
12,1983,1.69134676413482,1.12763625255165,4.48410400670492,2.80102999566398
12,1984,1.69134676413482,1.12763625255165,4.48410400670492,2.80102999566398
12,1985,1.69134676413482,1.12763625255165,4.48410400670492,2.80102999566398
12,1986,1.69134676413482,1.12763625255165,4.48410400670492,2.80102999566398
12,1987,1.69134676413482,1.12763625255165,4.48410400670492,2.80102999566398
12,1988,1.69134676413482,1.12763625255165,4.48410400670492,2.80102999566398
12,1989,1.69134676413482,1.12763625255165,4.48410400670492,2.80102999566398
12,1990,1.69134676413482,1.12763625255165,4.48410400670492,2.80102999566398
12,1991,1.69134676413482,1.12763625255165,4.48410400670492,2.80102999566398
12,1992,1.69134676413482,1.12763625255165,4.48410400670492,2.80102999566398
12,1993,1.69134676413482,1.12763625255165,4.48410400670492,2.80102999566398
12,1994,1.69134676413482,1.12763625255165,4.48410400670492,2.80102999566398
12,1995,1.69134676413482,1.12763625255165,4.48410400670492,2.80102999566398
12,1996,1.69134676413482,1.12763625255165,4.48410400670492,2.80102999566398
12,1997,1.69134676413482,1.12763625255165,4.48410400670492,2.80102999566398
12,1998,1.69134676413482,1.12763625255165,4.48410400670492,2.80102999566398
12,1999,1.69134676413482,1.12763625255165,4.48410400670492,2.80102999566398
12,2000,1.69134676413482,1.12763625255165,4.48410400670492,2.80102999566398
12,2001,1.69134676413482,1.12763625255165,4.48410400670492,2.80102999566398
12,2002,1.69134676413482,1.12763625255165,4.48410400670492,2.80102999566398
12,2003,1.69134676413482,1.12763625255165,4.48410400670492,2.80102999566398
12,2004,1.69134676413482,1.12763625255165,4.48410400670492,2.80102999566398
12,2005,1.69134676413482,1.12763625255165,4.48410400670492,2.80102999566398
12,2006,1.69134676413482,1.12763625255165,4.48410400670492,2.80102999566398
12,2007,1.69134676413482,1.12763625255165,4.48410400670492,2.80102999566398
12,2008,1.69134676413482,1.12763625255165,4.48410400670492,2.80102999566398
12,2009,1.69134676413482,1.12763625255165,4.48410400670492,2.80102999566398
12,2010,1.69134676413482,1.12763625255165,4.48410400670492,2.80102999566398
12,2011,1.69134676413482,1.12763625255165,4.48410400670492,2.80102999566398
12,2012,1.69134676413482,1.12763625255165,4.48410400670492,2.80102999566398
12,2013,1.69134676413482,1.12763625255165,4.48410400670492,2.80102999566398
12,2014,1.69134676413482,1.12763625255165,4.48410400670492,2.80102999566398
12,2015,1.69134676413482,1.12763625255165,4.48410400670492,2.80102999566398
12,2016,1.69134676413482,1.12763625255165,4.48410400670492,2.80102999566398
12,2017,1.69134676413482,1.12763625255165,4.48410400670492,2.80102999566398
13,1931,-0.193820026016113,NA,2.43136376415899,NA
13,1932,-0.193820026016113,NA,2.43136376415899,NA
13,1933,-0.193820026016113,NA,2.43136376415899,NA
13,1934,-0.193820026016113,NA,2.43136376415899,NA
13,1935,-0.193820026016113,NA,2.43136376415899,NA
13,1936,-0.193820026016113,NA,2.43136376415899,NA
13,1937,-0.193820026016113,NA,2.43136376415899,NA
13,1938,-0.193820026016113,NA,2.43136376415899,NA
13,1939,-0.193820026016113,NA,2.43136376415899,NA
13,1940,-0.193820026016113,NA,2.43136376415899,NA
13,1941,-0.193820026016113,NA,2.43136376415899,NA
13,1942,-0.193820026016113,NA,2.43136376415899,NA
13,1943,-0.193820026016113,NA,2.43136376415899,NA
13,1944,-0.193820026016113,NA,2.43136376415899,NA
13,1945,-0.193820026016113,NA,2.43136376415899,NA
13,1946,-0.193820026016113,NA,2.43136376415899,NA
13,1947,-0.193820026016113,NA,2.43136376415899,NA
13,1948,-0.193820026016113,NA,2.43136376415899,NA
13,1949,-0.193820026016113,NA,2.43136376415899,NA
13,1950,1.69134676413482,1.5,4.48410400670492,2.80102999566398
13,1951,1.69134676413482,1.5,4.48410400670492,2.80102999566398
13,1952,1.69134676413482,1.5,4.48410400670492,2.80102999566398
13,1953,1.69134676413482,1.5,4.48410400670492,2.80102999566398
13,1954,1.69134676413482,1.5,4.48410400670492,2.80102999566398
13,1955,1.69134676413482,1.5,4.48410400670492,2.80102999566398
13,1956,1.69134676413482,1.5,4.48410400670492,2.80102999566398
13,1957,1.69134676413482,1.5,4.48410400670492,2.80102999566398
13,1958,1.69134676413482,1.5,4.48410400670492,2.80102999566398
13,1959,1.69134676413482,1.5,4.48410400670492,2.80102999566398
13,1960,1.69134676413482,1.5,4.48410400670492,2.80102999566398
13,1961,1.69134676413482,1.5,4.48410400670492,2.80102999566398
13,1962,1.69134676413482,1.5,4.48410400670492,2.80102999566398
13,1963,1.69134676413482,1.5,4.48410400670492,2.80102999566398
13,1964,1.69134676413482,1.5,4.48410400670492,2.80102999566398
13,1965,1.69134676413482,1.5,4.48410400670492,2.80102999566398
13,1966,1.69134676413482,1.5,4.48410400670492,2.80102999566398
13,1967,1.69134676413482,1.5,4.48410400670492,2.80102999566398
13,1968,1.69134676413482,1.5,3.33445375115093,2.80102999566398
13,1969,1.69134676413482,1.5,4.48410400670492,2.80102999566398
13,1970,1.69134676413482,1.5,3.33445375115093,2.80102999566398
13,1971,1.69134676413482,1.5,4.48410400670492,2.80102999566398
13,1972,1.69134676413482,1.5,4.48410400670492,2.80102999566398
13,1973,1.69134676413482,1.5,4.48410400670492,2.80102999566398
13,1974,1.69134676413482,1.5,3.33445375115093,2.80102999566398
13,1975,1.69134676413482,1.12763625255165,3.33445375115093,2.80102999566398
13,1976,1.69134676413482,1.5,3.33445375115093,2.80102999566398
13,1977,1.69134676413482,1.5,4.48410400670492,2.80102999566398
13,1978,1.69134676413482,1.5,3.33445375115093,2.80102999566398
13,1979,1.69134676413482,1.5,4.48410400670492,2.80102999566398
13,1980,1.69134676413482,1.5,4.48410400670492,2.80102999566398
13,1981,1.69134676413482,1.5,4.48410400670492,2.80102999566398
13,1982,1.69134676413482,1.12763625255165,4.48410400670492,2.80102999566398
13,1983,1.69134676413482,1.12763625255165,4.48410400670492,2.80102999566398
13,1984,1.69134676413482,1.12763625255165,4.48410400670492,2.80102999566398
13,1985,1.69134676413482,1.12763625255165,4.48410400670492,2.80102999566398
13,1986,1.69134676413482,1.12763625255165,4.48410400670492,2.80102999566398
13,1987,1.69134676413482,1.12763625255165,4.48410400670492,2.80102999566398
13,1988,1.69134676413482,1.12763625255165,4.48410400670492,2.80102999566398
13,1989,1.69134676413482,1.12763625255165,4.48410400670492,2.80102999566398
13,1990,1.69134676413482,1.12763625255165,4.48410400670492,2.80102999566398
13,1991,1.69134676413482,1.12763625255165,4.48410400670492,2.80102999566398
13,1992,1.69134676413482,1.12763625255165,4.48410400670492,2.80102999566398
13,1993,1.69134676413482,1.12763625255165,4.48410400670492,2.80102999566398
13,1994,1.69134676413482,1.12763625255165,4.48410400670492,2.80102999566398
13,1995,1.69134676413482,1.12763625255165,4.48410400670492,2.80102999566398
13,1996,1.69134676413482,1.12763625255165,4.48410400670492,2.80102999566398
13,1997,1.69134676413482,1.12763625255165,4.48410400670492,2.80102999566398
13,1998,1.69134676413482,1.12763625255165,4.48410400670492,2.80102999566398
13,1999,1.69134676413482,1.12763625255165,4.48410400670492,2.80102999566398
13,2000,1.69134676413482,1.12763625255165,4.48410400670492,2.80102999566398
13,2001,1.69134676413482,1.12763625255165,4.48410400670492,2.80102999566398
13,2002,1.69134676413482,1.12763625255165,4.48410400670492,2.80102999566398
13,2003,1.69134676413482,1.12763625255165,4.48410400670492,2.80102999566398
13,2004,1.69134676413482,1.12763625255165,4.48410400670492,2.80102999566398
13,2005,1.69134676413482,1.12763625255165,4.48410400670492,2.80102999566398
13,2006,1.69134676413482,1.12763625255165,4.48410400670492,2.80102999566398
13,2007,1.69134676413482,1.12763625255165,4.48410400670492,2.80102999566398
13,2008,1.69134676413482,1.12763625255165,4.48410400670492,2.80102999566398
13,2009,1.69134676413482,1.12763625255165,4.48410400670492,2.80102999566398
13,2010,1.69134676413482,1.12763625255165,4.48410400670492,2.80102999566398
13,2011,1.69134676413482,1.12763625255165,4.48410400670492,2.80102999566398
13,2012,1.69134676413482,1.12763625255165,4.48410400670492,2.80102999566398
13,2013,1.69134676413482,1.12763625255165,4.48410400670492,2.80102999566398
13,2014,1.69134676413482,1.12763625255165,4.48410400670492,2.80102999566398
13,2015,1.69134676413482,1.12763625255165,4.48410400670492,2.80102999566398
13,2016,1.69134676413482,1.12763625255165,4.48410400670492,2.80102999566398
13,2017,1.69134676413482,1.12763625255165,4.48410400670492,2.80102999566398
14,1930,-0.193820026016113,NA,2.43136376415899,NA
14,1931,-0.193820026016113,NA,2.43136376415899,NA
14,1932,-0.193820026016113,NA,2.43136376415899,NA
14,1933,-0.193820026016113,NA,2.43136376415899,NA
14,1934,-0.193820026016113,NA,2.43136376415899,NA
14,1935,-0.193820026016113,NA,2.43136376415899,NA
14,1936,-0.193820026016113,NA,2.43136376415899,NA
14,1937,-0.193820026016113,NA,2.43136376415899,NA
14,1938,-0.193820026016113,NA,2.43136376415899,NA
14,1939,-0.193820026016113,NA,2.43136376415899,NA
14,1940,-0.193820026016113,NA,2.43136376415899,NA
14,1941,-0.193820026016113,NA,2.43136376415899,NA
14,1942,-0.193820026016113,NA,2.43136376415899,NA
14,1943,-0.193820026016113,NA,2.43136376415899,NA
14,1944,-0.193820026016113,NA,2.43136376415899,NA
14,1945,-0.193820026016113,NA,2.43136376415899,NA
14,1946,-0.193820026016113,NA,2.43136376415899,NA
14,1947,-0.193820026016113,NA,2.43136376415899,NA
14,1948,-0.193820026016113,NA,2.43136376415899,NA
14,1949,-0.193820026016113,NA,2.43136376415899,NA
14,1950,1.69134676413482,1.12763625255165,4.48410400670492,1.5
14,1951,1.69134676413482,1.12763625255165,4.48410400670492,1.5
14,1952,1.69134676413482,1.12763625255165,4.48410400670492,1.5
14,1953,1.69134676413482,1.12763625255165,4.48410400670492,1.5
14,1954,1.69134676413482,1.12763625255165,4.48410400670492,2.80102999566398
14,1955,1.69134676413482,1.12763625255165,4.48410400670492,1.5
14,1956,1.69134676413482,1.12763625255165,4.48410400670492,1.5
14,1957,1.69134676413482,1.12763625255165,4.48410400670492,2.80102999566398
14,1958,1.69134676413482,1.12763625255165,4.48410400670492,1.5
14,1959,1.69134676413482,1.12763625255165,4.48410400670492,2.80102999566398
14,1960,1.69134676413482,1.12763625255165,4.48410400670492,2.80102999566398
14,1961,1.69134676413482,1.12763625255165,4.48410400670492,1.5
14,1962,1.69134676413482,1.12763625255165,4.48410400670492,1.5
14,1963,1.69134676413482,1.12763625255165,4.48410400670492,1.5
14,1964,1.69134676413482,1.12763625255165,4.48410400670492,1.5
14,1965,1.69134676413482,1.12763625255165,4.48410400670492,2.80102999566398
14,1966,1.69134676413482,1.12763625255165,4.48410400670492,2.80102999566398
14,1967,1.69134676413482,1.12763625255165,4.48410400670492,2.80102999566398
14,1968,1.69134676413482,1.12763625255165,4.48410400670492,2.80102999566398
14,1969,1.69134676413482,1.12763625255165,4.48410400670492,2.80102999566398
14,1970,1.69134676413482,1.12763625255165,4.48410400670492,1.5
14,1971,1.69134676413482,1.12763625255165,4.48410400670492,2.80102999566398
14,1972,1.69134676413482,1.12763625255165,4.48410400670492,2.80102999566398
14,1973,1.69134676413482,1.12763625255165,4.48410400670492,2.80102999566398
14,1974,1.69134676413482,1.12763625255165,4.48410400670492,2.80102999566398
14,1975,1.69134676413482,1.12763625255165,4.48410400670492,2.80102999566398
14,1976,1.69134676413482,1.12763625255165,4.48410400670492,2.80102999566398
14,1977,1.69134676413482,1.12763625255165,4.48410400670492,2.80102999566398
14,1978,1.69134676413482,1.12763625255165,4.48410400670492,2.80102999566398
14,1979,1.69134676413482,1.5,4.48410400670492,2.80102999566398
14,1980,1.69134676413482,1.12763625255165,4.48410400670492,2.80102999566398
14,1981,1.69134676413482,1.12763625255165,4.48410400670492,2.80102999566398
14,1982,1.69134676413482,1.12763625255165,4.48410400670492,2.80102999566398
14,1983,1.69134676413482,1.12763625255165,4.48410400670492,2.80102999566398
14,1984,1.69134676413482,1.12763625255165,4.48410400670492,2.80102999566398
14,1985,1.69134676413482,1.12763625255165,4.48410400670492,2.80102999566398
14,1986,1.69134676413482,1.12763625255165,4.48410400670492,2.80102999566398
14,1987,1.69134676413482,1.12763625255165,4.48410400670492,2.80102999566398
14,1988,1.69134676413482,1.12763625255165,4.48410400670492,2.80102999566398
14,1989,1.69134676413482,1.12763625255165,4.48410400670492,2.80102999566398
14,1990,1.69134676413482,1.12763625255165,4.48410400670492,2.80102999566398
14,1991,1.69134676413482,1.12763625255165,4.48410400670492,2.80102999566398
14,1992,1.69134676413482,1.12763625255165,4.48410400670492,2.80102999566398
14,1993,1.69134676413482,1.12763625255165,4.48410400670492,2.80102999566398
14,1994,1.69134676413482,1.12763625255165,4.48410400670492,2.80102999566398
14,1995,1.69134676413482,1.12763625255165,4.48410400670492,2.80102999566398
14,1996,1.69134676413482,1.12763625255165,4.48410400670492,2.80102999566398
14,1997,1.69134676413482,1.12763625255165,4.48410400670492,2.80102999566398
14,1998,1.69134676413482,1.12763625255165,4.48410400670492,2.80102999566398
14,1999,1.69134676413482,1.12763625255165,4.48410400670492,2.80102999566398
14,2000,1.69134676413482,1.12763625255165,4.48410400670492,2.80102999566398
14,2001,1.69134676413482,1.12763625255165,4.48410400670492,1.5
14,2002,1.69134676413482,1.12763625255165,4.48410400670492,1.5
14,2003,1.69134676413482,1.12763625255165,4.48410400670492,2.80102999566398
14,2004,1.69134676413482,1.12763625255165,4.48410400670492,2.80102999566398
14,2005,1.69134676413482,1.12763625255165,4.48410400670492,2.80102999566398
14,2006,1.69134676413482,1.12763625255165,4.48410400670492,1.5
14,2007,1.69134676413482,1.12763625255165,4.48410400670492,1.5
14,2008,1.69134676413482,1.12763625255165,4.48410400670492,2.80102999566398
14,2009,1.69134676413482,1.12763625255165,4.48410400670492,1.5
14,2010,1.69134676413482,1.12763625255165,4.48410400670492,1.5
14,2011,1.69134676413482,1.12763625255165,4.48410400670492,2.80102999566398
14,2012,1.69134676413482,1.12763625255165,4.48410400670492,2.80102999566398
14,2013,1.69134676413482,1.12763625255165,4.48410400670492,2.80102999566398
14,2014,1.69134676413482,1.12763625255165,4.48410400670492,2.80102999566398
14,2015,1.69134676413482,1.12763625255165,4.48410400670492,2.80102999566398
14,2016,1.69134676413482,1.12763625255165,4.48410400670492,2.80102999566398
14,2017,1.69134676413482,1.12763625255165,4.48410400670492,2.80102999566398
15,1939,-0.193820026016113,NA,2.43136376415899,NA
15,1940,-0.193820026016113,NA,2.43136376415899,NA
15,1941,-0.193820026016113,NA,2.43136376415899,NA
15,1942,-0.193820026016113,NA,2.43136376415899,NA
15,1943,-0.193820026016113,NA,2.43136376415899,NA
15,1944,-0.193820026016113,NA,2.43136376415899,NA
15,1945,-0.193820026016113,NA,2.43136376415899,NA
15,1946,-0.193820026016113,NA,2.43136376415899,NA
15,1947,-0.193820026016113,NA,2.43136376415899,NA
15,1948,-0.193820026016113,NA,2.43136376415899,NA
15,1949,-0.193820026016113,NA,2.43136376415899,NA
15,1950,1.69134676413482,1.12763625255165,4.48410400670492,2.80102999566398
15,1951,1.69134676413482,1.12763625255165,4.48410400670492,2.80102999566398
15,1952,1.69134676413482,1.12763625255165,4.48410400670492,2.80102999566398
15,1953,1.69134676413482,1.12763625255165,4.48410400670492,2.80102999566398
15,1954,1.69134676413482,1.12763625255165,4.48410400670492,2.80102999566398
15,1955,1.69134676413482,1.12763625255165,4.48410400670492,2.80102999566398
15,1956,1.69134676413482,1.12763625255165,4.48410400670492,2.80102999566398
15,1957,1.69134676413482,1.12763625255165,4.48410400670492,2.80102999566398
15,1958,1.69134676413482,1.12763625255165,4.48410400670492,2.80102999566398
15,1959,1.69134676413482,1.12763625255165,4.48410400670492,2.80102999566398
15,1960,1.69134676413482,1.12763625255165,4.48410400670492,2.80102999566398
15,1961,1.69134676413482,1.12763625255165,4.48410400670492,2.80102999566398
15,1962,1.69134676413482,1.12763625255165,4.48410400670492,2.80102999566398
15,1963,1.69134676413482,1.12763625255165,4.48410400670492,2.80102999566398
15,1964,1.69134676413482,1.12763625255165,4.48410400670492,2.80102999566398
15,1965,1.69134676413482,1.12763625255165,4.48410400670492,2.80102999566398
15,1966,1.69134676413482,1.12763625255165,4.48410400670492,2.80102999566398
15,1967,1.69134676413482,1.12763625255165,4.48410400670492,2.80102999566398
15,1968,1.69134676413482,1.12763625255165,4.48410400670492,2.80102999566398
15,1969,1.69134676413482,1.12763625255165,4.48410400670492,2.80102999566398
15,1970,1.69134676413482,1.12763625255165,4.48410400670492,2.80102999566398
15,1971,1.69134676413482,1.12763625255165,4.48410400670492,2.80102999566398
15,1972,1.69134676413482,1.12763625255165,4.48410400670492,2.80102999566398
15,1973,1.69134676413482,1.12763625255165,4.48410400670492,2.80102999566398
15,1974,1.69134676413482,1.12763625255165,4.48410400670492,2.80102999566398
15,1975,1.69134676413482,1.12763625255165,4.48410400670492,2.80102999566398
15,1976,1.69134676413482,1.12763625255165,4.48410400670492,2.80102999566398
15,1977,1.69134676413482,1.12763625255165,4.48410400670492,2.80102999566398
15,1978,1.69134676413482,1.12763625255165,4.48410400670492,2.80102999566398
15,1979,1.69134676413482,1.12763625255165,4.48410400670492,2.80102999566398
15,1980,1.69134676413482,1.12763625255165,4.48410400670492,2.80102999566398
15,1981,1.69134676413482,1.12763625255165,4.48410400670492,2.80102999566398
15,1982,1.69134676413482,1.12763625255165,4.48410400670492,2.80102999566398
15,1983,1.69134676413482,1.12763625255165,4.48410400670492,2.80102999566398
15,1984,1.69134676413482,1.12763625255165,4.48410400670492,2.80102999566398
15,1985,1.69134676413482,1.12763625255165,4.48410400670492,2.80102999566398
15,1986,1.69134676413482,1.12763625255165,4.48410400670492,2.80102999566398
15,1987,1.69134676413482,1.12763625255165,4.48410400670492,2.80102999566398
15,1988,1.69134676413482,1.12763625255165,4.48410400670492,2.80102999566398
15,1989,1.69134676413482,1.12763625255165,4.48410400670492,2.80102999566398
15,1990,1.69134676413482,1.12763625255165,4.48410400670492,2.80102999566398
15,1991,1.69134676413482,1.12763625255165,4.48410400670492,2.80102999566398
15,1992,1.69134676413482,1.12763625255165,4.48410400670492,2.80102999566398
15,1993,1.69134676413482,1.12763625255165,4.48410400670492,2.80102999566398
15,1994,1.69134676413482,1.12763625255165,4.48410400670492,2.80102999566398
15,1995,1.69134676413482,1.12763625255165,4.48410400670492,2.80102999566398
15,1996,1.69134676413482,1.12763625255165,4.48410400670492,2.80102999566398
15,1997,1.69134676413482,1.12763625255165,4.48410400670492,2.80102999566398
15,1998,1.69134676413482,1.12763625255165,4.48410400670492,2.80102999566398
15,1999,1.69134676413482,1.12763625255165,4.48410400670492,2.80102999566398
15,2000,1.69134676413482,1.12763625255165,4.48410400670492,2.80102999566398
15,2001,1.69134676413482,1.12763625255165,4.48410400670492,2.80102999566398
15,2002,1.69134676413482,1.12763625255165,4.48410400670492,2.80102999566398
15,2003,1.69134676413482,1.12763625255165,4.48410400670492,2.80102999566398
15,2004,1.69134676413482,1.12763625255165,4.48410400670492,2.80102999566398
15,2005,1.69134676413482,1.12763625255165,4.48410400670492,2.80102999566398
15,2006,1.69134676413482,1.12763625255165,4.48410400670492,2.80102999566398
15,2007,1.69134676413482,1.12763625255165,4.48410400670492,2.80102999566398
15,2008,1.69134676413482,1.12763625255165,4.48410400670492,2.80102999566398
15,2009,1.69134676413482,1.12763625255165,4.48410400670492,2.80102999566398
15,2010,1.69134676413482,1.12763625255165,4.48410400670492,2.80102999566398
15,2011,1.69134676413482,1.12763625255165,4.48410400670492,2.80102999566398
15,2012,1.69134676413482,1.12763625255165,4.48410400670492,2.80102999566398
15,2013,1.69134676413482,1.12763625255165,4.48410400670492,2.80102999566398
15,2014,1.69134676413482,1.12763625255165,4.48410400670492,2.80102999566398
15,2015,1.69134676413482,1.12763625255165,4.48410400670492,2.80102999566398
15,2016,1.69134676413482,1.12763625255165,4.48410400670492,2.80102999566398
15,2017,1.69134676413482,1.12763625255165,4.48410400670492,2.80102999566398
16,1939,-0.193820026016113,NA,2.43136376415899,NA
16,1940,-0.193820026016113,NA,2.43136376415899,NA
16,1941,-0.193820026016113,NA,2.43136376415899,NA
16,1942,-0.193820026016113,NA,2.43136376415899,NA
16,1943,-0.193820026016113,NA,2.43136376415899,NA
16,1944,-0.193820026016113,NA,2.43136376415899,NA
16,1945,-0.193820026016113,NA,2.43136376415899,NA
16,1946,-0.193820026016113,NA,2.43136376415899,NA
16,1947,-0.193820026016113,NA,2.43136376415899,NA
16,1948,-0.193820026016113,NA,2.43136376415899,NA
16,1949,-0.193820026016113,NA,2.43136376415899,NA
16,1950,1.69134676413482,1.12763625255165,4.48410400670492,2.80102999566398
16,1951,1.69134676413482,1.12763625255165,4.48410400670492,2.80102999566398
16,1952,1.69134676413482,1.12763625255165,4.48410400670492,2.80102999566398
16,1953,1.69134676413482,1.12763625255165,4.48410400670492,2.80102999566398
16,1954,1.69134676413482,1.12763625255165,4.48410400670492,2.80102999566398
16,1955,1.69134676413482,1.12763625255165,4.48410400670492,2.80102999566398
16,1956,1.69134676413482,1.12763625255165,4.48410400670492,2.80102999566398
16,1957,1.69134676413482,1.12763625255165,4.48410400670492,2.80102999566398
16,1958,1.69134676413482,1.12763625255165,4.48410400670492,2.80102999566398
16,1959,1.69134676413482,1.12763625255165,4.48410400670492,2.80102999566398
16,1960,1.69134676413482,1.12763625255165,4.48410400670492,2.80102999566398
16,1961,1.69134676413482,1.12763625255165,4.48410400670492,2.80102999566398
16,1962,1.69134676413482,1.12763625255165,4.48410400670492,2.80102999566398
16,1963,1.69134676413482,1.12763625255165,4.48410400670492,2.80102999566398
16,1964,1.69134676413482,1.12763625255165,4.48410400670492,2.80102999566398
16,1965,1.69134676413482,1.12763625255165,4.48410400670492,2.80102999566398
16,1966,1.69134676413482,1.12763625255165,4.48410400670492,2.80102999566398
16,1967,1.69134676413482,1.12763625255165,4.48410400670492,2.80102999566398
16,1968,1.69134676413482,1.12763625255165,4.48410400670492,2.80102999566398
16,1969,1.69134676413482,1.12763625255165,4.48410400670492,2.80102999566398
16,1970,1.69134676413482,1.12763625255165,4.48410400670492,2.80102999566398
16,1971,1.69134676413482,1.12763625255165,4.48410400670492,2.80102999566398
16,1972,1.69134676413482,1.12763625255165,4.48410400670492,2.80102999566398
16,1973,1.69134676413482,1.12763625255165,4.48410400670492,2.80102999566398
16,1974,1.69134676413482,1.12763625255165,4.48410400670492,2.80102999566398
16,1975,1.69134676413482,1.12763625255165,4.48410400670492,2.80102999566398
16,1976,1.69134676413482,1.12763625255165,4.48410400670492,2.80102999566398
16,1977,1.69134676413482,1.12763625255165,4.48410400670492,2.80102999566398
16,1978,1.69134676413482,1.12763625255165,4.48410400670492,2.80102999566398
16,1979,1.69134676413482,1.12763625255165,4.48410400670492,2.80102999566398
16,1980,1.69134676413482,1.12763625255165,4.48410400670492,2.80102999566398
16,1981,1.69134676413482,1.12763625255165,4.48410400670492,2.80102999566398
16,1982,1.69134676413482,1.12763625255165,4.48410400670492,2.80102999566398
16,1983,1.69134676413482,1.12763625255165,4.48410400670492,2.80102999566398
16,1984,1.69134676413482,1.12763625255165,4.48410400670492,2.80102999566398
16,1985,1.69134676413482,1.12763625255165,4.48410400670492,2.80102999566398
16,1986,1.69134676413482,1.12763625255165,4.48410400670492,2.80102999566398
16,1987,1.69134676413482,1.12763625255165,4.48410400670492,2.80102999566398
16,1988,1.69134676413482,1.12763625255165,4.48410400670492,2.80102999566398
16,1989,1.69134676413482,1.12763625255165,4.48410400670492,2.80102999566398
16,1990,1.69134676413482,1.12763625255165,4.48410400670492,2.80102999566398
16,1991,1.69134676413482,1.12763625255165,4.48410400670492,2.80102999566398
16,1992,1.69134676413482,1.12763625255165,4.48410400670492,2.80102999566398
16,1993,1.69134676413482,1.12763625255165,4.48410400670492,2.80102999566398
16,1994,1.69134676413482,1.12763625255165,4.48410400670492,2.80102999566398
16,1995,1.69134676413482,1.12763625255165,4.48410400670492,2.80102999566398
16,1996,1.69134676413482,1.12763625255165,4.48410400670492,2.80102999566398
16,1997,1.69134676413482,1.12763625255165,4.48410400670492,2.80102999566398
16,1998,1.69134676413482,1.12763625255165,4.48410400670492,2.80102999566398
16,1999,1.69134676413482,1.12763625255165,4.48410400670492,2.80102999566398
16,2000,1.69134676413482,1.12763625255165,4.48410400670492,2.80102999566398
16,2001,1.69134676413482,1.12763625255165,4.48410400670492,2.80102999566398
16,2002,1.69134676413482,1.12763625255165,4.48410400670492,2.80102999566398
16,2003,1.69134676413482,1.12763625255165,4.48410400670492,2.80102999566398
16,2004,1.69134676413482,1.12763625255165,4.48410400670492,2.80102999566398
16,2005,1.69134676413482,1.12763625255165,4.48410400670492,2.80102999566398
16,2006,1.69134676413482,1.12763625255165,4.48410400670492,2.80102999566398
16,2007,1.69134676413482,1.12763625255165,4.48410400670492,2.80102999566398
16,2008,1.69134676413482,1.12763625255165,4.48410400670492,2.80102999566398
16,2009,1.69134676413482,1.12763625255165,4.48410400670492,2.80102999566398
16,2010,1.69134676413482,1.12763625255165,4.48410400670492,2.80102999566398
16,2011,1.69134676413482,1.12763625255165,4.48410400670492,2.80102999566398
16,2012,1.69134676413482,1.12763625255165,4.48410400670492,2.80102999566398
16,2013,1.69134676413482,1.12763625255165,4.48410400670492,2.80102999566398
16,2014,1.69134676413482,1.12763625255165,4.48410400670492,2.80102999566398
16,2015,1.69134676413482,1.12763625255165,4.48410400670492,2.80102999566398
16,2016,1.69134676413482,1.12763625255165,4.48410400670492,2.80102999566398
16,2017,1.69134676413482,1.12763625255165,4.48410400670492,2.80102999566398
17,1939,-0.193820026016113,NA,2.43136376415899,NA
17,1940,-0.193820026016113,NA,2.43136376415899,NA
17,1941,-0.193820026016113,NA,2.43136376415899,NA
17,1942,-0.193820026016113,NA,2.43136376415899,NA
17,1943,-0.193820026016113,NA,2.43136376415899,NA
17,1944,-0.193820026016113,NA,2.43136376415899,NA
17,1945,-0.193820026016113,NA,2.43136376415899,NA
17,1946,-0.193820026016113,NA,2.43136376415899,NA
17,1947,-0.193820026016113,NA,2.43136376415899,NA
17,1948,-0.193820026016113,NA,2.43136376415899,NA
17,1949,-0.193820026016113,NA,2.43136376415899,NA
17,1950,1.69134676413482,1.12763625255165,4.48410400670492,2.80102999566398
17,1951,1.69134676413482,1.12763625255165,4.48410400670492,2.80102999566398
17,1952,1.69134676413482,1.12763625255165,4.48410400670492,2.80102999566398
17,1953,1.69134676413482,1.12763625255165,4.48410400670492,2.80102999566398
17,1954,1.69134676413482,1.12763625255165,4.48410400670492,2.80102999566398
17,1955,1.69134676413482,1.12763625255165,4.48410400670492,2.80102999566398
17,1956,1.69134676413482,1.12763625255165,4.48410400670492,2.80102999566398
17,1957,1.69134676413482,1.12763625255165,4.48410400670492,2.80102999566398
17,1958,1.69134676413482,1.12763625255165,4.48410400670492,2.80102999566398
17,1959,1.69134676413482,1.12763625255165,4.48410400670492,2.80102999566398
17,1960,1.69134676413482,1.12763625255165,4.48410400670492,2.80102999566398
17,1961,1.69134676413482,1.12763625255165,4.48410400670492,2.80102999566398
17,1962,1.69134676413482,1.12763625255165,4.48410400670492,2.80102999566398
17,1963,1.69134676413482,1.12763625255165,4.48410400670492,2.80102999566398
17,1964,1.69134676413482,1.12763625255165,4.48410400670492,2.80102999566398
17,1965,1.69134676413482,1.12763625255165,4.48410400670492,2.80102999566398
17,1966,1.69134676413482,1.12763625255165,4.48410400670492,2.80102999566398
17,1967,1.69134676413482,1.12763625255165,4.48410400670492,2.80102999566398
17,1968,1.69134676413482,1.12763625255165,4.48410400670492,2.80102999566398
17,1969,1.69134676413482,1.12763625255165,4.48410400670492,2.80102999566398
17,1970,1.69134676413482,1.12763625255165,4.48410400670492,2.80102999566398
17,1971,1.69134676413482,1.12763625255165,4.48410400670492,2.80102999566398
17,1972,1.69134676413482,1.12763625255165,4.48410400670492,2.80102999566398
17,1973,1.69134676413482,1.12763625255165,4.48410400670492,2.80102999566398
17,1974,1.69134676413482,1.12763625255165,4.48410400670492,2.80102999566398
17,1975,1.69134676413482,1.12763625255165,4.48410400670492,2.80102999566398
17,1976,1.69134676413482,1.12763625255165,4.48410400670492,2.80102999566398
17,1977,1.69134676413482,1.12763625255165,4.48410400670492,2.80102999566398
17,1978,1.69134676413482,1.12763625255165,4.48410400670492,2.80102999566398
17,1979,1.69134676413482,1.12763625255165,4.48410400670492,2.80102999566398
17,1980,1.69134676413482,1.12763625255165,4.48410400670492,2.80102999566398
17,1981,1.69134676413482,1.12763625255165,4.48410400670492,2.80102999566398
17,1982,1.69134676413482,1.12763625255165,4.48410400670492,2.80102999566398
17,1983,1.69134676413482,1.12763625255165,4.48410400670492,2.80102999566398
17,1984,1.69134676413482,1.12763625255165,4.48410400670492,2.80102999566398
17,1985,1.69134676413482,1.12763625255165,4.48410400670492,2.80102999566398
17,1986,1.69134676413482,1.12763625255165,4.48410400670492,2.80102999566398
17,1987,1.69134676413482,1.12763625255165,4.48410400670492,2.80102999566398
17,1988,1.69134676413482,1.12763625255165,4.48410400670492,2.80102999566398
17,1989,1.69134676413482,1.12763625255165,4.48410400670492,2.80102999566398
17,1990,1.69134676413482,1.12763625255165,4.48410400670492,2.80102999566398
17,1991,1.69134676413482,1.12763625255165,4.48410400670492,2.80102999566398
17,1992,1.69134676413482,1.12763625255165,4.48410400670492,2.80102999566398
17,1993,1.69134676413482,1.12763625255165,4.48410400670492,2.80102999566398
17,1994,1.69134676413482,1.12763625255165,4.48410400670492,2.80102999566398
17,1995,1.69134676413482,1.12763625255165,4.48410400670492,2.80102999566398
17,1996,1.69134676413482,1.12763625255165,4.48410400670492,2.80102999566398
17,1997,1.69134676413482,1.12763625255165,4.48410400670492,2.80102999566398
17,1998,1.69134676413482,1.12763625255165,4.48410400670492,2.80102999566398
17,1999,1.69134676413482,1.12763625255165,4.48410400670492,2.80102999566398
17,2000,1.69134676413482,1.12763625255165,4.48410400670492,2.80102999566398
17,2001,1.69134676413482,1.12763625255165,4.48410400670492,2.80102999566398
17,2002,1.69134676413482,1.12763625255165,4.48410400670492,2.80102999566398
17,2003,1.69134676413482,1.12763625255165,4.48410400670492,2.80102999566398
17,2004,1.69134676413482,1.12763625255165,4.48410400670492,2.80102999566398
17,2005,1.69134676413482,1.12763625255165,4.48410400670492,2.80102999566398
17,2006,1.69134676413482,1.12763625255165,4.48410400670492,2.80102999566398
17,2007,1.69134676413482,1.12763625255165,4.48410400670492,2.80102999566398
17,2008,1.69134676413482,1.12763625255165,4.48410400670492,2.80102999566398
17,2009,1.69134676413482,1.12763625255165,4.48410400670492,2.80102999566398
17,2010,1.69134676413482,1.12763625255165,4.48410400670492,2.80102999566398
17,2011,1.69134676413482,1.12763625255165,4.48410400670492,2.80102999566398
17,2012,1.69134676413482,1.12763625255165,4.48410400670492,2.80102999566398
17,2013,1.69134676413482,1.12763625255165,4.48410400670492,2.80102999566398
17,2014,1.69134676413482,1.12763625255165,4.48410400670492,2.80102999566398
17,2015,1.69134676413482,1.12763625255165,4.48410400670492,2.80102999566398
17,2016,1.69134676413482,1.12763625255165,4.48410400670492,2.80102999566398
17,2017,1.69134676413482,1.12763625255165,4.48410400670492,2.80102999566398
18,1950,1.69134676413482,0.301029995663981,4.48410400670492,2.69897000433602
18,1951,1.69134676413482,0.301029995663981,4.48410400670492,2.69897000433602
18,1952,1.69134676413482,0.301029995663981,4.48410400670492,2.69897000433602
18,1953,1.69134676413482,0.301029995663981,4.48410400670492,2.69897000433602
18,1954,1.69134676413482,0.301029995663981,4.48410400670492,2.69897000433602
18,1955,1.69134676413482,0.301029995663981,4.48410400670492,2.69897000433602
18,1956,1.69134676413482,1.12763625255165,4.48410400670492,1.5
18,1957,1.69134676413482,1.12763625255165,4.48410400670492,1.5
18,1958,1.69134676413482,1.12763625255165,4.48410400670492,1.5
18,1959,1.69134676413482,1.12763625255165,4.48410400670492,1.5
18,1960,1.69134676413482,0.477121254719662,4.48410400670492,1.77815125038364
18,1961,1.69134676413482,0.477121254719662,4.48410400670492,1.77815125038364
18,1962,1.69134676413482,0.477121254719662,4.48410400670492,1.77815125038364
18,1963,1.69134676413482,0.477121254719662,4.48410400670492,1.77815125038364
18,1964,1.69134676413482,0.477121254719662,4.48410400670492,1.77815125038364
18,1965,1.69134676413482,0.477121254719662,4.48410400670492,1.77815125038364
18,1966,1.69134676413482,0.477121254719662,4.48410400670492,1.77815125038364
18,1967,1.69134676413482,0.477121254719662,4.48410400670492,1.77815125038364
18,1968,1.69134676413482,0.477121254719662,4.48410400670492,1.77815125038364
18,1969,1.69134676413482,0.477121254719662,4.48410400670492,1.77815125038364
18,1970,1.69134676413482,0.477121254719662,4.48410400670492,1.77815125038364
18,1971,1.69134676413482,0.477121254719662,4.48410400670492,1.77815125038364
18,1972,1.69134676413482,0.477121254719662,4.48410400670492,1.77815125038364
18,1973,1.69134676413482,0.477121254719662,4.48410400670492,1.77815125038364
18,1974,1.69134676413482,0.477121254719662,4.48410400670492,1.77815125038364
18,1975,1.69134676413482,0.477121254719662,4.48410400670492,1.77815125038364
18,1976,1.69134676413482,0.477121254719662,4.48410400670492,1.77815125038364
18,1977,1.69134676413482,0.477121254719662,4.48410400670492,1.77815125038364
18,1978,1.69134676413482,0.477121254719662,4.48410400670492,1.77815125038364
18,1979,1.69134676413482,0.477121254719662,4.48410400670492,1.77815125038364
18,1980,1.69134676413482,0.477121254719662,4.48410400670492,1.77815125038364
18,1981,1.69134676413482,0.477121254719662,4.48410400670492,1.77815125038364
18,1982,3.01629357380715,0.477121254719662,4.48410400670492,1.77815125038364
18,1983,1.69134676413482,0.477121254719662,4.48410400670492,1.77815125038364
18,1984,1.69134676413482,1.12763625255165,4.48410400670492,1.5
18,1985,1.69134676413482,1.12763625255165,4.48410400670492,1.5
18,1986,1.69134676413482,1.12763625255165,4.48410400670492,1.5
18,1987,1.69134676413482,0.477121254719662,4.48410400670492,1.77815125038364
18,1988,1.69134676413482,0.477121254719662,4.48410400670492,1.77815125038364
18,1989,3.01629357380715,1.12763625255165,4.48410400670492,1.5
18,1990,1.69134676413482,1.12763625255165,4.48410400670492,1.5
18,1991,1.69134676413482,1.12763625255165,4.48410400670492,1.5
18,1992,1.69134676413482,1.12763625255165,4.48410400670492,1.5
18,1993,1.69134676413482,1.12763625255165,4.48410400670492,1.5
18,1994,1.69134676413482,1.12763625255165,4.48410400670492,1.5
18,1995,1.69134676413482,1.12763625255165,4.48410400670492,2.80102999566398
18,1996,1.69134676413482,1.12763625255165,4.48410400670492,2.80102999566398
18,1997,1.69134676413482,1.12763625255165,4.48410400670492,2.80102999566398
18,1998,1.69134676413482,1.12763625255165,4.48410400670492,2.80102999566398
18,1999,1.69134676413482,1.12763625255165,4.48410400670492,2.80102999566398
18,2000,1.69134676413482,1.12763625255165,4.48410400670492,2.80102999566398
18,2001,1.69134676413482,1.12763625255165,4.48410400670492,2.80102999566398
18,2002,1.69134676413482,1.12763625255165,4.48410400670492,2.80102999566398
18,2003,1.69134676413482,1.12763625255165,4.48410400670492,2.80102999566398
18,2004,1.69134676413482,1.12763625255165,4.48410400670492,2.80102999566398
18,2005,1.69134676413482,1.12763625255165,4.48410400670492,2.80102999566398
18,2006,1.69134676413482,1.12763625255165,4.48410400670492,2.80102999566398
18,2007,1.69134676413482,1.12763625255165,4.48410400670492,2.80102999566398
18,2008,1.69134676413482,1.12763625255165,4.48410400670492,2.80102999566398
18,2009,1.69134676413482,1.12763625255165,4.48410400670492,2.80102999566398
18,2010,1.69134676413482,1.12763625255165,4.48410400670492,2.80102999566398
18,2011,1.69134676413482,1.12763625255165,4.48410400670492,1.5
18,2012,1.69134676413482,1.12763625255165,4.48410400670492,2.80102999566398
18,2013,1.69134676413482,1.12763625255165,4.48410400670492,1.5
18,2014,1.69134676413482,1.12763625255165,4.48410400670492,2.80102999566398
18,2015,1.69134676413482,1.12763625255165,4.48410400670492,2.80102999566398
18,2016,1.69134676413482,1.12763625255165,4.48410400670492,2.80102999566398
18,2017,1.69134676413482,1.12763625255165,4.48410400670492,1.5
19,1903,1.69134676413482,0.301029995663981,4.48410400670492,2.69897000433602
19,1904,1.69134676413482,0.301029995663981,4.48410400670492,2.69897000433602
19,1905,1.69134676413482,0.301029995663981,4.48410400670492,2.69897000433602
19,1906,3.86272752831797,1.12763625255165,4.90308998699194,1.5
19,1907,3.86272752831797,0.477121254719662,4.90308998699194,1.77815125038364
19,1908,1.69134676413482,0.477121254719662,4.48410400670492,1.77815125038364
19,1909,3.01629357380715,0.477121254719662,4.48410400670492,1.77815125038364
19,1910,3.01629357380715,0.477121254719662,4.48410400670492,1.77815125038364
19,1911,3.01629357380715,0.477121254719662,4.48410400670492,1.77815125038364
19,1912,3.33445375115093,0.477121254719662,4.48410400670492,1.77815125038364
19,1913,3.33445375115093,0.477121254719662,4.48410400670492,1.77815125038364
19,1914,3.86272752831797,0.477121254719662,4.90308998699194,1.77815125038364
19,1915,3.86272752831797,0.477121254719662,4.90308998699194,1.77815125038364
19,1916,1.69134676413482,0.477121254719662,4.48410400670492,1.77815125038364
19,1917,1.69134676413482,0.477121254719662,4.48410400670492,1.77815125038364
19,1918,1.69134676413482,NA,4.48410400670492,NA
19,1919,3.33445375115093,0.477121254719662,4.48410400670492,1.77815125038364
19,1920,3.01629357380715,0.477121254719662,4.48410400670492,1.77815125038364
19,1921,3.01629357380715,0.477121254719662,4.48410400670492,1.77815125038364
19,1922,3.01629357380715,0.477121254719662,4.48410400670492,1.77815125038364
19,1923,3.33445375115093,0.477121254719662,4.48410400670492,1.77815125038364
19,1924,1.69134676413482,0.477121254719662,4.48410400670492,1.77815125038364
19,1925,3.33445375115093,0.477121254719662,4.48410400670492,1.77815125038364
19,1926,3.33445375115093,0.477121254719662,4.48410400670492,1.77815125038364
19,1927,3.33445375115093,0.477121254719662,4.48410400670492,1.77815125038364
19,1928,1.69134676413482,0.477121254719662,4.48410400670492,1.77815125038364
19,1929,1.69134676413482,0.477121254719662,4.48410400670492,1.77815125038364
19,1930,1.69134676413482,0.477121254719662,4.48410400670492,1.77815125038364
19,1931,1.69134676413482,0.477121254719662,4.48410400670492,1.77815125038364
19,1932,1.69134676413482,0.477121254719662,4.48410400670492,1.77815125038364
19,1933,1.69134676413482,0.477121254719662,4.48410400670492,1.77815125038364
19,1934,1.69134676413482,0.477121254719662,4.48410400670492,1.77815125038364
19,1935,3.33445375115093,0.477121254719662,4.48410400670492,1.77815125038364
19,1936,3.33445375115093,0.477121254719662,4.48410400670492,1.77815125038364
19,1937,1.69134676413482,0.477121254719662,4.48410400670492,1.77815125038364
19,1938,3.33445375115093,0.477121254719662,4.48410400670492,1.77815125038364
19,1939,3.33445375115093,0.477121254719662,4.48410400670492,1.77815125038364
19,1940,3.86272752831797,0.477121254719662,4.90308998699194,1.77815125038364
19,1941,3.86272752831797,0.477121254719662,4.90308998699194,1.77815125038364
19,1942,3.86272752831797,0.477121254719662,4.90308998699194,1.77815125038364
19,1943,3.86272752831797,0.477121254719662,4.90308998699194,1.77815125038364
19,1944,3.86272752831797,0.477121254719662,4.90308998699194,1.77815125038364
19,1945,3.86272752831797,1.12763625255165,4.90308998699194,1.5
19,1946,3.86272752831797,0.477121254719662,4.90308998699194,1.77815125038364
19,1947,3.33445375115093,0.477121254719662,4.48410400670492,1.77815125038364
19,1948,3.86272752831797,0.477121254719662,4.90308998699194,1.77815125038364
19,1949,3.86272752831797,0.477121254719662,4.90308998699194,1.77815125038364
19,1950,1.69134676413482,1.12763625255165,4.48410400670492,1.5
19,1951,1.69134676413482,0.477121254719662,4.48410400670492,1.77815125038364
19,1952,1.69134676413482,0.477121254719662,4.48410400670492,1.77815125038364
19,1953,1.69134676413482,0.477121254719662,4.48410400670492,1.77815125038364
19,1954,1.69134676413482,0.477121254719662,4.48410400670492,1.77815125038364
19,1955,1.69134676413482,1.12763625255165,4.48410400670492,1.5
19,1956,1.69134676413482,1.12763625255165,4.48410400670492,1.5
19,1957,1.69134676413482,0.477121254719662,4.48410400670492,1.77815125038364
19,1958,1.69134676413482,0.477121254719662,4.48410400670492,1.77815125038364
19,1959,1.69134676413482,1.12763625255165,4.48410400670492,1.5
19,1960,1.69134676413482,1.12763625255165,4.48410400670492,1.5
19,1961,1.69134676413482,1.12763625255165,4.48410400670492,1.5
19,1962,3.01629357380715,0.477121254719662,4.48410400670492,1.77815125038364
19,1963,1.69134676413482,0.477121254719662,4.48410400670492,1.77815125038364
19,1964,1.69134676413482,0.477121254719662,4.48410400670492,1.77815125038364
19,1965,1.69134676413482,0.477121254719662,4.48410400670492,1.77815125038364
19,1966,1.69134676413482,0.477121254719662,4.48410400670492,1.77815125038364
19,1967,1.69134676413482,0.477121254719662,4.48410400670492,1.77815125038364
19,1968,1.69134676413482,0.477121254719662,4.48410400670492,1.77815125038364
19,1969,1.69134676413482,0.477121254719662,4.48410400670492,1.77815125038364
19,1970,1.69134676413482,0.477121254719662,4.48410400670492,1.77815125038364
19,1971,1.69134676413482,0.477121254719662,4.48410400670492,1.77815125038364
19,1972,1.69134676413482,0.477121254719662,4.48410400670492,1.77815125038364
19,1973,1.69134676413482,0.477121254719662,4.48410400670492,1.77815125038364
19,1974,1.69134676413482,0.477121254719662,4.48410400670492,1.77815125038364
19,1975,1.69134676413482,0.477121254719662,4.48410400670492,1.77815125038364
19,1976,1.69134676413482,0.477121254719662,4.48410400670492,1.77815125038364
19,1977,1.69134676413482,0.477121254719662,4.48410400670492,1.77815125038364
19,1978,1.69134676413482,0.477121254719662,4.48410400670492,1.77815125038364
19,1979,1.69134676413482,0.477121254719662,4.48410400670492,1.77815125038364
19,1980,1.69134676413482,0.477121254719662,4.48410400670492,1.77815125038364
19,1981,1.69134676413482,0.477121254719662,4.48410400670492,1.77815125038364
19,1982,1.69134676413482,0.477121254719662,4.48410400670492,1.77815125038364
19,1983,1.69134676413482,0.477121254719662,4.48410400670492,1.77815125038364
19,1984,1.69134676413482,0.477121254719662,4.48410400670492,1.77815125038364
19,1985,1.69134676413482,0.477121254719662,4.48410400670492,1.77815125038364
19,1986,1.69134676413482,0.477121254719662,4.48410400670492,1.77815125038364
19,1987,1.69134676413482,1.12763625255165,4.48410400670492,1.5
19,1988,1.69134676413482,0.477121254719662,4.48410400670492,1.77815125038364
19,1989,1.69134676413482,0.477121254719662,4.48410400670492,1.77815125038364
19,1990,1.69134676413482,0.477121254719662,4.48410400670492,1.77815125038364
19,1991,1.69134676413482,0.477121254719662,4.48410400670492,1.77815125038364
19,1992,1.69134676413482,0.477121254719662,4.48410400670492,1.77815125038364
19,1993,1.69134676413482,0.477121254719662,4.48410400670492,1.77815125038364
19,1994,1.69134676413482,0.477121254719662,4.48410400670492,1.77815125038364
19,1995,1.69134676413482,0.477121254719662,4.48410400670492,1.77815125038364
19,1996,1.69134676413482,0.477121254719662,4.48410400670492,1.77815125038364
19,1997,1.69134676413482,0.477121254719662,4.48410400670492,1.77815125038364
19,1998,1.69134676413482,0.477121254719662,4.48410400670492,1.77815125038364
19,1999,1.69134676413482,0.477121254719662,4.48410400670492,1.77815125038364
19,2000,1.69134676413482,0.477121254719662,4.48410400670492,1.77815125038364
19,2001,1.69134676413482,0.477121254719662,4.48410400670492,1.77815125038364
19,2002,1.69134676413482,1.12763625255165,4.48410400670492,1.5
19,2003,1.69134676413482,0.477121254719662,4.48410400670492,1.77815125038364
19,2004,1.69134676413482,0.477121254719662,4.48410400670492,1.77815125038364
19,2005,1.69134676413482,1.12763625255165,4.48410400670492,2.80102999566398
19,2006,1.69134676413482,1.12763625255165,4.48410400670492,1.5
19,2007,1.69134676413482,0.477121254719662,4.48410400670492,1.77815125038364
19,2008,1.69134676413482,0.477121254719662,4.48410400670492,1.77815125038364
19,2009,1.69134676413482,0.477121254719662,4.48410400670492,1.77815125038364
19,2010,1.69134676413482,1.12763625255165,4.48410400670492,2.80102999566398
19,2011,1.69134676413482,1.12763625255165,4.48410400670492,1.5
19,2012,1.69134676413482,0.477121254719662,4.48410400670492,1.77815125038364
19,2013,1.69134676413482,0.477121254719662,4.48410400670492,1.77815125038364
19,2014,1.69134676413482,0.477121254719662,4.48410400670492,1.77815125038364
19,2015,1.69134676413482,0.477121254719662,4.48410400670492,1.77815125038364
19,2016,1.69134676413482,0.477121254719662,4.48410400670492,1.77815125038364
19,2017,1.69134676413482,0.477121254719662,4.48410400670492,1.77815125038364
20,1903,1.69134676413482,0.301029995663981,4.48410400670492,2.69897000433602
20,1904,1.69134676413482,0.301029995663981,4.48410400670492,2.69897000433602
20,1905,1.69134676413482,0.301029995663981,4.48410400670492,2.69897000433602
20,1906,3.86272752831797,0.301029995663981,4.90308998699194,2.69897000433602
20,1907,3.86272752831797,1.12763625255165,4.90308998699194,1.5
20,1908,3.01629357380715,1.12763625255165,4.48410400670492,1.5
20,1909,3.86272752831797,1.12763625255165,4.90308998699194,1.5
20,1910,3.86272752831797,1.12763625255165,4.90308998699194,1.5
20,1911,3.86272752831797,1.12763625255165,4.90308998699194,1.5
20,1912,3.86272752831797,1.12763625255165,4.90308998699194,2.80102999566398
20,1913,3.86272752831797,1.12763625255165,4.90308998699194,2.80102999566398
20,1914,1.69134676413482,0.477121254719662,4.48410400670492,1.77815125038364
20,1915,3.33445375115093,1.12763625255165,4.48410400670492,1.5
20,1916,1.69134676413482,0.301029995663981,4.48410400670492,2.69897000433602
20,1917,1.69134676413482,0.301029995663981,4.48410400670492,2.69897000433602
20,1918,1.69134676413482,0.301029995663981,4.48410400670492,2.69897000433602
20,1919,3.86272752831797,0.301029995663981,4.90308998699194,2.69897000433602
20,1920,1.69134676413482,1.12763625255165,4.48410400670492,2.80102999566398
20,1921,1.69134676413482,1.12763625255165,4.48410400670492,2.80102999566398
20,1922,1.69134676413482,1.12763625255165,4.48410400670492,1.5
20,1923,1.69134676413482,0.477121254719662,4.48410400670492,1.77815125038364
20,1924,3.86272752831797,0.477121254719662,4.90308998699194,1.77815125038364
20,1925,3.01629357380715,0.477121254719662,4.48410400670492,1.77815125038364
20,1926,3.33445375115093,0.477121254719662,4.48410400670492,1.77815125038364
20,1927,3.33445375115093,1.12763625255165,4.48410400670492,1.5
20,1928,1.69134676413482,0.477121254719662,4.48410400670492,1.77815125038364
20,1929,3.33445375115093,0.477121254719662,4.48410400670492,1.77815125038364
20,1930,1.69134676413482,0.477121254719662,4.48410400670492,1.77815125038364
20,1931,1.69134676413482,0.477121254719662,4.48410400670492,1.77815125038364
20,1932,1.69134676413482,0.477121254719662,4.48410400670492,1.77815125038364
20,1933,1.69134676413482,0.477121254719662,4.48410400670492,1.77815125038364
20,1934,1.69134676413482,0.477121254719662,4.48410400670492,1.77815125038364
20,1935,1.69134676413482,0.477121254719662,4.48410400670492,1.77815125038364
20,1936,1.69134676413482,0.477121254719662,4.48410400670492,1.77815125038364
20,1937,1.69134676413482,0.477121254719662,4.48410400670492,1.77815125038364
20,1938,1.69134676413482,0.477121254719662,4.48410400670492,1.77815125038364
20,1939,1.69134676413482,0.477121254719662,4.48410400670492,1.77815125038364
20,1940,1.69134676413482,0.477121254719662,4.48410400670492,1.77815125038364
20,1941,1.69134676413482,0.301029995663981,4.48410400670492,2.69897000433602
20,1942,1.69134676413482,0.301029995663981,4.48410400670492,2.69897000433602
20,1943,1.69134676413482,0.301029995663981,4.48410400670492,2.69897000433602
20,1944,1.69134676413482,0.301029995663981,4.48410400670492,2.69897000433602
20,1945,1.69134676413482,0.301029995663981,4.48410400670492,2.69897000433602
20,1946,1.69134676413482,0.477121254719662,4.48410400670492,1.77815125038364
20,1947,1.69134676413482,0.477121254719662,4.48410400670492,1.77815125038364
20,1948,1.69134676413482,0.477121254719662,4.48410400670492,1.77815125038364
20,1949,3.33445375115093,0.477121254719662,4.48410400670492,1.77815125038364
20,1950,1.69134676413482,1.12763625255165,4.48410400670492,2.80102999566398
20,1951,1.69134676413482,1.12763625255165,4.48410400670492,2.80102999566398
20,1952,1.69134676413482,1.12763625255165,4.48410400670492,2.80102999566398
20,1953,1.69134676413482,1.12763625255165,4.48410400670492,2.80102999566398
20,1954,1.69134676413482,1.12763625255165,4.48410400670492,2.80102999566398
20,1955,1.69134676413482,1.12763625255165,4.48410400670492,2.80102999566398
20,1956,1.69134676413482,1.12763625255165,4.48410400670492,2.80102999566398
20,1957,1.69134676413482,1.12763625255165,4.48410400670492,2.80102999566398
20,1958,1.69134676413482,1.12763625255165,4.48410400670492,2.80102999566398
20,1959,1.69134676413482,1.12763625255165,4.48410400670492,2.80102999566398
20,1960,1.69134676413482,1.12763625255165,4.48410400670492,2.80102999566398
20,1961,1.69134676413482,1.12763625255165,4.48410400670492,2.80102999566398
20,1962,1.69134676413482,0.477121254719662,4.48410400670492,1.77815125038364
20,1963,1.69134676413482,1.12763625255165,4.48410400670492,2.80102999566398
20,1964,1.69134676413482,1.12763625255165,4.48410400670492,2.80102999566398
20,1965,1.69134676413482,1.12763625255165,4.48410400670492,2.80102999566398
20,1966,1.69134676413482,1.12763625255165,4.48410400670492,2.80102999566398
20,1967,1.69134676413482,1.12763625255165,4.48410400670492,2.80102999566398
20,1968,1.69134676413482,1.12763625255165,4.48410400670492,2.80102999566398
20,1969,1.69134676413482,1.12763625255165,4.48410400670492,2.80102999566398
20,1970,1.69134676413482,1.12763625255165,4.48410400670492,2.80102999566398
20,1971,1.69134676413482,1.12763625255165,4.48410400670492,2.80102999566398
20,1972,1.69134676413482,1.12763625255165,4.48410400670492,2.80102999566398
20,1973,1.69134676413482,1.12763625255165,4.48410400670492,2.80102999566398
20,1974,1.69134676413482,1.12763625255165,4.48410400670492,2.80102999566398
20,1975,1.69134676413482,1.12763625255165,4.48410400670492,2.80102999566398
20,1976,1.69134676413482,1.12763625255165,4.48410400670492,2.80102999566398
20,1977,1.69134676413482,1.12763625255165,4.48410400670492,2.80102999566398
20,1978,1.69134676413482,1.12763625255165,4.48410400670492,2.80102999566398
20,1979,1.69134676413482,1.12763625255165,4.48410400670492,2.80102999566398
20,1980,1.69134676413482,1.12763625255165,4.48410400670492,2.80102999566398
20,1981,1.69134676413482,1.12763625255165,4.48410400670492,2.80102999566398
20,1982,1.69134676413482,1.12763625255165,4.48410400670492,2.80102999566398
20,1983,1.69134676413482,1.12763625255165,4.48410400670492,2.80102999566398
20,1984,1.69134676413482,1.12763625255165,4.48410400670492,2.80102999566398
20,1985,1.69134676413482,1.12763625255165,4.48410400670492,2.80102999566398
20,1986,1.69134676413482,1.12763625255165,4.48410400670492,2.80102999566398
20,1987,1.69134676413482,1.12763625255165,4.48410400670492,2.80102999566398
20,1988,1.69134676413482,1.12763625255165,4.48410400670492,1.5
20,1989,1.69134676413482,1.12763625255165,4.48410400670492,2.80102999566398
20,1990,1.69134676413482,1.12763625255165,4.48410400670492,1.5
20,1991,1.69134676413482,1.12763625255165,4.48410400670492,2.80102999566398
20,1992,1.69134676413482,1.12763625255165,4.48410400670492,1.5
20,1993,1.69134676413482,1.12763625255165,4.48410400670492,2.80102999566398
20,1994,1.69134676413482,1.12763625255165,4.48410400670492,2.80102999566398
20,1995,3.01629357380715,1.12763625255165,4.48410400670492,1.5
20,1996,1.69134676413482,1.12763625255165,4.48410400670492,2.80102999566398
20,1997,1.69134676413482,1.12763625255165,4.48410400670492,2.80102999566398
20,1998,3.33445375115093,1.12763625255165,4.48410400670492,2.80102999566398
20,1999,1.69134676413482,1.12763625255165,4.48410400670492,1.5
20,2000,1.69134676413482,1.12763625255165,4.48410400670492,2.80102999566398
20,2001,1.69134676413482,1.12763625255165,4.48410400670492,2.80102999566398
20,2002,1.69134676413482,1.12763625255165,4.48410400670492,2.80102999566398
20,2003,1.69134676413482,1.12763625255165,4.48410400670492,2.80102999566398
20,2004,3.33445375115093,1.12763625255165,4.48410400670492,2.80102999566398
20,2005,1.69134676413482,1.12763625255165,4.48410400670492,2.80102999566398
20,2006,1.69134676413482,1.12763625255165,4.48410400670492,2.80102999566398
20,2007,1.69134676413482,1.12763625255165,4.48410400670492,2.80102999566398
20,2008,1.69134676413482,1.12763625255165,4.48410400670492,2.80102999566398
20,2009,1.69134676413482,1.12763625255165,4.48410400670492,2.80102999566398
20,2010,1.69134676413482,1.12763625255165,4.48410400670492,2.80102999566398
20,2011,1.69134676413482,1.12763625255165,4.48410400670492,2.80102999566398
20,2012,1.69134676413482,1.12763625255165,4.48410400670492,2.80102999566398
20,2013,1.69134676413482,1.12763625255165,4.48410400670492,2.80102999566398
20,2014,1.69134676413482,1.12763625255165,4.48410400670492,2.80102999566398
20,2015,1.69134676413482,1.12763625255165,4.48410400670492,2.80102999566398
20,2016,1.69134676413482,1.12763625255165,4.48410400670492,2.80102999566398
20,2017,1.69134676413482,1.12763625255165,4.48410400670492,2.80102999566398
21,1903,1.69134676413482,0.301029995663981,4.48410400670492,2.69897000433602
21,1904,1.69134676413482,0.301029995663981,4.48410400670492,2.69897000433602
21,1905,1.69134676413482,0.301029995663981,4.48410400670492,2.69897000433602
21,1906,3.01629357380715,0.301029995663981,4.48410400670492,2.69897000433602
21,1907,3.01629357380715,0.477121254719662,4.48410400670492,1.77815125038364
21,1908,3.01629357380715,0.477121254719662,4.48410400670492,1.77815125038364
21,1909,3.01629357380715,0.477121254719662,4.48410400670492,1.77815125038364
21,1910,3.01629357380715,0.477121254719662,4.48410400670492,1.77815125038364
21,1911,1.69134676413482,1.12763625255165,4.48410400670492,1.5
21,1912,1.69134676413482,1.12763625255165,4.48410400670492,1.5
21,1913,1.69134676413482,1.12763625255165,4.48410400670492,1.5
21,1914,1.69134676413482,1.12763625255165,4.48410400670492,1.5
21,1915,3.01629357380715,1.12763625255165,4.48410400670492,1.5
21,1916,1.69134676413482,1.12763625255165,4.48410400670492,1.5
21,1917,1.69134676413482,1.12763625255165,4.48410400670492,1.5
21,1918,1.69134676413482,0.301029995663981,4.48410400670492,2.69897000433602
21,1919,1.69134676413482,0.301029995663981,4.48410400670492,2.69897000433602
21,1920,1.69134676413482,0.301029995663981,4.48410400670492,2.69897000433602
21,1921,1.69134676413482,1.12763625255165,4.48410400670492,1.5
21,1922,1.69134676413482,1.12763625255165,4.48410400670492,1.5
21,1923,1.69134676413482,1.12763625255165,4.48410400670492,2.80102999566398
21,1924,3.86272752831797,1.12763625255165,4.90308998699194,1.5
21,1925,1.69134676413482,0.477121254719662,4.48410400670492,1.77815125038364
21,1926,1.69134676413482,0.477121254719662,4.48410400670492,1.77815125038364
21,1927,1.69134676413482,1.12763625255165,4.48410400670492,1.5
21,1928,1.69134676413482,1.12763625255165,4.48410400670492,1.5
21,1929,1.69134676413482,1.12763625255165,4.48410400670492,1.5
21,1930,1.69134676413482,1.12763625255165,4.48410400670492,2.80102999566398
21,1931,1.69134676413482,1.12763625255165,4.48410400670492,1.5
21,1932,1.69134676413482,1.12763625255165,4.48410400670492,2.80102999566398
21,1933,1.69134676413482,0.477121254719662,4.48410400670492,1.77815125038364
21,1934,1.69134676413482,0.477121254719662,4.48410400670492,1.77815125038364
21,1935,1.69134676413482,0.477121254719662,4.48410400670492,1.77815125038364
21,1936,1.69134676413482,0.477121254719662,4.48410400670492,1.77815125038364
21,1937,1.69134676413482,0.477121254719662,4.48410400670492,1.77815125038364
21,1938,1.69134676413482,0.477121254719662,4.48410400670492,1.77815125038364
21,1939,1.69134676413482,0.477121254719662,4.48410400670492,1.77815125038364
21,1940,1.69134676413482,0.477121254719662,4.48410400670492,1.77815125038364
21,1941,1.69134676413482,1.12763625255165,4.48410400670492,1.5
21,1942,1.69134676413482,1.12763625255165,4.48410400670492,1.5
21,1943,1.69134676413482,1.12763625255165,4.48410400670492,1.5
21,1944,1.69134676413482,1.12763625255165,4.48410400670492,1.5
21,1945,1.69134676413482,1.12763625255165,4.48410400670492,1.5
21,1946,1.69134676413482,0.477121254719662,4.48410400670492,1.77815125038364
21,1947,1.69134676413482,0.477121254719662,4.48410400670492,1.77815125038364
21,1948,1.69134676413482,0.477121254719662,4.48410400670492,1.77815125038364
21,1949,1.69134676413482,0.477121254719662,4.48410400670492,1.77815125038364
21,1950,1.69134676413482,1.12763625255165,4.48410400670492,2.80102999566398
21,1951,1.69134676413482,1.12763625255165,4.48410400670492,2.80102999566398
21,1952,3.33445375115093,1.12763625255165,4.48410400670492,2.80102999566398
21,1953,1.69134676413482,1.12763625255165,4.48410400670492,2.80102999566398
21,1954,1.69134676413482,1.12763625255165,4.48410400670492,2.80102999566398
21,1955,1.69134676413482,1.12763625255165,4.48410400670492,2.80102999566398
21,1956,1.69134676413482,1.12763625255165,4.48410400670492,2.80102999566398
21,1957,1.69134676413482,1.12763625255165,4.48410400670492,2.80102999566398
21,1958,1.69134676413482,1.12763625255165,4.48410400670492,2.80102999566398
21,1959,1.69134676413482,1.12763625255165,4.48410400670492,2.80102999566398
21,1960,1.69134676413482,1.12763625255165,4.48410400670492,2.80102999566398
21,1961,1.69134676413482,1.12763625255165,4.48410400670492,2.80102999566398
21,1962,1.69134676413482,NA,4.48410400670492,NA
21,1963,1.69134676413482,1.12763625255165,4.48410400670492,2.80102999566398
21,1964,1.69134676413482,1.12763625255165,4.48410400670492,2.80102999566398
21,1965,1.69134676413482,1.12763625255165,4.48410400670492,2.80102999566398
21,1966,1.69134676413482,1.12763625255165,4.48410400670492,2.80102999566398
21,1967,1.69134676413482,1.12763625255165,4.48410400670492,2.80102999566398
21,1968,1.69134676413482,1.12763625255165,4.48410400670492,2.80102999566398
21,1969,1.69134676413482,1.12763625255165,4.48410400670492,2.80102999566398
21,1970,1.69134676413482,1.12763625255165,4.48410400670492,2.80102999566398
21,1971,1.69134676413482,1.12763625255165,4.48410400670492,2.80102999566398
21,1972,1.69134676413482,1.12763625255165,4.48410400670492,2.80102999566398
21,1973,1.69134676413482,1.12763625255165,4.48410400670492,2.80102999566398
21,1974,1.69134676413482,1.12763625255165,4.48410400670492,2.80102999566398
21,1975,1.69134676413482,1.12763625255165,4.48410400670492,2.80102999566398
21,1976,1.69134676413482,1.12763625255165,4.48410400670492,2.80102999566398
21,1977,1.69134676413482,1.12763625255165,4.48410400670492,2.80102999566398
21,1978,1.69134676413482,1.12763625255165,4.48410400670492,2.80102999566398
21,1979,1.69134676413482,1.12763625255165,4.48410400670492,2.80102999566398
21,1980,1.69134676413482,1.12763625255165,4.48410400670492,2.80102999566398
21,1981,1.69134676413482,1.12763625255165,4.48410400670492,2.80102999566398
21,1982,1.69134676413482,1.12763625255165,4.48410400670492,2.80102999566398
21,1983,1.69134676413482,1.12763625255165,4.48410400670492,2.80102999566398
21,1984,1.69134676413482,1.12763625255165,4.48410400670492,2.80102999566398
21,1985,1.69134676413482,1.12763625255165,4.48410400670492,2.80102999566398
21,1986,1.69134676413482,1.12763625255165,4.48410400670492,2.80102999566398
21,1987,1.69134676413482,1.12763625255165,4.48410400670492,2.80102999566398
21,1988,1.69134676413482,1.12763625255165,4.48410400670492,2.80102999566398
21,1989,1.69134676413482,1.12763625255165,4.48410400670492,2.80102999566398
21,1990,1.69134676413482,1.12763625255165,4.48410400670492,2.80102999566398
21,1991,1.69134676413482,1.12763625255165,4.48410400670492,2.80102999566398
21,1992,1.69134676413482,1.12763625255165,4.48410400670492,2.80102999566398
21,1993,1.69134676413482,1.12763625255165,4.48410400670492,2.80102999566398
21,1994,1.69134676413482,1.12763625255165,4.48410400670492,2.80102999566398
21,1995,1.69134676413482,1.12763625255165,4.48410400670492,2.80102999566398
21,1996,1.69134676413482,1.12763625255165,4.48410400670492,2.80102999566398
21,1997,1.69134676413482,1.12763625255165,4.48410400670492,2.80102999566398
21,1998,1.69134676413482,1.12763625255165,4.48410400670492,2.80102999566398
21,1999,1.69134676413482,1.12763625255165,4.48410400670492,2.80102999566398
21,2000,1.69134676413482,1.12763625255165,4.48410400670492,2.80102999566398
21,2001,1.69134676413482,1.12763625255165,4.48410400670492,2.80102999566398
21,2002,1.69134676413482,1.12763625255165,4.48410400670492,2.80102999566398
21,2003,1.69134676413482,1.12763625255165,4.48410400670492,2.80102999566398
21,2004,1.69134676413482,1.12763625255165,4.48410400670492,2.80102999566398
21,2005,1.69134676413482,1.12763625255165,4.48410400670492,2.80102999566398
21,2006,1.69134676413482,1.12763625255165,4.48410400670492,2.80102999566398
21,2007,1.69134676413482,1.12763625255165,4.48410400670492,2.80102999566398
21,2008,1.69134676413482,1.12763625255165,4.48410400670492,2.80102999566398
21,2009,1.69134676413482,1.12763625255165,4.48410400670492,2.80102999566398
21,2010,1.69134676413482,1.12763625255165,4.48410400670492,2.80102999566398
21,2011,1.69134676413482,1.12763625255165,4.48410400670492,2.80102999566398
21,2012,1.69134676413482,1.12763625255165,4.48410400670492,2.80102999566398
21,2013,1.69134676413482,1.12763625255165,4.48410400670492,2.80102999566398
21,2014,1.69134676413482,1.12763625255165,4.48410400670492,2.80102999566398
21,2015,1.69134676413482,1.12763625255165,4.48410400670492,2.80102999566398
21,2016,1.69134676413482,1.12763625255165,4.48410400670492,2.80102999566398
21,2017,3.33445375115093,1.12763625255165,4.48410400670492,2.80102999566398
22,1903,1.69134676413482,1.12763625255165,4.48410400670492,1.5
22,1904,1.69134676413482,1.12763625255165,4.48410400670492,1.5
22,1905,1.69134676413482,1.12763625255165,4.48410400670492,1.5
22,1906,1.69134676413482,1.12763625255165,4.48410400670492,1.5
22,1907,1.69134676413482,1.12763625255165,4.48410400670492,1.5
22,1908,1.69134676413482,1.12763625255165,4.48410400670492,1.5
22,1909,1.69134676413482,1.12763625255165,4.48410400670492,1.5
22,1910,1.69134676413482,1.12763625255165,4.48410400670492,1.5
22,1911,1.69134676413482,1.12763625255165,4.48410400670492,1.5
22,1912,1.69134676413482,1.12763625255165,4.48410400670492,1.5
22,1913,1.69134676413482,1.12763625255165,4.48410400670492,2.80102999566398
22,1914,1.69134676413482,1.12763625255165,4.48410400670492,1.5
22,1915,1.69134676413482,1.12763625255165,4.48410400670492,1.5
22,1916,1.69134676413482,1.12763625255165,4.48410400670492,1.5
22,1917,1.69134676413482,1.12763625255165,4.48410400670492,1.5
22,1918,1.69134676413482,1.12763625255165,4.48410400670492,1.5
22,1919,1.69134676413482,1.12763625255165,4.48410400670492,1.5
22,1920,1.69134676413482,1.12763625255165,4.48410400670492,1.5
22,1921,1.69134676413482,1.12763625255165,4.48410400670492,1.5
22,1922,1.69134676413482,1.12763625255165,4.48410400670492,1.5
22,1923,1.69134676413482,1.12763625255165,4.48410400670492,1.5
22,1924,1.69134676413482,1.12763625255165,4.48410400670492,1.5
22,1925,1.69134676413482,1.12763625255165,4.48410400670492,2.80102999566398
22,1926,1.69134676413482,1.12763625255165,4.48410400670492,1.5
22,1927,1.69134676413482,1.12763625255165,4.48410400670492,2.80102999566398
22,1928,1.69134676413482,1.12763625255165,4.48410400670492,2.80102999566398
22,1929,1.69134676413482,1.12763625255165,4.48410400670492,2.80102999566398
22,1930,1.69134676413482,1.12763625255165,4.48410400670492,1.5
22,1931,1.69134676413482,1.12763625255165,4.48410400670492,1.5
22,1932,1.69134676413482,1.12763625255165,4.48410400670492,2.80102999566398
22,1933,1.69134676413482,1.12763625255165,4.48410400670492,1.5
22,1934,1.69134676413482,1.12763625255165,4.48410400670492,2.80102999566398
22,1935,1.69134676413482,1.12763625255165,4.48410400670492,2.80102999566398
22,1936,1.69134676413482,1.12763625255165,4.48410400670492,2.80102999566398
22,1937,1.69134676413482,1.12763625255165,4.48410400670492,2.80102999566398
22,1938,1.69134676413482,1.12763625255165,4.48410400670492,2.80102999566398
22,1939,1.69134676413482,1.12763625255165,4.48410400670492,2.80102999566398
22,1940,1.69134676413482,1.12763625255165,4.48410400670492,1.5
22,1941,1.69134676413482,1.12763625255165,4.48410400670492,1.5
22,1942,1.69134676413482,1.12763625255165,4.48410400670492,1.5
22,1943,1.69134676413482,1.12763625255165,4.48410400670492,1.5
22,1944,1.69134676413482,1.12763625255165,4.48410400670492,1.5
22,1945,1.69134676413482,1.12763625255165,4.48410400670492,2.80102999566398
22,1946,1.69134676413482,1.12763625255165,4.48410400670492,2.80102999566398
22,1947,1.69134676413482,1.12763625255165,4.48410400670492,2.80102999566398
22,1948,1.69134676413482,1.12763625255165,4.48410400670492,2.80102999566398
22,1949,1.69134676413482,1.12763625255165,4.48410400670492,2.80102999566398
22,1950,3.33445375115093,1.12763625255165,4.48410400670492,2.80102999566398
22,1951,1.69134676413482,1.12763625255165,4.48410400670492,2.80102999566398
22,1952,3.33445375115093,1.12763625255165,4.48410400670492,2.80102999566398
22,1953,1.69134676413482,1.12763625255165,4.48410400670492,2.80102999566398
22,1954,3.33445375115093,1.12763625255165,4.48410400670492,2.80102999566398
22,1955,1.69134676413482,1.12763625255165,4.48410400670492,2.80102999566398
22,1956,1.69134676413482,1.12763625255165,4.48410400670492,2.80102999566398
22,1957,1.69134676413482,1.12763625255165,4.48410400670492,2.80102999566398
22,1958,1.69134676413482,1.12763625255165,4.48410400670492,2.80102999566398
22,1959,1.69134676413482,1.12763625255165,4.48410400670492,2.80102999566398
22,1960,1.69134676413482,1.12763625255165,4.48410400670492,2.80102999566398
22,1961,1.69134676413482,1.12763625255165,4.48410400670492,2.80102999566398
22,1962,1.69134676413482,1.12763625255165,4.48410400670492,2.80102999566398
22,1963,1.69134676413482,1.12763625255165,4.48410400670492,2.80102999566398
22,1964,1.69134676413482,1.12763625255165,4.48410400670492,2.80102999566398
22,1965,1.69134676413482,1.12763625255165,4.48410400670492,2.80102999566398
22,1966,1.69134676413482,1.12763625255165,4.48410400670492,2.80102999566398
22,1967,1.69134676413482,1.12763625255165,4.48410400670492,2.80102999566398
22,1968,1.69134676413482,1.12763625255165,4.48410400670492,2.80102999566398
22,1969,1.69134676413482,1.12763625255165,4.48410400670492,2.80102999566398
22,1970,1.69134676413482,1.12763625255165,4.48410400670492,2.80102999566398
22,1971,1.69134676413482,1.12763625255165,4.48410400670492,2.80102999566398
22,1972,1.69134676413482,1.12763625255165,4.48410400670492,2.80102999566398
22,1973,1.69134676413482,1.12763625255165,4.48410400670492,2.80102999566398
22,1974,1.69134676413482,1.12763625255165,4.48410400670492,2.80102999566398
22,1975,1.69134676413482,1.12763625255165,4.48410400670492,2.80102999566398
22,1976,1.69134676413482,1.12763625255165,4.48410400670492,2.80102999566398
22,1977,1.69134676413482,1.12763625255165,4.48410400670492,2.80102999566398
22,1978,1.69134676413482,1.12763625255165,4.48410400670492,2.80102999566398
22,1979,1.69134676413482,1.12763625255165,4.48410400670492,2.80102999566398
22,1980,1.69134676413482,1.12763625255165,4.48410400670492,2.80102999566398
22,1981,1.69134676413482,1.12763625255165,4.48410400670492,2.80102999566398
22,1982,1.69134676413482,1.12763625255165,4.48410400670492,2.80102999566398
22,1983,1.69134676413482,1.12763625255165,4.48410400670492,2.80102999566398
22,1984,1.69134676413482,1.12763625255165,4.48410400670492,2.80102999566398
22,1985,1.69134676413482,1.12763625255165,4.48410400670492,2.80102999566398
22,1986,1.69134676413482,1.12763625255165,4.48410400670492,2.80102999566398
22,1987,1.69134676413482,1.12763625255165,4.48410400670492,2.80102999566398
22,1988,1.69134676413482,1.12763625255165,4.48410400670492,2.80102999566398
22,1989,1.69134676413482,1.12763625255165,4.48410400670492,2.80102999566398
22,1990,1.69134676413482,1.12763625255165,4.48410400670492,2.80102999566398
22,1991,1.69134676413482,1.12763625255165,4.48410400670492,2.80102999566398
22,1992,1.69134676413482,1.12763625255165,4.48410400670492,2.80102999566398
22,1993,1.69134676413482,1.12763625255165,4.48410400670492,2.80102999566398
22,1994,1.69134676413482,1.12763625255165,4.48410400670492,2.80102999566398
22,1995,1.69134676413482,1.12763625255165,4.48410400670492,2.80102999566398
22,1996,1.69134676413482,1.12763625255165,4.48410400670492,2.80102999566398
22,1997,1.69134676413482,1.12763625255165,4.48410400670492,2.80102999566398
22,1998,1.69134676413482,1.12763625255165,4.48410400670492,2.80102999566398
22,1999,1.69134676413482,1.12763625255165,4.48410400670492,2.80102999566398
22,2000,1.69134676413482,1.12763625255165,4.48410400670492,2.80102999566398
22,2001,1.69134676413482,1.12763625255165,4.48410400670492,2.80102999566398
22,2002,1.69134676413482,1.12763625255165,4.48410400670492,2.80102999566398
22,2003,1.69134676413482,1.12763625255165,4.48410400670492,2.80102999566398
22,2004,1.69134676413482,1.12763625255165,4.48410400670492,2.80102999566398
22,2005,1.69134676413482,1.12763625255165,4.48410400670492,2.80102999566398
22,2006,1.69134676413482,1.12763625255165,4.48410400670492,2.80102999566398
22,2007,1.69134676413482,1.12763625255165,4.48410400670492,2.80102999566398
22,2008,1.69134676413482,1.12763625255165,4.48410400670492,2.80102999566398
22,2009,1.69134676413482,1.12763625255165,4.48410400670492,2.80102999566398
22,2010,1.69134676413482,1.12763625255165,4.48410400670492,2.80102999566398
22,2011,1.69134676413482,1.12763625255165,4.48410400670492,2.80102999566398
22,2012,1.69134676413482,1.12763625255165,4.48410400670492,2.80102999566398
22,2013,1.69134676413482,1.12763625255165,4.48410400670492,2.80102999566398
22,2014,1.69134676413482,1.12763625255165,4.48410400670492,2.80102999566398
22,2015,1.69134676413482,1.12763625255165,4.48410400670492,2.80102999566398
22,2016,1.69134676413482,1.12763625255165,4.48410400670492,2.80102999566398
22,2017,1.69134676413482,1.12763625255165,4.48410400670492,2.80102999566398
23,1903,1.69134676413482,1.12763625255165,4.48410400670492,2.80102999566398
23,1904,1.69134676413482,1.12763625255165,4.48410400670492,2.80102999566398
23,1905,1.69134676413482,1.12763625255165,4.48410400670492,1.5
23,1906,1.69134676413482,1.12763625255165,4.48410400670492,1.5
23,1907,1.69134676413482,1.12763625255165,4.48410400670492,1.5
23,1908,1.69134676413482,1.12763625255165,4.48410400670492,1.5
23,1909,1.69134676413482,1.12763625255165,4.48410400670492,1.5
23,1910,1.69134676413482,1.12763625255165,4.48410400670492,2.80102999566398
23,1911,1.69134676413482,1.12763625255165,4.48410400670492,2.80102999566398
23,1912,1.69134676413482,1.12763625255165,4.48410400670492,2.80102999566398
23,1913,1.69134676413482,1.12763625255165,4.48410400670492,2.80102999566398
23,1914,1.69134676413482,1.12763625255165,4.48410400670492,1.5
23,1915,1.69134676413482,1.12763625255165,4.48410400670492,2.80102999566398
23,1916,1.69134676413482,1.12763625255165,4.48410400670492,1.5
23,1917,1.69134676413482,1.12763625255165,4.48410400670492,2.80102999566398
23,1918,1.69134676413482,1.12763625255165,4.48410400670492,2.80102999566398
23,1919,1.69134676413482,1.12763625255165,4.48410400670492,2.80102999566398
23,1920,1.69134676413482,0.477121254719662,4.48410400670492,1.77815125038364
23,1921,1.69134676413482,0.477121254719662,4.48410400670492,1.77815125038364
23,1922,1.69134676413482,0.477121254719662,4.48410400670492,1.77815125038364
23,1923,1.69134676413482,0.477121254719662,4.48410400670492,1.77815125038364
23,1924,1.69134676413482,1.12763625255165,4.48410400670492,2.80102999566398
23,1925,1.69134676413482,1.12763625255165,4.48410400670492,2.80102999566398
23,1926,1.69134676413482,1.12763625255165,4.48410400670492,2.80102999566398
23,1927,1.69134676413482,1.12763625255165,4.48410400670492,1.5
23,1928,1.69134676413482,1.12763625255165,4.48410400670492,1.5
23,1929,1.69134676413482,1.12763625255165,4.48410400670492,1.5
23,1930,1.69134676413482,1.12763625255165,4.48410400670492,1.5
23,1931,1.69134676413482,1.12763625255165,4.48410400670492,1.5
23,1932,1.69134676413482,1.12763625255165,4.48410400670492,1.5
23,1933,1.69134676413482,1.12763625255165,4.48410400670492,1.5
23,1934,1.69134676413482,1.12763625255165,4.48410400670492,1.5
23,1935,1.69134676413482,1.12763625255165,4.48410400670492,1.5
23,1936,1.69134676413482,1.12763625255165,4.48410400670492,1.5
23,1937,1.69134676413482,1.12763625255165,4.48410400670492,1.5
23,1938,1.69134676413482,1.12763625255165,4.48410400670492,1.5
23,1939,1.69134676413482,1.12763625255165,4.48410400670492,1.5
23,1940,1.69134676413482,1.12763625255165,4.48410400670492,1.5
23,1941,1.69134676413482,1.12763625255165,4.48410400670492,1.5
23,1942,1.69134676413482,1.12763625255165,4.48410400670492,1.5
23,1943,1.69134676413482,1.12763625255165,4.48410400670492,1.5
23,1944,1.69134676413482,1.12763625255165,4.48410400670492,1.5
23,1945,1.69134676413482,0.301029995663981,4.48410400670492,2.69897000433602
23,1946,1.69134676413482,1.12763625255165,4.48410400670492,1.5
23,1947,1.69134676413482,1.12763625255165,4.48410400670492,1.5
23,1948,1.69134676413482,1.12763625255165,4.48410400670492,1.5
23,1949,1.69134676413482,1.12763625255165,4.48410400670492,1.5
23,1950,1.69134676413482,1.12763625255165,4.48410400670492,1.5
23,1951,1.69134676413482,1.12763625255165,4.48410400670492,2.80102999566398
23,1952,1.69134676413482,1.5,4.48410400670492,2.80102999566398
23,1953,1.69134676413482,1.12763625255165,4.48410400670492,2.80102999566398
23,1954,1.69134676413482,0.301029995663981,4.48410400670492,2.69897000433602
23,1955,1.69134676413482,1.12763625255165,4.48410400670492,1.5
23,1956,1.69134676413482,1.12763625255165,4.48410400670492,1.5
23,1957,1.69134676413482,1.12763625255165,4.48410400670492,1.5
23,1958,1.69134676413482,0.301029995663981,4.48410400670492,2.69897000433602
23,1959,1.69134676413482,0.301029995663981,4.48410400670492,2.69897000433602
23,1960,1.69134676413482,1.12763625255165,4.48410400670492,1.5
23,1961,1.69134676413482,0.301029995663981,4.48410400670492,2.69897000433602
23,1962,1.69134676413482,0.301029995663981,4.48410400670492,2.69897000433602
23,1963,1.69134676413482,0.301029995663981,4.48410400670492,2.69897000433602
23,1964,1.69134676413482,1.5,4.48410400670492,2.80102999566398
23,1965,1.69134676413482,0.301029995663981,4.48410400670492,2.69897000433602
23,1966,1.69134676413482,1.5,4.48410400670492,2.80102999566398
23,1967,1.69134676413482,1.5,4.48410400670492,2.80102999566398
23,1968,1.69134676413482,1.5,4.48410400670492,2.80102999566398
23,1969,1.69134676413482,1.5,4.48410400670492,2.80102999566398
23,1970,1.69134676413482,1.12763625255165,4.48410400670492,1.5
23,1971,1.69134676413482,1.5,4.48410400670492,2.80102999566398
23,1972,1.69134676413482,1.5,4.48410400670492,2.80102999566398
23,1973,1.69134676413482,0.301029995663981,4.48410400670492,2.69897000433602
23,1974,1.69134676413482,0.301029995663981,4.48410400670492,2.69897000433602
23,1975,1.69134676413482,1.12763625255165,4.48410400670492,1.5
23,1976,1.69134676413482,1.12763625255165,4.48410400670492,1.5
23,1977,1.69134676413482,0.301029995663981,4.48410400670492,2.69897000433602
23,1978,1.69134676413482,0.301029995663981,4.48410400670492,2.69897000433602
23,1979,1.69134676413482,0.301029995663981,4.48410400670492,2.69897000433602
23,1980,1.69134676413482,0.301029995663981,4.48410400670492,2.69897000433602
23,1981,1.69134676413482,1.12763625255165,4.48410400670492,1.5
23,1982,1.69134676413482,0.301029995663981,4.48410400670492,2.69897000433602
23,1983,1.69134676413482,1.12763625255165,4.48410400670492,1.5
23,1984,1.69134676413482,1.12763625255165,4.48410400670492,1.5
23,1985,1.69134676413482,0.301029995663981,4.48410400670492,2.69897000433602
23,1986,1.69134676413482,0.301029995663981,4.48410400670492,2.69897000433602
23,1987,1.69134676413482,1.5,4.48410400670492,2.80102999566398
23,1988,1.69134676413482,0.301029995663981,4.48410400670492,2.69897000433602
23,1989,1.69134676413482,1.5,4.48410400670492,2.80102999566398
23,1990,1.69134676413482,1.5,4.48410400670492,2.80102999566398
23,1991,1.69134676413482,0.301029995663981,4.48410400670492,2.69897000433602
23,1992,1.69134676413482,0.301029995663981,4.48410400670492,2.69897000433602
23,1993,1.69134676413482,1.12763625255165,4.48410400670492,2.80102999566398
23,1994,1.69134676413482,0.301029995663981,4.48410400670492,2.69897000433602
23,1995,1.69134676413482,0.301029995663981,4.48410400670492,2.69897000433602
23,1996,1.69134676413482,0.301029995663981,4.48410400670492,2.69897000433602
23,1997,1.69134676413482,0.301029995663981,4.48410400670492,2.69897000433602
23,1998,1.69134676413482,0.301029995663981,4.48410400670492,2.69897000433602
23,1999,1.69134676413482,1.12763625255165,4.48410400670492,1.5
23,2000,1.69134676413482,1.12763625255165,4.48410400670492,2.80102999566398
23,2001,1.69134676413482,1.12763625255165,4.48410400670492,1.5
23,2002,1.69134676413482,1.12763625255165,4.48410400670492,1.5
23,2003,1.69134676413482,1.12763625255165,3.33445375115093,2.80102999566398
23,2004,1.69134676413482,1.12763625255165,4.48410400670492,2.80102999566398
23,2005,1.69134676413482,1.12763625255165,3.33445375115093,1.5
23,2006,1.69134676413482,0.301029995663981,4.48410400670492,2.69897000433602
23,2007,1.69134676413482,1.12763625255165,3.33445375115093,1.5
23,2008,1.69134676413482,1.12763625255165,4.48410400670492,1.5
23,2009,1.69134676413482,1.12763625255165,4.48410400670492,1.5
23,2010,1.69134676413482,1.12763625255165,4.48410400670492,1.5
23,2011,1.69134676413482,1.12763625255165,4.48410400670492,1.5
23,2012,1.69134676413482,1.12763625255165,4.48410400670492,1.5
23,2013,1.69134676413482,1.12763625255165,4.48410400670492,1.5
23,2014,1.69134676413482,1.12763625255165,3.33445375115093,1.5
23,2015,1.69134676413482,1.12763625255165,4.48410400670492,1.5
23,2016,1.69134676413482,1.12763625255165,4.48410400670492,1.5
23,2017,1.69134676413482,1.12763625255165,4.48410400670492,1.5
24,1903,1.69134676413482,1.12763625255165,4.48410400670492,1.5
24,1904,1.69134676413482,1.12763625255165,4.48410400670492,1.5
24,1905,1.69134676413482,1.12763625255165,4.48410400670492,1.5
24,1906,1.69134676413482,1.12763625255165,4.48410400670492,1.5
24,1907,1.69134676413482,1.12763625255165,4.48410400670492,1.5
24,1908,1.69134676413482,1.12763625255165,4.48410400670492,1.5
24,1909,1.69134676413482,1.12763625255165,4.48410400670492,1.5
24,1910,1.69134676413482,1.12763625255165,4.48410400670492,1.5
24,1911,1.69134676413482,1.12763625255165,4.48410400670492,1.5
24,1912,1.69134676413482,1.12763625255165,4.48410400670492,1.5
24,1913,1.69134676413482,1.12763625255165,4.48410400670492,1.5
24,1914,1.69134676413482,1.12763625255165,4.48410400670492,1.5
24,1915,1.69134676413482,1.12763625255165,4.48410400670492,1.5
24,1916,1.69134676413482,1.12763625255165,4.48410400670492,1.5
24,1917,1.69134676413482,1.12763625255165,4.48410400670492,1.5
24,1918,1.69134676413482,1.12763625255165,4.48410400670492,1.5
24,1919,1.69134676413482,1.12763625255165,4.48410400670492,1.5
24,1920,1.69134676413482,1.12763625255165,4.48410400670492,1.5
24,1921,1.69134676413482,1.12763625255165,4.48410400670492,2.80102999566398
24,1922,1.69134676413482,1.12763625255165,4.48410400670492,2.80102999566398
24,1923,1.69134676413482,1.12763625255165,4.48410400670492,2.80102999566398
24,1924,1.69134676413482,1.12763625255165,4.48410400670492,2.80102999566398
24,1925,1.69134676413482,1.12763625255165,4.48410400670492,2.80102999566398
24,1926,1.69134676413482,1.12763625255165,4.48410400670492,2.80102999566398
24,1927,1.69134676413482,1.12763625255165,4.48410400670492,2.80102999566398
24,1928,1.69134676413482,1.12763625255165,4.48410400670492,2.80102999566398
24,1929,1.69134676413482,1.12763625255165,4.48410400670492,2.80102999566398
24,1930,1.69134676413482,1.12763625255165,4.48410400670492,2.80102999566398
24,1931,1.69134676413482,1.12763625255165,4.48410400670492,2.80102999566398
24,1932,1.69134676413482,1.12763625255165,4.48410400670492,2.80102999566398
24,1933,1.69134676413482,1.12763625255165,4.48410400670492,2.80102999566398
24,1934,1.69134676413482,1.12763625255165,4.48410400670492,2.80102999566398
24,1935,1.69134676413482,1.12763625255165,4.48410400670492,2.80102999566398
24,1936,1.69134676413482,1.12763625255165,4.48410400670492,2.80102999566398
24,1937,1.69134676413482,1.12763625255165,4.48410400670492,2.80102999566398
24,1938,1.69134676413482,1.12763625255165,4.48410400670492,2.80102999566398
24,1939,1.69134676413482,1.12763625255165,4.48410400670492,1.5
24,1940,1.69134676413482,1.12763625255165,4.48410400670492,2.80102999566398
24,1941,1.69134676413482,1.12763625255165,4.48410400670492,2.80102999566398
24,1942,1.69134676413482,1.12763625255165,4.48410400670492,2.80102999566398
24,1943,1.69134676413482,1.12763625255165,4.48410400670492,2.80102999566398
24,1944,1.69134676413482,1.12763625255165,4.48410400670492,2.80102999566398
24,1945,1.69134676413482,1.12763625255165,4.48410400670492,2.80102999566398
24,1946,1.69134676413482,1.12763625255165,4.48410400670492,2.80102999566398
24,1947,1.69134676413482,1.12763625255165,4.48410400670492,2.80102999566398
24,1948,1.69134676413482,1.12763625255165,4.48410400670492,2.80102999566398
24,1949,1.69134676413482,1.12763625255165,4.48410400670492,2.80102999566398
24,1950,1.69134676413482,1.12763625255165,4.48410400670492,2.80102999566398
24,1951,1.69134676413482,1.12763625255165,4.48410400670492,2.80102999566398
24,1952,1.69134676413482,1.12763625255165,4.48410400670492,2.80102999566398
24,1953,1.69134676413482,1.12763625255165,4.48410400670492,2.80102999566398
24,1954,1.69134676413482,1.12763625255165,4.48410400670492,2.80102999566398
24,1955,1.69134676413482,1.12763625255165,4.48410400670492,2.80102999566398
24,1956,1.69134676413482,1.12763625255165,4.48410400670492,2.80102999566398
24,1957,1.69134676413482,1.12763625255165,4.48410400670492,2.80102999566398
24,1958,1.69134676413482,1.12763625255165,4.48410400670492,2.80102999566398
24,1959,1.69134676413482,1.12763625255165,4.48410400670492,2.80102999566398
24,1960,1.69134676413482,1.12763625255165,4.48410400670492,2.80102999566398
24,1961,1.69134676413482,1.5,4.48410400670492,2.80102999566398
24,1962,1.69134676413482,1.5,4.48410400670492,2.80102999566398
24,1963,1.69134676413482,1.12763625255165,4.48410400670492,2.80102999566398
24,1964,1.69134676413482,1.12763625255165,4.48410400670492,2.80102999566398
24,1965,1.69134676413482,1.12763625255165,4.48410400670492,2.80102999566398
24,1966,1.69134676413482,1.12763625255165,4.48410400670492,2.80102999566398
24,1967,1.69134676413482,1.12763625255165,4.48410400670492,2.80102999566398
24,1968,1.69134676413482,1.12763625255165,4.48410400670492,2.80102999566398
24,1969,1.69134676413482,1.12763625255165,4.48410400670492,2.80102999566398
24,1970,1.69134676413482,1.12763625255165,4.48410400670492,2.80102999566398
24,1971,1.69134676413482,1.12763625255165,4.48410400670492,2.80102999566398
24,1972,1.69134676413482,1.12763625255165,4.48410400670492,2.80102999566398
24,1973,1.69134676413482,1.5,4.48410400670492,2.80102999566398
24,1974,1.69134676413482,1.5,4.48410400670492,2.80102999566398
24,1975,1.69134676413482,1.5,4.48410400670492,2.80102999566398
24,1976,1.69134676413482,1.5,4.48410400670492,2.80102999566398
24,1977,1.69134676413482,1.5,4.48410400670492,2.80102999566398
24,1978,1.69134676413482,1.5,4.48410400670492,2.80102999566398
24,1979,1.69134676413482,1.5,4.48410400670492,2.80102999566398
24,1980,1.69134676413482,1.5,4.48410400670492,2.80102999566398
24,1981,1.69134676413482,1.5,4.48410400670492,2.80102999566398
24,1982,1.69134676413482,1.5,4.48410400670492,2.80102999566398
24,1983,1.69134676413482,1.12763625255165,4.48410400670492,2.80102999566398
24,1984,1.69134676413482,1.5,4.48410400670492,2.80102999566398
24,1985,1.69134676413482,1.5,4.48410400670492,2.80102999566398
24,1986,1.69134676413482,1.12763625255165,4.48410400670492,2.80102999566398
24,1987,1.69134676413482,1.12763625255165,4.48410400670492,2.80102999566398
24,1988,1.69134676413482,1.12763625255165,4.48410400670492,2.80102999566398
24,1989,1.69134676413482,1.12763625255165,4.48410400670492,2.80102999566398
24,1990,1.69134676413482,1.12763625255165,4.48410400670492,2.80102999566398
24,1991,1.69134676413482,1.12763625255165,4.48410400670492,2.80102999566398
24,1992,1.69134676413482,1.12763625255165,4.48410400670492,2.80102999566398
24,1993,1.69134676413482,1.5,4.48410400670492,2.80102999566398
24,1994,1.69134676413482,1.12763625255165,4.48410400670492,2.80102999566398
24,1995,1.69134676413482,1.5,4.48410400670492,2.80102999566398
24,1996,1.69134676413482,1.12763625255165,4.48410400670492,2.80102999566398
24,1997,1.69134676413482,1.5,4.48410400670492,2.80102999566398
24,1998,1.69134676413482,1.5,4.48410400670492,2.80102999566398
24,1999,1.69134676413482,1.12763625255165,4.48410400670492,2.80102999566398
24,2000,1.69134676413482,1.12763625255165,4.48410400670492,2.80102999566398
24,2001,1.69134676413482,1.5,4.48410400670492,2.80102999566398
24,2002,1.69134676413482,1.12763625255165,4.48410400670492,2.80102999566398
24,2003,1.69134676413482,1.5,4.48410400670492,2.80102999566398
24,2004,1.69134676413482,1.5,4.48410400670492,2.80102999566398
24,2005,1.69134676413482,1.5,4.48410400670492,2.80102999566398
24,2006,1.69134676413482,1.12763625255165,4.48410400670492,2.80102999566398
24,2007,1.69134676413482,1.12763625255165,4.48410400670492,2.80102999566398
24,2008,1.69134676413482,1.12763625255165,4.48410400670492,2.80102999566398
24,2009,1.69134676413482,1.12763625255165,4.48410400670492,2.80102999566398
24,2010,1.69134676413482,1.12763625255165,4.48410400670492,2.80102999566398
24,2011,1.69134676413482,1.12763625255165,4.48410400670492,2.80102999566398
24,2012,1.69134676413482,1.12763625255165,4.48410400670492,2.80102999566398
24,2013,1.69134676413482,1.5,4.48410400670492,2.80102999566398
24,2014,1.69134676413482,1.12763625255165,4.48410400670492,2.80102999566398
24,2015,1.69134676413482,1.5,4.48410400670492,2.80102999566398
24,2016,1.69134676413482,1.5,4.48410400670492,2.80102999566398
24,2017,1.69134676413482,1.5,4.48410400670492,2.80102999566398
25,1903,1.69134676413482,1.12763625255165,4.48410400670492,2.80102999566398
25,1904,1.69134676413482,1.12763625255165,4.48410400670492,2.80102999566398
25,1906,1.69134676413482,1.12763625255165,4.48410400670492,1.5
25,1907,1.69134676413482,0.477121254719662,4.48410400670492,1.77815125038364
25,1908,1.69134676413482,1.12763625255165,4.48410400670492,1.5
25,1909,1.69134676413482,1.12763625255165,4.48410400670492,1.5
25,1910,1.69134676413482,1.12763625255165,4.48410400670492,1.5
25,1911,1.69134676413482,1.12763625255165,4.48410400670492,2.80102999566398
25,1912,1.69134676413482,1.12763625255165,4.48410400670492,1.5
25,1913,1.69134676413482,1.12763625255165,4.48410400670492,2.80102999566398
25,1914,1.69134676413482,1.12763625255165,4.48410400670492,1.5
25,1915,1.69134676413482,1.12763625255165,4.48410400670492,1.5
25,1919,1.69134676413482,1.12763625255165,4.48410400670492,2.80102999566398
25,1920,1.69134676413482,1.12763625255165,4.48410400670492,2.80102999566398
25,1921,1.69134676413482,1.12763625255165,4.48410400670492,2.80102999566398
25,1922,1.69134676413482,1.12763625255165,4.48410400670492,2.80102999566398
25,1923,1.69134676413482,1.12763625255165,4.48410400670492,2.80102999566398
25,1924,1.69134676413482,1.12763625255165,4.48410400670492,2.80102999566398
25,1925,1.69134676413482,1.12763625255165,4.48410400670492,2.80102999566398
25,1926,1.69134676413482,1.12763625255165,4.48410400670492,2.80102999566398
25,1927,1.69134676413482,1.12763625255165,4.48410400670492,2.80102999566398
25,1928,1.69134676413482,1.12763625255165,4.48410400670492,2.80102999566398
25,1929,1.69134676413482,1.12763625255165,4.48410400670492,2.80102999566398
25,1930,1.69134676413482,1.12763625255165,4.48410400670492,2.80102999566398
25,1931,1.69134676413482,1.12763625255165,4.48410400670492,2.80102999566398
25,1932,1.69134676413482,1.12763625255165,4.48410400670492,2.80102999566398
25,1933,1.69134676413482,1.12763625255165,4.48410400670492,2.80102999566398
25,1934,1.69134676413482,1.12763625255165,4.48410400670492,2.80102999566398
25,1935,1.69134676413482,1.12763625255165,4.48410400670492,2.80102999566398
25,1936,1.69134676413482,1.12763625255165,4.48410400670492,2.80102999566398
25,1937,1.69134676413482,1.12763625255165,4.48410400670492,2.80102999566398
25,1938,1.69134676413482,1.12763625255165,4.48410400670492,2.80102999566398
25,1939,1.69134676413482,1.12763625255165,4.48410400670492,2.80102999566398
25,1940,1.69134676413482,1.12763625255165,4.48410400670492,2.80102999566398
25,1941,1.69134676413482,1.12763625255165,4.48410400670492,2.80102999566398
25,1942,1.69134676413482,1.12763625255165,4.48410400670492,2.80102999566398
25,1943,1.69134676413482,1.12763625255165,4.48410400670492,2.80102999566398
25,1944,1.69134676413482,1.12763625255165,4.48410400670492,2.80102999566398
25,1945,1.69134676413482,1.12763625255165,4.48410400670492,2.80102999566398
25,1946,1.69134676413482,1.12763625255165,4.48410400670492,2.80102999566398
25,1947,1.69134676413482,1.12763625255165,4.48410400670492,2.80102999566398
25,1948,1.69134676413482,1.12763625255165,4.48410400670492,2.80102999566398
25,1949,1.69134676413482,1.12763625255165,4.48410400670492,2.80102999566398
25,1950,1.69134676413482,1.12763625255165,4.48410400670492,2.80102999566398
25,1951,1.69134676413482,1.12763625255165,4.48410400670492,2.80102999566398
25,1952,1.69134676413482,1.12763625255165,4.48410400670492,2.80102999566398
25,1953,1.69134676413482,1.12763625255165,4.48410400670492,2.80102999566398
25,1954,1.69134676413482,1.12763625255165,4.48410400670492,2.80102999566398
25,1955,1.69134676413482,1.12763625255165,4.48410400670492,2.80102999566398
25,1956,1.69134676413482,1.12763625255165,4.48410400670492,2.80102999566398
25,1957,1.69134676413482,1.12763625255165,4.48410400670492,2.80102999566398
25,1958,1.69134676413482,1.12763625255165,4.48410400670492,2.80102999566398
25,1959,1.69134676413482,1.12763625255165,4.48410400670492,2.80102999566398
25,1960,1.69134676413482,1.12763625255165,4.48410400670492,2.80102999566398
25,1961,1.69134676413482,1.12763625255165,4.48410400670492,2.80102999566398
25,1962,1.69134676413482,1.5,4.48410400670492,2.80102999566398
25,1963,1.69134676413482,1.12763625255165,4.48410400670492,2.80102999566398
25,1964,1.69134676413482,1.12763625255165,4.48410400670492,1.5
25,1965,1.69134676413482,1.12763625255165,4.48410400670492,2.80102999566398
25,1966,1.69134676413482,1.12763625255165,4.48410400670492,1.5
25,1967,1.69134676413482,1.12763625255165,4.48410400670492,2.80102999566398
25,1968,1.69134676413482,1.12763625255165,4.48410400670492,2.80102999566398
25,1969,1.69134676413482,1.12763625255165,4.48410400670492,2.80102999566398
25,1970,1.69134676413482,1.12763625255165,4.48410400670492,2.80102999566398
25,1971,1.69134676413482,1.5,4.48410400670492,2.80102999566398
25,1972,1.69134676413482,1.12763625255165,4.48410400670492,2.80102999566398
25,1973,1.69134676413482,1.5,4.48410400670492,2.80102999566398
25,1974,1.69134676413482,1.5,4.48410400670492,2.80102999566398
25,1975,1.69134676413482,1.12763625255165,4.48410400670492,2.80102999566398
25,1976,1.69134676413482,1.12763625255165,4.48410400670492,2.80102999566398
25,1977,1.69134676413482,1.12763625255165,4.48410400670492,2.80102999566398
25,1978,1.69134676413482,1.12763625255165,4.48410400670492,2.80102999566398
25,1979,1.69134676413482,1.5,4.48410400670492,2.80102999566398
25,1980,1.69134676413482,1.5,4.48410400670492,2.80102999566398
25,1981,1.69134676413482,1.5,4.48410400670492,2.80102999566398
25,1982,1.69134676413482,1.5,4.48410400670492,2.80102999566398
25,1983,1.69134676413482,1.5,4.48410400670492,2.80102999566398
25,1984,1.69134676413482,1.5,4.48410400670492,2.80102999566398
25,1985,1.69134676413482,1.5,4.48410400670492,2.80102999566398
25,1986,1.69134676413482,1.12763625255165,4.48410400670492,2.80102999566398
25,1987,1.69134676413482,1.12763625255165,4.48410400670492,2.80102999566398
25,1988,1.69134676413482,1.12763625255165,4.48410400670492,2.80102999566398
25,1989,1.69134676413482,1.12763625255165,4.48410400670492,2.80102999566398
25,1990,1.69134676413482,1.12763625255165,4.48410400670492,2.80102999566398
25,1991,1.69134676413482,1.12763625255165,4.48410400670492,2.80102999566398
25,1992,1.69134676413482,1.12763625255165,4.48410400670492,2.80102999566398
25,1993,1.69134676413482,1.12763625255165,4.48410400670492,2.80102999566398
25,1994,1.69134676413482,1.12763625255165,4.48410400670492,2.80102999566398
25,1995,1.69134676413482,1.12763625255165,4.48410400670492,2.80102999566398
25,1996,1.69134676413482,1.12763625255165,4.48410400670492,2.80102999566398
25,1997,1.69134676413482,1.12763625255165,4.48410400670492,2.80102999566398
25,1998,1.69134676413482,1.12763625255165,4.48410400670492,2.80102999566398
25,1999,1.69134676413482,1.12763625255165,4.48410400670492,2.80102999566398
25,2000,1.69134676413482,1.12763625255165,4.48410400670492,2.80102999566398
25,2001,1.69134676413482,1.12763625255165,4.48410400670492,2.80102999566398
25,2002,1.69134676413482,1.12763625255165,4.48410400670492,2.80102999566398
25,2003,1.69134676413482,1.12763625255165,4.48410400670492,2.80102999566398
25,2004,1.69134676413482,1.12763625255165,4.48410400670492,2.80102999566398
25,2005,1.69134676413482,1.12763625255165,4.48410400670492,2.80102999566398
25,2006,1.69134676413482,1.12763625255165,4.48410400670492,2.80102999566398
25,2007,1.69134676413482,1.12763625255165,4.48410400670492,2.80102999566398
25,2008,1.69134676413482,1.12763625255165,4.48410400670492,2.80102999566398
25,2009,1.69134676413482,1.12763625255165,4.48410400670492,2.80102999566398
25,2010,1.69134676413482,1.12763625255165,4.48410400670492,2.80102999566398
25,2011,1.69134676413482,1.12763625255165,4.48410400670492,2.80102999566398
25,2012,1.69134676413482,1.12763625255165,4.48410400670492,2.80102999566398
25,2013,1.69134676413482,1.12763625255165,4.48410400670492,2.80102999566398
25,2014,1.69134676413482,1.12763625255165,4.48410400670492,2.80102999566398
25,2015,1.69134676413482,1.12763625255165,4.48410400670492,2.80102999566398
25,2016,1.69134676413482,1.12763625255165,4.48410400670492,2.80102999566398
25,2017,1.69134676413482,1.12763625255165,4.48410400670492,2.80102999566398
26,1950,1.69134676413482,1.12763625255165,4.48410400670492,2.80102999566398
26,1951,1.69134676413482,1.12763625255165,4.48410400670492,2.80102999566398
26,1952,1.69134676413482,1.12763625255165,4.48410400670492,2.80102999566398
26,1953,1.69134676413482,1.12763625255165,4.48410400670492,2.80102999566398
26,1954,1.69134676413482,1.12763625255165,4.48410400670492,2.80102999566398
26,1955,1.69134676413482,1.12763625255165,4.48410400670492,2.80102999566398
26,1956,1.69134676413482,1.12763625255165,4.48410400670492,2.80102999566398
26,1957,1.69134676413482,1.12763625255165,4.48410400670492,2.80102999566398
26,1958,1.69134676413482,1.12763625255165,4.48410400670492,2.80102999566398
26,1959,1.69134676413482,1.12763625255165,4.48410400670492,2.80102999566398
26,1960,1.69134676413482,1.12763625255165,4.48410400670492,2.80102999566398
26,1961,1.69134676413482,1.12763625255165,4.48410400670492,2.80102999566398
26,1962,1.69134676413482,1.12763625255165,4.48410400670492,2.80102999566398
26,1963,1.69134676413482,1.12763625255165,4.48410400670492,2.80102999566398
26,1964,1.69134676413482,1.12763625255165,4.48410400670492,2.80102999566398
26,1965,1.69134676413482,1.12763625255165,4.48410400670492,2.80102999566398
26,1966,1.69134676413482,1.12763625255165,4.48410400670492,2.80102999566398
26,1967,1.69134676413482,1.12763625255165,4.48410400670492,2.80102999566398
26,1968,1.69134676413482,1.12763625255165,4.48410400670492,2.80102999566398
26,1969,1.69134676413482,1.12763625255165,4.48410400670492,2.80102999566398
26,1970,1.69134676413482,1.12763625255165,4.48410400670492,2.80102999566398
26,1971,1.69134676413482,1.12763625255165,4.48410400670492,2.80102999566398
26,1972,1.69134676413482,1.12763625255165,4.48410400670492,2.80102999566398
26,1973,1.69134676413482,1.12763625255165,4.48410400670492,2.80102999566398
26,1974,1.69134676413482,1.12763625255165,4.48410400670492,2.80102999566398
26,1975,1.69134676413482,1.12763625255165,4.48410400670492,2.80102999566398
26,1976,1.69134676413482,1.12763625255165,4.48410400670492,2.80102999566398
26,1977,1.69134676413482,1.12763625255165,4.48410400670492,2.80102999566398
26,1978,1.69134676413482,1.12763625255165,4.48410400670492,2.80102999566398
26,1979,1.69134676413482,1.12763625255165,4.48410400670492,2.80102999566398
26,1980,1.69134676413482,1.12763625255165,4.48410400670492,2.80102999566398
26,1981,1.69134676413482,1.12763625255165,4.48410400670492,2.80102999566398
26,1982,1.69134676413482,1.12763625255165,4.48410400670492,2.80102999566398
26,1983,1.69134676413482,1.12763625255165,4.48410400670492,2.80102999566398
26,1984,1.69134676413482,1.12763625255165,4.48410400670492,2.80102999566398
26,1985,1.69134676413482,1.12763625255165,4.48410400670492,2.80102999566398
26,1986,1.69134676413482,1.12763625255165,4.48410400670492,2.80102999566398
26,1987,1.69134676413482,1.12763625255165,4.48410400670492,2.80102999566398
26,1988,1.69134676413482,1.12763625255165,4.48410400670492,2.80102999566398
26,1989,1.69134676413482,1.12763625255165,4.48410400670492,2.80102999566398
26,1990,1.69134676413482,1.12763625255165,4.48410400670492,2.80102999566398
26,1991,1.69134676413482,1.12763625255165,4.48410400670492,2.80102999566398
26,1992,1.69134676413482,1.12763625255165,4.48410400670492,2.80102999566398
26,1993,1.69134676413482,1.12763625255165,4.48410400670492,2.80102999566398
26,1994,1.69134676413482,1.12763625255165,4.48410400670492,2.80102999566398
26,1995,1.69134676413482,1.12763625255165,4.48410400670492,2.80102999566398
26,1996,1.69134676413482,1.12763625255165,4.48410400670492,2.80102999566398
26,1997,1.69134676413482,1.12763625255165,4.48410400670492,2.80102999566398
26,1998,1.69134676413482,1.12763625255165,4.48410400670492,2.80102999566398
26,1999,1.69134676413482,1.12763625255165,4.48410400670492,2.80102999566398
26,2000,1.69134676413482,1.12763625255165,4.48410400670492,2.80102999566398
26,2001,1.69134676413482,1.12763625255165,4.48410400670492,2.80102999566398
26,2002,1.69134676413482,1.12763625255165,4.48410400670492,2.80102999566398
26,2003,1.69134676413482,1.12763625255165,4.48410400670492,2.80102999566398
26,2004,1.69134676413482,1.12763625255165,4.48410400670492,2.80102999566398
26,2005,1.69134676413482,1.12763625255165,4.48410400670492,2.80102999566398
26,2006,1.69134676413482,1.12763625255165,4.48410400670492,2.80102999566398
26,2007,1.69134676413482,1.12763625255165,4.48410400670492,2.80102999566398
26,2008,1.69134676413482,1.12763625255165,4.48410400670492,2.80102999566398
26,2009,1.69134676413482,1.12763625255165,4.48410400670492,2.80102999566398
26,2010,1.69134676413482,1.12763625255165,4.48410400670492,2.80102999566398
26,2011,1.69134676413482,1.12763625255165,4.48410400670492,2.80102999566398
26,2012,1.69134676413482,1.12763625255165,4.48410400670492,2.80102999566398
26,2013,1.69134676413482,1.12763625255165,4.48410400670492,2.80102999566398
26,2014,1.69134676413482,1.12763625255165,4.48410400670492,2.80102999566398
26,2015,1.69134676413482,1.12763625255165,4.48410400670492,2.80102999566398
26,2016,1.69134676413482,1.12763625255165,4.48410400670492,2.80102999566398
26,2017,1.69134676413482,1.12763625255165,4.48410400670492,2.80102999566398
27,1950,1.69134676413482,1.12763625255165,4.48410400670492,2.80102999566398
27,1951,1.69134676413482,1.12763625255165,4.48410400670492,2.80102999566398
27,1952,1.69134676413482,1.12763625255165,4.48410400670492,2.80102999566398
27,1953,1.69134676413482,1.12763625255165,4.48410400670492,2.80102999566398
27,1954,1.69134676413482,1.12763625255165,4.48410400670492,2.80102999566398
27,1955,1.69134676413482,1.12763625255165,4.48410400670492,2.80102999566398
27,1956,1.69134676413482,1.12763625255165,4.48410400670492,2.80102999566398
27,1957,1.69134676413482,1.12763625255165,4.48410400670492,2.80102999566398
27,1958,1.69134676413482,1.12763625255165,4.48410400670492,2.80102999566398
27,1959,1.69134676413482,1.12763625255165,4.48410400670492,2.80102999566398
27,1960,1.69134676413482,1.12763625255165,4.48410400670492,2.80102999566398
27,1961,1.69134676413482,1.12763625255165,4.48410400670492,2.80102999566398
27,1962,1.69134676413482,1.12763625255165,4.48410400670492,2.80102999566398
27,1963,1.69134676413482,1.12763625255165,4.48410400670492,2.80102999566398
27,1964,1.69134676413482,1.12763625255165,4.48410400670492,2.80102999566398
27,1965,1.69134676413482,1.12763625255165,4.48410400670492,2.80102999566398
27,1966,1.69134676413482,1.12763625255165,4.48410400670492,2.80102999566398
27,1967,1.69134676413482,1.12763625255165,4.48410400670492,2.80102999566398
27,1968,1.69134676413482,1.12763625255165,4.48410400670492,2.80102999566398
27,1969,1.69134676413482,1.12763625255165,4.48410400670492,2.80102999566398
27,1970,1.69134676413482,1.12763625255165,3.33445375115093,2.80102999566398
27,1971,1.69134676413482,1.12763625255165,4.48410400670492,2.80102999566398
27,1972,1.69134676413482,1.12763625255165,4.48410400670492,2.80102999566398
27,1973,1.69134676413482,1.12763625255165,4.48410400670492,2.80102999566398
27,1974,1.69134676413482,1.12763625255165,4.48410400670492,2.80102999566398
27,1975,1.69134676413482,1.12763625255165,4.48410400670492,2.80102999566398
27,1976,1.69134676413482,1.12763625255165,4.48410400670492,2.80102999566398
27,1977,1.69134676413482,1.12763625255165,4.48410400670492,2.80102999566398
27,1978,1.69134676413482,1.12763625255165,4.48410400670492,2.80102999566398
27,1979,1.69134676413482,1.12763625255165,4.48410400670492,2.80102999566398
27,1980,1.69134676413482,1.12763625255165,3.33445375115093,2.80102999566398
27,1981,1.69134676413482,1.12763625255165,3.33445375115093,2.80102999566398
27,1982,1.69134676413482,1.12763625255165,4.48410400670492,2.80102999566398
27,1983,1.69134676413482,1.12763625255165,3.33445375115093,2.80102999566398
27,1984,1.69134676413482,1.12763625255165,4.48410400670492,2.80102999566398
27,1985,1.69134676413482,1.12763625255165,3.33445375115093,2.80102999566398
27,1986,1.69134676413482,1.12763625255165,3.33445375115093,2.80102999566398
27,1987,1.69134676413482,1.12763625255165,4.48410400670492,2.80102999566398
27,1988,1.69134676413482,1.12763625255165,3.33445375115093,2.80102999566398
27,1989,1.69134676413482,1.12763625255165,4.48410400670492,2.80102999566398
27,1990,1.69134676413482,1.12763625255165,3.33445375115093,2.80102999566398
27,1991,1.69134676413482,1.12763625255165,3.33445375115093,2.80102999566398
27,1992,1.69134676413482,1.12763625255165,3.33445375115093,2.80102999566398
27,1993,1.69134676413482,1.12763625255165,3.33445375115093,2.80102999566398
27,1994,1.69134676413482,1.12763625255165,3.33445375115093,2.80102999566398
27,1995,1.69134676413482,1.12763625255165,3.33445375115093,2.80102999566398
27,1996,1.69134676413482,1.12763625255165,3.33445375115093,2.80102999566398
27,1997,1.69134676413482,1.12763625255165,4.48410400670492,2.80102999566398
27,1998,1.69134676413482,1.12763625255165,3.33445375115093,2.80102999566398
27,1999,1.69134676413482,1.12763625255165,3.33445375115093,2.80102999566398
27,2000,1.69134676413482,1.12763625255165,3.33445375115093,2.80102999566398
27,2001,1.69134676413482,1.12763625255165,3.33445375115093,2.80102999566398
27,2002,1.69134676413482,1.12763625255165,3.33445375115093,2.80102999566398
27,2003,1.69134676413482,1.12763625255165,3.33445375115093,2.80102999566398
27,2004,1.69134676413482,1.12763625255165,3.33445375115093,2.80102999566398
27,2005,1.69134676413482,1.12763625255165,3.33445375115093,2.80102999566398
27,2006,1.69134676413482,1.12763625255165,3.33445375115093,2.80102999566398
27,2007,1.69134676413482,1.12763625255165,3.33445375115093,2.80102999566398
27,2008,1.69134676413482,1.12763625255165,3.33445375115093,2.80102999566398
27,2009,1.69134676413482,1.12763625255165,3.33445375115093,2.80102999566398
27,2010,1.69134676413482,1.12763625255165,3.33445375115093,2.80102999566398
27,2011,1.69134676413482,1.12763625255165,4.48410400670492,2.80102999566398
27,2012,1.69134676413482,1.12763625255165,4.48410400670492,2.80102999566398
27,2013,1.69134676413482,1.12763625255165,3.33445375115093,2.80102999566398
27,2014,1.69134676413482,1.12763625255165,4.48410400670492,2.80102999566398
27,2015,1.69134676413482,1.12763625255165,3.33445375115093,2.80102999566398
27,2016,1.69134676413482,1.12763625255165,3.33445375115093,2.80102999566398
27,2017,1.69134676413482,1.12763625255165,4.48410400670492,2.80102999566398
28,1950,1.69134676413482,1.12763625255165,3.33445375115093,2.80102999566398
28,1951,1.69134676413482,1.12763625255165,3.33445375115093,2.80102999566398
28,1952,1.69134676413482,1.12763625255165,3.33445375115093,2.80102999566398
28,1953,1.69134676413482,1.12763625255165,3.33445375115093,2.80102999566398
28,1954,1.69134676413482,1.12763625255165,3.33445375115093,2.80102999566398
28,1955,1.69134676413482,1.12763625255165,3.33445375115093,2.80102999566398
28,1956,1.69134676413482,1.12763625255165,3.33445375115093,2.80102999566398
28,1957,1.69134676413482,1.12763625255165,3.33445375115093,2.80102999566398
28,1958,1.69134676413482,1.12763625255165,3.33445375115093,2.80102999566398
28,1959,1.69134676413482,1.12763625255165,3.33445375115093,2.80102999566398
28,1960,1.69134676413482,1.12763625255165,4.48410400670492,2.80102999566398
28,1961,1.69134676413482,1.12763625255165,4.48410400670492,2.80102999566398
28,1962,1.69134676413482,1.12763625255165,4.48410400670492,2.80102999566398
28,1963,1.69134676413482,1.12763625255165,4.48410400670492,2.80102999566398
28,1964,1.69134676413482,1.12763625255165,4.48410400670492,2.80102999566398
28,1965,1.69134676413482,1.12763625255165,3.33445375115093,2.80102999566398
28,1966,1.69134676413482,1.12763625255165,3.33445375115093,2.80102999566398
28,1967,1.69134676413482,1.12763625255165,3.33445375115093,2.80102999566398
28,1968,1.69134676413482,1.12763625255165,4.48410400670492,2.80102999566398
28,1969,1.69134676413482,1.12763625255165,3.33445375115093,2.80102999566398
28,1970,1.69134676413482,1.12763625255165,3.33445375115093,2.80102999566398
28,1971,1.69134676413482,1.12763625255165,3.33445375115093,2.80102999566398
28,1972,1.69134676413482,1.12763625255165,4.48410400670492,2.80102999566398
28,1973,1.69134676413482,1.12763625255165,3.33445375115093,2.80102999566398
28,1974,1.69134676413482,1.12763625255165,3.33445375115093,2.80102999566398
28,1975,1.69134676413482,1.12763625255165,3.33445375115093,2.80102999566398
28,1976,1.69134676413482,1.12763625255165,3.33445375115093,2.80102999566398
28,1977,1.69134676413482,1.12763625255165,4.48410400670492,2.80102999566398
28,1978,1.69134676413482,1.12763625255165,4.48410400670492,2.80102999566398
28,1979,1.69134676413482,1.12763625255165,3.33445375115093,2.80102999566398
28,1980,1.69134676413482,1.12763625255165,4.48410400670492,2.80102999566398
28,1981,1.69134676413482,1.12763625255165,3.33445375115093,2.80102999566398
28,1982,1.69134676413482,1.12763625255165,3.33445375115093,2.80102999566398
28,1983,1.69134676413482,1.12763625255165,3.33445375115093,2.80102999566398
28,1984,1.69134676413482,1.12763625255165,4.48410400670492,2.80102999566398
28,1985,1.69134676413482,1.12763625255165,4.48410400670492,2.80102999566398
28,1986,1.69134676413482,1.12763625255165,4.48410400670492,2.80102999566398
28,1987,1.69134676413482,1.12763625255165,3.33445375115093,2.80102999566398
28,1988,1.69134676413482,1.12763625255165,3.33445375115093,2.80102999566398
28,1989,1.69134676413482,1.12763625255165,4.48410400670492,2.80102999566398
28,1990,1.69134676413482,1.12763625255165,4.48410400670492,2.80102999566398
28,1991,1.69134676413482,1.12763625255165,3.33445375115093,2.80102999566398
28,1992,1.69134676413482,1.12763625255165,3.33445375115093,2.80102999566398
28,1993,1.69134676413482,1.12763625255165,3.33445375115093,2.80102999566398
28,1994,1.69134676413482,1.12763625255165,3.33445375115093,2.80102999566398
28,1995,1.69134676413482,1.12763625255165,4.48410400670492,2.80102999566398
28,1996,1.69134676413482,1.12763625255165,3.33445375115093,2.80102999566398
28,1997,1.69134676413482,1.12763625255165,4.48410400670492,2.80102999566398
28,1998,1.69134676413482,1.12763625255165,4.48410400670492,2.80102999566398
28,1999,1.69134676413482,1.12763625255165,4.48410400670492,2.80102999566398
28,2000,1.69134676413482,1.12763625255165,4.48410400670492,2.80102999566398
28,2001,1.69134676413482,1.12763625255165,4.48410400670492,2.80102999566398
28,2002,1.69134676413482,1.12763625255165,4.48410400670492,2.80102999566398
28,2003,1.69134676413482,1.12763625255165,4.48410400670492,2.80102999566398
28,2004,1.69134676413482,1.12763625255165,4.48410400670492,2.80102999566398
28,2005,1.69134676413482,1.12763625255165,4.48410400670492,2.80102999566398
28,2006,1.69134676413482,1.12763625255165,4.48410400670492,2.80102999566398
28,2007,1.69134676413482,1.12763625255165,4.48410400670492,2.80102999566398
28,2008,1.69134676413482,1.12763625255165,4.48410400670492,2.80102999566398
28,2009,1.69134676413482,1.12763625255165,3.33445375115093,2.80102999566398
28,2010,1.69134676413482,1.12763625255165,4.48410400670492,2.80102999566398
28,2011,1.69134676413482,1.12763625255165,3.33445375115093,2.80102999566398
28,2012,1.69134676413482,1.12763625255165,3.33445375115093,2.80102999566398
28,2013,1.69134676413482,1.12763625255165,4.48410400670492,2.80102999566398
28,2014,1.69134676413482,1.12763625255165,4.48410400670492,2.80102999566398
28,2015,1.69134676413482,1.12763625255165,4.48410400670492,2.80102999566398
28,2016,1.69134676413482,1.12763625255165,4.48410400670492,2.80102999566398
28,2017,1.69134676413482,1.12763625255165,4.48410400670492,2.80102999566398
29,1950,1.69134676413482,2,4.48410400670492,3.60205999132796
29,1951,1.69134676413482,2,4.48410400670492,3.60205999132796
29,1952,1.69134676413482,2,4.48410400670492,3.60205999132796
29,1953,1.69134676413482,2,4.48410400670492,3.60205999132796
29,1954,1.69134676413482,1.5,4.48410400670492,2.80102999566398
29,1955,1.69134676413482,1.5,4.48410400670492,2.80102999566398
29,1956,1.69134676413482,1.5,4.48410400670492,2.80102999566398
29,1957,1.69134676413482,1.5,4.48410400670492,2.80102999566398
29,1958,1.69134676413482,1.5,4.48410400670492,2.80102999566398
29,1959,1.69134676413482,1.5,4.48410400670492,2.80102999566398
29,1960,1.69134676413482,1.5,4.48410400670492,2.80102999566398
29,1961,1.69134676413482,1.5,4.48410400670492,2.80102999566398
29,1962,1.69134676413482,1.5,4.48410400670492,2.80102999566398
29,1963,1.69134676413482,1.5,4.48410400670492,2.80102999566398
29,1964,1.69134676413482,1.5,4.48410400670492,2.80102999566398
29,1965,1.69134676413482,1.5,4.48410400670492,2.80102999566398
29,1966,1.69134676413482,1.5,4.48410400670492,2.80102999566398
29,1967,1.69134676413482,1.5,4.48410400670492,2.80102999566398
29,1968,1.69134676413482,1.5,4.48410400670492,2.80102999566398
29,1969,1.69134676413482,1.5,4.48410400670492,2.80102999566398
29,1970,1.69134676413482,1.12763625255165,4.48410400670492,2.80102999566398
29,1971,1.69134676413482,1.12763625255165,4.48410400670492,2.80102999566398
29,1972,1.69134676413482,1.12763625255165,4.48410400670492,2.80102999566398
29,1973,1.69134676413482,1.12763625255165,4.48410400670492,2.80102999566398
29,1974,1.69134676413482,1.12763625255165,4.48410400670492,2.80102999566398
29,1975,1.69134676413482,1.12763625255165,4.48410400670492,2.80102999566398
29,1976,1.69134676413482,1.12763625255165,4.48410400670492,2.80102999566398
29,1977,1.69134676413482,1.12763625255165,4.48410400670492,2.80102999566398
29,1978,1.69134676413482,1.12763625255165,4.48410400670492,2.80102999566398
29,1979,1.69134676413482,1.12763625255165,4.48410400670492,2.80102999566398
29,1980,1.69134676413482,1.12763625255165,4.48410400670492,2.80102999566398
29,1981,1.69134676413482,1.12763625255165,4.48410400670492,2.80102999566398
29,1982,1.69134676413482,1.12763625255165,4.48410400670492,2.80102999566398
29,1983,1.69134676413482,1.12763625255165,4.48410400670492,2.80102999566398
29,1984,1.69134676413482,1.5,4.48410400670492,2.80102999566398
29,1985,1.69134676413482,1.12763625255165,4.48410400670492,2.80102999566398
29,1986,1.69134676413482,1.12763625255165,4.48410400670492,2.80102999566398
29,1987,1.69134676413482,1.12763625255165,4.48410400670492,2.80102999566398
29,1988,1.69134676413482,1.12763625255165,4.48410400670492,2.80102999566398
29,1989,1.69134676413482,1.12763625255165,4.48410400670492,2.80102999566398
29,1990,1.69134676413482,1.12763625255165,4.48410400670492,2.80102999566398
29,1991,1.69134676413482,1.12763625255165,4.48410400670492,2.80102999566398
29,1992,1.69134676413482,1.12763625255165,4.48410400670492,2.80102999566398
29,1993,1.69134676413482,1.12763625255165,4.48410400670492,2.80102999566398
29,1994,1.69134676413482,1.12763625255165,4.48410400670492,2.80102999566398
29,1995,1.69134676413482,1.12763625255165,4.48410400670492,2.80102999566398
29,1996,1.69134676413482,1.12763625255165,4.48410400670492,2.80102999566398
29,1997,1.69134676413482,1.12763625255165,4.48410400670492,2.80102999566398
29,1998,1.69134676413482,1.12763625255165,4.48410400670492,2.80102999566398
29,1999,1.69134676413482,1.12763625255165,4.48410400670492,2.80102999566398
29,2000,1.69134676413482,1.12763625255165,4.48410400670492,2.80102999566398
29,2001,1.69134676413482,1.12763625255165,4.48410400670492,2.80102999566398
29,2002,1.69134676413482,1.12763625255165,4.48410400670492,2.80102999566398
29,2003,1.69134676413482,1.12763625255165,4.48410400670492,2.80102999566398
29,2004,1.69134676413482,1.12763625255165,4.48410400670492,2.80102999566398
29,2005,1.69134676413482,1.12763625255165,4.48410400670492,2.80102999566398
29,2006,1.69134676413482,1.12763625255165,4.48410400670492,2.80102999566398
29,2007,1.69134676413482,1.12763625255165,4.48410400670492,2.80102999566398
29,2008,1.69134676413482,1.12763625255165,4.48410400670492,2.80102999566398
29,2009,1.69134676413482,1.12763625255165,4.48410400670492,2.80102999566398
29,2010,1.69134676413482,1.12763625255165,4.48410400670492,2.80102999566398
29,2011,1.69134676413482,1.12763625255165,4.48410400670492,2.80102999566398
29,2012,1.69134676413482,1.12763625255165,4.48410400670492,2.80102999566398
29,2013,1.69134676413482,1.12763625255165,4.48410400670492,2.80102999566398
29,2014,1.69134676413482,1.12763625255165,4.48410400670492,2.80102999566398
29,2015,1.69134676413482,1.12763625255165,4.48410400670492,2.80102999566398
29,2016,1.69134676413482,1.12763625255165,4.48410400670492,2.80102999566398
29,2017,1.69134676413482,1.12763625255165,4.48410400670492,2.80102999566398
30,1950,1.69134676413482,2,4.48410400670492,3.60205999132796
30,1951,1.69134676413482,1.5,4.48410400670492,2.80102999566398
30,1952,1.69134676413482,1.5,4.48410400670492,2.80102999566398
30,1953,1.69134676413482,1.5,4.48410400670492,2.80102999566398
30,1954,1.69134676413482,1.5,4.48410400670492,2.80102999566398
30,1955,1.69134676413482,1.5,4.48410400670492,2.80102999566398
30,1956,1.69134676413482,1.5,4.48410400670492,2.80102999566398
30,1957,1.69134676413482,1.5,4.48410400670492,2.80102999566398
30,1958,1.69134676413482,1.12763625255165,4.48410400670492,2.80102999566398
30,1959,1.69134676413482,1.12763625255165,4.48410400670492,2.80102999566398
30,1960,1.69134676413482,1.12763625255165,4.48410400670492,2.80102999566398
30,1961,1.69134676413482,1.12763625255165,4.48410400670492,2.80102999566398
30,1962,1.69134676413482,1.12763625255165,4.48410400670492,2.80102999566398
30,1963,1.69134676413482,1.12763625255165,4.48410400670492,2.80102999566398
30,1964,1.69134676413482,1.12763625255165,4.48410400670492,2.80102999566398
30,1965,1.69134676413482,1.12763625255165,4.48410400670492,2.80102999566398
30,1966,1.69134676413482,1.12763625255165,4.48410400670492,2.80102999566398
30,1967,1.69134676413482,1.12763625255165,4.48410400670492,2.80102999566398
30,1968,1.69134676413482,1.12763625255165,4.48410400670492,2.80102999566398
30,1969,1.69134676413482,1.12763625255165,4.48410400670492,2.80102999566398
30,1970,1.69134676413482,1.12763625255165,4.48410400670492,2.80102999566398
30,1971,1.69134676413482,1.12763625255165,4.48410400670492,2.80102999566398
30,1972,1.69134676413482,1.12763625255165,4.48410400670492,2.80102999566398
30,1973,1.69134676413482,1.12763625255165,4.48410400670492,2.80102999566398
30,1974,1.69134676413482,1.12763625255165,4.48410400670492,2.80102999566398
30,1975,1.69134676413482,1.12763625255165,4.48410400670492,2.80102999566398
30,1976,1.69134676413482,1.12763625255165,4.48410400670492,2.80102999566398
30,1977,1.69134676413482,1.12763625255165,4.48410400670492,2.80102999566398
30,1978,1.69134676413482,1.12763625255165,4.48410400670492,2.80102999566398
30,1979,1.69134676413482,1.12763625255165,4.48410400670492,2.80102999566398
30,1980,1.69134676413482,1.12763625255165,4.48410400670492,2.80102999566398
30,1981,1.69134676413482,1.12763625255165,4.48410400670492,2.80102999566398
30,1982,1.69134676413482,1.12763625255165,4.48410400670492,2.80102999566398
30,1983,1.69134676413482,1.12763625255165,4.48410400670492,2.80102999566398
30,1984,1.69134676413482,1.12763625255165,4.48410400670492,2.80102999566398
30,1985,1.69134676413482,1.12763625255165,4.48410400670492,2.80102999566398
30,1986,1.69134676413482,1.12763625255165,4.48410400670492,2.80102999566398
30,1987,1.69134676413482,1.12763625255165,4.48410400670492,2.80102999566398
30,1988,1.69134676413482,1.12763625255165,4.48410400670492,2.80102999566398
30,1989,1.69134676413482,1.12763625255165,4.48410400670492,2.80102999566398
30,1990,1.69134676413482,1.12763625255165,4.48410400670492,2.80102999566398
30,1991,1.69134676413482,1.12763625255165,4.48410400670492,2.80102999566398
30,1992,1.69134676413482,1.12763625255165,4.48410400670492,2.80102999566398
30,1993,1.69134676413482,1.12763625255165,4.48410400670492,2.80102999566398
30,1994,1.69134676413482,1.12763625255165,4.48410400670492,2.80102999566398
30,1995,1.69134676413482,1.12763625255165,4.48410400670492,2.80102999566398
30,1996,1.69134676413482,1.12763625255165,4.48410400670492,2.80102999566398
30,1997,1.69134676413482,1.12763625255165,4.48410400670492,2.80102999566398
30,1998,1.69134676413482,1.12763625255165,4.48410400670492,2.80102999566398
30,1999,1.69134676413482,1.12763625255165,4.48410400670492,2.80102999566398
30,2000,1.69134676413482,1.12763625255165,4.48410400670492,2.80102999566398
30,2001,1.69134676413482,1.12763625255165,4.48410400670492,2.80102999566398
30,2002,1.69134676413482,1.12763625255165,4.48410400670492,2.80102999566398
30,2003,1.69134676413482,1.12763625255165,4.48410400670492,2.80102999566398
30,2004,1.69134676413482,1.12763625255165,4.48410400670492,2.80102999566398
30,2005,1.69134676413482,1.12763625255165,4.48410400670492,2.80102999566398
30,2006,1.69134676413482,1.12763625255165,4.48410400670492,2.80102999566398
30,2007,1.69134676413482,1.12763625255165,4.48410400670492,2.80102999566398
30,2008,1.69134676413482,1.12763625255165,4.48410400670492,2.80102999566398
30,2009,1.69134676413482,1.12763625255165,4.48410400670492,2.80102999566398
30,2010,1.69134676413482,1.12763625255165,4.48410400670492,2.80102999566398
30,2011,1.69134676413482,1.12763625255165,4.48410400670492,2.80102999566398
30,2012,1.69134676413482,1.12763625255165,4.48410400670492,2.80102999566398
30,2013,1.69134676413482,1.12763625255165,4.48410400670492,2.80102999566398
30,2014,1.69134676413482,1.12763625255165,4.48410400670492,2.80102999566398
30,2015,1.69134676413482,1.12763625255165,4.48410400670492,2.80102999566398
30,2016,1.69134676413482,1.12763625255165,4.48410400670492,2.80102999566398
30,2017,1.69134676413482,1.12763625255165,4.48410400670492,2.80102999566398
31,1950,-0.193820026016113,NA,2.43136376415899,NA
31,1951,-0.193820026016113,NA,2.43136376415899,NA
31,1952,-0.193820026016113,NA,2.43136376415899,NA
31,1953,-0.193820026016113,0.477121254719662,2.43136376415899,1.77815125038364
31,1954,1.69134676413482,0.477121254719662,4.48410400670492,1.77815125038364
31,1955,1.69134676413482,0.477121254719662,4.48410400670492,1.77815125038364
31,1956,1.69134676413482,0.477121254719662,4.48410400670492,1.77815125038364
31,1957,1.69134676413482,0.477121254719662,4.48410400670492,1.77815125038364
31,1958,1.69134676413482,0.477121254719662,4.48410400670492,1.77815125038364
31,1959,1.69134676413482,0.477121254719662,4.48410400670492,1.77815125038364
31,1960,1.69134676413482,1.12763625255165,4.48410400670492,2.80102999566398
31,1961,1.69134676413482,1.12763625255165,4.48410400670492,2.80102999566398
31,1962,1.69134676413482,1.12763625255165,4.48410400670492,2.80102999566398
31,1963,1.69134676413482,1.12763625255165,4.48410400670492,2.80102999566398
31,1964,1.69134676413482,1.12763625255165,4.48410400670492,2.80102999566398
31,1965,1.69134676413482,1.12763625255165,4.48410400670492,2.80102999566398
31,1966,1.69134676413482,1.12763625255165,4.48410400670492,2.80102999566398
31,1967,1.69134676413482,1.12763625255165,4.48410400670492,2.80102999566398
31,1968,1.69134676413482,1.12763625255165,4.48410400670492,2.80102999566398
31,1969,1.69134676413482,1.12763625255165,4.48410400670492,2.80102999566398
31,1970,1.69134676413482,1.12763625255165,4.48410400670492,2.80102999566398
31,1971,1.69134676413482,1.12763625255165,4.48410400670492,2.80102999566398
31,1972,1.69134676413482,1.12763625255165,4.48410400670492,2.80102999566398
31,1973,1.69134676413482,1.12763625255165,4.48410400670492,2.80102999566398
31,1974,1.69134676413482,1.12763625255165,4.48410400670492,2.80102999566398
31,1975,1.69134676413482,1.12763625255165,4.48410400670492,2.80102999566398
31,1976,1.69134676413482,1.12763625255165,4.48410400670492,2.80102999566398
31,1977,1.69134676413482,1.12763625255165,4.48410400670492,2.80102999566398
31,1978,1.69134676413482,1.12763625255165,4.48410400670492,2.80102999566398
31,1979,1.69134676413482,1.12763625255165,4.48410400670492,2.80102999566398
31,1980,1.69134676413482,1.12763625255165,4.48410400670492,2.80102999566398
31,1981,1.69134676413482,1.12763625255165,4.48410400670492,2.80102999566398
31,1982,1.69134676413482,1.12763625255165,4.48410400670492,2.80102999566398
31,1983,1.69134676413482,1.12763625255165,4.48410400670492,2.80102999566398
31,1984,1.69134676413482,1.12763625255165,4.48410400670492,2.80102999566398
31,1985,1.69134676413482,1.12763625255165,4.48410400670492,2.80102999566398
31,1986,1.69134676413482,1.12763625255165,4.48410400670492,2.80102999566398
31,1987,1.69134676413482,1.12763625255165,4.48410400670492,2.80102999566398
31,1988,1.69134676413482,1.12763625255165,4.48410400670492,2.80102999566398
31,1989,1.69134676413482,1.12763625255165,4.48410400670492,2.80102999566398
31,1990,1.69134676413482,1.12763625255165,4.48410400670492,2.80102999566398
31,1991,1.69134676413482,1.12763625255165,4.48410400670492,2.80102999566398
31,1992,1.69134676413482,1.12763625255165,4.48410400670492,2.80102999566398
31,1993,1.69134676413482,1.12763625255165,4.48410400670492,2.80102999566398
31,1994,1.69134676413482,1.12763625255165,4.48410400670492,2.80102999566398
31,1995,1.69134676413482,1.12763625255165,4.48410400670492,2.80102999566398
31,1996,1.69134676413482,1.12763625255165,4.48410400670492,2.80102999566398
31,1997,1.69134676413482,1.12763625255165,3.33445375115093,2.80102999566398
31,1998,1.69134676413482,1.12763625255165,4.48410400670492,2.80102999566398
31,1999,1.69134676413482,1.12763625255165,4.48410400670492,2.80102999566398
31,2000,1.69134676413482,1.12763625255165,4.48410400670492,2.80102999566398
31,2001,1.69134676413482,1.12763625255165,4.48410400670492,2.80102999566398
31,2002,1.69134676413482,1.12763625255165,4.48410400670492,2.80102999566398
31,2003,1.69134676413482,1.12763625255165,4.48410400670492,2.80102999566398
31,2004,1.69134676413482,1.12763625255165,4.48410400670492,2.80102999566398
31,2005,1.69134676413482,1.12763625255165,4.48410400670492,2.80102999566398
31,2006,1.69134676413482,1.12763625255165,4.48410400670492,2.80102999566398
31,2007,1.69134676413482,1.12763625255165,4.48410400670492,2.80102999566398
31,2008,1.69134676413482,1.12763625255165,4.48410400670492,2.80102999566398
31,2009,1.69134676413482,1.12763625255165,4.48410400670492,2.80102999566398
31,2010,1.69134676413482,1.12763625255165,4.48410400670492,2.80102999566398
31,2011,1.69134676413482,1.12763625255165,4.48410400670492,2.80102999566398
31,2012,1.69134676413482,1.12763625255165,4.48410400670492,2.80102999566398
31,2013,1.69134676413482,1.12763625255165,4.48410400670492,2.80102999566398
31,2014,1.69134676413482,1.12763625255165,4.48410400670492,2.80102999566398
31,2015,1.69134676413482,1.12763625255165,4.48410400670492,2.80102999566398
31,2016,1.69134676413482,1.12763625255165,4.48410400670492,2.80102999566398
31,2017,1.69134676413482,1.12763625255165,4.48410400670492,2.80102999566398
32,1947,-0.193820026016113,NA,2.43136376415899,NA
32,1948,-0.193820026016113,NA,2.43136376415899,NA
32,1949,-0.193820026016113,NA,2.43136376415899,NA
32,1950,1.69134676413482,1.12763625255165,4.48410400670492,2.80102999566398
32,1951,1.69134676413482,1.12763625255165,4.48410400670492,2.80102999566398
32,1952,1.69134676413482,1.12763625255165,4.48410400670492,2.80102999566398
32,1953,1.69134676413482,1.12763625255165,4.48410400670492,2.80102999566398
32,1954,1.69134676413482,1.12763625255165,4.48410400670492,2.80102999566398
32,1955,1.69134676413482,1.12763625255165,4.48410400670492,2.80102999566398
32,1956,1.69134676413482,1.12763625255165,4.48410400670492,2.80102999566398
32,1957,1.69134676413482,1.12763625255165,4.48410400670492,2.80102999566398
32,1958,1.69134676413482,1.12763625255165,4.48410400670492,2.80102999566398
32,1959,1.69134676413482,1.12763625255165,4.48410400670492,2.80102999566398
32,1960,1.69134676413482,1.12763625255165,4.48410400670492,2.80102999566398
32,1961,1.69134676413482,1.12763625255165,4.48410400670492,2.80102999566398
32,1962,1.69134676413482,1.12763625255165,4.48410400670492,2.80102999566398
32,1963,1.69134676413482,1.12763625255165,4.48410400670492,2.80102999566398
32,1964,1.69134676413482,1.12763625255165,4.48410400670492,2.80102999566398
32,1965,1.69134676413482,1.12763625255165,4.48410400670492,2.80102999566398
32,1966,1.69134676413482,1.12763625255165,4.48410400670492,2.80102999566398
32,1967,1.69134676413482,1.12763625255165,4.48410400670492,2.80102999566398
32,1968,1.69134676413482,1.12763625255165,4.48410400670492,2.80102999566398
32,1969,1.69134676413482,1.12763625255165,4.48410400670492,2.80102999566398
32,1970,1.69134676413482,1.12763625255165,4.48410400670492,2.80102999566398
32,1971,1.69134676413482,1.12763625255165,4.48410400670492,2.80102999566398
32,1972,1.69134676413482,1.12763625255165,4.48410400670492,2.80102999566398
32,1973,1.69134676413482,1.12763625255165,4.48410400670492,2.80102999566398
32,1974,1.69134676413482,1.12763625255165,4.48410400670492,2.80102999566398
32,1975,1.69134676413482,1.12763625255165,4.48410400670492,2.80102999566398
32,1976,1.69134676413482,1.12763625255165,4.48410400670492,2.80102999566398
32,1977,1.69134676413482,1.12763625255165,4.48410400670492,2.80102999566398
32,1978,1.69134676413482,1.12763625255165,4.48410400670492,2.80102999566398
32,1979,1.69134676413482,1.12763625255165,4.48410400670492,2.80102999566398
32,1980,1.69134676413482,1.12763625255165,4.48410400670492,2.80102999566398
32,1981,1.69134676413482,1.12763625255165,4.48410400670492,2.80102999566398
32,1982,1.69134676413482,1.12763625255165,4.48410400670492,2.80102999566398
32,1983,1.69134676413482,1.12763625255165,4.48410400670492,2.80102999566398
32,1984,1.69134676413482,1.12763625255165,4.48410400670492,2.80102999566398
32,1985,1.69134676413482,1.12763625255165,4.48410400670492,2.80102999566398
32,1986,1.69134676413482,1.12763625255165,4.48410400670492,2.80102999566398
32,1987,1.69134676413482,1.12763625255165,4.48410400670492,2.80102999566398
32,1988,1.69134676413482,1.12763625255165,4.48410400670492,2.80102999566398
32,1989,1.69134676413482,1.12763625255165,4.48410400670492,2.80102999566398
32,1990,1.69134676413482,1.12763625255165,4.48410400670492,2.80102999566398
32,1991,1.69134676413482,1.12763625255165,4.48410400670492,2.80102999566398
32,1992,1.69134676413482,1.12763625255165,4.48410400670492,2.80102999566398
32,1993,1.69134676413482,1.12763625255165,4.48410400670492,2.80102999566398
32,1994,1.69134676413482,1.12763625255165,4.48410400670492,2.80102999566398
32,1995,1.69134676413482,1.12763625255165,4.48410400670492,2.80102999566398
32,1996,1.69134676413482,1.12763625255165,4.48410400670492,2.80102999566398
32,1997,1.69134676413482,1.12763625255165,4.48410400670492,2.80102999566398
32,1998,1.69134676413482,1.12763625255165,4.48410400670492,2.80102999566398
32,1999,1.69134676413482,1.12763625255165,4.48410400670492,2.80102999566398
32,2000,1.69134676413482,1.12763625255165,4.48410400670492,2.80102999566398
32,2001,1.69134676413482,1.12763625255165,4.48410400670492,2.80102999566398
32,2002,1.69134676413482,1.12763625255165,4.48410400670492,2.80102999566398
32,2003,1.69134676413482,1.12763625255165,4.48410400670492,2.80102999566398
32,2004,1.69134676413482,1.12763625255165,4.48410400670492,2.80102999566398
32,2005,1.69134676413482,1.12763625255165,4.48410400670492,2.80102999566398
32,2006,1.69134676413482,1.12763625255165,4.48410400670492,2.80102999566398
32,2007,1.69134676413482,1.12763625255165,4.48410400670492,2.80102999566398
32,2008,1.69134676413482,1.12763625255165,4.48410400670492,2.80102999566398
32,2009,1.69134676413482,1.12763625255165,4.48410400670492,2.80102999566398
32,2010,1.69134676413482,1.12763625255165,4.48410400670492,2.80102999566398
32,2011,1.69134676413482,1.12763625255165,4.48410400670492,2.80102999566398
32,2012,0.150514997831991,1.12763625255165,4.48410400670492,2.80102999566398
32,2013,0.150514997831991,1.12763625255165,4.48410400670492,2.80102999566398
32,2014,0.150514997831991,1.12763625255165,4.48410400670492,2.80102999566398
32,2015,0.150514997831991,1.12763625255165,4.48410400670492,2.80102999566398
32,2016,1.69134676413482,1.12763625255165,4.48410400670492,2.80102999566398
32,2017,1.69134676413482,1.12763625255165,4.48410400670492,2.80102999566398
33,1950,1.69134676413482,1.12763625255165,3.33445375115093,2.80102999566398
33,1951,1.69134676413482,1.12763625255165,3.33445375115093,2.80102999566398
33,1952,1.69134676413482,1.12763625255165,3.33445375115093,2.80102999566398
33,1953,1.69134676413482,1.12763625255165,4.48410400670492,2.80102999566398
33,1954,1.69134676413482,1.12763625255165,4.48410400670492,2.80102999566398
33,1955,1.69134676413482,1.12763625255165,4.48410400670492,2.80102999566398
33,1956,1.69134676413482,1.12763625255165,4.48410400670492,2.80102999566398
33,1957,1.69134676413482,1.12763625255165,4.48410400670492,2.80102999566398
33,1958,1.69134676413482,1.12763625255165,4.48410400670492,2.80102999566398
33,1959,1.69134676413482,1.12763625255165,4.48410400670492,2.80102999566398
33,1960,1.69134676413482,1.12763625255165,4.48410400670492,2.80102999566398
33,1961,1.69134676413482,1.12763625255165,4.48410400670492,2.80102999566398
33,1962,1.69134676413482,1.12763625255165,4.48410400670492,2.80102999566398
33,1963,1.69134676413482,1.12763625255165,4.48410400670492,2.80102999566398
33,1964,1.69134676413482,1.12763625255165,4.48410400670492,2.80102999566398
33,1965,1.69134676413482,1.12763625255165,4.48410400670492,2.80102999566398
33,1966,1.69134676413482,1.12763625255165,4.48410400670492,2.80102999566398
33,1967,1.69134676413482,1.12763625255165,4.48410400670492,2.80102999566398
33,1968,1.69134676413482,1.12763625255165,4.48410400670492,2.80102999566398
33,1969,1.69134676413482,1.12763625255165,4.48410400670492,2.80102999566398
33,1970,1.69134676413482,1.12763625255165,4.48410400670492,2.80102999566398
33,1971,1.69134676413482,1.12763625255165,4.48410400670492,2.80102999566398
33,1972,1.69134676413482,1.12763625255165,4.48410400670492,2.80102999566398
33,1973,1.69134676413482,1.12763625255165,4.48410400670492,2.80102999566398
33,1974,1.69134676413482,1.12763625255165,4.48410400670492,2.80102999566398
33,1975,1.69134676413482,1.12763625255165,4.48410400670492,2.80102999566398
33,1976,1.69134676413482,1.12763625255165,4.48410400670492,2.80102999566398
33,1977,1.69134676413482,1.12763625255165,4.48410400670492,2.80102999566398
33,1978,1.69134676413482,1.12763625255165,4.48410400670492,2.80102999566398
33,1979,1.69134676413482,1.12763625255165,4.48410400670492,2.80102999566398
33,1980,1.69134676413482,1.12763625255165,4.48410400670492,2.80102999566398
33,1981,1.69134676413482,1.12763625255165,4.48410400670492,2.80102999566398
33,1982,1.69134676413482,1.12763625255165,4.48410400670492,2.80102999566398
33,1983,1.69134676413482,1.12763625255165,4.48410400670492,2.80102999566398
33,1984,1.69134676413482,1.12763625255165,4.48410400670492,2.80102999566398
33,1985,1.69134676413482,1.12763625255165,4.48410400670492,2.80102999566398
33,1986,1.69134676413482,1.12763625255165,4.48410400670492,2.80102999566398
33,1987,1.69134676413482,1.12763625255165,4.48410400670492,2.80102999566398
33,1988,1.69134676413482,1.12763625255165,4.48410400670492,2.80102999566398
33,1989,1.69134676413482,1.12763625255165,4.48410400670492,2.80102999566398
33,1990,1.69134676413482,1.12763625255165,4.48410400670492,2.80102999566398
33,1991,1.69134676413482,1.12763625255165,4.48410400670492,2.80102999566398
33,1992,1.69134676413482,1.12763625255165,4.48410400670492,2.80102999566398
33,1993,1.69134676413482,1.12763625255165,4.48410400670492,2.80102999566398
33,1994,1.69134676413482,1.12763625255165,4.48410400670492,2.80102999566398
33,1995,1.69134676413482,1.12763625255165,4.48410400670492,2.80102999566398
33,1996,1.69134676413482,1.12763625255165,4.48410400670492,2.80102999566398
33,1997,1.69134676413482,1.12763625255165,4.48410400670492,2.80102999566398
33,1998,1.69134676413482,1.12763625255165,4.48410400670492,2.80102999566398
33,1999,1.69134676413482,1.12763625255165,4.48410400670492,2.80102999566398
33,2000,1.69134676413482,1.12763625255165,4.48410400670492,2.80102999566398
33,2001,1.69134676413482,1.12763625255165,4.48410400670492,2.80102999566398
33,2002,1.69134676413482,1.12763625255165,4.48410400670492,2.80102999566398
33,2003,1.69134676413482,1.12763625255165,4.48410400670492,2.80102999566398
33,2004,1.69134676413482,1.12763625255165,4.48410400670492,2.80102999566398
33,2005,1.69134676413482,1.12763625255165,4.48410400670492,2.80102999566398
33,2006,1.69134676413482,1.12763625255165,4.48410400670492,2.80102999566398
33,2007,1.69134676413482,1.12763625255165,4.48410400670492,2.80102999566398
33,2008,1.69134676413482,1.12763625255165,4.48410400670492,2.80102999566398
33,2009,1.69134676413482,1.12763625255165,4.48410400670492,2.80102999566398
33,2010,1.69134676413482,1.12763625255165,4.48410400670492,2.80102999566398
33,2011,1.69134676413482,1.12763625255165,4.48410400670492,2.80102999566398
33,2012,0.150514997831991,1.12763625255165,4.48410400670492,2.80102999566398
33,2013,0.150514997831991,1.12763625255165,4.48410400670492,2.80102999566398
33,2014,0.150514997831991,1.12763625255165,4.48410400670492,2.80102999566398
33,2015,0.150514997831991,1.12763625255165,4.48410400670492,2.80102999566398
33,2016,1.69134676413482,1.12763625255165,4.48410400670492,2.80102999566398
33,2017,0.150514997831991,1.12763625255165,4.48410400670492,2.80102999566398
34,1947,-0.193820026016113,NA,2.43136376415899,NA
34,1948,-0.193820026016113,NA,2.43136376415899,NA
34,1949,-0.193820026016113,NA,2.43136376415899,NA
34,1950,1.69134676413482,1.12763625255165,4.48410400670492,2.80102999566398
34,1951,1.69134676413482,1.12763625255165,4.48410400670492,2.80102999566398
34,1952,1.69134676413482,1.12763625255165,4.48410400670492,2.80102999566398
34,1953,1.69134676413482,1.12763625255165,4.48410400670492,2.80102999566398
34,1954,1.69134676413482,1.12763625255165,4.48410400670492,2.80102999566398
34,1955,1.69134676413482,1.12763625255165,4.48410400670492,2.80102999566398
34,1956,1.69134676413482,1.12763625255165,4.48410400670492,2.80102999566398
34,1957,1.69134676413482,1.12763625255165,4.48410400670492,2.80102999566398
34,1958,1.69134676413482,1.12763625255165,4.48410400670492,2.80102999566398
34,1959,1.69134676413482,1.12763625255165,4.48410400670492,2.80102999566398
34,1960,1.69134676413482,1.12763625255165,4.48410400670492,2.80102999566398
34,1961,1.69134676413482,1.12763625255165,4.48410400670492,2.80102999566398
34,1962,1.69134676413482,1.12763625255165,4.48410400670492,2.80102999566398
34,1963,1.69134676413482,1.12763625255165,4.48410400670492,2.80102999566398
34,1964,1.69134676413482,1.12763625255165,4.48410400670492,2.80102999566398
34,1965,1.69134676413482,1.12763625255165,4.48410400670492,2.80102999566398
34,1966,1.69134676413482,1.12763625255165,4.48410400670492,2.80102999566398
34,1967,1.69134676413482,1.12763625255165,4.48410400670492,2.80102999566398
34,1968,1.69134676413482,1.12763625255165,4.48410400670492,2.80102999566398
34,1969,1.69134676413482,1.12763625255165,4.48410400670492,2.80102999566398
34,1970,1.69134676413482,1.12763625255165,4.48410400670492,2.80102999566398
34,1971,1.69134676413482,1.12763625255165,4.48410400670492,2.80102999566398
34,1972,1.69134676413482,1.12763625255165,4.48410400670492,2.80102999566398
34,1973,1.69134676413482,1.12763625255165,4.48410400670492,2.80102999566398
34,1974,1.69134676413482,1.12763625255165,4.48410400670492,2.80102999566398
34,1975,1.69134676413482,1.12763625255165,4.48410400670492,2.80102999566398
34,1976,1.69134676413482,1.12763625255165,4.48410400670492,2.80102999566398
34,1977,1.69134676413482,1.12763625255165,4.48410400670492,2.80102999566398
34,1978,1.69134676413482,1.12763625255165,4.48410400670492,2.80102999566398
34,1979,1.69134676413482,1.12763625255165,4.48410400670492,2.80102999566398
34,1980,1.69134676413482,1.12763625255165,4.48410400670492,2.80102999566398
34,1981,1.69134676413482,1.12763625255165,4.48410400670492,2.80102999566398
34,1982,1.69134676413482,1.12763625255165,4.48410400670492,2.80102999566398
34,1983,1.69134676413482,1.12763625255165,4.48410400670492,2.80102999566398
34,1984,1.69134676413482,1.12763625255165,4.48410400670492,2.80102999566398
34,1985,1.69134676413482,1.12763625255165,4.48410400670492,2.80102999566398
34,1986,1.69134676413482,1.12763625255165,4.48410400670492,2.80102999566398
34,1987,1.69134676413482,1.12763625255165,4.48410400670492,2.80102999566398
34,1988,1.69134676413482,1.12763625255165,4.48410400670492,2.80102999566398
34,1989,1.69134676413482,1.12763625255165,4.48410400670492,2.80102999566398
34,1990,1.69134676413482,1.12763625255165,4.48410400670492,2.80102999566398
34,1991,1.69134676413482,1.12763625255165,4.48410400670492,2.80102999566398
34,1992,1.69134676413482,1.12763625255165,4.48410400670492,2.80102999566398
34,1993,1.69134676413482,1.12763625255165,4.48410400670492,2.80102999566398
34,1994,1.69134676413482,1.12763625255165,4.48410400670492,2.80102999566398
34,1995,1.69134676413482,1.12763625255165,4.48410400670492,2.80102999566398
34,1996,1.69134676413482,1.12763625255165,4.48410400670492,2.80102999566398
34,1997,1.69134676413482,1.12763625255165,4.48410400670492,2.80102999566398
34,1998,1.69134676413482,1.12763625255165,4.48410400670492,2.80102999566398
34,1999,1.69134676413482,1.12763625255165,4.48410400670492,2.80102999566398
34,2000,1.69134676413482,1.12763625255165,4.48410400670492,2.80102999566398
34,2001,1.69134676413482,1.12763625255165,4.48410400670492,2.80102999566398
34,2002,1.69134676413482,1.12763625255165,4.48410400670492,2.80102999566398
34,2003,1.69134676413482,1.12763625255165,4.48410400670492,2.80102999566398
34,2004,1.69134676413482,1.12763625255165,4.48410400670492,2.80102999566398
34,2005,1.69134676413482,1.12763625255165,4.48410400670492,2.80102999566398
34,2006,1.69134676413482,1.12763625255165,4.48410400670492,2.80102999566398
34,2007,1.69134676413482,1.12763625255165,4.48410400670492,2.80102999566398
34,2008,1.69134676413482,1.12763625255165,4.48410400670492,2.80102999566398
34,2009,1.69134676413482,1.12763625255165,4.48410400670492,2.80102999566398
34,2010,1.69134676413482,1.12763625255165,4.48410400670492,2.80102999566398
34,2011,1.69134676413482,1.12763625255165,4.48410400670492,2.80102999566398
34,2012,1.69134676413482,1.12763625255165,4.48410400670492,2.80102999566398
34,2013,1.69134676413482,1.12763625255165,4.48410400670492,2.80102999566398
34,2014,1.69134676413482,1.12763625255165,4.48410400670492,2.80102999566398
34,2015,1.69134676413482,1.12763625255165,4.48410400670492,2.80102999566398
34,2016,1.69134676413482,1.12763625255165,4.48410400670492,2.80102999566398
34,2017,1.69134676413482,1.12763625255165,4.48410400670492,2.80102999566398
35,1947,-0.193820026016113,NA,2.43136376415899,NA
35,1948,-0.193820026016113,NA,2.43136376415899,NA
35,1949,-0.193820026016113,NA,2.43136376415899,NA
35,1950,1.69134676413482,1.12763625255165,4.48410400670492,1.5
35,1951,1.69134676413482,1.12763625255165,4.48410400670492,1.5
35,1952,1.69134676413482,1.12763625255165,4.48410400670492,1.5
35,1953,1.69134676413482,1.12763625255165,4.48410400670492,1.5
35,1954,1.69134676413482,1.12763625255165,4.48410400670492,1.5
35,1955,1.69134676413482,1.12763625255165,4.48410400670492,2.80102999566398
35,1956,1.69134676413482,1.12763625255165,4.48410400670492,2.80102999566398
35,1957,1.69134676413482,1.12763625255165,4.48410400670492,2.80102999566398
35,1958,1.69134676413482,1.12763625255165,4.48410400670492,2.80102999566398
35,1959,1.69134676413482,1.12763625255165,4.48410400670492,2.80102999566398
35,1960,1.69134676413482,1.12763625255165,4.48410400670492,2.80102999566398
35,1961,1.69134676413482,1.12763625255165,4.48410400670492,2.80102999566398
35,1962,1.69134676413482,1.12763625255165,4.48410400670492,2.80102999566398
35,1963,1.69134676413482,1.12763625255165,4.48410400670492,2.80102999566398
35,1964,1.69134676413482,1.12763625255165,4.48410400670492,2.80102999566398
35,1965,1.69134676413482,1.12763625255165,4.48410400670492,2.80102999566398
35,1966,1.69134676413482,1.12763625255165,4.48410400670492,2.80102999566398
35,1967,1.69134676413482,1.12763625255165,3.33445375115093,2.80102999566398
35,1968,1.69134676413482,1.12763625255165,3.33445375115093,2.80102999566398
35,1969,1.69134676413482,1.12763625255165,3.33445375115093,2.80102999566398
35,1970,1.69134676413482,1.12763625255165,4.48410400670492,2.80102999566398
35,1971,1.69134676413482,1.12763625255165,4.48410400670492,2.80102999566398
35,1972,1.69134676413482,1.12763625255165,3.33445375115093,2.80102999566398
35,1973,1.69134676413482,1.12763625255165,4.48410400670492,2.80102999566398
35,1974,1.69134676413482,1.12763625255165,3.33445375115093,2.80102999566398
35,1975,1.69134676413482,1.12763625255165,4.48410400670492,2.80102999566398
35,1976,1.69134676413482,1.12763625255165,4.48410400670492,2.80102999566398
35,1977,1.69134676413482,1.12763625255165,4.48410400670492,2.80102999566398
35,1978,1.69134676413482,1.12763625255165,4.48410400670492,2.80102999566398
35,1979,1.69134676413482,1.12763625255165,4.48410400670492,2.80102999566398
35,1980,1.69134676413482,1.12763625255165,4.48410400670492,2.80102999566398
35,1981,1.69134676413482,1.12763625255165,4.48410400670492,2.80102999566398
35,1982,1.69134676413482,1.12763625255165,4.48410400670492,2.80102999566398
35,1983,1.69134676413482,1.12763625255165,4.48410400670492,2.80102999566398
35,1984,1.69134676413482,1.12763625255165,4.48410400670492,2.80102999566398
35,1985,1.69134676413482,1.12763625255165,4.48410400670492,2.80102999566398
35,1986,1.69134676413482,1.12763625255165,4.48410400670492,2.80102999566398
35,1987,1.69134676413482,1.12763625255165,4.48410400670492,2.80102999566398
35,1988,1.69134676413482,1.12763625255165,4.48410400670492,2.80102999566398
35,1989,1.69134676413482,1.12763625255165,4.48410400670492,2.80102999566398
35,1990,1.69134676413482,1.12763625255165,4.48410400670492,2.80102999566398
35,1991,1.69134676413482,1.12763625255165,4.48410400670492,2.80102999566398
35,1992,1.69134676413482,1.12763625255165,4.48410400670492,2.80102999566398
35,1993,1.69134676413482,1.12763625255165,4.48410400670492,2.80102999566398
35,1994,1.69134676413482,1.12763625255165,4.48410400670492,2.80102999566398
35,1995,1.69134676413482,1.12763625255165,4.48410400670492,2.80102999566398
35,1996,1.69134676413482,1.12763625255165,4.48410400670492,2.80102999566398
35,1997,1.69134676413482,1.12763625255165,4.48410400670492,2.80102999566398
35,1998,1.69134676413482,1.12763625255165,4.48410400670492,2.80102999566398
35,1999,1.69134676413482,1.12763625255165,4.48410400670492,2.80102999566398
35,2000,1.69134676413482,1.12763625255165,4.48410400670492,2.80102999566398
35,2001,1.69134676413482,1.12763625255165,4.48410400670492,2.80102999566398
35,2002,1.69134676413482,1.12763625255165,4.48410400670492,2.80102999566398
35,2003,1.69134676413482,1.12763625255165,4.48410400670492,2.80102999566398
35,2004,1.69134676413482,1.12763625255165,4.48410400670492,2.80102999566398
35,2005,1.69134676413482,1.12763625255165,4.48410400670492,2.80102999566398
35,2006,1.69134676413482,1.12763625255165,4.48410400670492,2.80102999566398
35,2007,1.69134676413482,1.12763625255165,4.48410400670492,2.80102999566398
35,2008,1.69134676413482,1.12763625255165,4.48410400670492,2.80102999566398
35,2009,1.69134676413482,1.12763625255165,4.48410400670492,2.80102999566398
35,2010,1.69134676413482,1.12763625255165,4.48410400670492,2.80102999566398
35,2011,1.69134676413482,1.12763625255165,4.48410400670492,2.80102999566398
35,2012,1.69134676413482,1.12763625255165,4.48410400670492,2.80102999566398
35,2013,1.69134676413482,1.12763625255165,4.48410400670492,2.80102999566398
35,2014,1.69134676413482,1.12763625255165,4.48410400670492,2.80102999566398
35,2015,1.69134676413482,1.12763625255165,4.48410400670492,2.80102999566398
35,2016,1.69134676413482,1.12763625255165,4.48410400670492,2.80102999566398
35,2017,1.69134676413482,1.12763625255165,4.48410400670492,2.80102999566398
36,1946,-0.193820026016113,NA,2.43136376415899,NA
36,1947,-0.193820026016113,NA,2.43136376415899,NA
36,1948,-0.193820026016113,NA,2.43136376415899,NA
36,1949,-0.193820026016113,NA,2.43136376415899,NA
36,1950,1.69134676413482,1.12763625255165,4.48410400670492,2.80102999566398
36,1951,1.69134676413482,1.12763625255165,4.48410400670492,2.80102999566398
36,1952,1.69134676413482,1.12763625255165,4.48410400670492,2.80102999566398
36,1953,1.69134676413482,1.12763625255165,4.48410400670492,2.80102999566398
36,1954,1.69134676413482,1.12763625255165,4.48410400670492,2.80102999566398
36,1955,1.69134676413482,1.12763625255165,4.48410400670492,2.80102999566398
36,1956,1.69134676413482,1.12763625255165,4.48410400670492,2.80102999566398
36,1957,1.69134676413482,1.12763625255165,4.48410400670492,2.80102999566398
36,1958,1.69134676413482,1.12763625255165,4.48410400670492,2.80102999566398
36,1959,1.69134676413482,1.12763625255165,4.48410400670492,2.80102999566398
36,1960,1.69134676413482,1.12763625255165,4.48410400670492,2.80102999566398
36,1961,1.69134676413482,1.12763625255165,4.48410400670492,2.80102999566398
36,1962,1.69134676413482,1.12763625255165,4.48410400670492,2.80102999566398
36,1963,1.69134676413482,1.12763625255165,4.48410400670492,2.80102999566398
36,1964,1.69134676413482,1.12763625255165,4.48410400670492,2.80102999566398
36,1965,1.69134676413482,1.12763625255165,4.48410400670492,2.80102999566398
36,1966,1.69134676413482,1.12763625255165,4.48410400670492,2.80102999566398
36,1967,1.69134676413482,1.12763625255165,4.48410400670492,2.80102999566398
36,1968,1.69134676413482,1.12763625255165,4.48410400670492,2.80102999566398
36,1969,1.69134676413482,1.12763625255165,4.48410400670492,2.80102999566398
36,1970,1.69134676413482,1.12763625255165,4.48410400670492,2.80102999566398
36,1971,1.69134676413482,1.12763625255165,4.48410400670492,2.80102999566398
36,1972,1.69134676413482,1.12763625255165,4.48410400670492,2.80102999566398
36,1973,1.69134676413482,1.12763625255165,4.48410400670492,2.80102999566398
36,1974,1.69134676413482,1.12763625255165,4.48410400670492,2.80102999566398
36,1975,1.69134676413482,1.12763625255165,4.48410400670492,2.80102999566398
36,1976,1.69134676413482,1.12763625255165,4.48410400670492,2.80102999566398
36,1977,1.69134676413482,1.12763625255165,4.48410400670492,2.80102999566398
36,1978,1.69134676413482,1.12763625255165,4.48410400670492,2.80102999566398
36,1979,1.69134676413482,1.12763625255165,4.48410400670492,2.80102999566398
36,1980,1.69134676413482,1.12763625255165,4.48410400670492,2.80102999566398
36,1981,1.69134676413482,1.12763625255165,4.48410400670492,2.80102999566398
36,1982,1.69134676413482,1.12763625255165,4.48410400670492,2.80102999566398
36,1983,1.69134676413482,1.12763625255165,4.48410400670492,2.80102999566398
36,1984,1.69134676413482,1.12763625255165,4.48410400670492,2.80102999566398
36,1985,1.69134676413482,1.12763625255165,4.48410400670492,2.80102999566398
36,1986,1.69134676413482,1.12763625255165,4.48410400670492,2.80102999566398
36,1987,1.69134676413482,1.12763625255165,4.48410400670492,2.80102999566398
36,1988,1.69134676413482,1.12763625255165,4.48410400670492,2.80102999566398
36,1989,1.69134676413482,1.12763625255165,4.48410400670492,2.80102999566398
36,1990,1.69134676413482,1.12763625255165,4.48410400670492,2.80102999566398
36,1991,1.69134676413482,1.12763625255165,4.48410400670492,2.80102999566398
36,1992,1.69134676413482,1.12763625255165,4.48410400670492,2.80102999566398
36,1993,1.69134676413482,1.12763625255165,4.48410400670492,2.80102999566398
36,1994,1.69134676413482,1.12763625255165,4.48410400670492,2.80102999566398
36,1995,1.69134676413482,1.12763625255165,4.48410400670492,2.80102999566398
36,1996,1.69134676413482,1.12763625255165,4.48410400670492,2.80102999566398
36,1997,1.69134676413482,1.12763625255165,4.48410400670492,2.80102999566398
36,1998,1.69134676413482,1.12763625255165,4.48410400670492,2.80102999566398
36,1999,1.69134676413482,1.12763625255165,4.48410400670492,2.80102999566398
36,2000,1.69134676413482,1.12763625255165,4.48410400670492,2.80102999566398
36,2001,1.69134676413482,1.12763625255165,4.48410400670492,2.80102999566398
36,2002,1.69134676413482,1.12763625255165,4.48410400670492,2.80102999566398
36,2003,1.69134676413482,1.12763625255165,4.48410400670492,2.80102999566398
36,2004,1.69134676413482,1.12763625255165,4.48410400670492,2.80102999566398
36,2005,1.69134676413482,1.12763625255165,4.48410400670492,2.80102999566398
36,2006,1.69134676413482,1.12763625255165,4.48410400670492,2.80102999566398
36,2007,1.69134676413482,1.12763625255165,4.48410400670492,2.80102999566398
36,2008,1.69134676413482,1.12763625255165,4.48410400670492,2.80102999566398
36,2009,1.69134676413482,1.12763625255165,4.48410400670492,2.80102999566398
36,2010,1.69134676413482,1.12763625255165,4.48410400670492,2.80102999566398
36,2011,1.69134676413482,1.12763625255165,4.48410400670492,2.80102999566398
36,2012,1.69134676413482,1.12763625255165,4.48410400670492,2.80102999566398
36,2013,1.69134676413482,1.12763625255165,4.48410400670492,2.80102999566398
36,2014,1.69134676413482,1.12763625255165,4.48410400670492,2.80102999566398
36,2015,1.69134676413482,1.12763625255165,4.48410400670492,2.80102999566398
36,2016,1.69134676413482,1.12763625255165,4.48410400670492,2.80102999566398
36,2017,1.69134676413482,1.12763625255165,4.48410400670492,2.80102999566398
37,1946,-0.193820026016113,NA,2.43136376415899,NA
37,1947,-0.193820026016113,NA,2.43136376415899,NA
37,1948,-0.193820026016113,NA,2.43136376415899,NA
37,1949,-0.193820026016113,NA,2.43136376415899,NA
37,1950,1.69134676413482,1.12763625255165,4.48410400670492,2.80102999566398
37,1951,1.69134676413482,1.12763625255165,4.48410400670492,2.80102999566398
37,1952,1.69134676413482,1.12763625255165,4.48410400670492,2.80102999566398
37,1953,1.69134676413482,1.12763625255165,4.48410400670492,2.80102999566398
37,1954,1.69134676413482,1.12763625255165,4.48410400670492,2.80102999566398
37,1955,1.69134676413482,1.12763625255165,4.48410400670492,2.80102999566398
37,1956,1.69134676413482,1.12763625255165,4.48410400670492,2.80102999566398
37,1957,1.69134676413482,1.12763625255165,4.48410400670492,2.80102999566398
37,1958,1.69134676413482,1.12763625255165,4.48410400670492,2.80102999566398
37,1959,1.69134676413482,1.12763625255165,4.48410400670492,2.80102999566398
37,1960,1.69134676413482,1.12763625255165,4.48410400670492,2.80102999566398
37,1961,1.69134676413482,1.12763625255165,4.48410400670492,2.80102999566398
37,1962,1.69134676413482,1.12763625255165,4.48410400670492,2.80102999566398
37,1963,1.69134676413482,1.12763625255165,4.48410400670492,2.80102999566398
37,1964,1.69134676413482,1.12763625255165,4.48410400670492,2.80102999566398
37,1965,1.69134676413482,1.12763625255165,4.48410400670492,2.80102999566398
37,1966,1.69134676413482,1.12763625255165,4.48410400670492,2.80102999566398
37,1967,1.69134676413482,1.12763625255165,4.48410400670492,2.80102999566398
37,1968,1.69134676413482,1.12763625255165,4.48410400670492,2.80102999566398
37,1969,1.69134676413482,1.12763625255165,4.48410400670492,2.80102999566398
37,1970,1.69134676413482,1.12763625255165,4.48410400670492,2.80102999566398
37,1971,1.69134676413482,1.12763625255165,4.48410400670492,2.80102999566398
37,1972,1.69134676413482,1.12763625255165,4.48410400670492,2.80102999566398
37,1973,1.69134676413482,1.12763625255165,4.48410400670492,2.80102999566398
37,1974,1.69134676413482,1.12763625255165,4.48410400670492,2.80102999566398
37,1975,1.69134676413482,1.12763625255165,4.48410400670492,2.80102999566398
37,1976,1.69134676413482,1.12763625255165,4.48410400670492,2.80102999566398
37,1977,1.69134676413482,1.12763625255165,4.48410400670492,2.80102999566398
37,1978,1.69134676413482,1.12763625255165,4.48410400670492,2.80102999566398
37,1979,1.69134676413482,1.12763625255165,4.48410400670492,2.80102999566398
37,1980,1.69134676413482,1.12763625255165,4.48410400670492,2.80102999566398
37,1981,1.69134676413482,1.12763625255165,4.48410400670492,2.80102999566398
37,1982,1.69134676413482,1.12763625255165,4.48410400670492,2.80102999566398
37,1983,1.69134676413482,1.12763625255165,4.48410400670492,2.80102999566398
37,1984,1.69134676413482,1.12763625255165,4.48410400670492,2.80102999566398
37,1985,1.69134676413482,1.12763625255165,4.48410400670492,2.80102999566398
37,1986,1.69134676413482,1.12763625255165,4.48410400670492,2.80102999566398
37,1987,1.69134676413482,1.12763625255165,4.48410400670492,2.80102999566398
37,1988,1.69134676413482,1.12763625255165,4.48410400670492,2.80102999566398
37,1989,1.69134676413482,1.12763625255165,4.48410400670492,2.80102999566398
37,1990,1.69134676413482,1.12763625255165,4.48410400670492,2.80102999566398
37,1991,1.69134676413482,1.12763625255165,4.48410400670492,2.80102999566398
37,1992,1.69134676413482,1.12763625255165,4.48410400670492,2.80102999566398
37,1993,1.69134676413482,1.12763625255165,4.48410400670492,2.80102999566398
37,1994,1.69134676413482,1.12763625255165,4.48410400670492,2.80102999566398
37,1995,1.69134676413482,1.12763625255165,4.48410400670492,2.80102999566398
37,1996,1.69134676413482,1.12763625255165,4.48410400670492,2.80102999566398
37,1997,1.69134676413482,1.12763625255165,4.48410400670492,2.80102999566398
37,1998,1.69134676413482,1.12763625255165,4.48410400670492,2.80102999566398
37,1999,1.69134676413482,1.12763625255165,4.48410400670492,2.80102999566398
37,2000,1.69134676413482,1.12763625255165,4.48410400670492,2.80102999566398
37,2001,1.69134676413482,1.12763625255165,4.48410400670492,2.80102999566398
37,2002,1.69134676413482,1.12763625255165,4.48410400670492,2.80102999566398
37,2003,1.69134676413482,1.12763625255165,4.48410400670492,2.80102999566398
37,2004,1.69134676413482,1.12763625255165,4.48410400670492,2.80102999566398
37,2005,1.69134676413482,1.12763625255165,4.48410400670492,2.80102999566398
37,2006,1.69134676413482,1.12763625255165,4.48410400670492,2.80102999566398
37,2007,1.69134676413482,1.12763625255165,4.48410400670492,2.80102999566398
37,2008,1.69134676413482,1.12763625255165,4.48410400670492,2.80102999566398
37,2009,1.69134676413482,1.12763625255165,4.48410400670492,2.80102999566398
37,2010,1.69134676413482,1.12763625255165,4.48410400670492,2.80102999566398
37,2011,1.69134676413482,1.12763625255165,4.48410400670492,2.80102999566398
37,2012,1.69134676413482,1.12763625255165,4.48410400670492,2.80102999566398
37,2013,1.69134676413482,1.12763625255165,4.48410400670492,2.80102999566398
37,2014,1.69134676413482,1.12763625255165,4.48410400670492,2.80102999566398
37,2015,1.69134676413482,1.12763625255165,4.48410400670492,2.80102999566398
37,2016,1.69134676413482,1.12763625255165,4.48410400670492,2.80102999566398
37,2017,1.69134676413482,1.12763625255165,4.48410400670492,2.80102999566398
38,1949,-0.193820026016113,NA,2.43136376415899,NA
38,1950,1.69134676413482,1.12763625255165,4.48410400670492,2.80102999566398
38,1951,1.69134676413482,1.12763625255165,4.48410400670492,2.80102999566398
38,1952,1.69134676413482,1.12763625255165,4.48410400670492,2.80102999566398
38,1953,1.69134676413482,1.12763625255165,4.48410400670492,2.80102999566398
38,1954,1.69134676413482,1.12763625255165,4.48410400670492,2.80102999566398
38,1955,1.69134676413482,1.12763625255165,4.48410400670492,2.80102999566398
38,1956,1.69134676413482,1.12763625255165,4.48410400670492,2.80102999566398
38,1957,1.69134676413482,1.12763625255165,4.48410400670492,2.80102999566398
38,1958,1.69134676413482,1.12763625255165,4.48410400670492,2.80102999566398
38,1959,1.69134676413482,1.12763625255165,4.48410400670492,2.80102999566398
38,1960,1.69134676413482,1.12763625255165,4.48410400670492,2.80102999566398
38,1961,1.69134676413482,1.12763625255165,4.48410400670492,2.80102999566398
38,1962,1.69134676413482,1.12763625255165,4.48410400670492,2.80102999566398
38,1963,1.69134676413482,1.12763625255165,4.48410400670492,2.80102999566398
38,1964,1.69134676413482,1.12763625255165,4.48410400670492,2.80102999566398
38,1965,1.69134676413482,1.12763625255165,4.48410400670492,2.80102999566398
38,1966,1.69134676413482,1.12763625255165,4.48410400670492,2.80102999566398
38,1967,1.69134676413482,1.12763625255165,4.48410400670492,2.80102999566398
38,1968,1.69134676413482,1.12763625255165,4.48410400670492,2.80102999566398
38,1969,1.69134676413482,1.12763625255165,4.48410400670492,2.80102999566398
38,1970,1.69134676413482,1.12763625255165,4.48410400670492,2.80102999566398
38,1971,1.69134676413482,1.12763625255165,4.48410400670492,2.80102999566398
38,1972,1.69134676413482,1.12763625255165,4.48410400670492,2.80102999566398
38,1973,1.69134676413482,1.12763625255165,4.48410400670492,2.80102999566398
38,1974,1.69134676413482,1.12763625255165,4.48410400670492,2.80102999566398
38,1975,1.69134676413482,1.12763625255165,4.48410400670492,2.80102999566398
38,1976,1.69134676413482,1.12763625255165,4.48410400670492,2.80102999566398
38,1977,1.69134676413482,1.12763625255165,4.48410400670492,2.80102999566398
38,1978,1.69134676413482,1.12763625255165,4.48410400670492,2.80102999566398
38,1979,1.69134676413482,1.12763625255165,4.48410400670492,2.80102999566398
38,1980,1.69134676413482,1.12763625255165,4.48410400670492,2.80102999566398
38,1981,1.69134676413482,1.12763625255165,4.48410400670492,2.80102999566398
38,1982,1.69134676413482,1.12763625255165,4.48410400670492,2.80102999566398
38,1983,1.69134676413482,1.12763625255165,4.48410400670492,2.80102999566398
38,1984,1.69134676413482,1.12763625255165,4.48410400670492,2.80102999566398
38,1985,1.69134676413482,1.12763625255165,4.48410400670492,2.80102999566398
38,1986,1.69134676413482,1.12763625255165,4.48410400670492,2.80102999566398
38,1987,1.69134676413482,1.12763625255165,4.48410400670492,2.80102999566398
38,1988,1.69134676413482,1.12763625255165,4.48410400670492,2.80102999566398
38,1989,1.69134676413482,1.12763625255165,4.48410400670492,2.80102999566398
38,1990,1.69134676413482,1.12763625255165,4.48410400670492,2.80102999566398
38,1991,1.69134676413482,1.12763625255165,4.48410400670492,2.80102999566398
38,1992,1.69134676413482,1.12763625255165,4.48410400670492,2.80102999566398
38,1993,1.69134676413482,1.12763625255165,4.48410400670492,2.80102999566398
38,1994,1.69134676413482,1.12763625255165,4.48410400670492,2.80102999566398
38,1995,1.69134676413482,1.12763625255165,4.48410400670492,2.80102999566398
38,1996,1.69134676413482,1.12763625255165,4.48410400670492,2.80102999566398
38,1997,1.69134676413482,1.12763625255165,4.48410400670492,2.80102999566398
38,1998,1.69134676413482,1.12763625255165,4.48410400670492,2.80102999566398
38,1999,1.69134676413482,1.12763625255165,4.48410400670492,2.80102999566398
38,2000,1.69134676413482,1.12763625255165,4.48410400670492,2.80102999566398
38,2001,1.69134676413482,1.12763625255165,4.48410400670492,2.80102999566398
38,2002,1.69134676413482,1.12763625255165,4.48410400670492,2.80102999566398
38,2003,1.69134676413482,1.12763625255165,4.48410400670492,2.80102999566398
38,2004,1.69134676413482,1.12763625255165,4.48410400670492,2.80102999566398
38,2005,1.69134676413482,1.12763625255165,4.48410400670492,2.80102999566398
38,2006,1.69134676413482,1.12763625255165,4.48410400670492,2.80102999566398
38,2007,1.69134676413482,1.12763625255165,4.48410400670492,2.80102999566398
38,2008,1.69134676413482,1.12763625255165,4.48410400670492,2.80102999566398
38,2009,1.69134676413482,1.12763625255165,4.48410400670492,2.80102999566398
38,2010,1.69134676413482,1.12763625255165,4.48410400670492,2.80102999566398
38,2011,1.69134676413482,1.12763625255165,4.48410400670492,2.80102999566398
38,2012,1.69134676413482,1.12763625255165,4.48410400670492,2.80102999566398
38,2013,1.69134676413482,1.12763625255165,4.48410400670492,2.80102999566398
38,2014,1.69134676413482,1.12763625255165,4.48410400670492,2.80102999566398
38,2015,1.69134676413482,1.12763625255165,4.48410400670492,2.80102999566398
38,2016,1.69134676413482,1.12763625255165,4.48410400670492,2.80102999566398
38,2017,1.69134676413482,1.12763625255165,4.48410400670492,2.80102999566398
39,1920,-0.193820026016113,NA,2.43136376415899,NA
39,1921,-0.193820026016113,NA,2.43136376415899,NA
39,1922,-0.193820026016113,NA,2.43136376415899,NA
39,1923,-0.193820026016113,NA,2.43136376415899,NA
39,1924,-0.193820026016113,NA,2.43136376415899,NA
39,1925,-0.193820026016113,NA,2.43136376415899,NA
39,1926,-0.193820026016113,NA,2.43136376415899,NA
39,1927,-0.193820026016113,NA,2.43136376415899,NA
39,1928,-0.193820026016113,NA,2.43136376415899,NA
39,1929,-0.193820026016113,NA,2.43136376415899,NA
39,1930,-0.193820026016113,NA,2.43136376415899,NA
39,1931,-0.193820026016113,NA,2.43136376415899,NA
39,1932,-0.193820026016113,NA,2.43136376415899,NA
39,1933,-0.193820026016113,NA,2.43136376415899,NA
39,1934,-0.193820026016113,NA,2.43136376415899,NA
39,1935,-0.193820026016113,NA,2.43136376415899,NA
39,1936,-0.193820026016113,NA,2.43136376415899,NA
39,1937,-0.193820026016113,NA,2.43136376415899,NA
39,1938,-0.193820026016113,NA,2.43136376415899,NA
39,1939,-0.193820026016113,NA,2.43136376415899,NA
39,1940,-0.193820026016113,NA,2.43136376415899,NA
39,1941,-0.193820026016113,NA,2.43136376415899,NA
39,1942,-0.193820026016113,NA,2.43136376415899,NA
39,1943,-0.193820026016113,NA,2.43136376415899,NA
39,1944,-0.193820026016113,NA,2.43136376415899,NA
39,1945,-0.193820026016113,NA,2.43136376415899,NA
39,1946,-0.193820026016113,NA,2.43136376415899,NA
39,1947,-0.193820026016113,NA,2.43136376415899,NA
39,1948,-0.193820026016113,NA,2.43136376415899,NA
39,1949,-0.193820026016113,NA,2.43136376415899,NA
39,1950,1.69134676413482,0.477121254719662,4.48410400670492,1.77815125038364
39,1951,1.69134676413482,1.12763625255165,4.48410400670492,2.80102999566398
39,1952,1.69134676413482,1.12763625255165,4.48410400670492,2.80102999566398
39,1953,1.69134676413482,1.12763625255165,4.48410400670492,2.80102999566398
39,1954,1.69134676413482,1.12763625255165,4.48410400670492,2.80102999566398
39,1955,1.69134676413482,1.12763625255165,4.48410400670492,2.80102999566398
39,1956,1.69134676413482,1.12763625255165,4.48410400670492,2.80102999566398
39,1957,1.69134676413482,1.12763625255165,4.48410400670492,2.80102999566398
39,1958,1.69134676413482,1.12763625255165,4.48410400670492,2.80102999566398
39,1959,1.69134676413482,1.12763625255165,4.48410400670492,2.80102999566398
39,1960,1.69134676413482,1.12763625255165,4.48410400670492,2.80102999566398
39,1961,1.69134676413482,1.12763625255165,4.48410400670492,1.5
39,1962,1.69134676413482,1.12763625255165,4.48410400670492,2.80102999566398
39,1963,1.69134676413482,1.12763625255165,4.48410400670492,2.80102999566398
39,1964,1.69134676413482,1.12763625255165,4.48410400670492,2.80102999566398
39,1965,1.69134676413482,1.12763625255165,4.48410400670492,2.80102999566398
39,1966,1.69134676413482,1.12763625255165,4.48410400670492,1.5
39,1967,1.69134676413482,1.12763625255165,4.48410400670492,2.80102999566398
39,1968,1.69134676413482,1.12763625255165,4.48410400670492,2.80102999566398
39,1969,1.69134676413482,1.12763625255165,4.48410400670492,2.80102999566398
39,1970,1.69134676413482,1.12763625255165,4.48410400670492,2.80102999566398
39,1971,1.69134676413482,1.12763625255165,4.48410400670492,2.80102999566398
39,1972,1.69134676413482,1.12763625255165,4.48410400670492,2.80102999566398
39,1973,1.69134676413482,1.12763625255165,4.48410400670492,2.80102999566398
39,1974,1.69134676413482,1.12763625255165,4.48410400670492,2.80102999566398
39,1975,1.69134676413482,1.12763625255165,4.48410400670492,2.80102999566398
39,1976,1.69134676413482,1.12763625255165,4.48410400670492,2.80102999566398
39,1977,1.69134676413482,1.12763625255165,4.48410400670492,2.80102999566398
39,1978,1.69134676413482,1.12763625255165,4.48410400670492,2.80102999566398
39,1979,1.69134676413482,1.12763625255165,4.48410400670492,2.80102999566398
39,1980,1.69134676413482,1.12763625255165,4.48410400670492,2.80102999566398
39,1981,1.69134676413482,1.12763625255165,4.48410400670492,2.80102999566398
39,1982,1.69134676413482,1.12763625255165,4.48410400670492,2.80102999566398
39,1983,1.69134676413482,1.12763625255165,4.48410400670492,2.80102999566398
39,1984,1.69134676413482,1.12763625255165,4.48410400670492,2.80102999566398
39,1985,1.69134676413482,1.12763625255165,4.48410400670492,2.80102999566398
39,1986,1.69134676413482,1.12763625255165,4.48410400670492,2.80102999566398
39,1987,1.69134676413482,1.12763625255165,4.48410400670492,2.80102999566398
39,1988,1.69134676413482,1.12763625255165,4.48410400670492,2.80102999566398
39,1989,1.69134676413482,1.12763625255165,4.48410400670492,2.80102999566398
39,1990,1.69134676413482,1.12763625255165,4.48410400670492,2.80102999566398
39,1991,1.69134676413482,1.12763625255165,4.48410400670492,2.80102999566398
39,1992,1.69134676413482,1.12763625255165,4.48410400670492,2.80102999566398
39,1993,1.69134676413482,1.12763625255165,4.48410400670492,2.80102999566398
39,1994,1.69134676413482,1.12763625255165,4.48410400670492,2.80102999566398
39,1995,1.69134676413482,1.12763625255165,4.48410400670492,2.80102999566398
39,1996,1.69134676413482,1.12763625255165,4.48410400670492,2.80102999566398
39,1997,1.69134676413482,1.12763625255165,4.48410400670492,2.80102999566398
39,1998,1.69134676413482,1.12763625255165,4.48410400670492,2.80102999566398
39,1999,1.69134676413482,1.12763625255165,4.48410400670492,2.80102999566398
39,2000,1.69134676413482,1.12763625255165,4.48410400670492,2.80102999566398
39,2001,1.69134676413482,1.12763625255165,4.48410400670492,2.80102999566398
39,2002,1.69134676413482,1.12763625255165,4.48410400670492,2.80102999566398
39,2003,1.69134676413482,1.12763625255165,4.48410400670492,2.80102999566398
39,2004,1.69134676413482,1.12763625255165,4.48410400670492,2.80102999566398
39,2005,1.69134676413482,1.12763625255165,4.48410400670492,2.80102999566398
39,2006,1.69134676413482,1.12763625255165,4.48410400670492,2.80102999566398
39,2007,1.69134676413482,1.12763625255165,4.48410400670492,2.80102999566398
39,2008,1.69134676413482,1.12763625255165,4.48410400670492,2.80102999566398
39,2009,1.69134676413482,1.12763625255165,4.48410400670492,2.80102999566398
39,2010,1.69134676413482,1.12763625255165,4.48410400670492,2.80102999566398
39,2011,1.69134676413482,1.12763625255165,4.48410400670492,2.80102999566398
39,2012,1.69134676413482,1.12763625255165,4.48410400670492,2.80102999566398
39,2013,1.69134676413482,1.12763625255165,4.48410400670492,2.80102999566398
39,2014,1.69134676413482,1.12763625255165,4.48410400670492,2.80102999566398
39,2015,1.69134676413482,1.12763625255165,4.48410400670492,2.80102999566398
39,2016,1.69134676413482,1.12763625255165,4.48410400670492,2.80102999566398
39,2017,1.69134676413482,1.12763625255165,4.48410400670492,2.80102999566398
40,1920,-0.193820026016113,NA,2.43136376415899,NA
40,1921,-0.193820026016113,NA,2.43136376415899,NA
40,1922,-0.193820026016113,NA,2.43136376415899,NA
40,1923,-0.193820026016113,NA,2.43136376415899,NA
40,1924,-0.193820026016113,NA,2.43136376415899,NA
40,1925,-0.193820026016113,NA,2.43136376415899,NA
40,1926,-0.193820026016113,NA,2.43136376415899,NA
40,1927,-0.193820026016113,NA,2.43136376415899,NA
40,1928,-0.193820026016113,NA,2.43136376415899,NA
40,1929,-0.193820026016113,NA,2.43136376415899,NA
40,1930,-0.193820026016113,NA,2.43136376415899,NA
40,1931,-0.193820026016113,NA,2.43136376415899,NA
40,1932,-0.193820026016113,NA,2.43136376415899,NA
40,1933,-0.193820026016113,NA,2.43136376415899,NA
40,1934,-0.193820026016113,NA,2.43136376415899,NA
40,1935,-0.193820026016113,NA,2.43136376415899,NA
40,1936,-0.193820026016113,NA,2.43136376415899,NA
40,1937,-0.193820026016113,NA,2.43136376415899,NA
40,1938,-0.193820026016113,NA,2.43136376415899,NA
40,1939,-0.193820026016113,NA,2.43136376415899,NA
40,1940,-0.193820026016113,NA,2.43136376415899,NA
40,1941,-0.193820026016113,NA,2.43136376415899,NA
40,1942,-0.193820026016113,NA,2.43136376415899,NA
40,1943,-0.193820026016113,NA,2.43136376415899,NA
40,1944,-0.193820026016113,NA,2.43136376415899,NA
40,1945,-0.193820026016113,NA,2.43136376415899,NA
40,1946,-0.193820026016113,NA,2.43136376415899,NA
40,1947,-0.193820026016113,NA,2.43136376415899,NA
40,1948,-0.193820026016113,NA,2.43136376415899,NA
40,1949,-0.193820026016113,NA,2.43136376415899,NA
40,1950,1.69134676413482,1.12763625255165,4.48410400670492,1.5
40,1951,1.69134676413482,1.12763625255165,4.48410400670492,2.80102999566398
40,1952,1.69134676413482,1.12763625255165,4.48410400670492,2.80102999566398
40,1953,1.69134676413482,1.12763625255165,4.48410400670492,2.80102999566398
40,1954,1.69134676413482,1.12763625255165,4.48410400670492,2.80102999566398
40,1955,1.69134676413482,1.12763625255165,4.48410400670492,2.80102999566398
40,1956,1.69134676413482,1.12763625255165,4.48410400670492,2.80102999566398
40,1957,1.69134676413482,1.12763625255165,4.48410400670492,2.80102999566398
40,1958,1.69134676413482,1.12763625255165,4.48410400670492,2.80102999566398
40,1959,1.69134676413482,1.12763625255165,4.48410400670492,2.80102999566398
40,1960,1.69134676413482,1.12763625255165,4.48410400670492,2.80102999566398
40,1961,1.69134676413482,1.12763625255165,4.48410400670492,2.80102999566398
40,1962,1.69134676413482,1.12763625255165,4.48410400670492,2.80102999566398
40,1963,1.69134676413482,1.12763625255165,4.48410400670492,2.80102999566398
40,1964,1.69134676413482,1.12763625255165,4.48410400670492,2.80102999566398
40,1965,1.69134676413482,1.12763625255165,4.48410400670492,2.80102999566398
40,1966,1.69134676413482,1.12763625255165,4.48410400670492,2.80102999566398
40,1967,1.69134676413482,1.12763625255165,4.48410400670492,2.80102999566398
40,1968,1.69134676413482,1.12763625255165,4.48410400670492,2.80102999566398
40,1969,1.69134676413482,1.12763625255165,4.48410400670492,2.80102999566398
40,1970,1.69134676413482,1.12763625255165,4.48410400670492,2.80102999566398
40,1971,1.69134676413482,1.12763625255165,4.48410400670492,2.80102999566398
40,1972,1.69134676413482,1.12763625255165,4.48410400670492,2.80102999566398
40,1973,1.69134676413482,1.12763625255165,4.48410400670492,2.80102999566398
40,1974,1.69134676413482,1.12763625255165,4.48410400670492,2.80102999566398
40,1975,1.69134676413482,1.12763625255165,4.48410400670492,2.80102999566398
40,1976,1.69134676413482,1.12763625255165,4.48410400670492,2.80102999566398
40,1977,1.69134676413482,1.12763625255165,4.48410400670492,2.80102999566398
40,1978,1.69134676413482,1.12763625255165,4.48410400670492,2.80102999566398
40,1979,1.69134676413482,1.12763625255165,4.48410400670492,2.80102999566398
40,1980,1.69134676413482,1.12763625255165,4.48410400670492,2.80102999566398
40,1981,1.69134676413482,1.12763625255165,4.48410400670492,2.80102999566398
40,1982,1.69134676413482,1.12763625255165,4.48410400670492,2.80102999566398
40,1983,1.69134676413482,1.12763625255165,4.48410400670492,2.80102999566398
40,1984,1.69134676413482,1.12763625255165,4.48410400670492,2.80102999566398
40,1985,1.69134676413482,1.12763625255165,4.48410400670492,2.80102999566398
40,1986,1.69134676413482,1.12763625255165,4.48410400670492,2.80102999566398
40,1987,1.69134676413482,1.12763625255165,4.48410400670492,2.80102999566398
40,1988,1.69134676413482,1.12763625255165,4.48410400670492,2.80102999566398
40,1989,1.69134676413482,1.12763625255165,4.48410400670492,2.80102999566398
40,1990,1.69134676413482,1.12763625255165,4.48410400670492,2.80102999566398
40,1991,1.69134676413482,1.12763625255165,4.48410400670492,2.80102999566398
40,1992,1.69134676413482,1.12763625255165,4.48410400670492,2.80102999566398
40,1993,1.69134676413482,1.12763625255165,4.48410400670492,2.80102999566398
40,1994,1.69134676413482,1.12763625255165,4.48410400670492,2.80102999566398
40,1995,1.69134676413482,1.12763625255165,4.48410400670492,2.80102999566398
40,1996,1.69134676413482,1.12763625255165,4.48410400670492,2.80102999566398
40,1997,1.69134676413482,1.12763625255165,4.48410400670492,2.80102999566398
40,1998,1.69134676413482,1.12763625255165,4.48410400670492,2.80102999566398
40,1999,1.69134676413482,1.12763625255165,4.48410400670492,2.80102999566398
40,2000,1.69134676413482,1.12763625255165,4.48410400670492,2.80102999566398
40,2001,1.69134676413482,1.12763625255165,4.48410400670492,2.80102999566398
40,2002,1.69134676413482,1.12763625255165,4.48410400670492,2.80102999566398
40,2003,1.69134676413482,1.12763625255165,4.48410400670492,2.80102999566398
40,2004,1.69134676413482,1.12763625255165,4.48410400670492,2.80102999566398
40,2005,1.69134676413482,1.12763625255165,4.48410400670492,2.80102999566398
40,2006,1.69134676413482,1.12763625255165,4.48410400670492,2.80102999566398
40,2007,1.69134676413482,1.12763625255165,4.48410400670492,2.80102999566398
40,2008,1.69134676413482,1.12763625255165,4.48410400670492,2.80102999566398
40,2009,1.69134676413482,1.12763625255165,4.48410400670492,2.80102999566398
40,2010,1.69134676413482,1.12763625255165,4.48410400670492,2.80102999566398
40,2011,1.69134676413482,1.12763625255165,4.48410400670492,2.80102999566398
40,2012,1.69134676413482,1.12763625255165,4.48410400670492,2.80102999566398
40,2013,1.69134676413482,1.12763625255165,4.48410400670492,2.80102999566398
40,2014,1.69134676413482,1.12763625255165,4.48410400670492,2.80102999566398
40,2015,1.69134676413482,1.12763625255165,4.48410400670492,2.80102999566398
40,2016,1.69134676413482,1.12763625255165,4.48410400670492,2.80102999566398
40,2017,1.69134676413482,1.12763625255165,4.48410400670492,2.80102999566398
41,1920,-0.193820026016113,NA,2.43136376415899,NA
41,1921,-0.193820026016113,NA,2.43136376415899,NA
41,1922,-0.193820026016113,NA,2.43136376415899,NA
41,1923,-0.193820026016113,NA,2.43136376415899,NA
41,1924,-0.193820026016113,NA,2.43136376415899,NA
41,1925,-0.193820026016113,NA,2.43136376415899,NA
41,1926,-0.193820026016113,NA,2.43136376415899,NA
41,1927,-0.193820026016113,NA,2.43136376415899,NA
41,1928,-0.193820026016113,NA,2.43136376415899,NA
41,1929,-0.193820026016113,NA,2.43136376415899,NA
41,1930,-0.193820026016113,NA,2.43136376415899,NA
41,1931,-0.193820026016113,NA,2.43136376415899,NA
41,1932,-0.193820026016113,NA,2.43136376415899,NA
41,1933,-0.193820026016113,NA,2.43136376415899,NA
41,1934,-0.193820026016113,NA,2.43136376415899,NA
41,1935,-0.193820026016113,NA,2.43136376415899,NA
41,1936,-0.193820026016113,NA,2.43136376415899,NA
41,1937,-0.193820026016113,NA,2.43136376415899,NA
41,1938,-0.193820026016113,NA,2.43136376415899,NA
41,1939,-0.193820026016113,NA,2.43136376415899,NA
41,1940,-0.193820026016113,NA,2.43136376415899,NA
41,1941,-0.193820026016113,NA,2.43136376415899,NA
41,1942,-0.193820026016113,NA,2.43136376415899,NA
41,1943,-0.193820026016113,NA,2.43136376415899,NA
41,1944,-0.193820026016113,NA,2.43136376415899,NA
41,1945,-0.193820026016113,NA,2.43136376415899,NA
41,1946,-0.193820026016113,NA,2.43136376415899,NA
41,1947,-0.193820026016113,NA,2.43136376415899,NA
41,1948,-0.193820026016113,NA,2.43136376415899,NA
41,1949,-0.193820026016113,NA,2.43136376415899,NA
41,1950,1.69134676413482,0.477121254719662,4.48410400670492,1.77815125038364
41,1951,1.69134676413482,0.477121254719662,4.48410400670492,1.77815125038364
41,1952,1.69134676413482,1.12763625255165,4.48410400670492,2.80102999566398
41,1953,1.69134676413482,1.12763625255165,4.48410400670492,2.80102999566398
41,1954,1.69134676413482,1.12763625255165,4.48410400670492,2.80102999566398
41,1955,1.69134676413482,1.12763625255165,4.48410400670492,2.80102999566398
41,1956,1.69134676413482,1.12763625255165,4.48410400670492,2.80102999566398
41,1957,1.69134676413482,1.12763625255165,4.48410400670492,2.80102999566398
41,1958,1.69134676413482,1.12763625255165,4.48410400670492,2.80102999566398
41,1959,1.69134676413482,1.12763625255165,4.48410400670492,2.80102999566398
41,1960,1.69134676413482,1.12763625255165,4.48410400670492,2.80102999566398
41,1961,1.69134676413482,1.12763625255165,4.48410400670492,2.80102999566398
41,1962,1.69134676413482,1.12763625255165,4.48410400670492,2.80102999566398
41,1963,1.69134676413482,1.12763625255165,4.48410400670492,2.80102999566398
41,1964,1.69134676413482,1.12763625255165,4.48410400670492,2.80102999566398
41,1965,1.69134676413482,1.12763625255165,4.48410400670492,2.80102999566398
41,1966,1.69134676413482,1.12763625255165,4.48410400670492,2.80102999566398
41,1967,1.69134676413482,1.12763625255165,4.48410400670492,2.80102999566398
41,1968,1.69134676413482,1.12763625255165,4.48410400670492,2.80102999566398
41,1969,1.69134676413482,1.12763625255165,4.48410400670492,2.80102999566398
41,1970,1.69134676413482,1.12763625255165,4.48410400670492,2.80102999566398
41,1971,1.69134676413482,1.12763625255165,4.48410400670492,2.80102999566398
41,1972,1.69134676413482,1.12763625255165,4.48410400670492,2.80102999566398
41,1973,1.69134676413482,1.12763625255165,4.48410400670492,2.80102999566398
41,1974,1.69134676413482,1.12763625255165,4.48410400670492,2.80102999566398
41,1975,1.69134676413482,1.12763625255165,4.48410400670492,2.80102999566398
41,1976,1.69134676413482,1.12763625255165,4.48410400670492,2.80102999566398
41,1977,1.69134676413482,1.12763625255165,4.48410400670492,2.80102999566398
41,1978,1.69134676413482,1.12763625255165,4.48410400670492,2.80102999566398
41,1979,1.69134676413482,1.12763625255165,4.48410400670492,2.80102999566398
41,1980,1.69134676413482,1.12763625255165,4.48410400670492,2.80102999566398
41,1981,1.69134676413482,1.12763625255165,4.48410400670492,2.80102999566398
41,1982,1.69134676413482,1.12763625255165,4.48410400670492,2.80102999566398
41,1983,1.69134676413482,1.12763625255165,4.48410400670492,2.80102999566398
41,1984,1.69134676413482,1.12763625255165,4.48410400670492,2.80102999566398
41,1985,1.69134676413482,1.12763625255165,4.48410400670492,2.80102999566398
41,1986,1.69134676413482,1.12763625255165,4.48410400670492,2.80102999566398
41,1987,1.69134676413482,1.12763625255165,4.48410400670492,2.80102999566398
41,1988,1.69134676413482,1.12763625255165,4.48410400670492,2.80102999566398
41,1989,1.69134676413482,1.12763625255165,4.48410400670492,2.80102999566398
41,1990,1.69134676413482,1.12763625255165,4.48410400670492,2.80102999566398
41,1991,1.69134676413482,1.12763625255165,4.48410400670492,2.80102999566398
41,1992,1.69134676413482,1.12763625255165,4.48410400670492,2.80102999566398
41,1993,1.69134676413482,1.12763625255165,4.48410400670492,2.80102999566398
41,1994,1.69134676413482,1.12763625255165,4.48410400670492,2.80102999566398
41,1995,1.69134676413482,1.12763625255165,4.48410400670492,2.80102999566398
41,1996,1.69134676413482,1.12763625255165,4.48410400670492,2.80102999566398
41,1997,1.69134676413482,1.12763625255165,4.48410400670492,2.80102999566398
41,1998,1.69134676413482,1.12763625255165,4.48410400670492,2.80102999566398
41,1999,1.69134676413482,1.12763625255165,4.48410400670492,2.80102999566398
41,2000,1.69134676413482,1.12763625255165,4.48410400670492,2.80102999566398
41,2001,1.69134676413482,1.12763625255165,4.48410400670492,2.80102999566398
41,2002,1.69134676413482,1.12763625255165,4.48410400670492,2.80102999566398
41,2003,1.69134676413482,1.12763625255165,4.48410400670492,2.80102999566398
41,2004,1.69134676413482,1.12763625255165,4.48410400670492,2.80102999566398
41,2005,1.69134676413482,1.12763625255165,4.48410400670492,2.80102999566398
41,2006,1.69134676413482,1.12763625255165,4.48410400670492,2.80102999566398
41,2007,1.69134676413482,1.12763625255165,4.48410400670492,2.80102999566398
41,2008,1.69134676413482,1.12763625255165,4.48410400670492,2.80102999566398
41,2009,1.69134676413482,1.12763625255165,4.48410400670492,2.80102999566398
41,2010,1.69134676413482,1.12763625255165,4.48410400670492,2.80102999566398
41,2011,1.69134676413482,1.12763625255165,4.48410400670492,2.80102999566398
41,2012,1.69134676413482,1.12763625255165,4.48410400670492,2.80102999566398
41,2013,1.69134676413482,1.12763625255165,4.48410400670492,2.80102999566398
41,2014,1.69134676413482,1.12763625255165,4.48410400670492,2.80102999566398
41,2015,1.69134676413482,1.12763625255165,4.48410400670492,2.80102999566398
41,2016,1.69134676413482,1.12763625255165,4.48410400670492,2.80102999566398
41,2017,0.150514997831991,1.12763625255165,4.48410400670492,2.80102999566398
42,1920,-0.193820026016113,NA,2.43136376415899,NA
42,1921,-0.193820026016113,NA,2.43136376415899,NA
42,1922,-0.193820026016113,NA,2.43136376415899,NA
42,1923,-0.193820026016113,NA,2.43136376415899,NA
42,1924,-0.193820026016113,NA,2.43136376415899,NA
42,1925,-0.193820026016113,NA,2.43136376415899,NA
42,1926,-0.193820026016113,NA,2.43136376415899,NA
42,1927,-0.193820026016113,NA,2.43136376415899,NA
42,1928,-0.193820026016113,NA,2.43136376415899,NA
42,1929,-0.193820026016113,NA,2.43136376415899,NA
42,1930,-0.193820026016113,NA,2.43136376415899,NA
42,1931,-0.193820026016113,NA,2.43136376415899,NA
42,1932,-0.193820026016113,NA,2.43136376415899,NA
42,1933,-0.193820026016113,NA,2.43136376415899,NA
42,1934,-0.193820026016113,NA,2.43136376415899,NA
42,1935,-0.193820026016113,NA,2.43136376415899,NA
42,1936,-0.193820026016113,NA,2.43136376415899,NA
42,1937,-0.193820026016113,NA,2.43136376415899,NA
42,1938,-0.193820026016113,NA,2.43136376415899,NA
42,1939,-0.193820026016113,NA,2.43136376415899,NA
42,1940,-0.193820026016113,NA,2.43136376415899,NA
42,1941,-0.193820026016113,NA,2.43136376415899,NA
42,1942,-0.193820026016113,NA,2.43136376415899,NA
42,1943,-0.193820026016113,NA,2.43136376415899,NA
42,1944,-0.193820026016113,NA,2.43136376415899,NA
42,1945,-0.193820026016113,NA,2.43136376415899,NA
42,1946,-0.193820026016113,NA,2.43136376415899,NA
42,1947,-0.193820026016113,NA,2.43136376415899,NA
42,1948,-0.193820026016113,NA,2.43136376415899,NA
42,1949,-0.193820026016113,NA,2.43136376415899,NA
42,1950,1.69134676413482,1.12763625255165,4.48410400670492,1.5
42,1951,1.69134676413482,0.301029995663981,4.48410400670492,2.69897000433602
42,1952,1.69134676413482,0.301029995663981,4.48410400670492,2.69897000433602
42,1953,1.69134676413482,1.12763625255165,4.48410400670492,1.5
42,1954,1.69134676413482,1.12763625255165,4.48410400670492,1.5
42,1955,1.69134676413482,1.12763625255165,4.48410400670492,1.5
42,1956,1.69134676413482,1.12763625255165,4.48410400670492,1.5
42,1957,1.69134676413482,1.12763625255165,4.48410400670492,1.5
42,1958,1.69134676413482,1.12763625255165,4.48410400670492,2.80102999566398
42,1959,1.69134676413482,1.12763625255165,4.48410400670492,2.80102999566398
42,1960,1.69134676413482,1.12763625255165,4.48410400670492,2.80102999566398
42,1961,1.69134676413482,1.12763625255165,4.48410400670492,2.80102999566398
42,1962,1.69134676413482,1.12763625255165,4.48410400670492,2.80102999566398
42,1963,1.69134676413482,1.12763625255165,4.48410400670492,2.80102999566398
42,1964,1.69134676413482,1.12763625255165,4.48410400670492,2.80102999566398
42,1965,1.69134676413482,1.12763625255165,4.48410400670492,2.80102999566398
42,1966,1.69134676413482,1.12763625255165,4.48410400670492,2.80102999566398
42,1967,1.69134676413482,1.12763625255165,4.48410400670492,2.80102999566398
42,1968,1.69134676413482,1.12763625255165,4.48410400670492,2.80102999566398
42,1969,1.69134676413482,1.12763625255165,4.48410400670492,2.80102999566398
42,1970,1.69134676413482,1.12763625255165,4.48410400670492,2.80102999566398
42,1971,1.69134676413482,1.12763625255165,4.48410400670492,2.80102999566398
42,1972,1.69134676413482,1.12763625255165,4.48410400670492,2.80102999566398
42,1973,1.69134676413482,1.12763625255165,4.48410400670492,2.80102999566398
42,1974,1.69134676413482,1.12763625255165,4.48410400670492,2.80102999566398
42,1975,1.69134676413482,1.12763625255165,4.48410400670492,2.80102999566398
42,1976,1.69134676413482,1.12763625255165,4.48410400670492,2.80102999566398
42,1977,1.69134676413482,1.12763625255165,4.48410400670492,2.80102999566398
42,1978,1.69134676413482,1.12763625255165,4.48410400670492,2.80102999566398
42,1979,1.69134676413482,1.12763625255165,4.48410400670492,2.80102999566398
42,1980,1.69134676413482,1.12763625255165,4.48410400670492,2.80102999566398
42,1981,1.69134676413482,1.12763625255165,4.48410400670492,2.80102999566398
42,1982,1.69134676413482,1.12763625255165,4.48410400670492,2.80102999566398
42,1983,1.69134676413482,1.12763625255165,4.48410400670492,2.80102999566398
42,1984,1.69134676413482,1.12763625255165,4.48410400670492,2.80102999566398
42,1985,1.69134676413482,1.12763625255165,4.48410400670492,2.80102999566398
42,1986,1.69134676413482,1.12763625255165,4.48410400670492,2.80102999566398
42,1987,1.69134676413482,1.12763625255165,4.48410400670492,2.80102999566398
42,1988,1.69134676413482,1.12763625255165,4.48410400670492,2.80102999566398
42,1989,1.69134676413482,1.12763625255165,4.48410400670492,2.80102999566398
42,1990,1.69134676413482,1.12763625255165,4.48410400670492,2.80102999566398
42,1991,1.69134676413482,1.12763625255165,4.48410400670492,2.80102999566398
42,1992,1.69134676413482,1.12763625255165,4.48410400670492,2.80102999566398
42,1993,1.69134676413482,1.12763625255165,4.48410400670492,2.80102999566398
42,1994,1.69134676413482,1.12763625255165,4.48410400670492,2.80102999566398
42,1995,1.69134676413482,1.12763625255165,4.48410400670492,2.80102999566398
42,1996,1.69134676413482,1.12763625255165,4.48410400670492,2.80102999566398
42,1997,1.69134676413482,1.12763625255165,4.48410400670492,2.80102999566398
42,1998,1.69134676413482,1.12763625255165,4.48410400670492,2.80102999566398
42,1999,1.69134676413482,1.12763625255165,4.48410400670492,2.80102999566398
42,2000,1.69134676413482,1.12763625255165,4.48410400670492,2.80102999566398
42,2001,1.69134676413482,1.12763625255165,4.48410400670492,2.80102999566398
42,2002,1.69134676413482,1.12763625255165,4.48410400670492,2.80102999566398
42,2003,1.69134676413482,1.12763625255165,4.48410400670492,2.80102999566398
42,2004,1.69134676413482,1.12763625255165,4.48410400670492,2.80102999566398
42,2005,1.69134676413482,1.12763625255165,4.48410400670492,2.80102999566398
42,2006,1.69134676413482,1.12763625255165,4.48410400670492,2.80102999566398
42,2007,1.69134676413482,1.12763625255165,4.48410400670492,2.80102999566398
42,2008,1.69134676413482,1.12763625255165,4.48410400670492,2.80102999566398
42,2009,1.69134676413482,1.12763625255165,4.48410400670492,2.80102999566398
42,2010,1.69134676413482,1.12763625255165,4.48410400670492,2.80102999566398
42,2011,1.69134676413482,1.12763625255165,4.48410400670492,2.80102999566398
42,2012,1.69134676413482,1.12763625255165,4.48410400670492,2.80102999566398
42,2013,1.69134676413482,1.12763625255165,4.48410400670492,2.80102999566398
42,2014,1.69134676413482,1.12763625255165,4.48410400670492,2.80102999566398
42,2015,1.69134676413482,1.12763625255165,4.48410400670492,2.80102999566398
42,2016,1.69134676413482,1.12763625255165,4.48410400670492,2.80102999566398
42,2017,1.69134676413482,1.12763625255165,4.48410400670492,2.80102999566398
43,1920,-0.193820026016113,NA,2.43136376415899,NA
43,1921,-0.193820026016113,NA,2.43136376415899,NA
43,1922,-0.193820026016113,NA,2.43136376415899,NA
43,1923,-0.193820026016113,NA,2.43136376415899,NA
43,1924,-0.193820026016113,NA,2.43136376415899,NA
43,1925,-0.193820026016113,NA,2.43136376415899,NA
43,1926,-0.193820026016113,NA,2.43136376415899,NA
43,1927,-0.193820026016113,NA,2.43136376415899,NA
43,1928,-0.193820026016113,NA,2.43136376415899,NA
43,1929,-0.193820026016113,NA,2.43136376415899,NA
43,1930,-0.193820026016113,NA,2.43136376415899,NA
43,1931,-0.193820026016113,NA,2.43136376415899,NA
43,1932,-0.193820026016113,NA,2.43136376415899,NA
43,1933,-0.193820026016113,NA,2.43136376415899,NA
43,1934,-0.193820026016113,NA,2.43136376415899,NA
43,1935,-0.193820026016113,NA,2.43136376415899,NA
43,1936,-0.193820026016113,NA,2.43136376415899,NA
43,1937,-0.193820026016113,NA,2.43136376415899,NA
43,1938,-0.193820026016113,NA,2.43136376415899,NA
43,1939,-0.193820026016113,NA,2.43136376415899,NA
43,1940,-0.193820026016113,NA,2.43136376415899,NA
43,1941,-0.193820026016113,NA,2.43136376415899,NA
43,1942,-0.193820026016113,NA,2.43136376415899,NA
43,1943,-0.193820026016113,NA,2.43136376415899,NA
43,1944,-0.193820026016113,NA,2.43136376415899,NA
43,1945,-0.193820026016113,NA,2.43136376415899,NA
43,1946,-0.193820026016113,NA,2.43136376415899,NA
43,1947,-0.193820026016113,NA,2.43136376415899,NA
43,1948,-0.193820026016113,NA,2.43136376415899,NA
43,1949,-0.193820026016113,NA,2.43136376415899,NA
43,1950,1.69134676413482,1.5,4.48410400670492,2.80102999566398
43,1951,1.69134676413482,1.5,4.48410400670492,2.80102999566398
43,1952,1.69134676413482,1.5,4.48410400670492,2.80102999566398
43,1953,1.69134676413482,1.12763625255165,4.48410400670492,2.80102999566398
43,1954,1.69134676413482,1.12763625255165,4.48410400670492,2.80102999566398
43,1955,1.69134676413482,1.12763625255165,4.48410400670492,2.80102999566398
43,1956,1.69134676413482,1.12763625255165,4.48410400670492,2.80102999566398
43,1957,1.69134676413482,1.12763625255165,4.48410400670492,2.80102999566398
43,1958,1.69134676413482,1.12763625255165,4.48410400670492,2.80102999566398
43,1959,1.69134676413482,1.12763625255165,4.48410400670492,2.80102999566398
43,1960,1.69134676413482,1.12763625255165,4.48410400670492,2.80102999566398
43,1961,1.69134676413482,1.12763625255165,4.48410400670492,2.80102999566398
43,1962,1.69134676413482,1.12763625255165,4.48410400670492,2.80102999566398
43,1963,1.69134676413482,1.12763625255165,4.48410400670492,2.80102999566398
43,1964,1.69134676413482,1.12763625255165,4.48410400670492,2.80102999566398
43,1965,1.69134676413482,1.12763625255165,4.48410400670492,2.80102999566398
43,1966,1.69134676413482,1.12763625255165,4.48410400670492,2.80102999566398
43,1967,1.69134676413482,1.12763625255165,4.48410400670492,2.80102999566398
43,1968,1.69134676413482,1.12763625255165,4.48410400670492,2.80102999566398
43,1969,1.69134676413482,1.12763625255165,4.48410400670492,2.80102999566398
43,1970,1.69134676413482,1.12763625255165,4.48410400670492,2.80102999566398
43,1971,1.69134676413482,1.12763625255165,4.48410400670492,2.80102999566398
43,1972,1.69134676413482,1.12763625255165,4.48410400670492,2.80102999566398
43,1973,1.69134676413482,1.12763625255165,4.48410400670492,2.80102999566398
43,1974,1.69134676413482,1.12763625255165,4.48410400670492,2.80102999566398
43,1975,1.69134676413482,1.12763625255165,4.48410400670492,2.80102999566398
43,1976,1.69134676413482,1.12763625255165,4.48410400670492,2.80102999566398
43,1977,1.69134676413482,1.12763625255165,4.48410400670492,2.80102999566398
43,1978,1.69134676413482,1.12763625255165,4.48410400670492,2.80102999566398
43,1979,1.69134676413482,1.12763625255165,4.48410400670492,2.80102999566398
43,1980,1.69134676413482,1.12763625255165,4.48410400670492,2.80102999566398
43,1981,1.69134676413482,1.12763625255165,4.48410400670492,2.80102999566398
43,1982,1.69134676413482,1.12763625255165,4.48410400670492,2.80102999566398
43,1983,1.69134676413482,1.12763625255165,4.48410400670492,2.80102999566398
43,1984,1.69134676413482,1.12763625255165,4.48410400670492,2.80102999566398
43,1985,1.69134676413482,1.12763625255165,4.48410400670492,2.80102999566398
43,1986,1.69134676413482,1.12763625255165,4.48410400670492,2.80102999566398
43,1987,1.69134676413482,1.12763625255165,4.48410400670492,2.80102999566398
43,1988,1.69134676413482,1.12763625255165,4.48410400670492,2.80102999566398
43,1989,1.69134676413482,1.12763625255165,4.48410400670492,2.80102999566398
43,1990,1.69134676413482,1.12763625255165,4.48410400670492,2.80102999566398
43,1991,1.69134676413482,1.12763625255165,4.48410400670492,2.80102999566398
43,1992,1.69134676413482,1.12763625255165,4.48410400670492,2.80102999566398
43,1993,1.69134676413482,1.12763625255165,4.48410400670492,2.80102999566398
43,1994,1.69134676413482,1.12763625255165,4.48410400670492,2.80102999566398
43,1995,1.69134676413482,1.12763625255165,4.48410400670492,2.80102999566398
43,1996,1.69134676413482,1.12763625255165,4.48410400670492,2.80102999566398
43,1997,1.69134676413482,1.12763625255165,4.48410400670492,2.80102999566398
43,1998,1.69134676413482,1.12763625255165,4.48410400670492,2.80102999566398
43,1999,1.69134676413482,1.12763625255165,4.48410400670492,2.80102999566398
43,2000,1.69134676413482,1.12763625255165,4.48410400670492,2.80102999566398
43,2001,1.69134676413482,1.12763625255165,4.48410400670492,2.80102999566398
43,2002,1.69134676413482,1.12763625255165,4.48410400670492,2.80102999566398
43,2003,1.69134676413482,1.12763625255165,4.48410400670492,2.80102999566398
43,2004,1.69134676413482,1.12763625255165,4.48410400670492,2.80102999566398
43,2005,1.69134676413482,1.12763625255165,4.48410400670492,2.80102999566398
43,2006,1.69134676413482,1.12763625255165,4.48410400670492,2.80102999566398
43,2007,1.69134676413482,1.12763625255165,4.48410400670492,2.80102999566398
43,2008,1.69134676413482,1.12763625255165,4.48410400670492,2.80102999566398
43,2009,1.69134676413482,1.12763625255165,4.48410400670492,2.80102999566398
43,2010,1.69134676413482,1.12763625255165,4.48410400670492,2.80102999566398
43,2011,1.69134676413482,1.12763625255165,4.48410400670492,2.80102999566398
43,2012,1.69134676413482,1.12763625255165,4.48410400670492,2.80102999566398
43,2013,1.69134676413482,1.12763625255165,4.48410400670492,2.80102999566398
43,2014,1.69134676413482,1.12763625255165,4.48410400670492,2.80102999566398
43,2015,1.69134676413482,1.12763625255165,4.48410400670492,2.80102999566398
43,2016,1.69134676413482,1.12763625255165,4.48410400670492,2.80102999566398
43,2017,1.69134676413482,1.12763625255165,4.48410400670492,2.80102999566398
44,1920,-0.193820026016113,NA,2.43136376415899,NA
44,1921,-0.193820026016113,NA,2.43136376415899,NA
44,1922,-0.193820026016113,NA,2.43136376415899,NA
44,1923,-0.193820026016113,NA,2.43136376415899,NA
44,1924,-0.193820026016113,NA,2.43136376415899,NA
44,1925,-0.193820026016113,NA,2.43136376415899,NA
44,1926,-0.193820026016113,NA,2.43136376415899,NA
44,1927,-0.193820026016113,NA,2.43136376415899,NA
44,1928,-0.193820026016113,NA,2.43136376415899,NA
44,1929,-0.193820026016113,NA,2.43136376415899,NA
44,1930,-0.193820026016113,NA,2.43136376415899,NA
44,1931,-0.193820026016113,NA,2.43136376415899,NA
44,1932,-0.193820026016113,NA,2.43136376415899,NA
44,1933,-0.193820026016113,NA,2.43136376415899,NA
44,1934,-0.193820026016113,NA,2.43136376415899,NA
44,1935,-0.193820026016113,NA,2.43136376415899,NA
44,1936,-0.193820026016113,NA,2.43136376415899,NA
44,1937,-0.193820026016113,NA,2.43136376415899,NA
44,1938,-0.193820026016113,NA,2.43136376415899,NA
44,1939,-0.193820026016113,NA,2.43136376415899,NA
44,1940,-0.193820026016113,NA,2.43136376415899,NA
44,1941,-0.193820026016113,NA,2.43136376415899,NA
44,1942,-0.193820026016113,NA,2.43136376415899,NA
44,1943,-0.193820026016113,NA,2.43136376415899,NA
44,1944,-0.193820026016113,NA,2.43136376415899,NA
44,1945,-0.193820026016113,NA,2.43136376415899,NA
44,1946,-0.193820026016113,NA,2.43136376415899,NA
44,1947,-0.193820026016113,NA,2.43136376415899,NA
44,1948,-0.193820026016113,NA,2.43136376415899,NA
44,1949,-0.193820026016113,NA,2.43136376415899,NA
44,1950,1.69134676413482,1.5,4.48410400670492,2.80102999566398
44,1951,1.69134676413482,1.5,4.48410400670492,2.80102999566398
44,1952,1.69134676413482,1.5,4.48410400670492,2.80102999566398
44,1953,1.69134676413482,1.12763625255165,4.48410400670492,2.80102999566398
44,1954,1.69134676413482,1.12763625255165,4.48410400670492,2.80102999566398
44,1955,1.69134676413482,1.12763625255165,4.48410400670492,2.80102999566398
44,1956,1.69134676413482,1.12763625255165,4.48410400670492,2.80102999566398
44,1957,1.69134676413482,1.12763625255165,4.48410400670492,2.80102999566398
44,1958,1.69134676413482,1.12763625255165,4.48410400670492,2.80102999566398
44,1959,1.69134676413482,1.12763625255165,4.48410400670492,2.80102999566398
44,1960,1.69134676413482,1.12763625255165,4.48410400670492,2.80102999566398
44,1961,1.69134676413482,1.12763625255165,4.48410400670492,2.80102999566398
44,1962,1.69134676413482,1.12763625255165,4.48410400670492,2.80102999566398
44,1963,1.69134676413482,1.12763625255165,4.48410400670492,2.80102999566398
44,1964,1.69134676413482,1.12763625255165,4.48410400670492,2.80102999566398
44,1965,1.69134676413482,1.12763625255165,4.48410400670492,2.80102999566398
44,1966,1.69134676413482,1.12763625255165,4.48410400670492,2.80102999566398
44,1967,1.69134676413482,1.12763625255165,4.48410400670492,2.80102999566398
44,1968,1.69134676413482,1.12763625255165,4.48410400670492,2.80102999566398
44,1969,1.69134676413482,1.12763625255165,4.48410400670492,2.80102999566398
44,1970,1.69134676413482,1.12763625255165,4.48410400670492,2.80102999566398
44,1971,1.69134676413482,1.12763625255165,4.48410400670492,2.80102999566398
44,1972,1.69134676413482,1.12763625255165,4.48410400670492,2.80102999566398
44,1973,1.69134676413482,1.12763625255165,4.48410400670492,2.80102999566398
44,1974,1.69134676413482,1.12763625255165,4.48410400670492,2.80102999566398
44,1975,1.69134676413482,1.12763625255165,4.48410400670492,2.80102999566398
44,1976,1.69134676413482,1.12763625255165,4.48410400670492,2.80102999566398
44,1977,1.69134676413482,1.12763625255165,4.48410400670492,2.80102999566398
44,1978,1.69134676413482,1.12763625255165,4.48410400670492,2.80102999566398
44,1979,1.69134676413482,1.12763625255165,4.48410400670492,2.80102999566398
44,1980,1.69134676413482,1.12763625255165,4.48410400670492,2.80102999566398
44,1981,1.69134676413482,1.12763625255165,4.48410400670492,2.80102999566398
44,1982,1.69134676413482,1.12763625255165,4.48410400670492,2.80102999566398
44,1983,1.69134676413482,1.12763625255165,4.48410400670492,2.80102999566398
44,1984,1.69134676413482,1.12763625255165,4.48410400670492,2.80102999566398
44,1985,1.69134676413482,1.12763625255165,4.48410400670492,2.80102999566398
44,1986,1.69134676413482,1.12763625255165,4.48410400670492,2.80102999566398
44,1987,1.69134676413482,1.12763625255165,4.48410400670492,2.80102999566398
44,1988,1.69134676413482,1.12763625255165,4.48410400670492,2.80102999566398
44,1989,1.69134676413482,1.12763625255165,4.48410400670492,2.80102999566398
44,1990,1.69134676413482,1.12763625255165,4.48410400670492,2.80102999566398
44,1991,1.69134676413482,1.12763625255165,4.48410400670492,2.80102999566398
44,1992,1.69134676413482,1.12763625255165,4.48410400670492,2.80102999566398
44,1993,1.69134676413482,1.12763625255165,4.48410400670492,2.80102999566398
44,1994,1.69134676413482,1.12763625255165,4.48410400670492,2.80102999566398
44,1995,1.69134676413482,1.12763625255165,4.48410400670492,2.80102999566398
44,1996,1.69134676413482,1.12763625255165,4.48410400670492,2.80102999566398
44,1997,1.69134676413482,1.12763625255165,4.48410400670492,2.80102999566398
44,1998,1.69134676413482,1.12763625255165,4.48410400670492,2.80102999566398
44,1999,1.69134676413482,1.12763625255165,4.48410400670492,2.80102999566398
44,2000,1.69134676413482,1.12763625255165,4.48410400670492,2.80102999566398
44,2001,1.69134676413482,1.12763625255165,4.48410400670492,2.80102999566398
44,2002,1.69134676413482,1.12763625255165,4.48410400670492,2.80102999566398
44,2003,1.69134676413482,1.12763625255165,4.48410400670492,2.80102999566398
44,2004,1.69134676413482,1.12763625255165,4.48410400670492,2.80102999566398
44,2005,1.69134676413482,1.12763625255165,4.48410400670492,2.80102999566398
44,2006,1.69134676413482,1.12763625255165,4.48410400670492,2.80102999566398
44,2007,1.69134676413482,1.12763625255165,4.48410400670492,2.80102999566398
44,2008,1.69134676413482,1.12763625255165,4.48410400670492,2.80102999566398
44,2009,1.69134676413482,1.12763625255165,4.48410400670492,2.80102999566398
44,2010,1.69134676413482,1.12763625255165,4.48410400670492,2.80102999566398
44,2011,1.69134676413482,1.12763625255165,4.48410400670492,2.80102999566398
44,2012,1.69134676413482,1.12763625255165,4.48410400670492,2.80102999566398
44,2013,1.69134676413482,1.12763625255165,4.48410400670492,2.80102999566398
44,2014,1.69134676413482,1.12763625255165,4.48410400670492,2.80102999566398
44,2015,1.69134676413482,1.12763625255165,4.48410400670492,2.80102999566398
44,2016,1.69134676413482,1.12763625255165,4.48410400670492,2.80102999566398
44,2017,1.69134676413482,1.12763625255165,4.48410400670492,2.80102999566398
45,1920,-0.193820026016113,NA,2.43136376415899,NA
45,1921,-0.193820026016113,NA,2.43136376415899,NA
45,1922,-0.193820026016113,NA,2.43136376415899,NA
45,1923,-0.193820026016113,NA,2.43136376415899,NA
45,1924,-0.193820026016113,NA,2.43136376415899,NA
45,1925,-0.193820026016113,NA,2.43136376415899,NA
45,1926,-0.193820026016113,NA,2.43136376415899,NA
45,1927,-0.193820026016113,NA,2.43136376415899,NA
45,1928,-0.193820026016113,NA,2.43136376415899,NA
45,1929,-0.193820026016113,NA,2.43136376415899,NA
45,1930,-0.193820026016113,NA,2.43136376415899,NA
45,1931,-0.193820026016113,NA,2.43136376415899,NA
45,1932,-0.193820026016113,NA,2.43136376415899,NA
45,1933,-0.193820026016113,NA,2.43136376415899,NA
45,1934,-0.193820026016113,NA,2.43136376415899,NA
45,1935,-0.193820026016113,NA,2.43136376415899,NA
45,1936,-0.193820026016113,NA,2.43136376415899,NA
45,1937,-0.193820026016113,NA,2.43136376415899,NA
45,1938,-0.193820026016113,NA,2.43136376415899,NA
45,1939,-0.193820026016113,NA,2.43136376415899,NA
45,1940,-0.193820026016113,NA,2.43136376415899,NA
45,1941,-0.193820026016113,NA,2.43136376415899,NA
45,1942,-0.193820026016113,NA,2.43136376415899,NA
45,1943,-0.193820026016113,NA,2.43136376415899,NA
45,1944,-0.193820026016113,NA,2.43136376415899,NA
45,1945,-0.193820026016113,NA,2.43136376415899,NA
45,1946,-0.193820026016113,NA,2.43136376415899,NA
45,1947,-0.193820026016113,NA,2.43136376415899,NA
45,1948,-0.193820026016113,NA,2.43136376415899,NA
45,1949,-0.193820026016113,NA,2.43136376415899,NA
45,1950,1.69134676413482,1.5,4.48410400670492,2.80102999566398
45,1951,1.69134676413482,1.5,4.48410400670492,2.80102999566398
45,1952,1.69134676413482,1.5,4.48410400670492,2.80102999566398
45,1953,1.69134676413482,1.12763625255165,4.48410400670492,2.80102999566398
45,1954,1.69134676413482,1.12763625255165,4.48410400670492,2.80102999566398
45,1955,1.69134676413482,1.12763625255165,4.48410400670492,2.80102999566398
45,1956,1.69134676413482,1.12763625255165,4.48410400670492,2.80102999566398
45,1957,1.69134676413482,1.12763625255165,4.48410400670492,2.80102999566398
45,1958,1.69134676413482,1.12763625255165,4.48410400670492,2.80102999566398
45,1959,1.69134676413482,1.12763625255165,4.48410400670492,2.80102999566398
45,1960,1.69134676413482,1.12763625255165,4.48410400670492,2.80102999566398
45,1961,1.69134676413482,1.12763625255165,4.48410400670492,2.80102999566398
45,1962,1.69134676413482,1.12763625255165,4.48410400670492,2.80102999566398
45,1963,1.69134676413482,1.12763625255165,4.48410400670492,2.80102999566398
45,1964,1.69134676413482,1.12763625255165,4.48410400670492,2.80102999566398
45,1965,1.69134676413482,1.12763625255165,4.48410400670492,2.80102999566398
45,1966,1.69134676413482,1.12763625255165,4.48410400670492,2.80102999566398
45,1967,1.69134676413482,1.12763625255165,4.48410400670492,2.80102999566398
45,1968,1.69134676413482,1.12763625255165,4.48410400670492,2.80102999566398
45,1969,1.69134676413482,1.12763625255165,4.48410400670492,2.80102999566398
45,1970,1.69134676413482,1.12763625255165,4.48410400670492,2.80102999566398
45,1971,1.69134676413482,1.12763625255165,4.48410400670492,2.80102999566398
45,1972,1.69134676413482,1.12763625255165,4.48410400670492,2.80102999566398
45,1973,1.69134676413482,1.12763625255165,4.48410400670492,2.80102999566398
45,1974,1.69134676413482,1.12763625255165,4.48410400670492,2.80102999566398
45,1975,1.69134676413482,1.12763625255165,4.48410400670492,2.80102999566398
45,1976,1.69134676413482,1.12763625255165,4.48410400670492,2.80102999566398
45,1977,1.69134676413482,1.12763625255165,4.48410400670492,2.80102999566398
45,1978,1.69134676413482,1.12763625255165,4.48410400670492,2.80102999566398
45,1979,1.69134676413482,1.12763625255165,4.48410400670492,2.80102999566398
45,1980,1.69134676413482,1.12763625255165,4.48410400670492,2.80102999566398
45,1981,1.69134676413482,1.12763625255165,4.48410400670492,2.80102999566398
45,1982,1.69134676413482,1.12763625255165,4.48410400670492,2.80102999566398
45,1983,1.69134676413482,1.12763625255165,4.48410400670492,2.80102999566398
45,1984,1.69134676413482,1.12763625255165,4.48410400670492,2.80102999566398
45,1985,1.69134676413482,1.12763625255165,4.48410400670492,2.80102999566398
45,1986,1.69134676413482,1.12763625255165,4.48410400670492,2.80102999566398
45,1987,1.69134676413482,1.12763625255165,4.48410400670492,2.80102999566398
45,1988,1.69134676413482,1.12763625255165,4.48410400670492,2.80102999566398
45,1989,1.69134676413482,1.12763625255165,4.48410400670492,2.80102999566398
45,1990,1.69134676413482,1.12763625255165,4.48410400670492,2.80102999566398
45,1991,1.69134676413482,1.12763625255165,4.48410400670492,2.80102999566398
45,1992,1.69134676413482,1.12763625255165,4.48410400670492,2.80102999566398
45,1993,1.69134676413482,1.12763625255165,4.48410400670492,2.80102999566398
45,1994,1.69134676413482,1.12763625255165,4.48410400670492,2.80102999566398
45,1995,1.69134676413482,1.12763625255165,4.48410400670492,2.80102999566398
45,1996,1.69134676413482,1.12763625255165,4.48410400670492,2.80102999566398
45,1997,1.69134676413482,1.12763625255165,4.48410400670492,2.80102999566398
45,1998,1.69134676413482,1.12763625255165,4.48410400670492,2.80102999566398
45,1999,1.69134676413482,1.12763625255165,4.48410400670492,2.80102999566398
45,2000,1.69134676413482,1.12763625255165,4.48410400670492,2.80102999566398
45,2001,1.69134676413482,1.12763625255165,4.48410400670492,2.80102999566398
45,2002,1.69134676413482,1.12763625255165,4.48410400670492,2.80102999566398
45,2003,1.69134676413482,1.12763625255165,4.48410400670492,2.80102999566398
45,2004,1.69134676413482,1.12763625255165,4.48410400670492,2.80102999566398
45,2005,1.69134676413482,1.12763625255165,4.48410400670492,2.80102999566398
45,2006,1.69134676413482,1.12763625255165,4.48410400670492,2.80102999566398
45,2007,1.69134676413482,1.12763625255165,4.48410400670492,2.80102999566398
45,2008,1.69134676413482,1.12763625255165,4.48410400670492,2.80102999566398
45,2009,1.69134676413482,1.12763625255165,4.48410400670492,2.80102999566398
45,2010,1.69134676413482,1.12763625255165,4.48410400670492,2.80102999566398
45,2011,1.69134676413482,1.12763625255165,4.48410400670492,2.80102999566398
45,2012,1.69134676413482,1.12763625255165,4.48410400670492,2.80102999566398
45,2013,1.69134676413482,1.12763625255165,4.48410400670492,2.80102999566398
45,2014,1.69134676413482,1.12763625255165,4.48410400670492,2.80102999566398
45,2015,1.69134676413482,1.12763625255165,4.48410400670492,2.80102999566398
45,2016,1.69134676413482,1.12763625255165,4.48410400670492,2.80102999566398
45,2017,1.69134676413482,1.12763625255165,4.48410400670492,2.80102999566398
46,1921,-0.193820026016113,NA,2.43136376415899,NA
46,1922,-0.193820026016113,NA,2.43136376415899,NA
46,1923,-0.193820026016113,NA,2.43136376415899,NA
46,1924,-0.193820026016113,NA,2.43136376415899,NA
46,1925,-0.193820026016113,NA,2.43136376415899,NA
46,1926,-0.193820026016113,NA,2.43136376415899,NA
46,1927,-0.193820026016113,NA,2.43136376415899,NA
46,1928,-0.193820026016113,NA,2.43136376415899,NA
46,1929,-0.193820026016113,NA,2.43136376415899,NA
46,1930,-0.193820026016113,NA,2.43136376415899,NA
46,1931,-0.193820026016113,NA,2.43136376415899,NA
46,1932,-0.193820026016113,NA,2.43136376415899,NA
46,1933,-0.193820026016113,NA,2.43136376415899,NA
46,1934,-0.193820026016113,NA,2.43136376415899,NA
46,1935,-0.193820026016113,NA,2.43136376415899,NA
46,1936,-0.193820026016113,NA,2.43136376415899,NA
46,1937,-0.193820026016113,NA,2.43136376415899,NA
46,1938,-0.193820026016113,NA,2.43136376415899,NA
46,1939,-0.193820026016113,NA,2.43136376415899,NA
46,1940,-0.193820026016113,NA,2.43136376415899,NA
46,1941,-0.193820026016113,NA,2.43136376415899,NA
46,1942,-0.193820026016113,NA,2.43136376415899,NA
46,1943,-0.193820026016113,NA,2.43136376415899,NA
46,1944,-0.193820026016113,NA,2.43136376415899,NA
46,1945,-0.193820026016113,NA,2.43136376415899,NA
46,1946,-0.193820026016113,NA,2.43136376415899,NA
46,1947,-0.193820026016113,NA,2.43136376415899,NA
46,1948,-0.193820026016113,NA,2.43136376415899,NA
46,1949,-0.193820026016113,NA,2.43136376415899,NA
46,1950,1.69134676413482,1.5,4.48410400670492,2.80102999566398
46,1951,1.69134676413482,1.5,4.48410400670492,2.80102999566398
46,1952,1.69134676413482,1.5,4.48410400670492,2.80102999566398
46,1953,1.69134676413482,1.5,4.48410400670492,2.80102999566398
46,1954,1.69134676413482,1.5,4.48410400670492,2.80102999566398
46,1955,1.69134676413482,1.5,4.48410400670492,2.80102999566398
46,1956,1.69134676413482,1.5,4.48410400670492,2.80102999566398
46,1957,1.69134676413482,1.5,4.48410400670492,2.80102999566398
46,1958,1.69134676413482,1.5,4.48410400670492,2.80102999566398
46,1959,3.01629357380715,1.5,4.48410400670492,2.80102999566398
46,1960,1.69134676413482,1.5,4.48410400670492,2.80102999566398
46,1961,1.69134676413482,1.5,4.48410400670492,2.80102999566398
46,1962,1.69134676413482,1.5,4.48410400670492,2.80102999566398
46,1963,1.69134676413482,1.5,4.48410400670492,2.80102999566398
46,1964,1.69134676413482,1.5,4.48410400670492,2.80102999566398
46,1965,1.69134676413482,1.5,4.48410400670492,2.80102999566398
46,1966,1.69134676413482,1.5,4.48410400670492,2.80102999566398
46,1967,1.69134676413482,1.5,4.48410400670492,2.80102999566398
46,1968,1.69134676413482,1.5,4.48410400670492,2.80102999566398
46,1969,1.69134676413482,1.5,4.48410400670492,2.80102999566398
46,1970,1.69134676413482,1.5,4.48410400670492,2.80102999566398
46,1971,1.69134676413482,1.5,4.48410400670492,2.80102999566398
46,1972,1.69134676413482,1.5,4.48410400670492,2.80102999566398
46,1973,1.69134676413482,1.5,4.48410400670492,2.80102999566398
46,1974,1.69134676413482,1.5,4.48410400670492,2.80102999566398
46,1975,1.69134676413482,1.5,4.48410400670492,2.80102999566398
46,1976,1.69134676413482,1.5,4.48410400670492,2.80102999566398
46,1977,1.69134676413482,1.5,4.48410400670492,2.80102999566398
46,1978,1.69134676413482,1.5,4.48410400670492,2.80102999566398
46,1979,1.69134676413482,1.5,4.48410400670492,2.80102999566398
46,1980,1.69134676413482,1.5,4.48410400670492,2.80102999566398
46,1981,1.69134676413482,1.5,4.48410400670492,2.80102999566398
46,1982,1.69134676413482,1.5,4.48410400670492,2.80102999566398
46,1983,1.69134676413482,1.5,4.48410400670492,2.80102999566398
46,1984,1.69134676413482,1.5,4.48410400670492,2.80102999566398
46,1985,1.69134676413482,1.5,4.48410400670492,2.80102999566398
46,1986,1.69134676413482,1.5,4.48410400670492,2.80102999566398
46,1987,1.69134676413482,1.5,4.48410400670492,2.80102999566398
46,1988,1.69134676413482,1.5,4.48410400670492,2.80102999566398
46,1989,1.69134676413482,1.5,4.48410400670492,2.80102999566398
46,1990,1.69134676413482,1.5,4.48410400670492,2.80102999566398
46,1991,1.69134676413482,1.5,4.48410400670492,2.80102999566398
46,1992,1.69134676413482,1.5,4.48410400670492,2.80102999566398
46,1993,1.69134676413482,1.5,4.48410400670492,2.80102999566398
46,1994,1.69134676413482,1.5,4.48410400670492,2.80102999566398
46,1995,1.69134676413482,1.12763625255165,4.48410400670492,2.80102999566398
46,1996,1.69134676413482,1.5,4.48410400670492,2.80102999566398
46,1997,1.69134676413482,1.12763625255165,4.48410400670492,2.80102999566398
46,1998,1.69134676413482,1.12763625255165,4.48410400670492,2.80102999566398
46,1999,1.69134676413482,1.5,4.48410400670492,2.80102999566398
46,2000,1.69134676413482,1.5,4.48410400670492,2.80102999566398
46,2001,1.69134676413482,1.12763625255165,4.48410400670492,2.80102999566398
46,2002,2.53959062302381,1.5,4.48410400670492,2.80102999566398
46,2003,2.53959062302381,1.12763625255165,4.48410400670492,2.80102999566398
46,2004,1.69134676413482,1.12763625255165,4.48410400670492,2.80102999566398
46,2005,1.69134676413482,1.5,4.48410400670492,2.80102999566398
46,2006,2.53959062302381,1.5,4.48410400670492,2.80102999566398
46,2007,1.69134676413482,1.12763625255165,4.48410400670492,2.80102999566398
46,2008,1.69134676413482,1.5,4.48410400670492,2.80102999566398
46,2009,1.69134676413482,1.5,4.48410400670492,2.80102999566398
46,2010,1.69134676413482,1.5,4.48410400670492,2.80102999566398
46,2011,1.69134676413482,1.12763625255165,4.48410400670492,2.80102999566398
46,2012,1.69134676413482,1.12763625255165,4.48410400670492,2.80102999566398
46,2013,1.69134676413482,1.12763625255165,4.48410400670492,2.80102999566398
46,2014,1.69134676413482,1.5,4.48410400670492,2.80102999566398
46,2015,1.69134676413482,1.5,4.48410400670492,2.80102999566398
46,2016,1.69134676413482,1.12763625255165,4.48410400670492,2.80102999566398
46,2017,1.69134676413482,1.12763625255165,4.48410400670492,2.80102999566398
47,1894,-0.193820026016113,NA,2.43136376415899,NA
47,1895,-0.193820026016113,NA,2.43136376415899,NA
47,1896,-0.193820026016113,NA,2.43136376415899,NA
47,1897,-0.193820026016113,NA,2.43136376415899,NA
47,1898,-0.193820026016113,NA,2.43136376415899,NA
47,1899,-0.193820026016113,NA,2.43136376415899,NA
47,1900,-0.193820026016113,NA,2.43136376415899,NA
47,1901,-0.193820026016113,NA,2.43136376415899,NA
47,1902,-0.193820026016113,NA,2.43136376415899,NA
47,1903,-0.193820026016113,NA,2.43136376415899,NA
47,1904,-0.193820026016113,NA,2.43136376415899,NA
47,1905,-0.193820026016113,NA,2.43136376415899,NA
47,1906,-0.193820026016113,NA,2.43136376415899,NA
47,1907,-0.193820026016113,NA,2.43136376415899,NA
47,1908,-0.193820026016113,NA,2.43136376415899,NA
47,1909,-0.193820026016113,NA,2.43136376415899,NA
47,1910,-0.193820026016113,NA,2.43136376415899,NA
47,1911,-0.193820026016113,NA,2.43136376415899,NA
47,1912,-0.193820026016113,NA,2.43136376415899,NA
47,1913,-0.193820026016113,NA,2.43136376415899,NA
47,1914,-0.193820026016113,NA,2.43136376415899,NA
47,1915,-0.193820026016113,NA,2.43136376415899,NA
47,1916,-0.193820026016113,NA,2.43136376415899,NA
47,1917,-0.193820026016113,NA,2.43136376415899,NA
47,1918,-0.193820026016113,NA,2.43136376415899,NA
47,1919,-0.193820026016113,NA,2.43136376415899,NA
47,1920,-0.193820026016113,NA,2.43136376415899,NA
47,1921,-0.193820026016113,NA,2.43136376415899,NA
47,1922,-0.193820026016113,NA,2.43136376415899,NA
47,1923,-0.193820026016113,NA,2.43136376415899,NA
47,1924,-0.193820026016113,NA,2.43136376415899,NA
47,1925,-0.193820026016113,NA,2.43136376415899,NA
47,1926,-0.193820026016113,NA,2.43136376415899,NA
47,1927,-0.193820026016113,NA,2.43136376415899,NA
47,1928,-0.193820026016113,NA,2.43136376415899,NA
47,1929,-0.193820026016113,NA,2.43136376415899,NA
47,1930,-0.193820026016113,NA,2.43136376415899,NA
47,1931,-0.193820026016113,NA,2.43136376415899,NA
47,1932,-0.193820026016113,NA,2.43136376415899,NA
47,1933,-0.193820026016113,NA,2.43136376415899,NA
47,1934,-0.193820026016113,NA,2.43136376415899,NA
47,1935,-0.193820026016113,NA,2.43136376415899,NA
47,1936,-0.193820026016113,NA,2.43136376415899,NA
47,1937,-0.193820026016113,NA,2.43136376415899,NA
47,1938,-0.193820026016113,NA,2.43136376415899,NA
47,1939,-0.193820026016113,NA,2.43136376415899,NA
47,1940,-0.193820026016113,NA,2.43136376415899,NA
47,1941,-0.193820026016113,NA,2.43136376415899,NA
47,1942,-0.193820026016113,NA,2.43136376415899,NA
47,1943,-0.193820026016113,NA,2.43136376415899,NA
47,1944,-0.193820026016113,NA,2.43136376415899,NA
47,1945,-0.193820026016113,NA,2.43136376415899,NA
47,1946,-0.193820026016113,NA,2.43136376415899,NA
47,1947,-0.193820026016113,NA,2.43136376415899,NA
47,1948,-0.193820026016113,NA,2.43136376415899,NA
47,1949,-0.193820026016113,NA,2.43136376415899,NA
47,1950,1.69134676413482,1.12763625255165,4.48410400670492,2.80102999566398
47,1951,1.69134676413482,1.12763625255165,4.48410400670492,2.80102999566398
47,1952,1.69134676413482,1.12763625255165,4.48410400670492,2.80102999566398
47,1953,1.69134676413482,1.12763625255165,4.48410400670492,2.80102999566398
47,1954,1.69134676413482,1.12763625255165,4.48410400670492,2.80102999566398
47,1955,1.69134676413482,1.12763625255165,4.48410400670492,2.80102999566398
47,1956,1.69134676413482,1.12763625255165,4.48410400670492,2.80102999566398
47,1957,1.69134676413482,1.12763625255165,4.48410400670492,2.80102999566398
47,1958,1.69134676413482,1.12763625255165,4.48410400670492,2.80102999566398
47,1959,1.69134676413482,1.12763625255165,4.48410400670492,2.80102999566398
47,1960,1.69134676413482,1.12763625255165,4.48410400670492,2.80102999566398
47,1961,1.69134676413482,1.12763625255165,4.48410400670492,2.80102999566398
47,1962,1.69134676413482,1.12763625255165,4.48410400670492,2.80102999566398
47,1963,1.69134676413482,1.12763625255165,4.48410400670492,2.80102999566398
47,1964,1.69134676413482,1.12763625255165,4.48410400670492,2.80102999566398
47,1965,1.69134676413482,1.12763625255165,4.48410400670492,2.80102999566398
47,1966,1.69134676413482,1.12763625255165,4.48410400670492,2.80102999566398
47,1967,1.69134676413482,1.12763625255165,4.48410400670492,2.80102999566398
47,1968,1.69134676413482,1.12763625255165,4.48410400670492,2.80102999566398
47,1969,1.69134676413482,1.12763625255165,4.48410400670492,2.80102999566398
47,1970,1.69134676413482,1.12763625255165,4.48410400670492,2.80102999566398
47,1971,1.69134676413482,1.12763625255165,4.48410400670492,2.80102999566398
47,1972,1.69134676413482,1.12763625255165,4.48410400670492,2.80102999566398
47,1973,1.69134676413482,1.12763625255165,4.48410400670492,2.80102999566398
47,1974,1.69134676413482,1.12763625255165,4.48410400670492,2.80102999566398
47,1975,1.69134676413482,1.12763625255165,4.48410400670492,2.80102999566398
47,1976,1.69134676413482,1.12763625255165,4.48410400670492,2.80102999566398
47,1977,1.69134676413482,1.12763625255165,4.48410400670492,2.80102999566398
47,1978,1.69134676413482,1.12763625255165,4.48410400670492,2.80102999566398
47,1979,1.69134676413482,1.12763625255165,4.48410400670492,2.80102999566398
47,1980,1.69134676413482,1.12763625255165,4.48410400670492,2.80102999566398
47,1981,1.69134676413482,1.12763625255165,4.48410400670492,2.80102999566398
47,1982,1.69134676413482,1.12763625255165,4.48410400670492,2.80102999566398
47,1983,1.69134676413482,1.12763625255165,4.48410400670492,2.80102999566398
47,1984,1.69134676413482,1.12763625255165,4.48410400670492,2.80102999566398
47,1985,1.69134676413482,1.12763625255165,4.48410400670492,2.80102999566398
47,1986,1.69134676413482,1.12763625255165,4.48410400670492,2.80102999566398
47,1987,1.69134676413482,1.12763625255165,4.48410400670492,2.80102999566398
47,1988,1.69134676413482,1.12763625255165,4.48410400670492,2.80102999566398
47,1989,1.69134676413482,1.12763625255165,4.48410400670492,2.80102999566398
47,1990,1.69134676413482,1.12763625255165,4.48410400670492,2.80102999566398
47,1991,1.69134676413482,1.12763625255165,4.48410400670492,2.80102999566398
47,1992,1.69134676413482,1.12763625255165,4.48410400670492,2.80102999566398
47,1993,1.69134676413482,1.12763625255165,4.48410400670492,2.80102999566398
47,1994,1.69134676413482,1.12763625255165,4.48410400670492,2.80102999566398
47,1995,1.69134676413482,1.12763625255165,4.48410400670492,2.80102999566398
47,1996,1.69134676413482,1.12763625255165,4.48410400670492,2.80102999566398
47,1997,1.69134676413482,1.12763625255165,4.48410400670492,2.80102999566398
47,1998,1.69134676413482,1.12763625255165,4.48410400670492,2.80102999566398
47,1999,1.69134676413482,1.12763625255165,4.48410400670492,2.80102999566398
47,2000,1.69134676413482,1.12763625255165,4.48410400670492,2.80102999566398
47,2001,1.69134676413482,1.12763625255165,4.48410400670492,2.80102999566398
47,2002,1.69134676413482,1.12763625255165,4.48410400670492,2.80102999566398
47,2003,1.69134676413482,1.12763625255165,4.48410400670492,2.80102999566398
47,2004,1.69134676413482,1.12763625255165,4.48410400670492,2.80102999566398
47,2005,1.69134676413482,1.12763625255165,4.48410400670492,2.80102999566398
47,2006,1.69134676413482,1.12763625255165,4.48410400670492,2.80102999566398
47,2007,1.69134676413482,1.12763625255165,4.48410400670492,2.80102999566398
47,2008,1.69134676413482,1.12763625255165,4.48410400670492,2.80102999566398
47,2009,1.69134676413482,1.12763625255165,4.48410400670492,2.80102999566398
47,2010,1.69134676413482,1.12763625255165,4.48410400670492,2.80102999566398
47,2011,1.69134676413482,1.12763625255165,4.48410400670492,2.80102999566398
47,2012,1.69134676413482,1.12763625255165,4.48410400670492,2.80102999566398
47,2013,1.69134676413482,1.12763625255165,4.48410400670492,2.80102999566398
47,2014,1.69134676413482,1.12763625255165,4.48410400670492,2.80102999566398
47,2015,1.69134676413482,1.12763625255165,4.48410400670492,2.80102999566398
47,2016,1.69134676413482,1.12763625255165,4.48410400670492,2.80102999566398
47,2017,1.69134676413482,1.12763625255165,4.48410400670492,2.80102999566398
48,1932,-0.193820026016113,NA,2.43136376415899,NA
48,1933,-0.193820026016113,NA,2.43136376415899,NA
48,1934,-0.193820026016113,NA,2.43136376415899,NA
48,1935,-0.193820026016113,NA,2.43136376415899,NA
48,1936,-0.193820026016113,NA,2.43136376415899,NA
48,1937,-0.193820026016113,NA,2.43136376415899,NA
48,1938,-0.193820026016113,NA,2.43136376415899,NA
48,1939,-0.193820026016113,NA,2.43136376415899,NA
48,1940,-0.193820026016113,NA,2.43136376415899,NA
48,1941,-0.193820026016113,NA,2.43136376415899,NA
48,1942,-0.193820026016113,NA,2.43136376415899,NA
48,1943,-0.193820026016113,NA,2.43136376415899,NA
48,1944,-0.193820026016113,NA,2.43136376415899,NA
48,1945,-0.193820026016113,NA,2.43136376415899,NA
48,1946,-0.193820026016113,NA,2.43136376415899,NA
48,1947,-0.193820026016113,NA,2.43136376415899,NA
48,1948,-0.193820026016113,NA,2.43136376415899,NA
48,1949,-0.193820026016113,NA,2.43136376415899,NA
48,1950,1.69134676413482,1.12763625255165,4.48410400670492,2.80102999566398
48,1951,1.69134676413482,1.12763625255165,4.48410400670492,2.80102999566398
48,1952,1.69134676413482,1.12763625255165,4.48410400670492,2.80102999566398
48,1953,1.69134676413482,1.12763625255165,4.48410400670492,2.80102999566398
48,1954,1.69134676413482,1.12763625255165,4.48410400670492,2.80102999566398
48,1955,1.69134676413482,1.12763625255165,4.48410400670492,2.80102999566398
48,1956,1.69134676413482,1.12763625255165,4.48410400670492,2.80102999566398
48,1957,1.69134676413482,1.12763625255165,4.48410400670492,2.80102999566398
48,1958,1.69134676413482,1.12763625255165,4.48410400670492,2.80102999566398
48,1959,1.69134676413482,1.12763625255165,4.48410400670492,2.80102999566398
48,1960,1.69134676413482,1.12763625255165,4.48410400670492,2.80102999566398
48,1961,1.69134676413482,1.12763625255165,4.48410400670492,2.80102999566398
48,1962,1.69134676413482,1.12763625255165,4.48410400670492,2.80102999566398
48,1963,1.69134676413482,1.12763625255165,4.48410400670492,2.80102999566398
48,1964,1.69134676413482,1.12763625255165,4.48410400670492,2.80102999566398
48,1965,1.69134676413482,1.12763625255165,4.48410400670492,2.80102999566398
48,1966,1.69134676413482,1.12763625255165,4.48410400670492,2.80102999566398
48,1967,1.69134676413482,1.12763625255165,4.48410400670492,2.80102999566398
48,1968,1.69134676413482,1.12763625255165,4.48410400670492,2.80102999566398
48,1969,1.69134676413482,1.12763625255165,4.48410400670492,2.80102999566398
48,1970,1.69134676413482,1.12763625255165,4.48410400670492,2.80102999566398
48,1971,1.69134676413482,1.12763625255165,4.48410400670492,2.80102999566398
48,1972,1.69134676413482,1.12763625255165,4.48410400670492,2.80102999566398
48,1973,1.69134676413482,1.12763625255165,4.48410400670492,2.80102999566398
48,1974,1.69134676413482,1.12763625255165,4.48410400670492,2.80102999566398
48,1975,1.69134676413482,1.12763625255165,4.48410400670492,2.80102999566398
48,1976,1.69134676413482,1.12763625255165,4.48410400670492,2.80102999566398
48,1977,1.69134676413482,1.12763625255165,4.48410400670492,2.80102999566398
48,1978,1.69134676413482,1.12763625255165,4.48410400670492,2.80102999566398
48,1979,1.69134676413482,1.12763625255165,4.48410400670492,2.80102999566398
48,1980,1.69134676413482,1.12763625255165,4.48410400670492,2.80102999566398
48,1981,1.69134676413482,1.12763625255165,4.48410400670492,2.80102999566398
48,1982,1.69134676413482,1.12763625255165,4.48410400670492,2.80102999566398
48,1983,1.69134676413482,1.12763625255165,4.48410400670492,2.80102999566398
48,1984,1.69134676413482,1.12763625255165,4.48410400670492,2.80102999566398
48,1985,1.69134676413482,1.12763625255165,4.48410400670492,2.80102999566398
48,1986,1.69134676413482,1.12763625255165,4.48410400670492,2.80102999566398
48,1987,1.69134676413482,1.12763625255165,4.48410400670492,2.80102999566398
48,1988,1.69134676413482,1.12763625255165,4.48410400670492,2.80102999566398
48,1989,1.69134676413482,1.12763625255165,4.48410400670492,2.80102999566398
48,1990,1.69134676413482,1.12763625255165,4.48410400670492,2.80102999566398
48,1991,1.69134676413482,1.12763625255165,4.48410400670492,2.80102999566398
48,1992,1.69134676413482,1.12763625255165,4.48410400670492,2.80102999566398
48,1993,1.69134676413482,1.12763625255165,4.48410400670492,2.80102999566398
48,1994,1.69134676413482,1.12763625255165,4.48410400670492,2.80102999566398
48,1995,1.69134676413482,1.12763625255165,4.48410400670492,2.80102999566398
48,1996,1.69134676413482,1.12763625255165,4.48410400670492,2.80102999566398
48,1997,1.69134676413482,1.12763625255165,4.48410400670492,2.80102999566398
48,1998,1.69134676413482,1.12763625255165,4.48410400670492,2.80102999566398
48,1999,1.69134676413482,1.12763625255165,4.48410400670492,2.80102999566398
48,2000,1.69134676413482,1.12763625255165,4.48410400670492,2.80102999566398
48,2001,1.69134676413482,1.12763625255165,4.48410400670492,2.80102999566398
48,2002,1.69134676413482,1.12763625255165,4.48410400670492,2.80102999566398
48,2003,1.69134676413482,1.12763625255165,4.48410400670492,2.80102999566398
48,2004,1.69134676413482,1.12763625255165,4.48410400670492,2.80102999566398
48,2005,1.69134676413482,1.12763625255165,4.48410400670492,2.80102999566398
48,2006,1.69134676413482,1.12763625255165,4.48410400670492,2.80102999566398
48,2007,1.69134676413482,1.12763625255165,4.48410400670492,2.80102999566398
48,2008,1.69134676413482,1.12763625255165,4.48410400670492,2.80102999566398
48,2009,1.69134676413482,1.12763625255165,4.48410400670492,2.80102999566398
48,2010,1.69134676413482,1.12763625255165,4.48410400670492,2.80102999566398
48,2011,1.69134676413482,1.12763625255165,4.48410400670492,2.80102999566398
48,2012,1.69134676413482,1.12763625255165,4.48410400670492,2.80102999566398
48,2013,1.69134676413482,1.12763625255165,4.48410400670492,2.80102999566398
48,2014,1.69134676413482,1.12763625255165,4.48410400670492,2.80102999566398
48,2015,1.69134676413482,1.12763625255165,4.48410400670492,2.80102999566398
48,2016,1.69134676413482,1.12763625255165,4.48410400670492,2.80102999566398
48,2017,1.69134676413482,1.12763625255165,4.48410400670492,2.80102999566398
49,1894,-0.193820026016113,NA,2.43136376415899,NA
49,1895,-0.193820026016113,NA,2.43136376415899,NA
49,1896,-0.193820026016113,NA,2.43136376415899,NA
49,1897,-0.193820026016113,NA,2.43136376415899,NA
49,1898,-0.193820026016113,NA,2.43136376415899,NA
49,1899,-0.193820026016113,NA,2.43136376415899,NA
49,1900,-0.193820026016113,NA,2.43136376415899,NA
49,1901,-0.193820026016113,NA,2.43136376415899,NA
49,1902,-0.193820026016113,NA,2.43136376415899,NA
49,1903,-0.193820026016113,NA,2.43136376415899,NA
49,1904,-0.193820026016113,NA,2.43136376415899,NA
49,1905,-0.193820026016113,NA,2.43136376415899,NA
49,1906,-0.193820026016113,NA,2.43136376415899,NA
49,1907,-0.193820026016113,NA,2.43136376415899,NA
49,1908,-0.193820026016113,NA,2.43136376415899,NA
49,1909,-0.193820026016113,NA,2.43136376415899,NA
49,1910,-0.193820026016113,NA,2.43136376415899,NA
49,1911,-0.193820026016113,NA,2.43136376415899,NA
49,1912,-0.193820026016113,NA,2.43136376415899,NA
49,1913,-0.193820026016113,NA,2.43136376415899,NA
49,1914,-0.193820026016113,NA,2.43136376415899,NA
49,1915,-0.193820026016113,NA,2.43136376415899,NA
49,1916,-0.193820026016113,NA,2.43136376415899,NA
49,1917,-0.193820026016113,NA,2.43136376415899,NA
49,1918,-0.193820026016113,NA,2.43136376415899,NA
49,1919,-0.193820026016113,NA,2.43136376415899,NA
49,1920,-0.193820026016113,NA,2.43136376415899,NA
49,1921,-0.193820026016113,NA,2.43136376415899,NA
49,1922,-0.193820026016113,NA,2.43136376415899,NA
49,1923,-0.193820026016113,NA,2.43136376415899,NA
49,1924,-0.193820026016113,NA,2.43136376415899,NA
49,1925,-0.193820026016113,NA,2.43136376415899,NA
49,1926,-0.193820026016113,NA,2.43136376415899,NA
49,1927,-0.193820026016113,NA,2.43136376415899,NA
49,1928,-0.193820026016113,NA,2.43136376415899,NA
49,1929,-0.193820026016113,NA,2.43136376415899,NA
49,1930,-0.193820026016113,NA,2.43136376415899,NA
49,1931,-0.193820026016113,NA,2.43136376415899,NA
49,1932,-0.193820026016113,NA,2.43136376415899,NA
49,1933,-0.193820026016113,NA,2.43136376415899,NA
49,1934,-0.193820026016113,NA,2.43136376415899,NA
49,1935,-0.193820026016113,NA,2.43136376415899,NA
49,1936,-0.193820026016113,NA,2.43136376415899,NA
49,1937,-0.193820026016113,NA,2.43136376415899,NA
49,1938,-0.193820026016113,NA,2.43136376415899,NA
49,1939,-0.193820026016113,NA,2.43136376415899,NA
49,1940,-0.193820026016113,NA,2.43136376415899,NA
49,1941,-0.193820026016113,NA,2.43136376415899,NA
49,1942,-0.193820026016113,NA,2.43136376415899,NA
49,1943,-0.193820026016113,NA,2.43136376415899,NA
49,1944,-0.193820026016113,NA,2.43136376415899,NA
49,1945,-0.193820026016113,NA,2.43136376415899,NA
49,1946,-0.193820026016113,NA,2.43136376415899,NA
49,1947,-0.193820026016113,NA,2.43136376415899,NA
49,1948,-0.193820026016113,NA,2.43136376415899,NA
49,1949,-0.193820026016113,NA,2.43136376415899,NA
49,1950,1.69134676413482,1.12763625255165,4.48410400670492,2.80102999566398
49,1951,1.69134676413482,1.12763625255165,4.48410400670492,2.80102999566398
49,1952,1.69134676413482,1.12763625255165,4.48410400670492,2.80102999566398
49,1953,1.69134676413482,1.12763625255165,4.48410400670492,2.80102999566398
49,1954,1.69134676413482,1.12763625255165,4.48410400670492,2.80102999566398
49,1955,1.69134676413482,1.12763625255165,4.48410400670492,2.80102999566398
49,1956,1.69134676413482,1.12763625255165,4.48410400670492,2.80102999566398
49,1957,1.69134676413482,1.12763625255165,4.48410400670492,2.80102999566398
49,1958,1.69134676413482,1.12763625255165,4.48410400670492,2.80102999566398
49,1959,1.69134676413482,1.12763625255165,4.48410400670492,2.80102999566398
49,1960,1.69134676413482,1.12763625255165,4.48410400670492,2.80102999566398
49,1961,1.69134676413482,1.12763625255165,4.48410400670492,2.80102999566398
49,1962,1.69134676413482,1.12763625255165,4.48410400670492,2.80102999566398
49,1963,1.69134676413482,1.12763625255165,4.48410400670492,2.80102999566398
49,1964,1.69134676413482,1.12763625255165,4.48410400670492,2.80102999566398
49,1965,1.69134676413482,1.12763625255165,4.48410400670492,2.80102999566398
49,1966,1.69134676413482,1.12763625255165,4.48410400670492,2.80102999566398
49,1967,1.69134676413482,1.12763625255165,4.48410400670492,2.80102999566398
49,1968,1.69134676413482,1.12763625255165,4.48410400670492,2.80102999566398
49,1969,1.69134676413482,1.12763625255165,4.48410400670492,2.80102999566398
49,1970,1.69134676413482,1.12763625255165,4.48410400670492,2.80102999566398
49,1971,1.69134676413482,1.12763625255165,4.48410400670492,2.80102999566398
49,1972,1.69134676413482,1.12763625255165,4.48410400670492,2.80102999566398
49,1973,1.69134676413482,1.12763625255165,4.48410400670492,2.80102999566398
49,1974,1.69134676413482,1.12763625255165,4.48410400670492,2.80102999566398
49,1975,1.69134676413482,1.12763625255165,4.48410400670492,2.80102999566398
49,1976,1.69134676413482,1.12763625255165,4.48410400670492,2.80102999566398
49,1977,1.69134676413482,1.12763625255165,4.48410400670492,2.80102999566398
49,1978,1.69134676413482,1.12763625255165,4.48410400670492,2.80102999566398
49,1979,1.69134676413482,1.12763625255165,4.48410400670492,2.80102999566398
49,1980,1.69134676413482,1.12763625255165,4.48410400670492,2.80102999566398
49,1981,1.69134676413482,1.12763625255165,4.48410400670492,2.80102999566398
49,1982,1.69134676413482,1.12763625255165,4.48410400670492,2.80102999566398
49,1983,1.69134676413482,1.12763625255165,4.48410400670492,2.80102999566398
49,1984,1.69134676413482,1.12763625255165,4.48410400670492,2.80102999566398
49,1985,1.69134676413482,1.12763625255165,4.48410400670492,2.80102999566398
49,1986,1.69134676413482,1.12763625255165,4.48410400670492,2.80102999566398
49,1987,1.69134676413482,1.12763625255165,4.48410400670492,2.80102999566398
49,1988,1.69134676413482,1.12763625255165,4.48410400670492,2.80102999566398
49,1989,1.69134676413482,1.12763625255165,4.48410400670492,2.80102999566398
49,1990,1.69134676413482,1.12763625255165,4.48410400670492,2.80102999566398
49,1991,1.69134676413482,1.12763625255165,4.48410400670492,2.80102999566398
49,1992,1.69134676413482,1.12763625255165,4.48410400670492,2.80102999566398
49,1993,1.69134676413482,1.12763625255165,4.48410400670492,2.80102999566398
49,1994,1.69134676413482,1.12763625255165,4.48410400670492,2.80102999566398
49,1995,1.69134676413482,1.12763625255165,4.48410400670492,2.80102999566398
49,1996,1.69134676413482,1.12763625255165,4.48410400670492,2.80102999566398
49,1997,1.69134676413482,1.12763625255165,4.48410400670492,2.80102999566398
49,1998,1.69134676413482,1.12763625255165,4.48410400670492,2.80102999566398
49,1999,1.69134676413482,1.12763625255165,4.48410400670492,2.80102999566398
49,2000,1.69134676413482,1.12763625255165,4.48410400670492,2.80102999566398
49,2001,1.69134676413482,1.12763625255165,4.48410400670492,2.80102999566398
49,2002,1.69134676413482,1.12763625255165,4.48410400670492,2.80102999566398
49,2003,1.69134676413482,1.12763625255165,4.48410400670492,2.80102999566398
49,2004,1.69134676413482,1.12763625255165,4.48410400670492,2.80102999566398
49,2005,1.69134676413482,1.12763625255165,4.48410400670492,2.80102999566398
49,2006,1.69134676413482,1.12763625255165,4.48410400670492,2.80102999566398
49,2007,1.69134676413482,1.12763625255165,4.48410400670492,2.80102999566398
49,2008,1.69134676413482,1.12763625255165,4.48410400670492,2.80102999566398
49,2009,1.69134676413482,1.12763625255165,4.48410400670492,2.80102999566398
49,2010,1.69134676413482,1.12763625255165,4.48410400670492,2.80102999566398
49,2011,1.69134676413482,1.12763625255165,4.48410400670492,2.80102999566398
49,2012,1.69134676413482,1.12763625255165,4.48410400670492,2.80102999566398
49,2013,1.69134676413482,1.12763625255165,4.48410400670492,2.80102999566398
49,2014,1.69134676413482,1.12763625255165,4.48410400670492,2.80102999566398
49,2015,1.69134676413482,1.12763625255165,4.48410400670492,2.80102999566398
49,2016,1.69134676413482,1.12763625255165,4.48410400670492,2.80102999566398
49,2017,1.69134676413482,1.12763625255165,4.48410400670492,2.80102999566398
50,1894,-0.193820026016113,NA,2.43136376415899,NA
50,1895,-0.193820026016113,NA,2.43136376415899,NA
50,1896,-0.193820026016113,NA,2.43136376415899,NA
50,1897,-0.193820026016113,NA,2.43136376415899,NA
50,1898,-0.193820026016113,NA,2.43136376415899,NA
50,1899,-0.193820026016113,NA,2.43136376415899,NA
50,1900,-0.193820026016113,NA,2.43136376415899,NA
50,1901,-0.193820026016113,NA,2.43136376415899,NA
50,1902,-0.193820026016113,NA,2.43136376415899,NA
50,1903,-0.193820026016113,NA,2.43136376415899,NA
50,1904,-0.193820026016113,NA,2.43136376415899,NA
50,1905,-0.193820026016113,NA,2.43136376415899,NA
50,1906,-0.193820026016113,NA,2.43136376415899,NA
50,1907,-0.193820026016113,NA,2.43136376415899,NA
50,1908,-0.193820026016113,NA,2.43136376415899,NA
50,1909,-0.193820026016113,NA,2.43136376415899,NA
50,1910,-0.193820026016113,NA,2.43136376415899,NA
50,1911,-0.193820026016113,NA,2.43136376415899,NA
50,1912,-0.193820026016113,NA,2.43136376415899,NA
50,1913,-0.193820026016113,NA,2.43136376415899,NA
50,1914,-0.193820026016113,NA,2.43136376415899,NA
50,1915,-0.193820026016113,NA,2.43136376415899,NA
50,1916,-0.193820026016113,NA,2.43136376415899,NA
50,1917,-0.193820026016113,NA,2.43136376415899,NA
50,1918,-0.193820026016113,NA,2.43136376415899,NA
50,1919,-0.193820026016113,NA,2.43136376415899,NA
50,1920,-0.193820026016113,NA,2.43136376415899,NA
50,1921,-0.193820026016113,NA,2.43136376415899,NA
50,1922,-0.193820026016113,NA,2.43136376415899,NA
50,1923,-0.193820026016113,NA,2.43136376415899,NA
50,1924,-0.193820026016113,NA,2.43136376415899,NA
50,1925,-0.193820026016113,NA,2.43136376415899,NA
50,1926,-0.193820026016113,NA,2.43136376415899,NA
50,1927,-0.193820026016113,NA,2.43136376415899,NA
50,1928,-0.193820026016113,NA,2.43136376415899,NA
50,1929,-0.193820026016113,NA,2.43136376415899,NA
50,1930,-0.193820026016113,NA,2.43136376415899,NA
50,1931,-0.193820026016113,NA,2.43136376415899,NA
50,1932,-0.193820026016113,NA,2.43136376415899,NA
50,1933,-0.193820026016113,NA,2.43136376415899,NA
50,1934,-0.193820026016113,NA,2.43136376415899,NA
50,1935,-0.193820026016113,NA,2.43136376415899,NA
50,1936,-0.193820026016113,NA,2.43136376415899,NA
50,1937,-0.193820026016113,NA,2.43136376415899,NA
50,1938,-0.193820026016113,NA,2.43136376415899,NA
50,1939,-0.193820026016113,NA,2.43136376415899,NA
50,1940,-0.193820026016113,NA,2.43136376415899,NA
50,1941,-0.193820026016113,NA,2.43136376415899,NA
50,1942,-0.193820026016113,NA,2.43136376415899,NA
50,1943,-0.193820026016113,NA,2.43136376415899,NA
50,1944,-0.193820026016113,NA,2.43136376415899,NA
50,1945,-0.193820026016113,NA,2.43136376415899,NA
50,1946,-0.193820026016113,NA,2.43136376415899,NA
50,1947,-0.193820026016113,NA,2.43136376415899,NA
50,1948,-0.193820026016113,NA,2.43136376415899,NA
50,1949,-0.193820026016113,NA,2.43136376415899,NA
50,1950,1.69134676413482,1.12763625255165,4.48410400670492,2.80102999566398
50,1951,1.69134676413482,1.12763625255165,4.48410400670492,2.80102999566398
50,1952,1.69134676413482,1.12763625255165,4.48410400670492,2.80102999566398
50,1953,1.69134676413482,1.12763625255165,4.48410400670492,2.80102999566398
50,1954,1.69134676413482,1.12763625255165,4.48410400670492,2.80102999566398
50,1955,1.69134676413482,1.12763625255165,4.48410400670492,2.80102999566398
50,1956,1.69134676413482,1.12763625255165,4.48410400670492,2.80102999566398
50,1957,1.69134676413482,1.12763625255165,4.48410400670492,2.80102999566398
50,1958,1.69134676413482,1.12763625255165,4.48410400670492,2.80102999566398
50,1959,1.69134676413482,1.12763625255165,4.48410400670492,2.80102999566398
50,1960,1.69134676413482,1.12763625255165,4.48410400670492,2.80102999566398
50,1961,1.69134676413482,1.12763625255165,4.48410400670492,2.80102999566398
50,1962,1.69134676413482,1.12763625255165,4.48410400670492,2.80102999566398
50,1963,1.69134676413482,1.12763625255165,4.48410400670492,2.80102999566398
50,1964,1.69134676413482,1.12763625255165,4.48410400670492,2.80102999566398
50,1965,1.69134676413482,1.12763625255165,4.48410400670492,2.80102999566398
50,1966,1.69134676413482,1.12763625255165,4.48410400670492,2.80102999566398
50,1967,1.69134676413482,1.12763625255165,4.48410400670492,2.80102999566398
50,1968,1.69134676413482,1.12763625255165,4.48410400670492,2.80102999566398
50,1969,1.69134676413482,1.12763625255165,4.48410400670492,2.80102999566398
50,1970,1.69134676413482,1.12763625255165,4.48410400670492,2.80102999566398
50,1971,1.69134676413482,1.12763625255165,4.48410400670492,2.80102999566398
50,1972,1.69134676413482,1.12763625255165,4.48410400670492,2.80102999566398
50,1973,1.69134676413482,1.12763625255165,4.48410400670492,2.80102999566398
50,1974,1.69134676413482,1.12763625255165,4.48410400670492,2.80102999566398
50,1975,1.69134676413482,1.12763625255165,4.48410400670492,2.80102999566398
50,1976,1.69134676413482,1.12763625255165,4.48410400670492,2.80102999566398
50,1977,1.69134676413482,1.12763625255165,4.48410400670492,2.80102999566398
50,1978,1.69134676413482,1.12763625255165,4.48410400670492,2.80102999566398
50,1979,1.69134676413482,1.12763625255165,4.48410400670492,2.80102999566398
50,1980,1.69134676413482,1.12763625255165,4.48410400670492,2.80102999566398
50,1981,1.69134676413482,1.12763625255165,4.48410400670492,2.80102999566398
50,1982,1.69134676413482,1.12763625255165,4.48410400670492,2.80102999566398
50,1983,1.69134676413482,1.12763625255165,4.48410400670492,2.80102999566398
50,1984,1.69134676413482,1.12763625255165,4.48410400670492,2.80102999566398
50,1985,1.69134676413482,1.12763625255165,4.48410400670492,2.80102999566398
50,1986,1.69134676413482,1.12763625255165,4.48410400670492,2.80102999566398
50,1987,1.69134676413482,1.12763625255165,4.48410400670492,2.80102999566398
50,1988,1.69134676413482,1.12763625255165,4.48410400670492,2.80102999566398
50,1989,1.69134676413482,1.12763625255165,4.48410400670492,2.80102999566398
50,1990,1.69134676413482,1.12763625255165,4.48410400670492,2.80102999566398
50,1991,1.69134676413482,1.12763625255165,4.48410400670492,2.80102999566398
50,1992,1.69134676413482,1.12763625255165,4.48410400670492,2.80102999566398
50,1993,1.69134676413482,1.12763625255165,4.48410400670492,2.80102999566398
50,1994,1.69134676413482,1.12763625255165,4.48410400670492,2.80102999566398
50,1995,1.69134676413482,1.12763625255165,4.48410400670492,2.80102999566398
50,1996,1.69134676413482,1.12763625255165,4.48410400670492,2.80102999566398
50,1997,1.69134676413482,1.5,4.48410400670492,2.80102999566398
50,1998,1.69134676413482,1.5,4.48410400670492,2.80102999566398
50,1999,1.69134676413482,1.5,4.48410400670492,2.80102999566398
50,2000,1.69134676413482,1.12763625255165,4.48410400670492,2.80102999566398
50,2001,1.69134676413482,1.12763625255165,4.48410400670492,2.80102999566398
50,2002,1.69134676413482,1.12763625255165,4.48410400670492,2.80102999566398
50,2003,1.69134676413482,1.12763625255165,4.48410400670492,2.80102999566398
50,2004,1.69134676413482,1.12763625255165,4.48410400670492,2.80102999566398
50,2005,1.69134676413482,1.12763625255165,4.48410400670492,2.80102999566398
50,2006,1.69134676413482,1.12763625255165,4.48410400670492,2.80102999566398
50,2007,1.69134676413482,1.12763625255165,4.48410400670492,2.80102999566398
50,2008,1.69134676413482,1.12763625255165,4.48410400670492,2.80102999566398
50,2009,1.69134676413482,1.12763625255165,4.48410400670492,2.80102999566398
50,2010,1.69134676413482,1.12763625255165,4.48410400670492,2.80102999566398
50,2011,1.69134676413482,1.12763625255165,4.48410400670492,2.80102999566398
50,2012,1.69134676413482,1.12763625255165,4.48410400670492,2.80102999566398
50,2013,1.69134676413482,1.12763625255165,4.48410400670492,2.80102999566398
50,2014,1.69134676413482,1.12763625255165,4.48410400670492,2.80102999566398
50,2015,1.69134676413482,1.12763625255165,4.48410400670492,2.80102999566398
50,2016,1.69134676413482,1.12763625255165,4.48410400670492,2.80102999566398
50,2017,1.69134676413482,1.12763625255165,4.48410400670492,2.80102999566398
51,1894,-0.193820026016113,NA,2.43136376415899,NA
51,1895,-0.193820026016113,NA,2.43136376415899,NA
51,1896,-0.193820026016113,NA,2.43136376415899,NA
51,1897,-0.193820026016113,NA,2.43136376415899,NA
51,1898,-0.193820026016113,NA,2.43136376415899,NA
51,1899,-0.193820026016113,NA,2.43136376415899,NA
51,1900,-0.193820026016113,NA,2.43136376415899,NA
51,1901,-0.193820026016113,NA,2.43136376415899,NA
51,1902,-0.193820026016113,NA,2.43136376415899,NA
51,1903,-0.193820026016113,NA,2.43136376415899,NA
51,1904,-0.193820026016113,NA,2.43136376415899,NA
51,1905,-0.193820026016113,NA,2.43136376415899,NA
51,1906,-0.193820026016113,NA,2.43136376415899,NA
51,1907,-0.193820026016113,NA,2.43136376415899,NA
51,1908,-0.193820026016113,NA,2.43136376415899,NA
51,1909,-0.193820026016113,NA,2.43136376415899,NA
51,1910,-0.193820026016113,NA,2.43136376415899,NA
51,1911,-0.193820026016113,NA,2.43136376415899,NA
51,1912,-0.193820026016113,NA,2.43136376415899,NA
51,1913,-0.193820026016113,NA,2.43136376415899,NA
51,1914,-0.193820026016113,NA,2.43136376415899,NA
51,1915,-0.193820026016113,NA,2.43136376415899,NA
51,1916,-0.193820026016113,NA,2.43136376415899,NA
51,1917,-0.193820026016113,NA,2.43136376415899,NA
51,1918,-0.193820026016113,NA,2.43136376415899,NA
51,1919,-0.193820026016113,NA,2.43136376415899,NA
51,1920,-0.193820026016113,NA,2.43136376415899,NA
51,1921,-0.193820026016113,NA,2.43136376415899,NA
51,1922,-0.193820026016113,NA,2.43136376415899,NA
51,1923,-0.193820026016113,NA,2.43136376415899,NA
51,1924,-0.193820026016113,NA,2.43136376415899,NA
51,1925,-0.193820026016113,NA,2.43136376415899,NA
51,1926,-0.193820026016113,NA,2.43136376415899,NA
51,1927,-0.193820026016113,NA,2.43136376415899,NA
51,1928,-0.193820026016113,NA,2.43136376415899,NA
51,1929,-0.193820026016113,NA,2.43136376415899,NA
51,1930,-0.193820026016113,NA,2.43136376415899,NA
51,1931,-0.193820026016113,NA,2.43136376415899,NA
51,1932,-0.193820026016113,NA,2.43136376415899,NA
51,1933,-0.193820026016113,NA,2.43136376415899,NA
51,1934,-0.193820026016113,NA,2.43136376415899,NA
51,1935,-0.193820026016113,NA,2.43136376415899,NA
51,1936,-0.193820026016113,NA,2.43136376415899,NA
51,1937,-0.193820026016113,NA,2.43136376415899,NA
51,1938,-0.193820026016113,NA,2.43136376415899,NA
51,1939,-0.193820026016113,NA,2.43136376415899,NA
51,1940,-0.193820026016113,NA,2.43136376415899,NA
51,1941,-0.193820026016113,NA,2.43136376415899,NA
51,1942,-0.193820026016113,NA,2.43136376415899,NA
51,1943,-0.193820026016113,NA,2.43136376415899,NA
51,1944,-0.193820026016113,NA,2.43136376415899,NA
51,1945,-0.193820026016113,NA,2.43136376415899,NA
51,1947,-0.193820026016113,NA,2.43136376415899,NA
51,1948,-0.193820026016113,NA,2.43136376415899,NA
51,1949,-0.193820026016113,NA,2.43136376415899,NA
51,1950,1.69134676413482,1.12763625255165,4.48410400670492,2.80102999566398
51,1951,1.69134676413482,1.12763625255165,4.48410400670492,2.80102999566398
51,1952,1.69134676413482,1.12763625255165,4.48410400670492,2.80102999566398
51,1953,1.69134676413482,1.12763625255165,4.48410400670492,2.80102999566398
51,1954,1.69134676413482,1.12763625255165,4.48410400670492,2.80102999566398
51,1955,1.69134676413482,1.12763625255165,4.48410400670492,2.80102999566398
51,1956,1.69134676413482,1.12763625255165,4.48410400670492,2.80102999566398
51,1957,1.69134676413482,1.12763625255165,4.48410400670492,2.80102999566398
51,1958,1.69134676413482,1.12763625255165,4.48410400670492,2.80102999566398
51,1959,1.69134676413482,1.12763625255165,4.48410400670492,2.80102999566398
51,1960,1.69134676413482,1.12763625255165,4.48410400670492,2.80102999566398
51,1961,1.69134676413482,1.12763625255165,4.48410400670492,2.80102999566398
51,1962,1.69134676413482,1.12763625255165,4.48410400670492,2.80102999566398
51,1963,1.69134676413482,1.12763625255165,4.48410400670492,2.80102999566398
51,1964,1.69134676413482,1.12763625255165,4.48410400670492,2.80102999566398
51,1965,1.69134676413482,1.12763625255165,4.48410400670492,2.80102999566398
51,1966,1.69134676413482,1.12763625255165,4.48410400670492,2.80102999566398
51,1967,1.69134676413482,1.12763625255165,4.48410400670492,2.80102999566398
51,1968,1.69134676413482,1.12763625255165,4.48410400670492,2.80102999566398
51,1969,1.69134676413482,1.12763625255165,4.48410400670492,2.80102999566398
51,1970,1.69134676413482,1.12763625255165,4.48410400670492,2.80102999566398
51,1971,1.69134676413482,1.12763625255165,4.48410400670492,2.80102999566398
51,1972,1.69134676413482,1.12763625255165,4.48410400670492,2.80102999566398
51,1973,1.69134676413482,1.12763625255165,4.48410400670492,2.80102999566398
51,1974,1.69134676413482,1.12763625255165,4.48410400670492,2.80102999566398
51,1975,1.69134676413482,1.12763625255165,4.48410400670492,2.80102999566398
51,1976,1.69134676413482,1.12763625255165,4.48410400670492,2.80102999566398
51,1977,1.69134676413482,1.12763625255165,4.48410400670492,2.80102999566398
51,1978,1.69134676413482,1.12763625255165,4.48410400670492,2.80102999566398
51,1979,1.69134676413482,1.12763625255165,4.48410400670492,2.80102999566398
51,1980,1.69134676413482,1.12763625255165,4.48410400670492,2.80102999566398
51,1981,1.69134676413482,1.12763625255165,4.48410400670492,2.80102999566398
51,1982,1.69134676413482,1.12763625255165,4.48410400670492,2.80102999566398
51,1983,1.69134676413482,1.12763625255165,4.48410400670492,2.80102999566398
51,1984,1.69134676413482,1.12763625255165,4.48410400670492,2.80102999566398
51,1985,1.69134676413482,1.12763625255165,4.48410400670492,2.80102999566398
51,1986,1.69134676413482,1.12763625255165,4.48410400670492,2.80102999566398
51,1987,1.69134676413482,1.12763625255165,4.48410400670492,2.80102999566398
51,1988,1.69134676413482,1.12763625255165,4.48410400670492,2.80102999566398
51,1989,1.69134676413482,1.12763625255165,4.48410400670492,2.80102999566398
51,1990,1.69134676413482,1.12763625255165,4.48410400670492,2.80102999566398
51,1991,1.69134676413482,1.12763625255165,4.48410400670492,2.80102999566398
51,1992,1.69134676413482,1.12763625255165,4.48410400670492,2.80102999566398
51,1993,1.69134676413482,1.12763625255165,4.48410400670492,2.80102999566398
51,1994,1.69134676413482,1.12763625255165,4.48410400670492,2.80102999566398
51,1995,1.69134676413482,1.5,4.48410400670492,2.80102999566398
51,1996,1.69134676413482,1.5,4.48410400670492,2.80102999566398
51,1997,1.69134676413482,1.12763625255165,4.48410400670492,2.80102999566398
51,1998,1.69134676413482,1.12763625255165,4.48410400670492,2.80102999566398
51,1999,1.69134676413482,1.12763625255165,4.48410400670492,2.80102999566398
51,2000,1.69134676413482,1.12763625255165,4.48410400670492,2.80102999566398
51,2001,1.69134676413482,1.12763625255165,4.48410400670492,2.80102999566398
51,2002,1.69134676413482,1.12763625255165,4.48410400670492,2.80102999566398
51,2003,1.69134676413482,1.12763625255165,4.48410400670492,2.80102999566398
51,2004,1.69134676413482,1.12763625255165,4.48410400670492,2.80102999566398
51,2005,1.69134676413482,1.12763625255165,4.48410400670492,2.80102999566398
51,2006,1.69134676413482,1.12763625255165,4.48410400670492,2.80102999566398
51,2007,1.69134676413482,1.12763625255165,4.48410400670492,2.80102999566398
51,2008,1.69134676413482,1.12763625255165,4.48410400670492,2.80102999566398
51,2009,1.69134676413482,1.12763625255165,4.48410400670492,2.80102999566398
51,2010,1.69134676413482,1.12763625255165,4.48410400670492,2.80102999566398
51,2011,1.69134676413482,1.12763625255165,4.48410400670492,2.80102999566398
51,2012,1.69134676413482,1.12763625255165,4.48410400670492,2.80102999566398
51,2013,1.69134676413482,1.12763625255165,4.48410400670492,2.80102999566398
51,2014,1.69134676413482,1.12763625255165,4.48410400670492,2.80102999566398
51,2015,1.69134676413482,1.12763625255165,4.48410400670492,2.80102999566398
51,2016,1.69134676413482,1.12763625255165,4.48410400670492,2.80102999566398
51,2017,1.69134676413482,1.12763625255165,4.48410400670492,2.80102999566398
52,1894,-0.193820026016113,NA,2.43136376415899,NA
52,1895,-0.193820026016113,NA,2.43136376415899,NA
52,1896,-0.193820026016113,NA,2.43136376415899,NA
52,1897,-0.193820026016113,NA,2.43136376415899,NA
52,1898,-0.193820026016113,NA,2.43136376415899,NA
52,1899,-0.193820026016113,NA,2.43136376415899,NA
52,1900,-0.193820026016113,NA,2.43136376415899,NA
52,1901,-0.193820026016113,NA,2.43136376415899,NA
52,1902,-0.193820026016113,NA,2.43136376415899,NA
52,1903,-0.193820026016113,NA,2.43136376415899,NA
52,1904,-0.193820026016113,NA,2.43136376415899,NA
52,1905,-0.193820026016113,NA,2.43136376415899,NA
52,1906,-0.193820026016113,NA,2.43136376415899,NA
52,1907,-0.193820026016113,NA,2.43136376415899,NA
52,1908,-0.193820026016113,NA,2.43136376415899,NA
52,1909,-0.193820026016113,NA,2.43136376415899,NA
52,1910,-0.193820026016113,NA,2.43136376415899,NA
52,1911,-0.193820026016113,NA,2.43136376415899,NA
52,1912,-0.193820026016113,NA,2.43136376415899,NA
52,1913,-0.193820026016113,NA,2.43136376415899,NA
52,1914,-0.193820026016113,NA,2.43136376415899,NA
52,1915,-0.193820026016113,NA,2.43136376415899,NA
52,1916,-0.193820026016113,NA,2.43136376415899,NA
52,1917,-0.193820026016113,NA,2.43136376415899,NA
52,1918,-0.193820026016113,NA,2.43136376415899,NA
52,1919,-0.193820026016113,NA,2.43136376415899,NA
52,1920,-0.193820026016113,NA,2.43136376415899,NA
52,1921,-0.193820026016113,NA,2.43136376415899,NA
52,1922,-0.193820026016113,NA,2.43136376415899,NA
52,1923,-0.193820026016113,NA,2.43136376415899,NA
52,1924,-0.193820026016113,NA,2.43136376415899,NA
52,1925,-0.193820026016113,NA,2.43136376415899,NA
52,1926,-0.193820026016113,NA,2.43136376415899,NA
52,1927,-0.193820026016113,NA,2.43136376415899,NA
52,1928,-0.193820026016113,NA,2.43136376415899,NA
52,1929,-0.193820026016113,NA,2.43136376415899,NA
52,1930,-0.193820026016113,NA,2.43136376415899,NA
52,1931,-0.193820026016113,NA,2.43136376415899,NA
52,1932,-0.193820026016113,NA,2.43136376415899,NA
52,1933,-0.193820026016113,NA,2.43136376415899,NA
52,1934,-0.193820026016113,NA,2.43136376415899,NA
52,1935,-0.193820026016113,NA,2.43136376415899,NA
52,1936,-0.193820026016113,NA,2.43136376415899,NA
52,1937,-0.193820026016113,NA,2.43136376415899,NA
52,1938,-0.193820026016113,NA,2.43136376415899,NA
52,1939,-0.193820026016113,NA,2.43136376415899,NA
52,1940,-0.193820026016113,NA,2.43136376415899,NA
52,1941,-0.193820026016113,NA,2.43136376415899,NA
52,1942,-0.193820026016113,NA,2.43136376415899,NA
52,1943,-0.193820026016113,NA,2.43136376415899,NA
52,1944,-0.193820026016113,NA,2.43136376415899,NA
52,1945,-0.193820026016113,NA,2.43136376415899,NA
52,1947,-0.193820026016113,NA,2.43136376415899,NA
52,1948,-0.193820026016113,NA,2.43136376415899,NA
52,1949,-0.193820026016113,NA,2.43136376415899,NA
52,1950,1.69134676413482,1.12763625255165,4.48410400670492,2.80102999566398
52,1951,1.69134676413482,1.12763625255165,4.48410400670492,2.80102999566398
52,1952,1.69134676413482,1.12763625255165,4.48410400670492,2.80102999566398
52,1953,1.69134676413482,1.12763625255165,4.48410400670492,2.80102999566398
52,1954,1.69134676413482,1.12763625255165,4.48410400670492,2.80102999566398
52,1955,1.69134676413482,1.12763625255165,4.48410400670492,2.80102999566398
52,1956,1.69134676413482,1.12763625255165,4.48410400670492,2.80102999566398
52,1957,1.69134676413482,1.12763625255165,4.48410400670492,2.80102999566398
52,1958,1.69134676413482,1.12763625255165,4.48410400670492,2.80102999566398
52,1959,1.69134676413482,1.12763625255165,4.48410400670492,2.80102999566398
52,1960,1.69134676413482,1.12763625255165,4.48410400670492,2.80102999566398
52,1961,1.69134676413482,1.12763625255165,4.48410400670492,2.80102999566398
52,1962,1.69134676413482,1.12763625255165,4.48410400670492,2.80102999566398
52,1963,1.69134676413482,1.12763625255165,4.48410400670492,2.80102999566398
52,1964,1.69134676413482,1.12763625255165,4.48410400670492,2.80102999566398
52,1965,1.69134676413482,1.12763625255165,4.48410400670492,2.80102999566398
52,1966,1.69134676413482,1.12763625255165,4.48410400670492,2.80102999566398
52,1967,1.69134676413482,1.12763625255165,4.48410400670492,2.80102999566398
52,1968,1.69134676413482,1.12763625255165,4.48410400670492,2.80102999566398
52,1969,1.69134676413482,1.12763625255165,4.48410400670492,2.80102999566398
52,1970,1.69134676413482,1.12763625255165,4.48410400670492,2.80102999566398
52,1971,1.69134676413482,1.12763625255165,4.48410400670492,2.80102999566398
52,1972,1.69134676413482,1.12763625255165,4.48410400670492,2.80102999566398
52,1973,1.69134676413482,1.12763625255165,4.48410400670492,2.80102999566398
52,1974,1.69134676413482,1.12763625255165,4.48410400670492,2.80102999566398
52,1975,1.69134676413482,1.12763625255165,4.48410400670492,2.80102999566398
52,1976,1.69134676413482,1.12763625255165,4.48410400670492,2.80102999566398
52,1977,1.69134676413482,1.12763625255165,4.48410400670492,2.80102999566398
52,1978,1.69134676413482,1.12763625255165,4.48410400670492,2.80102999566398
52,1979,1.69134676413482,1.12763625255165,4.48410400670492,2.80102999566398
52,1980,1.69134676413482,1.12763625255165,4.48410400670492,2.80102999566398
52,1981,1.69134676413482,1.12763625255165,4.48410400670492,2.80102999566398
52,1982,1.69134676413482,1.12763625255165,4.48410400670492,2.80102999566398
52,1983,1.69134676413482,1.12763625255165,4.48410400670492,2.80102999566398
52,1984,1.69134676413482,1.12763625255165,4.48410400670492,2.80102999566398
52,1985,1.69134676413482,1.12763625255165,4.48410400670492,2.80102999566398
52,1986,1.69134676413482,1.12763625255165,4.48410400670492,2.80102999566398
52,1987,1.69134676413482,1.12763625255165,4.48410400670492,2.80102999566398
52,1988,1.69134676413482,1.12763625255165,4.48410400670492,2.80102999566398
52,1989,1.69134676413482,1.12763625255165,4.48410400670492,2.80102999566398
52,1990,1.69134676413482,1.12763625255165,4.48410400670492,2.80102999566398
52,1991,1.69134676413482,1.12763625255165,4.48410400670492,2.80102999566398
52,1992,1.69134676413482,1.12763625255165,4.48410400670492,2.80102999566398
52,1993,1.69134676413482,1.5,4.48410400670492,2.80102999566398
52,1994,1.69134676413482,1.5,4.48410400670492,2.80102999566398
52,1995,1.69134676413482,1.5,4.48410400670492,2.80102999566398
52,1996,1.69134676413482,1.5,4.48410400670492,2.80102999566398
52,1997,1.69134676413482,1.5,4.48410400670492,2.80102999566398
52,1998,1.69134676413482,1.5,4.48410400670492,2.80102999566398
52,1999,1.69134676413482,1.5,4.48410400670492,2.80102999566398
52,2000,1.69134676413482,1.12763625255165,4.48410400670492,2.80102999566398
52,2001,1.69134676413482,1.12763625255165,4.48410400670492,2.80102999566398
52,2002,1.69134676413482,1.12763625255165,4.48410400670492,2.80102999566398
52,2003,1.69134676413482,1.12763625255165,4.48410400670492,2.80102999566398
52,2004,1.69134676413482,1.12763625255165,4.48410400670492,2.80102999566398
52,2005,1.69134676413482,1.12763625255165,4.48410400670492,2.80102999566398
52,2006,1.69134676413482,1.12763625255165,4.48410400670492,2.80102999566398
52,2007,1.69134676413482,1.12763625255165,4.48410400670492,2.80102999566398
52,2008,1.69134676413482,1.12763625255165,4.48410400670492,2.80102999566398
52,2009,1.69134676413482,1.12763625255165,4.48410400670492,2.80102999566398
52,2010,1.69134676413482,1.12763625255165,4.48410400670492,2.80102999566398
52,2011,1.69134676413482,1.12763625255165,4.48410400670492,2.80102999566398
52,2012,1.69134676413482,1.12763625255165,4.48410400670492,2.80102999566398
52,2013,1.69134676413482,1.12763625255165,4.48410400670492,2.80102999566398
52,2014,1.69134676413482,1.12763625255165,4.48410400670492,2.80102999566398
52,2015,1.69134676413482,1.12763625255165,4.48410400670492,2.80102999566398
52,2016,1.69134676413482,1.12763625255165,4.48410400670492,2.80102999566398
52,2017,1.69134676413482,1.12763625255165,4.48410400670492,2.80102999566398
53,1950,1.69134676413482,1.12763625255165,4.48410400670492,2.80102999566398
53,1951,1.69134676413482,1.12763625255165,4.48410400670492,2.80102999566398
53,1952,1.69134676413482,1.12763625255165,4.48410400670492,2.80102999566398
53,1953,1.69134676413482,1.12763625255165,4.48410400670492,2.80102999566398
53,1954,1.69134676413482,1.12763625255165,4.48410400670492,2.80102999566398
53,1955,1.69134676413482,1.12763625255165,4.48410400670492,2.80102999566398
53,1956,1.69134676413482,1.12763625255165,4.48410400670492,2.80102999566398
53,1957,1.69134676413482,1.12763625255165,4.48410400670492,2.80102999566398
53,1958,1.69134676413482,1.12763625255165,4.48410400670492,2.80102999566398
53,1959,1.69134676413482,1.12763625255165,4.48410400670492,2.80102999566398
53,1960,1.69134676413482,1.12763625255165,4.48410400670492,2.80102999566398
53,1961,1.69134676413482,1.12763625255165,4.48410400670492,2.80102999566398
53,1962,1.69134676413482,1.12763625255165,4.48410400670492,2.80102999566398
53,1963,1.69134676413482,1.12763625255165,4.48410400670492,2.80102999566398
53,1964,1.69134676413482,1.12763625255165,4.48410400670492,2.80102999566398
53,1965,1.69134676413482,1.12763625255165,4.48410400670492,2.80102999566398
53,1966,1.69134676413482,1.12763625255165,4.48410400670492,2.80102999566398
53,1967,1.69134676413482,1.12763625255165,4.48410400670492,2.80102999566398
53,1968,1.69134676413482,1.12763625255165,4.48410400670492,2.80102999566398
53,1969,1.69134676413482,1.12763625255165,4.48410400670492,2.80102999566398
53,1970,1.69134676413482,1.12763625255165,4.48410400670492,2.80102999566398
53,1971,1.69134676413482,1.12763625255165,4.48410400670492,2.80102999566398
53,1972,1.69134676413482,1.12763625255165,4.48410400670492,2.80102999566398
53,1973,1.69134676413482,1.12763625255165,4.48410400670492,2.80102999566398
53,1974,1.69134676413482,1.12763625255165,4.48410400670492,2.80102999566398
53,1975,1.69134676413482,1.12763625255165,4.48410400670492,2.80102999566398
53,1976,1.69134676413482,1.12763625255165,4.48410400670492,2.80102999566398
53,1977,1.69134676413482,1.12763625255165,4.48410400670492,2.80102999566398
53,1978,1.69134676413482,1.12763625255165,4.48410400670492,2.80102999566398
53,1979,1.69134676413482,1.12763625255165,4.48410400670492,2.80102999566398
53,1980,1.69134676413482,1.12763625255165,4.48410400670492,2.80102999566398
53,1981,1.69134676413482,1.12763625255165,4.48410400670492,2.80102999566398
53,1982,1.69134676413482,1.12763625255165,4.48410400670492,2.80102999566398
53,1983,1.69134676413482,1.12763625255165,4.48410400670492,2.80102999566398
53,1984,1.69134676413482,1.12763625255165,4.48410400670492,2.80102999566398
53,1985,1.69134676413482,1.12763625255165,4.48410400670492,2.80102999566398
53,1986,1.69134676413482,1.12763625255165,4.48410400670492,2.80102999566398
53,1987,1.69134676413482,1.12763625255165,4.48410400670492,2.80102999566398
53,1988,1.69134676413482,1.12763625255165,4.48410400670492,2.80102999566398
53,1989,1.69134676413482,1.12763625255165,4.48410400670492,2.80102999566398
53,1990,1.69134676413482,1.12763625255165,4.48410400670492,2.80102999566398
53,1991,1.69134676413482,1.12763625255165,4.48410400670492,2.80102999566398
53,1992,1.69134676413482,1.12763625255165,4.48410400670492,2.80102999566398
53,1993,1.69134676413482,1.5,4.48410400670492,2.80102999566398
53,1994,1.69134676413482,1.5,4.48410400670492,2.80102999566398
53,1995,1.69134676413482,1.5,4.48410400670492,2.80102999566398
53,1996,1.69134676413482,1.5,4.48410400670492,2.80102999566398
53,1997,1.69134676413482,1.5,4.48410400670492,2.80102999566398
53,1998,1.69134676413482,1.5,4.48410400670492,2.80102999566398
53,1999,1.69134676413482,1.12763625255165,4.48410400670492,2.80102999566398
53,2000,1.69134676413482,1.12763625255165,4.48410400670492,2.80102999566398
53,2001,1.69134676413482,1.12763625255165,4.48410400670492,2.80102999566398
53,2002,1.69134676413482,1.12763625255165,4.48410400670492,2.80102999566398
53,2003,1.69134676413482,1.12763625255165,4.48410400670492,2.80102999566398
53,2004,1.69134676413482,1.12763625255165,4.48410400670492,2.80102999566398
53,2005,1.69134676413482,1.12763625255165,4.48410400670492,2.80102999566398
53,2006,1.69134676413482,1.12763625255165,4.48410400670492,2.80102999566398
53,2007,1.69134676413482,1.12763625255165,4.48410400670492,2.80102999566398
53,2008,1.69134676413482,1.12763625255165,4.48410400670492,2.80102999566398
53,2009,1.69134676413482,1.12763625255165,4.48410400670492,2.80102999566398
53,2010,1.69134676413482,1.12763625255165,4.48410400670492,2.80102999566398
53,2011,1.69134676413482,1.12763625255165,4.48410400670492,2.80102999566398
53,2012,1.69134676413482,1.12763625255165,4.48410400670492,2.80102999566398
53,2013,1.69134676413482,1.12763625255165,4.48410400670492,2.80102999566398
53,2014,1.69134676413482,1.12763625255165,4.48410400670492,2.80102999566398
53,2015,1.69134676413482,1.12763625255165,4.48410400670492,2.80102999566398
53,2016,1.69134676413482,1.12763625255165,4.48410400670492,2.80102999566398
53,2017,1.69134676413482,1.12763625255165,4.48410400670492,2.80102999566398
54,1950,1.69134676413482,1.12763625255165,4.48410400670492,2.80102999566398
54,1951,1.69134676413482,1.12763625255165,4.48410400670492,2.80102999566398
54,1952,1.69134676413482,1.12763625255165,4.48410400670492,2.80102999566398
54,1953,1.69134676413482,1.12763625255165,4.48410400670492,2.80102999566398
54,1954,1.69134676413482,1.12763625255165,4.48410400670492,2.80102999566398
54,1955,1.69134676413482,1.12763625255165,4.48410400670492,2.80102999566398
54,1956,1.69134676413482,1.12763625255165,4.48410400670492,2.80102999566398
54,1957,1.69134676413482,1.12763625255165,4.48410400670492,2.80102999566398
54,1958,1.69134676413482,1.12763625255165,4.48410400670492,2.80102999566398
54,1959,1.69134676413482,1.12763625255165,4.48410400670492,2.80102999566398
54,1960,1.69134676413482,1.12763625255165,4.48410400670492,2.80102999566398
54,1961,1.69134676413482,1.12763625255165,4.48410400670492,2.80102999566398
54,1962,1.69134676413482,1.12763625255165,4.48410400670492,2.80102999566398
54,1963,1.69134676413482,1.12763625255165,4.48410400670492,2.80102999566398
54,1964,1.69134676413482,1.12763625255165,4.48410400670492,2.80102999566398
54,1965,1.69134676413482,1.12763625255165,4.48410400670492,2.80102999566398
54,1966,1.69134676413482,1.12763625255165,4.48410400670492,2.80102999566398
54,1967,1.69134676413482,1.12763625255165,4.48410400670492,2.80102999566398
54,1968,1.69134676413482,1.12763625255165,4.48410400670492,2.80102999566398
54,1969,1.69134676413482,1.12763625255165,4.48410400670492,2.80102999566398
54,1970,1.69134676413482,1.12763625255165,4.48410400670492,2.80102999566398
54,1971,1.69134676413482,1.12763625255165,4.48410400670492,2.80102999566398
54,1972,1.69134676413482,1.12763625255165,4.48410400670492,2.80102999566398
54,1973,1.69134676413482,1.12763625255165,4.48410400670492,2.80102999566398
54,1974,1.69134676413482,1.12763625255165,4.48410400670492,2.80102999566398
54,1975,1.69134676413482,1.12763625255165,4.48410400670492,2.80102999566398
54,1976,1.69134676413482,1.12763625255165,4.48410400670492,2.80102999566398
54,1977,1.69134676413482,1.12763625255165,4.48410400670492,2.80102999566398
54,1978,1.69134676413482,1.12763625255165,4.48410400670492,2.80102999566398
54,1979,1.69134676413482,1.12763625255165,4.48410400670492,2.80102999566398
54,1980,1.69134676413482,1.12763625255165,4.48410400670492,2.80102999566398
54,1981,1.69134676413482,1.12763625255165,4.48410400670492,2.80102999566398
54,1982,1.69134676413482,1.12763625255165,4.48410400670492,2.80102999566398
54,1983,1.69134676413482,1.12763625255165,4.48410400670492,2.80102999566398
54,1984,1.69134676413482,1.12763625255165,4.48410400670492,2.80102999566398
54,1985,1.69134676413482,1.12763625255165,4.48410400670492,2.80102999566398
54,1986,1.69134676413482,1.12763625255165,4.48410400670492,2.80102999566398
54,1987,1.69134676413482,1.12763625255165,4.48410400670492,2.80102999566398
54,1988,1.69134676413482,1.12763625255165,4.48410400670492,2.80102999566398
54,1989,1.69134676413482,1.12763625255165,4.48410400670492,2.80102999566398
54,1990,1.69134676413482,1.12763625255165,4.48410400670492,2.80102999566398
54,1991,1.69134676413482,1.12763625255165,4.48410400670492,2.80102999566398
54,1992,1.69134676413482,1.12763625255165,4.48410400670492,2.80102999566398
54,1993,1.69134676413482,1.12763625255165,4.48410400670492,2.80102999566398
54,1994,1.69134676413482,1.12763625255165,4.48410400670492,2.80102999566398
54,1995,1.69134676413482,1.12763625255165,4.48410400670492,2.80102999566398
54,1996,1.69134676413482,1.12763625255165,4.48410400670492,2.80102999566398
54,1997,1.69134676413482,1.12763625255165,4.48410400670492,2.80102999566398
54,1998,1.69134676413482,1.12763625255165,4.48410400670492,2.80102999566398
54,1999,1.69134676413482,1.12763625255165,4.48410400670492,2.80102999566398
54,2000,1.69134676413482,1.12763625255165,4.48410400670492,2.80102999566398
54,2001,1.69134676413482,1.12763625255165,4.48410400670492,2.80102999566398
54,2002,1.69134676413482,1.12763625255165,4.48410400670492,2.80102999566398
54,2003,1.69134676413482,1.12763625255165,4.48410400670492,2.80102999566398
54,2004,1.69134676413482,1.12763625255165,4.48410400670492,2.80102999566398
54,2005,1.69134676413482,1.12763625255165,4.48410400670492,2.80102999566398
54,2006,1.69134676413482,1.12763625255165,4.48410400670492,2.80102999566398
54,2007,1.69134676413482,1.12763625255165,4.48410400670492,2.80102999566398
54,2008,1.69134676413482,1.12763625255165,4.48410400670492,2.80102999566398
54,2009,1.69134676413482,1.12763625255165,4.48410400670492,2.80102999566398
54,2010,1.69134676413482,1.12763625255165,4.48410400670492,2.80102999566398
54,2011,1.69134676413482,1.12763625255165,4.48410400670492,2.80102999566398
54,2012,1.69134676413482,1.12763625255165,4.48410400670492,2.80102999566398
54,2013,1.69134676413482,1.12763625255165,4.48410400670492,2.80102999566398
54,2014,1.69134676413482,1.12763625255165,4.48410400670492,2.80102999566398
54,2015,1.69134676413482,1.12763625255165,4.48410400670492,2.80102999566398
54,2016,1.69134676413482,1.12763625255165,4.48410400670492,2.80102999566398
54,2017,1.69134676413482,1.12763625255165,4.48410400670492,2.80102999566398
55,1950,1.69134676413482,0.301029995663981,4.48410400670492,2.69897000433602
55,1951,1.69134676413482,NA,4.48410400670492,NA
55,1952,1.69134676413482,NA,4.48410400670492,NA
55,1953,1.69134676413482,NA,4.48410400670492,NA
55,1954,1.69134676413482,0.477121254719662,4.48410400670492,1.77815125038364
55,1955,3.33445375115093,NA,4.48410400670492,NA
55,1956,3.33445375115093,0.301029995663981,4.48410400670492,2.69897000433602
55,1957,1.69134676413482,1.12763625255165,4.48410400670492,1.5
55,1958,3.33445375115093,NA,4.48410400670492,NA
55,1959,3.33445375115093,0.477121254719662,4.48410400670492,1.77815125038364
55,1960,1.69134676413482,0.301029995663981,4.48410400670492,2.69897000433602
55,1961,3.33445375115093,0.477121254719662,4.48410400670492,1.77815125038364
55,1962,3.33445375115093,NA,4.48410400670492,NA
55,1963,3.33445375115093,NA,4.48410400670492,NA
55,1964,3.33445375115093,0.301029995663981,4.48410400670492,2.69897000433602
55,1965,3.01629357380715,0.301029995663981,4.48410400670492,2.69897000433602
55,1966,1.69134676413482,0.301029995663981,4.48410400670492,2.69897000433602
55,1967,1.69134676413482,0.301029995663981,4.48410400670492,2.69897000433602
55,1968,1.69134676413482,0.301029995663981,4.48410400670492,2.69897000433602
55,1969,1.69134676413482,0.301029995663981,4.48410400670492,2.69897000433602
55,1970,1.69134676413482,NA,4.48410400670492,NA
55,1971,1.69134676413482,0.301029995663981,4.48410400670492,2.69897000433602
55,1972,1.69134676413482,NA,4.48410400670492,NA
55,1973,1.69134676413482,NA,4.48410400670492,NA
55,1974,1.69134676413482,NA,4.48410400670492,NA
55,1975,1.69134676413482,2,4.48410400670492,3.60205999132796
55,1976,1.69134676413482,2,4.48410400670492,3.60205999132796
55,1977,1.69134676413482,NA,4.48410400670492,NA
55,1978,3.01629357380715,NA,4.48410400670492,NA
55,1979,1.69134676413482,NA,4.48410400670492,NA
55,1980,2.53959062302381,2,4.48410400670492,3.60205999132796
55,1981,3.01629357380715,2,4.48410400670492,3.60205999132796
55,1982,3.01629357380715,2,4.48410400670492,3.60205999132796
55,1983,3.01629357380715,2,4.48410400670492,3.60205999132796
55,1984,3.01629357380715,2,4.48410400670492,3.60205999132796
55,1985,1.69134676413482,NA,4.48410400670492,NA
55,1986,3.01629357380715,NA,4.48410400670492,NA
55,1987,3.01629357380715,NA,4.48410400670492,NA
55,1988,3.01629357380715,2,4.48410400670492,3.60205999132796
55,1989,3.01629357380715,2,4.48410400670492,3.60205999132796
55,1990,1.69134676413482,2,4.48410400670492,3.60205999132796
55,1991,1.69134676413482,2,4.48410400670492,3.60205999132796
55,1992,1.69134676413482,2,4.48410400670492,3.60205999132796
55,1993,1.69134676413482,1.5,4.48410400670492,2.80102999566398
55,1994,1.69134676413482,2,4.48410400670492,3.60205999132796
55,1995,3.33445375115093,0.301029995663981,4.48410400670492,2.69897000433602
55,1996,1.69134676413482,1.5,4.48410400670492,2.80102999566398
55,1997,1.69134676413482,1.5,4.48410400670492,2.80102999566398
55,1998,1.69134676413482,2,4.48410400670492,3.60205999132796
55,1999,1.69134676413482,2,4.48410400670492,3.60205999132796
55,2000,3.33445375115093,1.5,4.48410400670492,2.80102999566398
55,2001,3.01629357380715,1.5,4.48410400670492,2.80102999566398
55,2002,3.01629357380715,1.5,4.48410400670492,2.80102999566398
55,2003,3.01629357380715,1.5,4.48410400670492,2.80102999566398
55,2004,3.01629357380715,1.5,4.48410400670492,2.80102999566398
55,2005,1.69134676413482,2,4.48410400670492,3.60205999132796
55,2006,3.01629357380715,2,4.48410400670492,3.60205999132796
55,2007,1.69134676413482,1.5,4.48410400670492,2.80102999566398
55,2008,3.01629357380715,2,4.48410400670492,3.60205999132796
55,2009,1.69134676413482,1.5,4.48410400670492,2.80102999566398
55,2010,1.69134676413482,1.5,4.48410400670492,2.80102999566398
55,2011,1.69134676413482,1.5,4.48410400670492,2.80102999566398
55,2012,1.69134676413482,1.5,4.48410400670492,2.80102999566398
55,2013,1.69134676413482,1.5,4.48410400670492,2.80102999566398
55,2014,1.69134676413482,1.5,4.48410400670492,2.80102999566398
55,2015,3.33445375115093,2,4.48410400670492,3.60205999132796
55,2016,3.33445375115093,NA,4.48410400670492,NA
55,2017,1.69134676413482,NA,4.48410400670492,NA
56,1950,1.69134676413482,1.12763625255165,4.48410400670492,2.80102999566398
56,1951,1.69134676413482,1.12763625255165,4.48410400670492,2.80102999566398
56,1952,1.69134676413482,1.12763625255165,4.48410400670492,2.80102999566398
56,1953,1.69134676413482,1.12763625255165,4.48410400670492,2.80102999566398
56,1954,1.69134676413482,1.12763625255165,4.48410400670492,2.80102999566398
56,1955,1.69134676413482,1.12763625255165,4.48410400670492,2.80102999566398
56,1956,1.69134676413482,1.12763625255165,4.48410400670492,2.80102999566398
56,1957,1.69134676413482,1.12763625255165,4.48410400670492,2.80102999566398
56,1958,1.69134676413482,1.12763625255165,4.48410400670492,2.80102999566398
56,1959,1.69134676413482,1.12763625255165,4.48410400670492,2.80102999566398
56,1960,1.69134676413482,1.12763625255165,4.48410400670492,2.80102999566398
56,1961,1.69134676413482,1.12763625255165,4.48410400670492,2.80102999566398
56,1962,1.69134676413482,1.12763625255165,4.48410400670492,2.80102999566398
56,1963,1.69134676413482,1.12763625255165,4.48410400670492,2.80102999566398
56,1964,1.69134676413482,1.12763625255165,4.48410400670492,2.80102999566398
56,1965,1.69134676413482,1.12763625255165,4.48410400670492,2.80102999566398
56,1966,1.69134676413482,1.12763625255165,4.48410400670492,2.80102999566398
56,1967,1.69134676413482,1.12763625255165,4.48410400670492,2.80102999566398
56,1968,1.69134676413482,1.12763625255165,4.48410400670492,2.80102999566398
56,1969,1.69134676413482,1.12763625255165,4.48410400670492,2.80102999566398
56,1970,1.69134676413482,1.12763625255165,4.48410400670492,2.80102999566398
56,1971,1.69134676413482,1.12763625255165,4.48410400670492,2.80102999566398
56,1972,1.69134676413482,1.12763625255165,4.48410400670492,2.80102999566398
56,1973,1.69134676413482,1.12763625255165,4.48410400670492,2.80102999566398
56,1974,1.69134676413482,1.12763625255165,4.48410400670492,2.80102999566398
56,1975,1.69134676413482,1.12763625255165,4.48410400670492,2.80102999566398
56,1976,1.69134676413482,1.12763625255165,4.48410400670492,2.80102999566398
56,1977,1.69134676413482,1.12763625255165,4.48410400670492,2.80102999566398
56,1978,1.69134676413482,1.12763625255165,4.48410400670492,2.80102999566398
56,1979,1.69134676413482,1.12763625255165,4.48410400670492,2.80102999566398
56,1980,1.69134676413482,1.12763625255165,4.48410400670492,2.80102999566398
56,1981,1.69134676413482,1.12763625255165,4.48410400670492,2.80102999566398
56,1982,1.69134676413482,1.12763625255165,4.48410400670492,2.80102999566398
56,1983,1.69134676413482,1.12763625255165,4.48410400670492,2.80102999566398
56,1984,1.69134676413482,1.12763625255165,4.48410400670492,2.80102999566398
56,1985,1.69134676413482,1.12763625255165,4.48410400670492,2.80102999566398
56,1986,1.69134676413482,1.12763625255165,4.48410400670492,2.80102999566398
56,1987,1.69134676413482,1.12763625255165,4.48410400670492,2.80102999566398
56,1988,1.69134676413482,1.12763625255165,4.48410400670492,2.80102999566398
56,1989,1.69134676413482,1.12763625255165,4.48410400670492,2.80102999566398
56,1990,1.69134676413482,1.12763625255165,4.48410400670492,2.80102999566398
56,1991,1.69134676413482,1.12763625255165,4.48410400670492,2.80102999566398
56,1992,1.69134676413482,1.12763625255165,4.48410400670492,2.80102999566398
56,1993,1.69134676413482,1.12763625255165,4.48410400670492,2.80102999566398
56,1994,1.69134676413482,1.12763625255165,4.48410400670492,2.80102999566398
56,1995,1.69134676413482,1.12763625255165,4.48410400670492,2.80102999566398
56,1996,1.69134676413482,1.12763625255165,4.48410400670492,2.80102999566398
56,1997,1.69134676413482,1.12763625255165,4.48410400670492,2.80102999566398
56,1998,1.69134676413482,1.12763625255165,4.48410400670492,2.80102999566398
56,1999,1.69134676413482,1.12763625255165,4.48410400670492,2.80102999566398
56,2000,1.69134676413482,1.12763625255165,4.48410400670492,2.80102999566398
56,2001,0.150514997831991,1.12763625255165,4.48410400670492,2.80102999566398
56,2002,1.69134676413482,1.12763625255165,4.48410400670492,2.80102999566398
56,2003,1.69134676413482,1.12763625255165,4.48410400670492,2.80102999566398
56,2004,0.150514997831991,1.12763625255165,4.48410400670492,2.80102999566398
56,2005,1.69134676413482,1.12763625255165,4.48410400670492,2.80102999566398
56,2006,1.69134676413482,1.12763625255165,4.48410400670492,2.80102999566398
56,2007,1.69134676413482,1.12763625255165,4.48410400670492,2.80102999566398
56,2008,1.69134676413482,1.12763625255165,4.48410400670492,2.80102999566398
56,2009,1.69134676413482,1.12763625255165,4.48410400670492,2.80102999566398
56,2010,1.69134676413482,1.12763625255165,4.48410400670492,2.80102999566398
56,2011,0.150514997831991,1.12763625255165,4.48410400670492,2.80102999566398
56,2012,2.53959062302381,1.12763625255165,4.48410400670492,2.80102999566398
56,2013,1.69134676413482,1.12763625255165,4.48410400670492,2.80102999566398
56,2014,1.69134676413482,1.12763625255165,4.48410400670492,2.80102999566398
56,2015,1.69134676413482,1.12763625255165,4.48410400670492,2.80102999566398
56,2016,1.69134676413482,1.12763625255165,4.48410400670492,2.80102999566398
56,2017,1.69134676413482,1.12763625255165,4.48410400670492,2.80102999566398
57,1950,1.69134676413482,0.477121254719662,4.48410400670492,1.77815125038364
57,1951,1.69134676413482,0.477121254719662,4.48410400670492,1.77815125038364
57,1952,1.69134676413482,0.477121254719662,4.48410400670492,1.77815125038364
57,1953,1.69134676413482,0.477121254719662,4.48410400670492,1.77815125038364
57,1954,1.69134676413482,0.477121254719662,4.48410400670492,1.77815125038364
57,1955,1.69134676413482,0.477121254719662,4.48410400670492,1.77815125038364
57,1956,1.69134676413482,NA,4.48410400670492,NA
57,1957,1.69134676413482,NA,4.48410400670492,NA
57,1958,1.69134676413482,0.477121254719662,4.48410400670492,1.77815125038364
57,1959,1.69134676413482,NA,4.48410400670492,NA
57,1960,1.69134676413482,0.477121254719662,4.48410400670492,1.77815125038364
57,1961,1.69134676413482,0.477121254719662,4.48410400670492,1.77815125038364
57,1962,1.69134676413482,0.477121254719662,4.48410400670492,1.77815125038364
57,1963,1.69134676413482,0.477121254719662,4.48410400670492,1.77815125038364
57,1964,1.69134676413482,0.477121254719662,4.48410400670492,1.77815125038364
57,1965,1.69134676413482,NA,4.48410400670492,NA
57,1966,1.69134676413482,NA,4.48410400670492,NA
57,1967,1.69134676413482,NA,4.48410400670492,NA
57,1968,1.69134676413482,NA,4.48410400670492,NA
57,1969,1.69134676413482,0.477121254719662,4.48410400670492,1.77815125038364
57,1970,1.69134676413482,0.477121254719662,4.48410400670492,1.77815125038364
57,1971,1.69134676413482,NA,4.48410400670492,NA
57,1972,1.69134676413482,NA,4.48410400670492,NA
57,1973,1.69134676413482,0.477121254719662,4.48410400670492,1.77815125038364
57,1974,1.69134676413482,0.477121254719662,4.48410400670492,1.77815125038364
57,1975,1.69134676413482,0.477121254719662,4.48410400670492,1.77815125038364
57,1976,1.69134676413482,NA,4.48410400670492,NA
57,1977,1.69134676413482,NA,4.48410400670492,NA
57,1978,1.69134676413482,NA,4.48410400670492,NA
57,1979,1.69134676413482,NA,4.48410400670492,NA
57,1980,1.69134676413482,0.477121254719662,4.48410400670492,1.77815125038364
57,1981,1.69134676413482,0.477121254719662,4.48410400670492,1.77815125038364
57,1982,1.69134676413482,NA,4.48410400670492,NA
57,1983,1.69134676413482,0.477121254719662,4.48410400670492,1.77815125038364
57,1984,1.69134676413482,NA,4.48410400670492,NA
57,1985,1.69134676413482,0.477121254719662,4.48410400670492,1.77815125038364
57,1986,1.69134676413482,0.477121254719662,4.48410400670492,1.77815125038364
57,1987,1.69134676413482,NA,4.48410400670492,NA
57,1988,1.69134676413482,NA,4.48410400670492,NA
57,1989,1.69134676413482,0.477121254719662,4.48410400670492,1.77815125038364
57,1990,1.69134676413482,NA,4.48410400670492,NA
57,1991,1.69134676413482,0.477121254719662,4.48410400670492,1.77815125038364
57,1992,1.69134676413482,NA,4.48410400670492,NA
57,1993,1.69134676413482,NA,4.48410400670492,NA
57,1994,1.69134676413482,NA,4.48410400670492,NA
57,1995,1.69134676413482,NA,4.48410400670492,NA
57,1996,1.69134676413482,NA,4.48410400670492,NA
57,1997,0.150514997831991,NA,4.48410400670492,NA
57,1998,1.69134676413482,NA,4.48410400670492,NA
57,1999,1.69134676413482,NA,4.48410400670492,NA
57,2000,1.69134676413482,NA,4.48410400670492,NA
57,2001,1.69134676413482,NA,4.48410400670492,NA
57,2002,1.69134676413482,0.477121254719662,4.48410400670492,1.77815125038364
57,2003,1.69134676413482,NA,4.48410400670492,NA
57,2004,1.69134676413482,NA,4.48410400670492,NA
57,2005,1.69134676413482,0.477121254719662,4.48410400670492,1.77815125038364
57,2006,1.69134676413482,NA,4.48410400670492,NA
57,2007,1.69134676413482,NA,4.48410400670492,NA
57,2008,1.69134676413482,NA,4.48410400670492,NA
57,2009,1.69134676413482,NA,4.48410400670492,NA
57,2010,1.69134676413482,NA,4.48410400670492,NA
57,2011,1.69134676413482,0.477121254719662,4.48410400670492,1.77815125038364
57,2012,1.69134676413482,NA,4.48410400670492,NA
57,2013,1.69134676413482,NA,4.48410400670492,NA
57,2014,1.69134676413482,NA,4.48410400670492,NA
58,1903,3.86272752831797,0.301029995663981,4.90308998699194,2.69897000433602
58,1904,3.86272752831797,0.301029995663981,4.90308998699194,2.69897000433602
58,1905,3.86272752831797,0.301029995663981,4.90308998699194,2.69897000433602
58,1906,3.33445375115093,0.301029995663981,4.48410400670492,2.69897000433602
58,1907,3.86272752831797,NA,4.90308998699194,NA
58,1908,3.86272752831797,NA,4.90308998699194,NA
58,1909,3.86272752831797,NA,4.90308998699194,NA
58,1910,3.86272752831797,NA,4.90308998699194,NA
58,1911,3.86272752831797,0.477121254719662,4.90308998699194,1.77815125038364
58,1912,3.86272752831797,0.477121254719662,4.90308998699194,1.77815125038364
58,1913,1.69134676413482,0.477121254719662,4.48410400670492,1.77815125038364
58,1914,3.33445375115093,0.477121254719662,4.48410400670492,1.77815125038364
58,1915,3.33445375115093,0.477121254719662,4.48410400670492,1.77815125038364
58,1916,3.86272752831797,NA,4.90308998699194,NA
58,1917,3.33445375115093,NA,4.48410400670492,NA
58,1918,3.33445375115093,NA,4.48410400670492,NA
58,1919,3.86272752831797,0.301029995663981,4.90308998699194,2.69897000433602
58,1920,1.69134676413482,0.301029995663981,4.48410400670492,2.69897000433602
58,1921,3.86272752831797,0.477121254719662,4.90308998699194,1.77815125038364
58,1922,3.86272752831797,0.477121254719662,4.90308998699194,1.77815125038364
58,1923,1.69134676413482,0.477121254719662,4.48410400670492,1.77815125038364
58,1924,3.86272752831797,0.477121254719662,4.90308998699194,1.77815125038364
58,1925,1.69134676413482,0.477121254719662,4.48410400670492,1.77815125038364
58,1926,1.69134676413482,0.477121254719662,4.48410400670492,1.77815125038364
58,1927,1.69134676413482,0.477121254719662,4.48410400670492,1.77815125038364
58,1928,1.69134676413482,0.477121254719662,4.48410400670492,1.77815125038364
58,1929,1.69134676413482,0.477121254719662,4.48410400670492,1.77815125038364
58,1930,1.69134676413482,0.477121254719662,4.48410400670492,1.77815125038364
58,1931,1.69134676413482,0.477121254719662,4.48410400670492,1.77815125038364
58,1932,1.69134676413482,0.477121254719662,4.48410400670492,1.77815125038364
58,1933,1.69134676413482,0.477121254719662,4.48410400670492,1.77815125038364
58,1934,1.69134676413482,0.477121254719662,4.48410400670492,1.77815125038364
58,1935,1.69134676413482,0.477121254719662,4.48410400670492,1.77815125038364
58,1936,1.69134676413482,0.477121254719662,4.48410400670492,1.77815125038364
58,1937,1.69134676413482,0.477121254719662,4.48410400670492,1.77815125038364
58,1938,1.69134676413482,0.477121254719662,4.48410400670492,1.77815125038364
58,1939,1.69134676413482,0.477121254719662,4.48410400670492,1.77815125038364
58,1940,1.69134676413482,0.477121254719662,4.48410400670492,1.77815125038364
58,1941,3.33445375115093,NA,4.48410400670492,NA
58,1942,3.33445375115093,NA,4.48410400670492,NA
58,1943,3.33445375115093,NA,4.48410400670492,NA
58,1944,3.33445375115093,NA,4.48410400670492,NA
58,1945,3.33445375115093,NA,4.48410400670492,NA
58,1946,3.33445375115093,0.477121254719662,4.48410400670492,1.77815125038364
58,1947,3.33445375115093,0.477121254719662,4.48410400670492,1.77815125038364
58,1948,1.69134676413482,0.477121254719662,4.48410400670492,1.77815125038364
58,1949,1.69134676413482,0.477121254719662,4.48410400670492,1.77815125038364
58,1950,1.69134676413482,NA,4.48410400670492,NA
58,1951,1.69134676413482,0.477121254719662,4.48410400670492,1.77815125038364
58,1952,1.69134676413482,0.477121254719662,4.48410400670492,1.77815125038364
58,1953,1.69134676413482,0.477121254719662,4.48410400670492,1.77815125038364
58,1954,1.69134676413482,0.477121254719662,4.48410400670492,1.77815125038364
58,1955,1.69134676413482,0.477121254719662,4.48410400670492,1.77815125038364
58,1956,1.69134676413482,0.477121254719662,4.48410400670492,1.77815125038364
58,1957,1.69134676413482,0.477121254719662,4.48410400670492,1.77815125038364
58,1958,1.69134676413482,0.477121254719662,4.48410400670492,1.77815125038364
58,1959,1.69134676413482,0.477121254719662,4.48410400670492,1.77815125038364
58,1960,1.69134676413482,0.477121254719662,4.48410400670492,1.77815125038364
58,1961,1.69134676413482,0.477121254719662,4.48410400670492,1.77815125038364
58,1962,1.69134676413482,0.477121254719662,4.48410400670492,1.77815125038364
58,1963,1.69134676413482,0.477121254719662,4.48410400670492,1.77815125038364
58,1964,1.69134676413482,0.477121254719662,4.48410400670492,1.77815125038364
58,1965,1.69134676413482,0.477121254719662,4.48410400670492,1.77815125038364
58,1966,1.69134676413482,0.477121254719662,4.48410400670492,1.77815125038364
58,1967,1.69134676413482,0.477121254719662,4.48410400670492,1.77815125038364
58,1968,1.69134676413482,0.477121254719662,4.48410400670492,1.77815125038364
58,1969,1.69134676413482,0.477121254719662,4.48410400670492,1.77815125038364
58,1970,1.69134676413482,0.477121254719662,4.48410400670492,1.77815125038364
58,1971,1.69134676413482,0.477121254719662,4.48410400670492,1.77815125038364
58,1972,1.69134676413482,0.477121254719662,4.48410400670492,1.77815125038364
58,1973,1.69134676413482,0.477121254719662,4.48410400670492,1.77815125038364
58,1974,1.69134676413482,0.477121254719662,4.48410400670492,1.77815125038364
58,1975,1.69134676413482,0.477121254719662,4.48410400670492,1.77815125038364
58,1976,1.69134676413482,0.477121254719662,4.48410400670492,1.77815125038364
58,1977,1.69134676413482,0.477121254719662,4.48410400670492,1.77815125038364
58,1978,1.69134676413482,0.477121254719662,4.48410400670492,1.77815125038364
58,1979,1.69134676413482,1.12763625255165,4.48410400670492,2.80102999566398
58,1980,1.69134676413482,0.477121254719662,4.48410400670492,1.77815125038364
58,1981,1.69134676413482,0.477121254719662,4.48410400670492,1.77815125038364
58,1982,1.69134676413482,0.477121254719662,4.48410400670492,1.77815125038364
58,1983,1.69134676413482,0.477121254719662,4.48410400670492,1.77815125038364
58,1984,1.69134676413482,0.477121254719662,4.48410400670492,1.77815125038364
58,1985,1.69134676413482,0.477121254719662,4.48410400670492,1.77815125038364
58,1986,1.69134676413482,0.477121254719662,4.48410400670492,1.77815125038364
58,1987,1.69134676413482,1.12763625255165,4.48410400670492,1.5
58,1988,1.69134676413482,1.12763625255165,4.48410400670492,1.5
58,1989,1.69134676413482,1.12763625255165,4.48410400670492,1.5
58,1990,1.69134676413482,1.12763625255165,4.48410400670492,1.5
58,1991,1.69134676413482,1.12763625255165,4.48410400670492,1.5
58,1992,1.69134676413482,1.12763625255165,4.48410400670492,1.5
58,1993,1.69134676413482,1.12763625255165,4.48410400670492,1.5
58,1994,1.69134676413482,1.12763625255165,4.48410400670492,1.5
58,1995,1.69134676413482,1.12763625255165,4.48410400670492,1.5
58,1996,1.69134676413482,1.12763625255165,4.48410400670492,1.5
58,1997,1.69134676413482,1.12763625255165,4.48410400670492,1.5
58,1998,1.69134676413482,1.12763625255165,4.48410400670492,1.5
58,1999,1.69134676413482,1.12763625255165,4.48410400670492,1.5
58,2000,1.69134676413482,1.12763625255165,4.48410400670492,1.5
58,2001,1.69134676413482,1.12763625255165,4.48410400670492,1.5
58,2002,1.69134676413482,1.12763625255165,4.48410400670492,1.5
58,2003,1.69134676413482,1.12763625255165,4.48410400670492,1.5
58,2004,1.69134676413482,1.12763625255165,4.48410400670492,1.5
58,2005,1.69134676413482,1.12763625255165,4.48410400670492,1.5
58,2006,1.69134676413482,1.12763625255165,4.48410400670492,1.5
58,2007,1.69134676413482,1.12763625255165,4.48410400670492,1.5
58,2008,1.69134676413482,1.12763625255165,4.48410400670492,1.5
58,2009,1.69134676413482,1.12763625255165,4.48410400670492,1.5
58,2010,1.69134676413482,1.12763625255165,4.48410400670492,2.80102999566398
58,2011,1.69134676413482,1.12763625255165,4.48410400670492,1.5
58,2012,1.69134676413482,1.12763625255165,4.48410400670492,1.5
58,2013,1.69134676413482,1.12763625255165,4.48410400670492,2.80102999566398
58,2014,1.69134676413482,1.12763625255165,4.48410400670492,2.80102999566398
58,2015,1.69134676413482,1.12763625255165,4.48410400670492,1.5
58,2016,1.69134676413482,1.12763625255165,4.48410400670492,1.5
58,2017,1.69134676413482,1.12763625255165,4.48410400670492,1.5
59,1903,1.69134676413482,1.12763625255165,4.48410400670492,1.5
59,1904,1.69134676413482,1.12763625255165,4.48410400670492,1.5
59,1905,1.69134676413482,1.12763625255165,4.48410400670492,1.5
59,1906,1.69134676413482,1.12763625255165,4.48410400670492,1.5
59,1907,1.69134676413482,0.477121254719662,4.48410400670492,1.77815125038364
59,1908,1.69134676413482,0.477121254719662,4.48410400670492,1.77815125038364
59,1909,1.69134676413482,0.477121254719662,4.48410400670492,1.77815125038364
59,1910,1.69134676413482,0.477121254719662,4.48410400670492,1.77815125038364
59,1911,1.69134676413482,0.477121254719662,4.48410400670492,1.77815125038364
59,1912,1.69134676413482,0.477121254719662,4.48410400670492,1.77815125038364
59,1913,1.69134676413482,0.477121254719662,4.48410400670492,1.77815125038364
59,1914,1.69134676413482,0.477121254719662,4.48410400670492,1.77815125038364
59,1915,1.69134676413482,0.477121254719662,4.48410400670492,1.77815125038364
59,1916,1.69134676413482,0.477121254719662,4.48410400670492,1.77815125038364
59,1917,1.69134676413482,0.477121254719662,4.48410400670492,1.77815125038364
59,1918,1.69134676413482,1.12763625255165,4.48410400670492,1.5
59,1919,1.69134676413482,0.477121254719662,4.48410400670492,1.77815125038364
59,1920,1.69134676413482,0.477121254719662,4.48410400670492,1.77815125038364
59,1921,1.69134676413482,0.477121254719662,4.48410400670492,1.77815125038364
59,1922,1.69134676413482,0.477121254719662,4.48410400670492,1.77815125038364
59,1923,1.69134676413482,0.477121254719662,4.48410400670492,1.77815125038364
59,1924,1.69134676413482,0.477121254719662,4.48410400670492,1.77815125038364
59,1925,1.69134676413482,0.477121254719662,4.48410400670492,1.77815125038364
59,1926,1.69134676413482,0.477121254719662,4.48410400670492,1.77815125038364
59,1927,1.69134676413482,0.477121254719662,4.48410400670492,1.77815125038364
59,1928,1.69134676413482,0.477121254719662,4.48410400670492,1.77815125038364
59,1929,1.69134676413482,0.477121254719662,4.48410400670492,1.77815125038364
59,1930,1.69134676413482,0.477121254719662,4.48410400670492,1.77815125038364
59,1931,1.69134676413482,0.477121254719662,4.48410400670492,1.77815125038364
59,1932,1.69134676413482,0.477121254719662,4.48410400670492,1.77815125038364
59,1933,1.69134676413482,0.477121254719662,4.48410400670492,1.77815125038364
59,1934,1.69134676413482,0.477121254719662,4.48410400670492,1.77815125038364
59,1935,1.69134676413482,0.477121254719662,4.48410400670492,1.77815125038364
59,1936,1.69134676413482,0.477121254719662,4.48410400670492,1.77815125038364
59,1937,1.69134676413482,0.477121254719662,4.48410400670492,1.77815125038364
59,1938,1.69134676413482,0.477121254719662,4.48410400670492,1.77815125038364
59,1939,1.69134676413482,0.477121254719662,4.48410400670492,1.77815125038364
59,1940,1.69134676413482,1.12763625255165,4.48410400670492,2.80102999566398
59,1941,1.69134676413482,1.12763625255165,4.48410400670492,2.80102999566398
59,1942,1.69134676413482,1.12763625255165,4.48410400670492,2.80102999566398
59,1943,1.69134676413482,1.12763625255165,4.48410400670492,2.80102999566398
59,1944,1.69134676413482,0.477121254719662,4.48410400670492,1.77815125038364
59,1945,1.69134676413482,1.12763625255165,4.48410400670492,1.5
59,1946,1.69134676413482,0.477121254719662,4.48410400670492,1.77815125038364
59,1947,1.69134676413482,0.477121254719662,4.48410400670492,1.77815125038364
59,1948,1.69134676413482,0.477121254719662,4.48410400670492,1.77815125038364
59,1949,1.69134676413482,0.477121254719662,4.48410400670492,1.77815125038364
59,1950,1.69134676413482,1.12763625255165,4.48410400670492,2.80102999566398
59,1951,1.69134676413482,1.12763625255165,4.48410400670492,2.80102999566398
59,1952,1.69134676413482,1.12763625255165,4.48410400670492,2.80102999566398
59,1953,3.33445375115093,1.12763625255165,4.48410400670492,2.80102999566398
59,1954,1.69134676413482,1.12763625255165,4.48410400670492,2.80102999566398
59,1955,3.33445375115093,2,4.48410400670492,3.60205999132796
59,1956,3.33445375115093,2,4.48410400670492,3.60205999132796
59,1957,3.33445375115093,2,4.48410400670492,3.60205999132796
59,1958,1.69134676413482,2,4.48410400670492,3.60205999132796
59,1959,3.33445375115093,1.12763625255165,4.48410400670492,2.80102999566398
59,1960,3.33445375115093,1.12763625255165,4.48410400670492,2.80102999566398
59,1961,1.69134676413482,1.12763625255165,4.48410400670492,2.80102999566398
59,1962,3.33445375115093,1.12763625255165,4.48410400670492,2.80102999566398
59,1963,3.33445375115093,1.12763625255165,4.48410400670492,2.80102999566398
59,1964,1.69134676413482,1.12763625255165,4.48410400670492,2.80102999566398
59,1965,1.69134676413482,1.12763625255165,4.48410400670492,2.80102999566398
59,1966,1.69134676413482,1.12763625255165,4.48410400670492,2.80102999566398
59,1967,1.69134676413482,1.12763625255165,4.48410400670492,2.80102999566398
59,1968,1.69134676413482,1.12763625255165,4.48410400670492,2.80102999566398
59,1969,1.69134676413482,1.12763625255165,4.48410400670492,2.80102999566398
59,1970,1.69134676413482,1.12763625255165,4.48410400670492,2.80102999566398
59,1971,1.69134676413482,1.12763625255165,4.48410400670492,2.80102999566398
59,1972,1.69134676413482,1.12763625255165,4.48410400670492,2.80102999566398
59,1973,1.69134676413482,1.12763625255165,4.48410400670492,2.80102999566398
59,1974,1.69134676413482,1.12763625255165,4.48410400670492,2.80102999566398
59,1975,1.69134676413482,1.12763625255165,4.48410400670492,2.80102999566398
59,1976,1.69134676413482,1.12763625255165,4.48410400670492,2.80102999566398
59,1977,1.69134676413482,1.12763625255165,4.48410400670492,2.80102999566398
59,1978,1.69134676413482,1.12763625255165,4.48410400670492,2.80102999566398
59,1979,1.69134676413482,1.12763625255165,4.48410400670492,2.80102999566398
59,1980,1.69134676413482,1.12763625255165,4.48410400670492,2.80102999566398
59,1981,1.69134676413482,1.12763625255165,4.48410400670492,2.80102999566398
59,1982,1.69134676413482,1.12763625255165,4.48410400670492,2.80102999566398
59,1983,1.69134676413482,1.12763625255165,4.48410400670492,2.80102999566398
59,1984,1.69134676413482,1.12763625255165,4.48410400670492,2.80102999566398
59,1985,1.69134676413482,1.12763625255165,4.48410400670492,2.80102999566398
59,1986,1.69134676413482,1.12763625255165,4.48410400670492,2.80102999566398
59,1987,1.69134676413482,1.12763625255165,4.48410400670492,2.80102999566398
59,1988,1.69134676413482,1.12763625255165,4.48410400670492,2.80102999566398
59,1989,1.69134676413482,1.12763625255165,4.48410400670492,2.80102999566398
59,1990,1.69134676413482,1.12763625255165,4.48410400670492,2.80102999566398
59,1991,1.69134676413482,1.12763625255165,4.48410400670492,2.80102999566398
59,1992,1.69134676413482,1.12763625255165,4.48410400670492,2.80102999566398
59,1993,1.69134676413482,1.12763625255165,4.48410400670492,2.80102999566398
59,1994,1.69134676413482,1.12763625255165,4.48410400670492,2.80102999566398
59,1995,1.69134676413482,1.12763625255165,4.48410400670492,2.80102999566398
59,1996,1.69134676413482,1.12763625255165,4.48410400670492,2.80102999566398
59,1997,1.69134676413482,1.12763625255165,4.48410400670492,2.80102999566398
59,1998,1.69134676413482,1.12763625255165,4.48410400670492,2.80102999566398
59,1999,1.69134676413482,1.12763625255165,4.48410400670492,2.80102999566398
59,2000,1.69134676413482,1.12763625255165,4.48410400670492,2.80102999566398
59,2001,1.69134676413482,1.12763625255165,4.48410400670492,2.80102999566398
59,2002,1.69134676413482,1.12763625255165,4.48410400670492,2.80102999566398
59,2003,1.69134676413482,1.12763625255165,4.48410400670492,2.80102999566398
59,2004,1.69134676413482,1.12763625255165,4.48410400670492,2.80102999566398
59,2005,1.69134676413482,1.12763625255165,4.48410400670492,2.80102999566398
59,2006,1.69134676413482,1.12763625255165,4.48410400670492,2.80102999566398
59,2007,1.69134676413482,1.12763625255165,4.48410400670492,1.5
59,2008,1.69134676413482,1.12763625255165,4.48410400670492,2.80102999566398
59,2009,1.69134676413482,1.12763625255165,4.48410400670492,2.80102999566398
59,2010,1.69134676413482,1.12763625255165,4.48410400670492,2.80102999566398
59,2011,1.69134676413482,1.12763625255165,4.48410400670492,2.80102999566398
59,2012,1.69134676413482,1.12763625255165,4.48410400670492,2.80102999566398
59,2013,1.69134676413482,1.12763625255165,4.48410400670492,2.80102999566398
59,2014,1.69134676413482,1.12763625255165,4.48410400670492,2.80102999566398
59,2015,1.69134676413482,1.12763625255165,4.48410400670492,2.80102999566398
59,2016,1.69134676413482,1.12763625255165,4.48410400670492,2.80102999566398
59,2017,1.69134676413482,1.12763625255165,4.48410400670492,2.80102999566398
60,1903,3.01629357380715,0.301029995663981,4.48410400670492,2.69897000433602
60,1904,3.01629357380715,0.301029995663981,4.48410400670492,2.69897000433602
60,1905,3.01629357380715,1.12763625255165,4.48410400670492,1.5
60,1906,1.69134676413482,1.12763625255165,4.48410400670492,1.5
60,1907,1.69134676413482,0.477121254719662,4.48410400670492,1.77815125038364
60,1908,1.69134676413482,0.477121254719662,4.48410400670492,1.77815125038364
60,1909,1.69134676413482,0.477121254719662,4.48410400670492,1.77815125038364
60,1910,1.69134676413482,0.477121254719662,4.48410400670492,1.77815125038364
60,1911,1.69134676413482,0.477121254719662,4.48410400670492,1.77815125038364
60,1912,1.69134676413482,0.477121254719662,4.48410400670492,1.77815125038364
60,1913,1.69134676413482,0.477121254719662,4.48410400670492,1.77815125038364
60,1914,1.69134676413482,0.477121254719662,4.48410400670492,1.77815125038364
60,1915,1.69134676413482,0.477121254719662,4.48410400670492,1.77815125038364
60,1916,3.01629357380715,0.477121254719662,4.48410400670492,1.77815125038364
60,1917,3.01629357380715,0.477121254719662,4.48410400670492,1.77815125038364
60,1918,3.86272752831797,1.12763625255165,4.90308998699194,1.5
60,1919,1.69134676413482,0.477121254719662,4.48410400670492,1.77815125038364
60,1920,1.69134676413482,0.477121254719662,4.48410400670492,1.77815125038364
60,1921,1.69134676413482,0.477121254719662,4.48410400670492,1.77815125038364
60,1922,1.69134676413482,0.477121254719662,4.48410400670492,1.77815125038364
60,1923,1.69134676413482,0.477121254719662,4.48410400670492,1.77815125038364
60,1924,1.69134676413482,0.477121254719662,4.48410400670492,1.77815125038364
60,1925,1.69134676413482,0.477121254719662,4.48410400670492,1.77815125038364
60,1926,1.69134676413482,0.477121254719662,4.48410400670492,1.77815125038364
60,1927,1.69134676413482,0.477121254719662,4.48410400670492,1.77815125038364
60,1928,1.69134676413482,0.477121254719662,4.48410400670492,1.77815125038364
60,1929,1.69134676413482,0.477121254719662,4.48410400670492,1.77815125038364
60,1930,1.69134676413482,0.477121254719662,4.48410400670492,1.77815125038364
60,1931,1.69134676413482,0.477121254719662,4.48410400670492,1.77815125038364
60,1932,1.69134676413482,0.477121254719662,4.48410400670492,1.77815125038364
60,1933,1.69134676413482,0.477121254719662,4.48410400670492,1.77815125038364
60,1934,1.69134676413482,0.477121254719662,4.48410400670492,1.77815125038364
60,1935,1.69134676413482,0.477121254719662,4.48410400670492,1.77815125038364
60,1936,1.69134676413482,0.477121254719662,4.48410400670492,1.77815125038364
60,1937,1.69134676413482,0.477121254719662,4.48410400670492,1.77815125038364
60,1938,1.69134676413482,0.477121254719662,4.48410400670492,1.77815125038364
60,1939,1.69134676413482,0.477121254719662,4.48410400670492,1.77815125038364
60,1940,1.69134676413482,0.477121254719662,4.48410400670492,1.77815125038364
60,1941,3.01629357380715,0.477121254719662,4.48410400670492,1.77815125038364
60,1942,3.01629357380715,0.477121254719662,4.48410400670492,1.77815125038364
60,1943,3.01629357380715,0.477121254719662,4.48410400670492,1.77815125038364
60,1944,3.01629357380715,0.477121254719662,4.48410400670492,1.77815125038364
60,1945,3.01629357380715,0.477121254719662,4.48410400670492,1.77815125038364
60,1946,1.69134676413482,0.477121254719662,4.48410400670492,1.77815125038364
60,1947,1.69134676413482,0.477121254719662,4.48410400670492,1.77815125038364
60,1948,1.69134676413482,0.477121254719662,4.48410400670492,1.77815125038364
60,1949,1.69134676413482,0.477121254719662,4.48410400670492,1.77815125038364
60,1950,1.69134676413482,NA,4.48410400670492,NA
60,1951,1.69134676413482,0.477121254719662,4.48410400670492,1.77815125038364
60,1952,1.69134676413482,NA,4.48410400670492,NA
60,1953,3.01629357380715,NA,4.48410400670492,NA
60,1954,1.69134676413482,NA,4.48410400670492,NA
60,1955,1.69134676413482,NA,4.48410400670492,NA
60,1956,1.69134676413482,NA,4.48410400670492,NA
60,1957,1.69134676413482,2,4.48410400670492,3.60205999132796
60,1958,1.69134676413482,NA,4.48410400670492,NA
60,1959,1.69134676413482,2,4.48410400670492,3.60205999132796
60,1960,1.69134676413482,2,4.48410400670492,3.60205999132796
60,1961,1.69134676413482,2,4.48410400670492,3.60205999132796
60,1962,3.33445375115093,0.477121254719662,4.48410400670492,1.77815125038364
60,1963,1.69134676413482,2,4.48410400670492,3.60205999132796
60,1964,3.01629357380715,2,4.48410400670492,3.60205999132796
60,1965,1.69134676413482,2,4.48410400670492,3.60205999132796
60,1966,3.33445375115093,2,4.48410400670492,3.60205999132796
60,1967,1.69134676413482,2,4.48410400670492,3.60205999132796
60,1968,1.69134676413482,2,4.48410400670492,3.60205999132796
60,1969,3.01629357380715,2,4.48410400670492,3.60205999132796
60,1970,3.01629357380715,2,4.48410400670492,3.60205999132796
60,1971,3.01629357380715,1.5,4.48410400670492,2.80102999566398
60,1972,1.69134676413482,1.5,4.48410400670492,2.80102999566398
60,1973,1.69134676413482,1.5,4.48410400670492,2.80102999566398
60,1974,1.69134676413482,1.5,4.48410400670492,2.80102999566398
60,1975,1.69134676413482,1.5,4.48410400670492,2.80102999566398
60,1976,1.69134676413482,1.5,4.48410400670492,2.80102999566398
60,1977,3.01629357380715,1.5,4.48410400670492,2.80102999566398
60,1978,1.69134676413482,1.5,4.48410400670492,2.80102999566398
60,1979,1.69134676413482,1.5,4.48410400670492,2.80102999566398
60,1980,1.69134676413482,1.5,4.48410400670492,2.80102999566398
60,1981,2.53959062302381,1.5,4.48410400670492,2.80102999566398
60,1982,3.33445375115093,1.5,4.48410400670492,2.80102999566398
60,1983,3.01629357380715,1.5,4.48410400670492,2.80102999566398
60,1984,1.69134676413482,1.5,4.48410400670492,2.80102999566398
60,1985,1.69134676413482,1.5,4.48410400670492,2.80102999566398
60,1986,1.69134676413482,1.5,4.48410400670492,2.80102999566398
60,1987,1.69134676413482,1.5,4.48410400670492,2.80102999566398
60,1988,3.01629357380715,1.5,4.48410400670492,2.80102999566398
60,1989,1.69134676413482,1.5,4.48410400670492,2.80102999566398
60,1990,1.69134676413482,1.5,4.48410400670492,2.80102999566398
60,1991,3.01629357380715,1.5,4.48410400670492,2.80102999566398
60,1992,1.69134676413482,1.5,4.48410400670492,2.80102999566398
60,1993,1.69134676413482,1.12763625255165,4.48410400670492,1.5
60,1994,1.69134676413482,1.12763625255165,4.48410400670492,2.80102999566398
60,1995,1.69134676413482,1.12763625255165,4.48410400670492,2.80102999566398
60,1996,1.69134676413482,1.12763625255165,4.48410400670492,2.80102999566398
60,1997,1.69134676413482,1.12763625255165,4.48410400670492,2.80102999566398
60,1998,1.69134676413482,1.12763625255165,4.48410400670492,2.80102999566398
60,1999,1.69134676413482,1.5,4.48410400670492,2.80102999566398
60,2000,3.01629357380715,2,4.48410400670492,3.60205999132796
60,2001,1.69134676413482,1.5,4.48410400670492,2.80102999566398
60,2002,1.69134676413482,1.5,4.48410400670492,2.80102999566398
60,2003,1.69134676413482,1.5,4.48410400670492,2.80102999566398
60,2004,1.69134676413482,1.12763625255165,4.48410400670492,2.80102999566398
60,2005,1.69134676413482,1.5,4.48410400670492,2.80102999566398
60,2006,1.69134676413482,1.5,4.48410400670492,2.80102999566398
60,2007,1.69134676413482,1.5,4.48410400670492,2.80102999566398
60,2008,1.69134676413482,1.5,4.48410400670492,2.80102999566398
60,2009,1.69134676413482,1.5,4.48410400670492,2.80102999566398
60,2010,1.69134676413482,1.5,4.48410400670492,2.80102999566398
60,2011,1.69134676413482,1.5,4.48410400670492,2.80102999566398
60,2012,1.69134676413482,1.5,4.48410400670492,2.80102999566398
60,2013,1.69134676413482,1.5,4.48410400670492,2.80102999566398
60,2014,1.69134676413482,1.5,4.48410400670492,2.80102999566398
60,2015,1.69134676413482,1.5,4.48410400670492,2.80102999566398
60,2016,1.69134676413482,1.5,4.48410400670492,2.80102999566398
60,2017,1.69134676413482,1.5,4.48410400670492,2.80102999566398
61,1950,1.69134676413482,NA,3.01629357380715,NA
61,1951,-0.193820026016113,NA,2.43136376415899,NA
61,1952,-0.193820026016113,NA,2.43136376415899,NA
61,1953,-0.193820026016113,NA,2.43136376415899,NA
61,1954,-0.193820026016113,NA,2.43136376415899,NA
61,1955,-0.193820026016113,NA,2.43136376415899,NA
61,1956,1.69134676413482,NA,3.01629357380715,NA
61,1957,1.69134676413482,NA,3.01629357380715,NA
61,1958,1.69134676413482,NA,3.01629357380715,NA
61,1959,1.69134676413482,NA,3.01629357380715,NA
61,1960,1.69134676413482,NA,3.01629357380715,NA
61,1961,1.69134676413482,NA,3.01629357380715,NA
61,1962,1.69134676413482,NA,3.01629357380715,NA
61,1963,1.69134676413482,NA,3.01629357380715,NA
61,1964,-0.193820026016113,NA,2.43136376415899,NA
61,1965,-0.193820026016113,NA,2.43136376415899,NA
61,1966,-0.193820026016113,NA,2.43136376415899,NA
61,1967,1.69134676413482,NA,4.48410400670492,NA
61,1968,1.69134676413482,NA,4.48410400670492,NA
61,1969,-0.193820026016113,NA,2.43136376415899,NA
61,1970,-0.193820026016113,NA,2.43136376415899,NA
61,1971,1.69134676413482,NA,4.48410400670492,NA
61,1972,1.69134676413482,NA,4.48410400670492,NA
61,1973,0.150514997831991,NA,4.48410400670492,NA
61,1974,0.150514997831991,NA,4.48410400670492,NA
61,1975,0.150514997831991,0.477121254719662,4.48410400670492,1.77815125038364
61,1976,0.150514997831991,NA,4.48410400670492,NA
61,1977,0.150514997831991,NA,4.48410400670492,NA
61,1978,0.150514997831991,NA,4.48410400670492,NA
61,1979,0.150514997831991,NA,4.48410400670492,NA
61,1980,0.150514997831991,NA,4.48410400670492,NA
61,1981,0.150514997831991,NA,4.48410400670492,NA
61,1982,0.150514997831991,2,4.48410400670492,3.60205999132796
61,1983,0.150514997831991,0.477121254719662,4.48410400670492,1.77815125038364
61,1984,0.150514997831991,NA,4.48410400670492,NA
61,1985,0.150514997831991,NA,4.48410400670492,NA
61,1986,0.150514997831991,2,3.33445375115093,3.60205999132796
61,1987,0.150514997831991,NA,3.33445375115093,NA
61,1988,0.150514997831991,2,3.33445375115093,3.60205999132796
61,1989,0.150514997831991,2,3.33445375115093,3.60205999132796
61,1990,0.150514997831991,2,3.33445375115093,3.60205999132796
61,1991,0.150514997831991,NA,1.69134676413482,NA
61,1992,0,2,0.301029995663981,3.60205999132796
61,1993,0,NA,0.301029995663981,NA
61,1994,0,NA,0.301029995663981,NA
61,1995,0,NA,0.301029995663981,NA
61,1996,0,0.301029995663981,0.301029995663981,2.69897000433602
61,1997,0,2,0.301029995663981,3.60205999132796
61,1998,0.150514997831991,2,4.48410400670492,3.60205999132796
61,1999,0.150514997831991,2,4.48410400670492,3.60205999132796
61,2000,0.150514997831991,1.12763625255165,4.48410400670492,2.80102999566398
61,2001,0.150514997831991,NA,4.48410400670492,NA
61,2002,0.150514997831991,1.5,4.48410400670492,2.80102999566398
61,2003,0.150514997831991,2,4.48410400670492,3.60205999132796
61,2004,0.150514997831991,0.301029995663981,4.48410400670492,2.69897000433602
61,2005,0.150514997831991,1.12763625255165,4.48410400670492,2.80102999566398
61,2006,0.150514997831991,1.5,4.48410400670492,2.80102999566398
61,2007,0.150514997831991,1.5,4.48410400670492,2.80102999566398
61,2008,0.150514997831991,1.5,4.48410400670492,2.80102999566398
61,2009,0.150514997831991,1.5,4.48410400670492,2.80102999566398
61,2010,0.150514997831991,1.12763625255165,4.48410400670492,2.80102999566398
61,2011,0.150514997831991,1.12763625255165,4.48410400670492,2.80102999566398
61,2012,0.150514997831991,1.12763625255165,4.48410400670492,2.80102999566398
61,2013,0.150514997831991,1.12763625255165,4.48410400670492,2.80102999566398
61,2014,0.150514997831991,1.12763625255165,3.33445375115093,2.80102999566398
61,2015,0.150514997831991,1.5,4.48410400670492,2.80102999566398
61,2016,0.150514997831991,1.5,4.48410400670492,2.80102999566398
61,2017,0.150514997831991,0.301029995663981,4.48410400670492,2.69897000433602
62,1950,1.69134676413482,1.12763625255165,4.48410400670492,1.5
62,1951,1.69134676413482,1.12763625255165,4.48410400670492,2.80102999566398
62,1952,1.69134676413482,1.12763625255165,4.48410400670492,2.80102999566398
62,1953,1.69134676413482,1.12763625255165,4.48410400670492,1.5
62,1954,1.69134676413482,1.12763625255165,4.48410400670492,2.80102999566398
62,1955,1.69134676413482,1.12763625255165,4.48410400670492,1.5
62,1956,1.69134676413482,1.12763625255165,4.48410400670492,1.5
62,1957,1.69134676413482,1.12763625255165,4.48410400670492,2.80102999566398
62,1958,1.69134676413482,1.12763625255165,4.48410400670492,2.80102999566398
62,1959,1.69134676413482,1.12763625255165,4.48410400670492,1.5
62,1960,1.69134676413482,1.12763625255165,4.48410400670492,1.5
62,1961,1.69134676413482,1.12763625255165,4.48410400670492,2.80102999566398
62,1962,1.69134676413482,1.12763625255165,4.48410400670492,2.80102999566398
62,1963,1.69134676413482,1.5,4.48410400670492,2.80102999566398
62,1964,1.69134676413482,1.12763625255165,4.48410400670492,2.80102999566398
62,1965,1.69134676413482,1.12763625255165,4.48410400670492,2.80102999566398
62,1966,1.69134676413482,1.12763625255165,4.48410400670492,2.80102999566398
62,1967,1.69134676413482,1.12763625255165,4.48410400670492,2.80102999566398
62,1968,1.69134676413482,1.12763625255165,4.48410400670492,2.80102999566398
62,1969,1.69134676413482,1.12763625255165,4.48410400670492,2.80102999566398
62,1970,1.69134676413482,1.5,4.48410400670492,2.80102999566398
62,1971,1.69134676413482,1.5,4.48410400670492,2.80102999566398
62,1972,1.69134676413482,1.5,4.48410400670492,2.80102999566398
62,1973,1.69134676413482,1.5,4.48410400670492,2.80102999566398
62,1974,1.69134676413482,1.5,4.48410400670492,2.80102999566398
62,1975,1.69134676413482,1.5,4.48410400670492,2.80102999566398
62,1976,1.69134676413482,1.5,4.48410400670492,2.80102999566398
62,1977,1.69134676413482,1.5,4.48410400670492,2.80102999566398
62,1978,1.69134676413482,1.12763625255165,4.48410400670492,1.5
62,1979,1.69134676413482,1.5,4.48410400670492,2.80102999566398
62,1980,1.69134676413482,0.301029995663981,4.48410400670492,2.69897000433602
62,1981,1.69134676413482,1.5,4.48410400670492,2.80102999566398
62,1982,1.69134676413482,0.301029995663981,4.48410400670492,2.69897000433602
62,1983,1.69134676413482,1.12763625255165,4.48410400670492,1.5
62,1984,1.69134676413482,1.12763625255165,4.48410400670492,2.80102999566398
62,1985,1.69134676413482,1.12763625255165,4.48410400670492,2.80102999566398
62,1986,1.69134676413482,1.12763625255165,4.48410400670492,2.80102999566398
62,1987,1.69134676413482,1.12763625255165,4.48410400670492,2.80102999566398
62,1988,1.69134676413482,1.12763625255165,4.48410400670492,1.5
62,1989,1.69134676413482,1.12763625255165,4.48410400670492,2.80102999566398
62,1990,1.69134676413482,1.12763625255165,4.48410400670492,2.80102999566398
62,1991,1.69134676413482,1.12763625255165,4.48410400670492,1.5
62,1992,1.69134676413482,0.301029995663981,4.48410400670492,2.69897000433602
62,1993,1.69134676413482,1.12763625255165,4.48410400670492,1.5
62,1994,1.69134676413482,1.12763625255165,4.48410400670492,1.5
62,1995,1.69134676413482,0.301029995663981,4.48410400670492,2.69897000433602
62,1996,1.69134676413482,1.12763625255165,4.48410400670492,1.5
62,1997,1.69134676413482,1.12763625255165,4.48410400670492,1.5
62,1998,1.69134676413482,1.12763625255165,4.48410400670492,1.5
62,1999,1.69134676413482,1.12763625255165,4.48410400670492,1.5
62,2000,1.69134676413482,1.12763625255165,4.48410400670492,1.5
62,2001,1.69134676413482,1.12763625255165,4.48410400670492,2.80102999566398
62,2002,1.69134676413482,1.12763625255165,4.48410400670492,1.5
62,2003,1.69134676413482,1.12763625255165,4.48410400670492,1.5
62,2004,1.69134676413482,1.12763625255165,4.48410400670492,1.5
62,2005,1.69134676413482,0.301029995663981,4.48410400670492,2.69897000433602
62,2006,1.69134676413482,0.301029995663981,4.48410400670492,2.69897000433602
62,2007,1.69134676413482,1.12763625255165,4.48410400670492,1.5
62,2008,1.69134676413482,0.301029995663981,4.48410400670492,2.69897000433602
62,2009,1.69134676413482,1.12763625255165,4.48410400670492,1.5
62,2010,1.69134676413482,1.5,4.48410400670492,2.80102999566398
62,2011,1.69134676413482,1.5,4.48410400670492,2.80102999566398
62,2012,1.69134676413482,0.301029995663981,4.48410400670492,2.69897000433602
62,2013,1.69134676413482,1.12763625255165,4.48410400670492,2.80102999566398
62,2014,1.69134676413482,1.12763625255165,4.48410400670492,2.80102999566398
62,2015,1.69134676413482,1.12763625255165,4.48410400670492,2.80102999566398
62,2016,1.69134676413482,1.12763625255165,4.48410400670492,2.80102999566398
62,2017,1.69134676413482,1.5,4.48410400670492,2.80102999566398
63,1950,1.69134676413482,0.301029995663981,4.48410400670492,2.69897000433602
63,1951,1.69134676413482,0.301029995663981,4.48410400670492,2.69897000433602
63,1952,3.01629357380715,0.301029995663981,4.48410400670492,2.69897000433602
63,1953,1.69134676413482,0.301029995663981,4.48410400670492,2.69897000433602
63,1954,1.69134676413482,0.301029995663981,4.48410400670492,2.69897000433602
63,1955,1.69134676413482,0.301029995663981,4.48410400670492,2.69897000433602
63,1956,1.69134676413482,0.301029995663981,4.48410400670492,2.69897000433602
63,1957,1.69134676413482,0.301029995663981,4.48410400670492,2.69897000433602
63,1958,1.69134676413482,0.301029995663981,4.48410400670492,2.69897000433602
63,1959,3.01629357380715,0.301029995663981,4.48410400670492,2.69897000433602
63,1960,3.01629357380715,0.301029995663981,4.48410400670492,2.69897000433602
63,1961,1.69134676413482,0.301029995663981,4.48410400670492,2.69897000433602
63,1962,3.01629357380715,0.301029995663981,4.48410400670492,2.69897000433602
63,1963,1.69134676413482,0.301029995663981,4.48410400670492,2.69897000433602
63,1964,1.69134676413482,0.301029995663981,4.48410400670492,2.69897000433602
63,1965,1.69134676413482,0.301029995663981,4.48410400670492,2.69897000433602
63,1966,1.69134676413482,0.301029995663981,4.48410400670492,2.69897000433602
63,1967,1.69134676413482,0.301029995663981,4.48410400670492,2.69897000433602
63,1968,1.69134676413482,0.301029995663981,4.48410400670492,2.69897000433602
63,1969,1.69134676413482,0.301029995663981,4.48410400670492,2.69897000433602
63,1970,1.69134676413482,NA,4.48410400670492,NA
63,1971,1.69134676413482,NA,4.48410400670492,NA
63,1972,1.69134676413482,NA,4.48410400670492,NA
63,1973,1.69134676413482,NA,4.48410400670492,NA
63,1974,3.01629357380715,NA,4.48410400670492,NA
63,1975,1.69134676413482,NA,4.48410400670492,NA
63,1976,1.69134676413482,0.477121254719662,4.48410400670492,1.77815125038364
63,1977,1.69134676413482,NA,4.48410400670492,NA
63,1978,1.69134676413482,2,4.48410400670492,3.60205999132796
63,1979,1.69134676413482,NA,4.48410400670492,NA
63,1980,3.01629357380715,0.477121254719662,4.48410400670492,1.77815125038364
63,1981,3.01629357380715,0.477121254719662,4.48410400670492,1.77815125038364
63,1982,3.01629357380715,0.477121254719662,4.48410400670492,1.77815125038364
63,1983,3.01629357380715,0.477121254719662,4.48410400670492,1.77815125038364
63,1984,1.69134676413482,0.477121254719662,4.48410400670492,1.77815125038364
63,1985,1.69134676413482,NA,4.48410400670492,NA
63,1986,1.69134676413482,NA,4.48410400670492,NA
63,1987,1.69134676413482,0.477121254719662,4.48410400670492,1.77815125038364
63,1988,1.69134676413482,0.477121254719662,4.48410400670492,1.77815125038364
63,1989,1.69134676413482,0.477121254719662,4.48410400670492,1.77815125038364
63,1990,1.69134676413482,0.477121254719662,4.48410400670492,1.77815125038364
63,1991,1.69134676413482,0.477121254719662,4.48410400670492,1.77815125038364
63,1992,1.69134676413482,0.477121254719662,4.48410400670492,1.77815125038364
63,1993,1.69134676413482,0.477121254719662,4.48410400670492,1.77815125038364
63,1994,1.69134676413482,0.477121254719662,4.48410400670492,1.77815125038364
63,1995,1.69134676413482,1.12763625255165,4.48410400670492,2.80102999566398
63,1996,1.69134676413482,1.12763625255165,4.48410400670492,2.80102999566398
63,1997,2.53959062302381,0.477121254719662,4.48410400670492,1.77815125038364
63,1998,1.69134676413482,0.477121254719662,4.48410400670492,1.77815125038364
63,1999,1.69134676413482,0.477121254719662,4.48410400670492,1.77815125038364
63,2000,1.69134676413482,0.477121254719662,4.48410400670492,1.77815125038364
63,2001,1.69134676413482,0.477121254719662,4.48410400670492,1.77815125038364
63,2002,1.69134676413482,0.477121254719662,4.48410400670492,1.77815125038364
63,2003,1.69134676413482,1.12763625255165,4.48410400670492,2.80102999566398
63,2004,1.69134676413482,0.477121254719662,4.48410400670492,1.77815125038364
63,2005,1.69134676413482,0.477121254719662,4.48410400670492,1.77815125038364
63,2006,1.69134676413482,1.12763625255165,4.48410400670492,1.5
63,2007,1.69134676413482,0.477121254719662,4.48410400670492,1.77815125038364
63,2008,1.69134676413482,1.12763625255165,4.48410400670492,1.5
63,2009,1.69134676413482,1.12763625255165,4.48410400670492,2.80102999566398
63,2010,1.69134676413482,0.477121254719662,4.48410400670492,1.77815125038364
63,2011,1.69134676413482,0.477121254719662,4.48410400670492,1.77815125038364
63,2012,1.69134676413482,0.477121254719662,4.48410400670492,1.77815125038364
63,2013,1.69134676413482,0.477121254719662,4.48410400670492,1.77815125038364
63,2014,1.69134676413482,0.477121254719662,4.48410400670492,1.77815125038364
63,2015,3.01629357380715,0.477121254719662,4.48410400670492,1.77815125038364
63,2016,3.01629357380715,0.477121254719662,4.48410400670492,1.77815125038364
63,2017,3.01629357380715,0.477121254719662,4.48410400670492,1.77815125038364
64,1950,1.69134676413482,NA,3.33445375115093,NA
64,1951,1.69134676413482,NA,4.48410400670492,NA
64,1952,1.69134676413482,NA,3.33445375115093,NA
64,1953,-0.193820026016113,NA,2.43136376415899,NA
64,1954,-0.193820026016113,NA,2.43136376415899,NA
64,1955,1.69134676413482,NA,3.33445375115093,NA
64,1956,-0.193820026016113,NA,2.43136376415899,NA
64,1957,-0.193820026016113,NA,2.43136376415899,NA
64,1958,1.69134676413482,NA,4.48410400670492,NA
64,1959,1.69134676413482,NA,4.48410400670492,NA
64,1960,1.69134676413482,NA,4.48410400670492,NA
64,1961,1.69134676413482,NA,4.48410400670492,NA
64,1962,-0.193820026016113,NA,2.43136376415899,NA
64,1963,1.69134676413482,NA,3.33445375115093,NA
64,1964,1.69134676413482,NA,4.48410400670492,NA
64,1965,-0.193820026016113,NA,2.43136376415899,NA
64,1966,1.69134676413482,NA,4.48410400670492,NA
64,1967,1.69134676413482,NA,4.48410400670492,NA
64,1968,1.69134676413482,NA,4.48410400670492,NA
64,1969,1.69134676413482,NA,4.48410400670492,NA
64,1970,1.69134676413482,NA,4.48410400670492,NA
64,1971,1.69134676413482,NA,4.48410400670492,NA
64,1972,1.69134676413482,NA,4.48410400670492,NA
64,1973,1.69134676413482,NA,4.48410400670492,NA
64,1974,1.69134676413482,NA,4.48410400670492,NA
64,1975,1.69134676413482,NA,4.48410400670492,NA
64,1976,1.69134676413482,NA,4.48410400670492,NA
64,1977,1.69134676413482,NA,4.48410400670492,NA
64,1978,1.69134676413482,NA,4.48410400670492,NA
64,1979,1.69134676413482,0.477121254719662,4.48410400670492,1.77815125038364
64,1980,1.69134676413482,0.477121254719662,4.48410400670492,1.77815125038364
64,1981,1.69134676413482,0.477121254719662,4.48410400670492,1.77815125038364
64,1982,1.69134676413482,0.477121254719662,3.33445375115093,1.77815125038364
64,1983,1.69134676413482,0.477121254719662,2.53959062302381,1.77815125038364
64,1984,1.69134676413482,0.477121254719662,2.53959062302381,1.77815125038364
64,1985,1.69134676413482,0.477121254719662,4.48410400670492,1.77815125038364
64,1986,-0.193820026016113,0.477121254719662,2.43136376415899,1.77815125038364
64,1987,1.69134676413482,0.477121254719662,3.33445375115093,1.77815125038364
64,1988,1.69134676413482,0.477121254719662,3.33445375115093,1.77815125038364
64,1989,1.69134676413482,0.477121254719662,3.33445375115093,1.77815125038364
64,1990,-0.193820026016113,0.477121254719662,2.43136376415899,1.77815125038364
64,1991,1.69134676413482,NA,3.33445375115093,NA
64,1992,1.69134676413482,0.477121254719662,3.33445375115093,1.77815125038364
64,1993,-0.193820026016113,NA,2.43136376415899,NA
64,1994,1.69134676413482,NA,3.33445375115093,NA
64,1995,1.69134676413482,0.477121254719662,3.33445375115093,1.77815125038364
64,1996,1.69134676413482,0.477121254719662,3.33445375115093,1.77815125038364
64,1997,-0.193820026016113,0.477121254719662,2.43136376415899,1.77815125038364
64,1998,1.69134676413482,0.477121254719662,3.33445375115093,1.77815125038364
64,1999,1.69134676413482,0.477121254719662,3.33445375115093,1.77815125038364
64,2000,1.69134676413482,0.477121254719662,4.48410400670492,1.77815125038364
64,2001,1.69134676413482,0.477121254719662,4.48410400670492,1.77815125038364
64,2002,-0.193820026016113,NA,2.43136376415899,NA
64,2003,-0.193820026016113,0.477121254719662,2.43136376415899,1.77815125038364
64,2004,1.69134676413482,NA,4.48410400670492,NA
64,2005,1.69134676413482,NA,4.48410400670492,NA
64,2006,1.69134676413482,NA,4.48410400670492,NA
64,2007,1.69134676413482,NA,4.48410400670492,NA
64,2008,1.69134676413482,0.477121254719662,4.48410400670492,1.77815125038364
64,2009,1.69134676413482,NA,4.48410400670492,NA
64,2010,1.69134676413482,0.477121254719662,4.48410400670492,1.77815125038364
64,2011,1.69134676413482,0.301029995663981,4.48410400670492,2.69897000433602
64,2012,1.69134676413482,0.477121254719662,4.48410400670492,1.77815125038364
64,2013,1.69134676413482,0.477121254719662,4.48410400670492,1.77815125038364
64,2014,-0.193820026016113,0.477121254719662,2.43136376415899,1.77815125038364
64,2015,1.69134676413482,0.477121254719662,4.48410400670492,1.77815125038364
64,2016,1.69134676413482,0.477121254719662,4.48410400670492,1.77815125038364
64,2017,1.69134676413482,0.477121254719662,4.48410400670492,1.77815125038364
65,1950,1.69134676413482,1.12763625255165,4.48410400670492,2.80102999566398
65,1951,1.69134676413482,1.12763625255165,4.48410400670492,2.80102999566398
65,1952,1.69134676413482,1.12763625255165,4.48410400670492,2.80102999566398
65,1953,1.69134676413482,1.12763625255165,4.48410400670492,2.80102999566398
65,1954,1.69134676413482,1.12763625255165,4.48410400670492,2.80102999566398
65,1955,1.69134676413482,1.12763625255165,4.48410400670492,2.80102999566398
65,1956,1.69134676413482,1.12763625255165,4.48410400670492,2.80102999566398
65,1957,1.69134676413482,1.12763625255165,4.48410400670492,2.80102999566398
65,1958,1.69134676413482,1.12763625255165,4.48410400670492,2.80102999566398
65,1959,1.69134676413482,1.12763625255165,4.48410400670492,2.80102999566398
65,1960,1.69134676413482,1.12763625255165,4.48410400670492,2.80102999566398
65,1961,1.69134676413482,1.12763625255165,4.48410400670492,2.80102999566398
65,1962,1.69134676413482,1.12763625255165,4.48410400670492,2.80102999566398
65,1963,1.69134676413482,1.12763625255165,4.48410400670492,2.80102999566398
65,1964,1.69134676413482,1.12763625255165,4.48410400670492,2.80102999566398
65,1965,1.69134676413482,1.12763625255165,4.48410400670492,2.80102999566398
65,1966,1.69134676413482,1.12763625255165,4.48410400670492,2.80102999566398
65,1967,1.69134676413482,1.12763625255165,4.48410400670492,2.80102999566398
65,1968,1.69134676413482,1.12763625255165,4.48410400670492,2.80102999566398
65,1969,1.69134676413482,1.12763625255165,4.48410400670492,2.80102999566398
65,1970,1.69134676413482,1.12763625255165,4.48410400670492,2.80102999566398
65,1971,1.69134676413482,1.12763625255165,4.48410400670492,2.80102999566398
65,1972,1.69134676413482,1.12763625255165,4.48410400670492,2.80102999566398
65,1973,1.69134676413482,1.12763625255165,4.48410400670492,2.80102999566398
65,1974,1.69134676413482,1.12763625255165,4.48410400670492,2.80102999566398
65,1975,1.69134676413482,1.12763625255165,4.48410400670492,2.80102999566398
65,1976,1.69134676413482,1.12763625255165,4.48410400670492,2.80102999566398
65,1977,1.69134676413482,1.12763625255165,4.48410400670492,2.80102999566398
65,1978,1.69134676413482,1.12763625255165,4.48410400670492,2.80102999566398
65,1979,1.69134676413482,1.12763625255165,4.48410400670492,2.80102999566398
65,1980,1.69134676413482,1.12763625255165,4.48410400670492,2.80102999566398
65,1981,1.69134676413482,1.12763625255165,4.48410400670492,2.80102999566398
65,1982,1.69134676413482,1.12763625255165,4.48410400670492,2.80102999566398
65,1983,1.69134676413482,1.12763625255165,4.48410400670492,2.80102999566398
65,1984,1.69134676413482,1.12763625255165,4.48410400670492,2.80102999566398
65,1985,1.69134676413482,1.12763625255165,4.48410400670492,2.80102999566398
65,1986,1.69134676413482,1.12763625255165,4.48410400670492,2.80102999566398
65,1987,1.69134676413482,1.12763625255165,4.48410400670492,2.80102999566398
65,1988,1.69134676413482,1.5,4.48410400670492,2.80102999566398
65,1989,1.69134676413482,1.12763625255165,4.48410400670492,2.80102999566398
65,1990,1.69134676413482,1.12763625255165,4.48410400670492,2.80102999566398
65,1991,1.69134676413482,1.12763625255165,4.48410400670492,2.80102999566398
65,1992,1.69134676413482,1.12763625255165,4.48410400670492,2.80102999566398
65,1993,1.69134676413482,1.12763625255165,4.48410400670492,2.80102999566398
65,1994,1.69134676413482,1.12763625255165,4.48410400670492,2.80102999566398
65,1995,2.53959062302381,1.12763625255165,4.48410400670492,2.80102999566398
65,1996,2.53959062302381,1.12763625255165,4.48410400670492,2.80102999566398
65,1997,2.53959062302381,1.12763625255165,4.48410400670492,2.80102999566398
65,1998,2.53959062302381,1.12763625255165,4.48410400670492,2.80102999566398
65,1999,1.69134676413482,1.12763625255165,4.48410400670492,2.80102999566398
65,2000,1.69134676413482,1.12763625255165,4.48410400670492,2.80102999566398
65,2001,1.69134676413482,1.12763625255165,4.48410400670492,2.80102999566398
65,2002,1.69134676413482,1.12763625255165,4.48410400670492,2.80102999566398
65,2003,2.53959062302381,1.12763625255165,4.48410400670492,2.80102999566398
65,2004,2.53959062302381,1.12763625255165,4.48410400670492,2.80102999566398
65,2005,3.01629357380715,1.12763625255165,4.48410400670492,2.80102999566398
65,2006,3.01629357380715,1.12763625255165,4.48410400670492,2.80102999566398
65,2007,3.01629357380715,1.12763625255165,4.48410400670492,2.80102999566398
65,2008,3.01629357380715,1.12763625255165,4.48410400670492,2.80102999566398
65,2009,3.01629357380715,1.12763625255165,4.48410400670492,2.80102999566398
65,2010,3.01629357380715,1.12763625255165,4.48410400670492,2.80102999566398
65,2011,3.01629357380715,1.12763625255165,4.48410400670492,2.80102999566398
65,2012,1.69134676413482,1.12763625255165,4.48410400670492,2.80102999566398
65,2013,3.01629357380715,1.12763625255165,4.48410400670492,2.80102999566398
65,2014,3.01629357380715,1.12763625255165,4.48410400670492,2.80102999566398
65,2015,3.01629357380715,1.12763625255165,4.48410400670492,2.80102999566398
65,2016,3.01629357380715,1.12763625255165,4.48410400670492,2.80102999566398
65,2017,3.01629357380715,1.12763625255165,4.48410400670492,2.80102999566398
66,1903,3.86272752831797,0.301029995663981,4.90308998699194,2.69897000433602
66,1904,3.86272752831797,0.301029995663981,4.90308998699194,2.69897000433602
66,1905,3.86272752831797,0.301029995663981,4.90308998699194,2.69897000433602
66,1906,NA,0.301029995663981,NA,2.69897000433602
66,1911,3.86272752831797,NA,4.90308998699194,NA
66,1912,3.86272752831797,NA,4.90308998699194,NA
66,1913,3.86272752831797,NA,4.90308998699194,NA
66,1914,3.86272752831797,NA,4.90308998699194,NA
66,1915,3.86272752831797,NA,4.90308998699194,NA
66,1916,3.86272752831797,NA,4.90308998699194,NA
66,1917,3.86272752831797,NA,4.90308998699194,NA
66,1918,3.86272752831797,NA,4.90308998699194,NA
66,1919,3.86272752831797,NA,4.90308998699194,NA
66,1920,3.86272752831797,NA,4.90308998699194,NA
66,1921,3.86272752831797,NA,4.90308998699194,NA
66,1922,3.86272752831797,NA,4.90308998699194,NA
66,1923,3.86272752831797,NA,4.90308998699194,NA
66,1929,3.86272752831797,0.477121254719662,4.90308998699194,1.77815125038364
66,1930,3.86272752831797,0.477121254719662,4.90308998699194,1.77815125038364
66,1931,3.86272752831797,0.477121254719662,4.90308998699194,1.77815125038364
66,1932,3.86272752831797,0.477121254719662,4.90308998699194,1.77815125038364
66,1933,3.86272752831797,0.477121254719662,4.90308998699194,1.77815125038364
66,1934,3.86272752831797,0.477121254719662,4.90308998699194,1.77815125038364
66,1935,3.86272752831797,0.477121254719662,4.90308998699194,1.77815125038364
66,1936,3.86272752831797,0.477121254719662,4.90308998699194,1.77815125038364
66,1937,3.86272752831797,0.477121254719662,4.90308998699194,1.77815125038364
66,1938,3.86272752831797,0.477121254719662,4.90308998699194,1.77815125038364
66,1939,3.86272752831797,0.477121254719662,4.90308998699194,1.77815125038364
66,1940,3.86272752831797,0.477121254719662,4.90308998699194,1.77815125038364
66,1941,3.86272752831797,0.477121254719662,4.90308998699194,1.77815125038364
66,1942,3.86272752831797,0.477121254719662,4.90308998699194,1.77815125038364
66,1943,3.86272752831797,0.477121254719662,4.90308998699194,1.77815125038364
66,1944,3.86272752831797,0.477121254719662,4.90308998699194,1.77815125038364
66,1945,3.86272752831797,0.477121254719662,4.90308998699194,1.77815125038364
66,1946,3.86272752831797,0.477121254719662,4.90308998699194,1.77815125038364
66,1947,3.86272752831797,0.477121254719662,4.90308998699194,1.77815125038364
66,1948,3.86272752831797,0.477121254719662,4.90308998699194,1.77815125038364
66,1949,3.86272752831797,0.477121254719662,4.90308998699194,1.77815125038364
66,1950,1.69134676413482,0.301029995663981,4.48410400670492,2.69897000433602
66,1951,1.69134676413482,0.301029995663981,4.48410400670492,2.69897000433602
66,1952,1.69134676413482,0.301029995663981,4.48410400670492,2.69897000433602
66,1953,1.69134676413482,0.301029995663981,4.48410400670492,2.69897000433602
66,1954,1.69134676413482,0.301029995663981,4.48410400670492,2.69897000433602
66,1955,1.69134676413482,0.301029995663981,4.48410400670492,2.69897000433602
66,1956,1.69134676413482,0.301029995663981,4.48410400670492,2.69897000433602
66,1957,1.69134676413482,0.301029995663981,4.48410400670492,2.69897000433602
66,1958,1.69134676413482,0.301029995663981,4.48410400670492,2.69897000433602
66,1959,1.69134676413482,0.301029995663981,4.48410400670492,2.69897000433602
66,1960,1.69134676413482,NA,4.48410400670492,NA
66,1961,1.69134676413482,NA,4.48410400670492,NA
66,1962,1.69134676413482,NA,4.48410400670492,NA
66,1963,1.69134676413482,NA,4.48410400670492,NA
66,1964,1.69134676413482,NA,4.48410400670492,NA
66,1965,1.69134676413482,NA,4.48410400670492,NA
66,1966,1.69134676413482,NA,4.48410400670492,NA
66,1967,1.69134676413482,NA,4.48410400670492,NA
66,1968,1.69134676413482,NA,4.48410400670492,NA
66,1969,1.69134676413482,NA,4.48410400670492,NA
66,1970,1.69134676413482,0.477121254719662,4.48410400670492,1.77815125038364
66,1971,1.69134676413482,0.477121254719662,4.48410400670492,1.77815125038364
66,1972,3.86272752831797,0.477121254719662,4.90308998699194,1.77815125038364
66,1973,1.69134676413482,0.477121254719662,4.48410400670492,1.77815125038364
66,1974,1.69134676413482,0.477121254719662,4.48410400670492,1.77815125038364
66,1975,3.86272752831797,0.477121254719662,4.90308998699194,1.77815125038364
66,1976,1.69134676413482,0.477121254719662,4.48410400670492,1.77815125038364
66,1977,1.69134676413482,0.477121254719662,4.48410400670492,1.77815125038364
66,1978,1.69134676413482,0.477121254719662,4.48410400670492,1.77815125038364
66,1979,1.69134676413482,0.477121254719662,4.48410400670492,1.77815125038364
66,1980,1.69134676413482,0.477121254719662,4.48410400670492,1.77815125038364
66,1981,1.69134676413482,0.477121254719662,4.48410400670492,1.77815125038364
66,1982,1.69134676413482,0.477121254719662,4.48410400670492,1.77815125038364
66,1983,1.69134676413482,0.477121254719662,4.48410400670492,1.77815125038364
66,1984,1.69134676413482,0.477121254719662,4.48410400670492,1.77815125038364
66,1985,1.69134676413482,0.477121254719662,4.48410400670492,1.77815125038364
66,1986,1.69134676413482,0.477121254719662,4.48410400670492,1.77815125038364
66,1987,1.69134676413482,0.477121254719662,4.48410400670492,1.77815125038364
66,1988,1.69134676413482,0.477121254719662,4.48410400670492,1.77815125038364
66,1989,1.69134676413482,0.477121254719662,4.48410400670492,1.77815125038364
66,1990,1.69134676413482,0.477121254719662,4.48410400670492,1.77815125038364
66,1991,1.69134676413482,0.477121254719662,4.48410400670492,1.77815125038364
66,1992,1.69134676413482,0.477121254719662,4.48410400670492,1.77815125038364
66,1993,3.01629357380715,1.12763625255165,4.48410400670492,1.5
66,1994,1.69134676413482,1.12763625255165,4.48410400670492,1.5
66,1995,1.69134676413482,0.477121254719662,4.48410400670492,1.77815125038364
66,1996,1.69134676413482,0.477121254719662,4.48410400670492,1.77815125038364
66,1997,1.69134676413482,0.477121254719662,4.48410400670492,1.77815125038364
66,1998,1.69134676413482,0.477121254719662,4.48410400670492,1.77815125038364
66,1999,1.69134676413482,0.477121254719662,4.48410400670492,1.77815125038364
66,2000,1.69134676413482,0.477121254719662,4.48410400670492,1.77815125038364
66,2001,1.69134676413482,0.477121254719662,4.48410400670492,1.77815125038364
66,2002,1.69134676413482,0.477121254719662,4.48410400670492,1.77815125038364
66,2003,1.69134676413482,0.477121254719662,4.48410400670492,1.77815125038364
66,2004,1.69134676413482,0.477121254719662,4.48410400670492,1.77815125038364
66,2005,1.69134676413482,0.477121254719662,4.48410400670492,1.77815125038364
66,2006,1.69134676413482,0.477121254719662,4.48410400670492,1.77815125038364
66,2007,1.69134676413482,0.477121254719662,4.48410400670492,1.77815125038364
66,2008,3.86272752831797,0.477121254719662,4.90308998699194,1.77815125038364
66,2009,1.69134676413482,0.477121254719662,4.48410400670492,1.77815125038364
66,2010,1.69134676413482,0.477121254719662,4.48410400670492,1.77815125038364
66,2011,1.69134676413482,0.477121254719662,4.48410400670492,1.77815125038364
66,2012,1.69134676413482,0.477121254719662,4.48410400670492,1.77815125038364
66,2013,1.69134676413482,0.477121254719662,4.48410400670492,1.77815125038364
66,2014,1.69134676413482,0.477121254719662,4.48410400670492,1.77815125038364
66,2015,1.69134676413482,0.477121254719662,4.48410400670492,1.77815125038364
66,2016,1.69134676413482,0.477121254719662,4.48410400670492,1.77815125038364
66,2017,1.69134676413482,0.477121254719662,4.48410400670492,1.77815125038364
121,1869,3.86272752831797,NA,4.90308998699194,NA
121,1870,3.86272752831797,NA,4.90308998699194,NA
121,1871,3.86272752831797,NA,4.90308998699194,NA
121,1872,3.86272752831797,NA,4.90308998699194,NA
121,1873,3.86272752831797,NA,4.90308998699194,NA
121,1874,3.86272752831797,NA,4.90308998699194,NA
121,1875,3.86272752831797,NA,4.90308998699194,NA
121,1876,3.86272752831797,NA,4.90308998699194,NA
121,1877,3.86272752831797,NA,4.90308998699194,NA
121,1878,3.86272752831797,NA,4.90308998699194,NA
121,1879,3.86272752831797,NA,4.90308998699194,NA
121,1880,1.69134676413482,NA,4.48410400670492,NA
121,1881,3.86272752831797,NA,4.90308998699194,NA
121,1882,3.86272752831797,NA,4.90308998699194,NA
121,1883,3.86272752831797,NA,4.90308998699194,NA
121,1884,3.86272752831797,NA,4.90308998699194,NA
121,1885,3.86272752831797,NA,4.90308998699194,NA
121,1886,3.86272752831797,NA,4.90308998699194,NA
121,1887,3.86272752831797,NA,4.90308998699194,NA
121,1888,3.86272752831797,NA,4.90308998699194,NA
121,1889,1.69134676413482,NA,4.48410400670492,NA
121,1890,1.69134676413482,NA,4.48410400670492,NA
121,1891,1.69134676413482,NA,4.48410400670492,NA
121,1892,1.69134676413482,NA,4.48410400670492,NA
121,1893,3.86272752831797,NA,4.90308998699194,NA
121,1894,3.86272752831797,NA,4.90308998699194,NA
121,1895,3.86272752831797,NA,4.90308998699194,NA
121,1896,3.86272752831797,NA,4.90308998699194,NA
121,1897,3.86272752831797,NA,4.90308998699194,NA
121,1898,3.86272752831797,NA,4.90308998699194,NA
121,1899,3.86272752831797,NA,4.90308998699194,NA
121,1900,3.86272752831797,NA,4.90308998699194,NA
121,1901,3.86272752831797,NA,4.90308998699194,NA
121,1902,3.86272752831797,NA,4.90308998699194,NA
121,1903,3.86272752831797,NA,4.90308998699194,NA
121,1904,3.86272752831797,NA,4.90308998699194,NA
121,1905,1.69134676413482,NA,4.48410400670492,NA
121,1906,1.69134676413482,NA,4.48410400670492,NA
121,1907,1.69134676413482,NA,4.48410400670492,NA
121,1908,1.69134676413482,NA,4.48410400670492,NA
121,1909,3.86272752831797,NA,4.90308998699194,NA
121,1910,3.86272752831797,NA,4.90308998699194,NA
121,1911,1.69134676413482,NA,4.48410400670492,NA
121,1912,1.69134676413482,NA,4.48410400670492,NA
121,1913,1.69134676413482,NA,4.48410400670492,NA
121,1914,1.69134676413482,NA,4.48410400670492,NA
121,1915,1.69134676413482,NA,4.48410400670492,NA
121,1916,1.69134676413482,NA,4.48410400670492,NA
121,1917,1.69134676413482,NA,4.48410400670492,NA
121,1918,1.69134676413482,NA,4.48410400670492,NA
121,1919,1.69134676413482,NA,4.48410400670492,NA
121,1920,1.69134676413482,NA,4.48410400670492,NA
121,1921,1.69134676413482,NA,4.48410400670492,NA
121,1922,1.69134676413482,NA,4.48410400670492,NA
121,1923,1.69134676413482,NA,4.48410400670492,NA
121,1924,1.69134676413482,NA,4.48410400670492,NA
121,1925,1.69134676413482,NA,4.48410400670492,NA
121,1926,1.69134676413482,NA,4.48410400670492,NA
121,1927,1.69134676413482,NA,4.48410400670492,NA
121,1928,1.69134676413482,NA,4.48410400670492,NA
121,1929,1.69134676413482,NA,4.48410400670492,NA
121,1930,1.69134676413482,NA,4.48410400670492,NA
121,1931,1.69134676413482,NA,4.48410400670492,NA
121,1932,1.69134676413482,NA,4.48410400670492,NA
121,1933,1.69134676413482,NA,4.48410400670492,NA
121,1934,1.69134676413482,NA,4.48410400670492,NA
121,1935,1.69134676413482,NA,4.48410400670492,NA
121,1936,1.69134676413482,NA,4.48410400670492,NA
121,1937,1.69134676413482,NA,4.48410400670492,NA
121,1938,1.69134676413482,NA,4.48410400670492,NA
121,1939,1.69134676413482,NA,4.48410400670492,NA
121,1940,1.69134676413482,NA,4.48410400670492,NA
121,1941,1.69134676413482,NA,4.48410400670492,NA
121,1942,1.69134676413482,NA,4.48410400670492,NA
121,1943,1.69134676413482,NA,4.48410400670492,NA
121,1944,1.69134676413482,NA,4.48410400670492,NA
121,1945,1.69134676413482,NA,4.48410400670492,NA
121,1946,1.69134676413482,NA,4.48410400670492,NA
121,1947,1.69134676413482,NA,4.48410400670492,NA
121,1948,1.69134676413482,NA,4.48410400670492,NA
121,1949,1.69134676413482,NA,4.48410400670492,NA
121,1950,1.69134676413482,0.301029995663981,4.48410400670492,2.69897000433602
121,1951,1.69134676413482,0.301029995663981,4.48410400670492,2.69897000433602
121,1952,1.69134676413482,0.301029995663981,4.48410400670492,2.69897000433602
121,1953,1.69134676413482,0.301029995663981,4.48410400670492,2.69897000433602
121,1954,1.69134676413482,0.301029995663981,4.48410400670492,2.69897000433602
121,1955,1.69134676413482,0.301029995663981,4.48410400670492,2.69897000433602
121,1956,1.69134676413482,1.12763625255165,4.48410400670492,1.5
121,1957,1.69134676413482,1.12763625255165,4.48410400670492,1.5
121,1958,1.69134676413482,1.12763625255165,4.48410400670492,1.5
121,1959,1.69134676413482,1.12763625255165,4.48410400670492,1.5
121,1960,1.69134676413482,1.5,4.48410400670492,2.80102999566398
121,1961,1.69134676413482,1.5,4.48410400670492,2.80102999566398
121,1962,1.69134676413482,1.5,4.48410400670492,2.80102999566398
121,1963,1.69134676413482,1.12763625255165,4.48410400670492,2.80102999566398
121,1964,1.69134676413482,1.12763625255165,4.48410400670492,1.5
121,1965,1.69134676413482,1.12763625255165,4.48410400670492,2.80102999566398
121,1966,1.69134676413482,1.12763625255165,4.48410400670492,1.5
121,1967,1.69134676413482,1.12763625255165,4.48410400670492,1.5
121,1968,3.01629357380715,1.12763625255165,4.48410400670492,2.80102999566398
121,1969,3.33445375115093,1.12763625255165,4.48410400670492,1.5
121,1970,3.01629357380715,1.12763625255165,4.48410400670492,2.80102999566398
121,1971,3.01629357380715,1.12763625255165,4.48410400670492,2.80102999566398
121,1972,1.69134676413482,1.12763625255165,4.48410400670492,2.80102999566398
121,1973,1.69134676413482,1.12763625255165,4.48410400670492,2.80102999566398
121,1974,1.69134676413482,1.12763625255165,4.48410400670492,2.80102999566398
121,1975,1.69134676413482,1.12763625255165,4.48410400670492,2.80102999566398
121,1976,1.69134676413482,1.12763625255165,4.48410400670492,2.80102999566398
121,1977,1.69134676413482,1.12763625255165,4.48410400670492,2.80102999566398
121,1978,1.69134676413482,1.12763625255165,4.48410400670492,2.80102999566398
121,1979,1.69134676413482,1.12763625255165,4.48410400670492,2.80102999566398
121,1980,1.69134676413482,1.12763625255165,4.48410400670492,2.80102999566398
121,1981,1.69134676413482,1.12763625255165,4.48410400670492,2.80102999566398
121,1982,1.69134676413482,1.12763625255165,4.48410400670492,2.80102999566398
121,1983,1.69134676413482,1.12763625255165,4.48410400670492,2.80102999566398
121,1984,1.69134676413482,1.12763625255165,4.48410400670492,2.80102999566398
121,1985,1.69134676413482,1.12763625255165,4.48410400670492,2.80102999566398
121,1986,1.69134676413482,1.5,4.48410400670492,2.80102999566398
121,1987,1.69134676413482,1.12763625255165,4.48410400670492,2.80102999566398
121,1988,1.69134676413482,1.12763625255165,4.48410400670492,2.80102999566398
121,1989,1.69134676413482,1.12763625255165,4.48410400670492,2.80102999566398
121,1990,1.69134676413482,1.12763625255165,4.48410400670492,2.80102999566398
121,1991,1.69134676413482,1.12763625255165,4.48410400670492,2.80102999566398
121,1992,1.69134676413482,1.12763625255165,4.48410400670492,2.80102999566398
121,1993,1.69134676413482,1.12763625255165,4.48410400670492,2.80102999566398
121,1994,1.69134676413482,1.12763625255165,4.48410400670492,2.80102999566398
121,1995,2.53959062302381,1.12763625255165,4.48410400670492,2.80102999566398
121,1996,1.69134676413482,1.12763625255165,4.48410400670492,2.80102999566398
121,1997,1.69134676413482,1.12763625255165,4.48410400670492,2.80102999566398
121,1998,1.69134676413482,1.12763625255165,4.48410400670492,2.80102999566398
121,1999,1.69134676413482,1.12763625255165,4.48410400670492,2.80102999566398
121,2000,1.69134676413482,1.12763625255165,4.48410400670492,2.80102999566398
121,2001,1.69134676413482,1.12763625255165,4.48410400670492,2.80102999566398
121,2002,1.69134676413482,1.12763625255165,4.48410400670492,2.80102999566398
121,2003,1.69134676413482,1.12763625255165,4.48410400670492,2.80102999566398
121,2004,1.69134676413482,1.12763625255165,4.48410400670492,2.80102999566398
121,2005,1.69134676413482,1.12763625255165,4.48410400670492,2.80102999566398
121,2006,1.69134676413482,1.12763625255165,4.48410400670492,2.80102999566398
121,2007,1.69134676413482,1.12763625255165,4.48410400670492,2.80102999566398
121,2008,1.69134676413482,1.12763625255165,4.48410400670492,2.80102999566398
121,2009,1.69134676413482,1.12763625255165,4.48410400670492,2.80102999566398
121,2010,1.69134676413482,1.12763625255165,4.48410400670492,2.80102999566398
121,2011,1.69134676413482,1.12763625255165,4.48410400670492,2.80102999566398
121,2012,1.69134676413482,1.12763625255165,4.48410400670492,2.80102999566398
121,2013,1.69134676413482,1.12763625255165,4.48410400670492,2.80102999566398
121,2014,1.69134676413482,1.12763625255165,4.48410400670492,2.80102999566398
121,2015,1.69134676413482,1.12763625255165,4.48410400670492,2.80102999566398
121,2016,1.69134676413482,1.12763625255165,4.48410400670492,2.80102999566398
121,2017,1.69134676413482,1.12763625255165,4.48410400670492,2.80102999566398
127,1903,1.69134676413482,0.301029995663981,4.48410400670492,2.69897000433602
127,1904,1.69134676413482,0.301029995663981,4.48410400670492,2.69897000433602
127,1905,1.69134676413482,1.12763625255165,4.48410400670492,1.5
127,1906,1.69134676413482,1.12763625255165,4.48410400670492,1.5
127,1907,1.69134676413482,1.12763625255165,4.48410400670492,1.5
127,1908,1.69134676413482,1.12763625255165,4.48410400670492,1.5
127,1909,1.69134676413482,1.12763625255165,4.48410400670492,1.5
127,1910,1.69134676413482,1.12763625255165,4.48410400670492,1.5
127,1911,1.69134676413482,1.12763625255165,4.48410400670492,1.5
127,1912,1.69134676413482,1.12763625255165,4.48410400670492,1.5
127,1913,1.69134676413482,1.12763625255165,4.48410400670492,1.5
127,1914,1.69134676413482,1.12763625255165,4.48410400670492,1.5
127,1915,1.69134676413482,1.12763625255165,4.48410400670492,1.5
127,1916,1.69134676413482,1.12763625255165,4.48410400670492,1.5
127,1917,1.69134676413482,1.12763625255165,4.48410400670492,1.5
127,1918,1.69134676413482,0.301029995663981,4.48410400670492,2.69897000433602
127,1919,1.69134676413482,1.12763625255165,4.48410400670492,1.5
127,1920,1.69134676413482,1.12763625255165,4.48410400670492,1.5
127,1921,1.69134676413482,1.12763625255165,4.48410400670492,1.5
127,1922,1.69134676413482,1.12763625255165,4.48410400670492,1.5
127,1923,1.69134676413482,1.12763625255165,4.48410400670492,1.5
127,1924,1.69134676413482,1.12763625255165,4.48410400670492,1.5
127,1925,1.69134676413482,1.12763625255165,4.48410400670492,2.80102999566398
127,1926,1.69134676413482,1.12763625255165,4.48410400670492,2.80102999566398
127,1927,1.69134676413482,1.12763625255165,4.48410400670492,1.5
127,1928,1.69134676413482,1.12763625255165,4.48410400670492,2.80102999566398
127,1929,1.69134676413482,1.12763625255165,4.48410400670492,1.5
127,1930,1.69134676413482,1.12763625255165,4.48410400670492,2.80102999566398
127,1931,1.69134676413482,1.12763625255165,4.48410400670492,2.80102999566398
127,1932,1.69134676413482,1.12763625255165,4.48410400670492,2.80102999566398
127,1933,1.69134676413482,0.477121254719662,4.48410400670492,1.77815125038364
127,1934,1.69134676413482,0.477121254719662,4.48410400670492,1.77815125038364
127,1935,1.69134676413482,0.477121254719662,4.48410400670492,1.77815125038364
127,1936,1.69134676413482,0.477121254719662,4.48410400670492,1.77815125038364
127,1937,1.69134676413482,0.477121254719662,4.48410400670492,1.77815125038364
127,1938,1.69134676413482,0.477121254719662,4.48410400670492,1.77815125038364
127,1939,1.69134676413482,1.12763625255165,4.48410400670492,1.5
127,1940,1.69134676413482,1.12763625255165,4.48410400670492,1.5
127,1941,1.69134676413482,1.12763625255165,4.48410400670492,1.5
127,1942,1.69134676413482,1.12763625255165,4.48410400670492,1.5
127,1943,1.69134676413482,1.12763625255165,4.48410400670492,1.5
127,1944,1.69134676413482,1.12763625255165,4.48410400670492,1.5
127,1945,1.69134676413482,1.12763625255165,4.48410400670492,1.5
127,1946,1.69134676413482,1.12763625255165,4.48410400670492,1.5
127,1947,1.69134676413482,1.12763625255165,4.48410400670492,1.5
127,1948,1.69134676413482,1.12763625255165,4.48410400670492,1.5
127,1949,1.69134676413482,1.12763625255165,4.48410400670492,1.5
127,1950,1.69134676413482,1.12763625255165,4.48410400670492,1.5
127,1951,3.33445375115093,1.12763625255165,4.48410400670492,1.5
127,1952,3.01629357380715,1.12763625255165,4.48410400670492,1.5
127,1953,3.33445375115093,1.12763625255165,4.48410400670492,2.80102999566398
127,1954,3.33445375115093,1.12763625255165,4.48410400670492,2.80102999566398
127,1955,3.33445375115093,1.12763625255165,4.48410400670492,2.80102999566398
127,1956,1.69134676413482,1.12763625255165,4.48410400670492,2.80102999566398
127,1957,3.33445375115093,1.12763625255165,4.48410400670492,2.80102999566398
127,1958,1.69134676413482,1.12763625255165,4.48410400670492,2.80102999566398
127,1959,1.69134676413482,1.12763625255165,4.48410400670492,2.80102999566398
127,1960,3.33445375115093,1.12763625255165,4.48410400670492,2.80102999566398
127,1961,1.69134676413482,1.12763625255165,4.48410400670492,2.80102999566398
127,1962,1.69134676413482,1.12763625255165,4.48410400670492,2.80102999566398
127,1963,3.33445375115093,1.12763625255165,4.48410400670492,2.80102999566398
127,1964,1.69134676413482,1.12763625255165,4.48410400670492,2.80102999566398
127,1965,1.69134676413482,1.12763625255165,4.48410400670492,2.80102999566398
127,1966,1.69134676413482,1.12763625255165,4.48410400670492,2.80102999566398
127,1967,1.69134676413482,1.12763625255165,4.48410400670492,2.80102999566398
127,1968,1.69134676413482,1.12763625255165,4.48410400670492,2.80102999566398
127,1969,1.69134676413482,1.12763625255165,4.48410400670492,2.80102999566398
127,1970,1.69134676413482,1.12763625255165,4.48410400670492,2.80102999566398
127,1971,1.69134676413482,1.12763625255165,4.48410400670492,2.80102999566398
127,1972,1.69134676413482,1.12763625255165,4.48410400670492,2.80102999566398
127,1973,1.69134676413482,1.12763625255165,4.48410400670492,2.80102999566398
127,1974,1.69134676413482,1.12763625255165,4.48410400670492,2.80102999566398
127,1975,1.69134676413482,1.12763625255165,4.48410400670492,2.80102999566398
127,1976,1.69134676413482,1.12763625255165,4.48410400670492,2.80102999566398
127,1977,1.69134676413482,1.12763625255165,4.48410400670492,2.80102999566398
127,1978,1.69134676413482,1.12763625255165,4.48410400670492,2.80102999566398
127,1979,1.69134676413482,1.12763625255165,4.48410400670492,2.80102999566398
127,1980,1.69134676413482,1.12763625255165,4.48410400670492,2.80102999566398
127,1981,1.69134676413482,1.12763625255165,4.48410400670492,2.80102999566398
127,1982,1.69134676413482,1.12763625255165,4.48410400670492,2.80102999566398
127,1983,1.69134676413482,1.12763625255165,4.48410400670492,2.80102999566398
127,1984,1.69134676413482,1.12763625255165,4.48410400670492,2.80102999566398
127,1985,1.69134676413482,1.12763625255165,4.48410400670492,2.80102999566398
127,1986,1.69134676413482,1.12763625255165,4.48410400670492,2.80102999566398
127,1987,1.69134676413482,1.12763625255165,4.48410400670492,2.80102999566398
127,1988,1.69134676413482,1.12763625255165,4.48410400670492,2.80102999566398
127,1989,1.69134676413482,1.12763625255165,4.48410400670492,2.80102999566398
127,1990,1.69134676413482,1.12763625255165,4.48410400670492,2.80102999566398
127,1991,1.69134676413482,1.12763625255165,4.48410400670492,2.80102999566398
127,1992,1.69134676413482,1.12763625255165,4.48410400670492,2.80102999566398
127,1993,1.69134676413482,1.12763625255165,4.48410400670492,2.80102999566398
127,1994,1.69134676413482,1.12763625255165,4.48410400670492,2.80102999566398
127,1995,1.69134676413482,1.12763625255165,4.48410400670492,2.80102999566398
127,1996,1.69134676413482,1.12763625255165,4.48410400670492,2.80102999566398
127,1997,1.69134676413482,1.12763625255165,4.48410400670492,2.80102999566398
127,1998,1.69134676413482,1.12763625255165,4.48410400670492,2.80102999566398
127,1999,1.69134676413482,1.12763625255165,4.48410400670492,2.80102999566398
127,2000,1.69134676413482,1.12763625255165,4.48410400670492,2.80102999566398
127,2001,1.69134676413482,1.12763625255165,4.48410400670492,2.80102999566398
127,2002,1.69134676413482,1.12763625255165,4.48410400670492,2.80102999566398
127,2003,1.69134676413482,1.12763625255165,4.48410400670492,2.80102999566398
127,2004,1.69134676413482,1.12763625255165,4.48410400670492,2.80102999566398
127,2005,1.69134676413482,1.12763625255165,4.48410400670492,2.80102999566398
127,2006,1.69134676413482,1.12763625255165,4.48410400670492,2.80102999566398
127,2007,1.69134676413482,1.12763625255165,4.48410400670492,2.80102999566398
127,2008,1.69134676413482,1.12763625255165,4.48410400670492,2.80102999566398
127,2009,1.69134676413482,1.12763625255165,4.48410400670492,2.80102999566398
127,2010,1.69134676413482,1.5,4.48410400670492,2.80102999566398
127,2011,1.69134676413482,1.12763625255165,4.48410400670492,2.80102999566398
127,2012,1.69134676413482,1.12763625255165,4.48410400670492,2.80102999566398
127,2013,1.69134676413482,1.12763625255165,4.48410400670492,2.80102999566398
127,2014,1.69134676413482,1.12763625255165,4.48410400670492,2.80102999566398
127,2015,1.69134676413482,1.12763625255165,4.48410400670492,2.80102999566398
127,2016,1.69134676413482,1.12763625255165,4.48410400670492,2.80102999566398
127,2017,1.69134676413482,1.12763625255165,4.48410400670492,2.80102999566398
131,1880,-0.193820026016113,NA,2.43136376415899,NA
131,1889,-0.193820026016113,NA,2.43136376415899,NA
131,1890,-0.193820026016113,NA,2.43136376415899,NA
131,1891,-0.193820026016113,NA,2.43136376415899,NA
131,1892,-0.193820026016113,NA,2.43136376415899,NA
131,1905,-0.193820026016113,NA,2.43136376415899,NA
131,1906,-0.193820026016113,NA,2.43136376415899,NA
131,1907,-0.193820026016113,NA,2.43136376415899,NA
131,1908,-0.193820026016113,NA,2.43136376415899,NA
131,1917,-0.193820026016113,NA,2.43136376415899,NA
131,1921,-0.193820026016113,NA,2.43136376415899,NA
131,1922,-0.193820026016113,NA,2.43136376415899,NA
131,1923,-0.193820026016113,NA,2.43136376415899,NA
131,1924,-0.193820026016113,NA,2.43136376415899,NA
131,1925,-0.193820026016113,NA,2.43136376415899,NA
131,1926,-0.193820026016113,NA,2.43136376415899,NA
131,1927,-0.193820026016113,NA,2.43136376415899,NA
131,1928,-0.193820026016113,NA,2.43136376415899,NA
131,1929,-0.193820026016113,NA,2.43136376415899,NA
131,1930,-0.193820026016113,NA,2.43136376415899,NA
131,1931,-0.193820026016113,NA,2.43136376415899,NA
131,1932,-0.193820026016113,NA,2.43136376415899,NA
131,1933,-0.193820026016113,NA,2.43136376415899,NA
131,1934,-0.193820026016113,NA,2.43136376415899,NA
131,1935,-0.193820026016113,NA,2.43136376415899,NA
131,1936,-0.193820026016113,NA,2.43136376415899,NA
131,1937,-0.193820026016113,NA,2.43136376415899,NA
131,1938,-0.193820026016113,NA,2.43136376415899,NA
131,1939,-0.193820026016113,NA,2.43136376415899,NA
131,1940,-0.193820026016113,NA,2.43136376415899,NA
131,1941,-0.193820026016113,NA,2.43136376415899,NA
131,1942,-0.193820026016113,NA,2.43136376415899,NA
131,1943,-0.193820026016113,NA,2.43136376415899,NA
131,1944,-0.193820026016113,NA,2.43136376415899,NA
131,1945,-0.193820026016113,NA,2.43136376415899,NA
131,1946,-0.193820026016113,NA,2.43136376415899,NA
131,1947,-0.193820026016113,NA,2.43136376415899,NA
131,1948,-0.193820026016113,NA,2.43136376415899,NA
131,1949,-0.193820026016113,NA,2.43136376415899,NA
131,1950,1.69134676413482,1.5,4.48410400670492,2.80102999566398
131,1951,1.69134676413482,1.5,4.48410400670492,2.80102999566398
131,1952,1.69134676413482,1.5,4.48410400670492,2.80102999566398
131,1953,1.69134676413482,1.5,4.48410400670492,2.80102999566398
131,1954,1.69134676413482,1.5,4.48410400670492,2.80102999566398
131,1955,1.69134676413482,1.5,4.48410400670492,2.80102999566398
131,1956,1.69134676413482,1.5,4.48410400670492,2.80102999566398
131,1957,1.69134676413482,1.5,4.48410400670492,2.80102999566398
131,1958,1.69134676413482,1.5,4.48410400670492,2.80102999566398
131,1959,1.69134676413482,1.5,4.48410400670492,2.80102999566398
131,1960,1.69134676413482,1.5,4.48410400670492,2.80102999566398
131,1961,1.69134676413482,1.5,4.48410400670492,2.80102999566398
131,1962,1.69134676413482,1.5,4.48410400670492,2.80102999566398
131,1963,1.69134676413482,1.12763625255165,4.48410400670492,2.80102999566398
131,1964,1.69134676413482,1.12763625255165,4.48410400670492,2.80102999566398
131,1965,1.69134676413482,1.12763625255165,4.48410400670492,2.80102999566398
131,1966,1.69134676413482,1.12763625255165,4.48410400670492,2.80102999566398
131,1967,1.69134676413482,1.12763625255165,4.48410400670492,2.80102999566398
131,1968,1.69134676413482,1.12763625255165,4.48410400670492,2.80102999566398
131,1969,1.69134676413482,1.12763625255165,4.48410400670492,2.80102999566398
131,1970,1.69134676413482,1.12763625255165,4.48410400670492,2.80102999566398
131,1971,1.69134676413482,1.12763625255165,4.48410400670492,2.80102999566398
131,1972,1.69134676413482,1.12763625255165,4.48410400670492,2.80102999566398
131,1973,1.69134676413482,1.12763625255165,4.48410400670492,2.80102999566398
131,1974,1.69134676413482,1.12763625255165,4.48410400670492,2.80102999566398
131,1975,1.69134676413482,1.12763625255165,4.48410400670492,2.80102999566398
131,1976,1.69134676413482,1.12763625255165,4.48410400670492,2.80102999566398
131,1977,1.69134676413482,1.12763625255165,4.48410400670492,2.80102999566398
131,1978,1.69134676413482,1.12763625255165,4.48410400670492,2.80102999566398
131,1979,1.69134676413482,1.12763625255165,4.48410400670492,2.80102999566398
131,1980,1.69134676413482,1.12763625255165,4.48410400670492,2.80102999566398
131,1981,1.69134676413482,1.12763625255165,4.48410400670492,2.80102999566398
131,1982,1.69134676413482,1.12763625255165,4.48410400670492,2.80102999566398
131,1983,1.69134676413482,1.12763625255165,4.48410400670492,2.80102999566398
131,1984,1.69134676413482,1.12763625255165,4.48410400670492,2.80102999566398
131,1985,1.69134676413482,1.5,4.48410400670492,2.80102999566398
131,1986,1.69134676413482,1.5,4.48410400670492,2.80102999566398
131,1987,1.69134676413482,1.12763625255165,4.48410400670492,2.80102999566398
131,1988,1.69134676413482,1.12763625255165,4.48410400670492,2.80102999566398
131,1989,1.69134676413482,1.12763625255165,4.48410400670492,2.80102999566398
131,1990,1.69134676413482,1.12763625255165,4.48410400670492,2.80102999566398
131,1991,1.69134676413482,1.12763625255165,4.48410400670492,2.80102999566398
131,1992,1.69134676413482,1.12763625255165,4.48410400670492,2.80102999566398
131,1993,1.69134676413482,1.12763625255165,4.48410400670492,2.80102999566398
131,1994,1.69134676413482,1.12763625255165,4.48410400670492,2.80102999566398
131,1995,1.69134676413482,1.5,4.48410400670492,2.80102999566398
131,1996,1.69134676413482,1.5,4.48410400670492,2.80102999566398
131,1997,1.69134676413482,1.5,4.48410400670492,2.80102999566398
131,1998,1.69134676413482,1.12763625255165,4.48410400670492,2.80102999566398
131,1999,1.69134676413482,1.5,4.48410400670492,2.80102999566398
131,2000,1.69134676413482,1.5,4.48410400670492,2.80102999566398
131,2001,1.69134676413482,1.12763625255165,4.48410400670492,2.80102999566398
131,2002,1.69134676413482,1.5,4.48410400670492,2.80102999566398
131,2003,1.69134676413482,1.5,4.48410400670492,2.80102999566398
131,2004,1.69134676413482,1.5,4.48410400670492,2.80102999566398
131,2005,1.69134676413482,1.12763625255165,4.48410400670492,2.80102999566398
131,2006,1.69134676413482,1.5,4.48410400670492,2.80102999566398
131,2007,1.69134676413482,1.5,4.48410400670492,2.80102999566398
131,2008,1.69134676413482,1.5,4.48410400670492,2.80102999566398
131,2009,1.69134676413482,1.5,4.48410400670492,2.80102999566398
131,2010,1.69134676413482,1.5,4.48410400670492,2.80102999566398
131,2011,1.69134676413482,1.12763625255165,4.48410400670492,2.80102999566398
131,2012,1.69134676413482,1.5,4.48410400670492,2.80102999566398
131,2013,1.69134676413482,1.5,4.48410400670492,2.80102999566398
131,2014,1.69134676413482,1.5,4.48410400670492,2.80102999566398
131,2015,1.69134676413482,1.5,4.48410400670492,2.80102999566398
131,2016,1.69134676413482,1.5,4.48410400670492,2.80102999566398
131,2017,1.69134676413482,1.5,4.48410400670492,2.80102999566398
134,1950,1.69134676413482,1.5,4.48410400670492,2.80102999566398
134,1951,1.69134676413482,1.5,4.48410400670492,2.80102999566398
134,1952,1.69134676413482,1.5,4.48410400670492,2.80102999566398
134,1953,1.69134676413482,1.5,4.48410400670492,2.80102999566398
134,1954,1.69134676413482,1.5,4.48410400670492,2.80102999566398
134,1955,1.69134676413482,1.5,4.48410400670492,2.80102999566398
134,1956,1.69134676413482,1.5,4.48410400670492,2.80102999566398
134,1957,1.69134676413482,1.5,4.48410400670492,2.80102999566398
134,1958,1.69134676413482,1.12763625255165,4.48410400670492,2.80102999566398
134,1959,1.69134676413482,1.12763625255165,4.48410400670492,2.80102999566398
134,1960,1.69134676413482,1.12763625255165,4.48410400670492,2.80102999566398
134,1961,1.69134676413482,1.12763625255165,4.48410400670492,2.80102999566398
134,1962,1.69134676413482,1.12763625255165,4.48410400670492,2.80102999566398
134,1963,1.69134676413482,1.12763625255165,4.48410400670492,2.80102999566398
134,1964,1.69134676413482,1.12763625255165,4.48410400670492,2.80102999566398
134,1965,1.69134676413482,1.12763625255165,4.48410400670492,2.80102999566398
134,1966,1.69134676413482,1.12763625255165,4.48410400670492,2.80102999566398
134,1967,1.69134676413482,1.12763625255165,4.48410400670492,2.80102999566398
134,1968,1.69134676413482,1.12763625255165,4.48410400670492,2.80102999566398
134,1969,1.69134676413482,1.12763625255165,4.48410400670492,2.80102999566398
134,1970,1.69134676413482,1.5,4.48410400670492,2.80102999566398
134,1971,1.69134676413482,1.5,4.48410400670492,2.80102999566398
134,1972,1.69134676413482,1.12763625255165,4.48410400670492,2.80102999566398
134,1973,1.69134676413482,1.12763625255165,4.48410400670492,2.80102999566398
134,1974,1.69134676413482,1.12763625255165,4.48410400670492,2.80102999566398
134,1975,1.69134676413482,1.12763625255165,4.48410400670492,2.80102999566398
134,1976,1.69134676413482,1.12763625255165,4.48410400670492,2.80102999566398
134,1977,1.69134676413482,1.12763625255165,4.48410400670492,2.80102999566398
134,1978,1.69134676413482,1.12763625255165,4.48410400670492,2.80102999566398
134,1979,1.69134676413482,1.12763625255165,4.48410400670492,2.80102999566398
134,1980,1.69134676413482,1.12763625255165,4.48410400670492,2.80102999566398
134,1981,1.69134676413482,1.12763625255165,4.48410400670492,2.80102999566398
134,1982,1.69134676413482,1.12763625255165,4.48410400670492,2.80102999566398
134,1983,1.69134676413482,1.12763625255165,4.48410400670492,2.80102999566398
134,1984,1.69134676413482,1.12763625255165,4.48410400670492,2.80102999566398
134,1985,1.69134676413482,1.12763625255165,4.48410400670492,2.80102999566398
134,1986,1.69134676413482,1.12763625255165,4.48410400670492,2.80102999566398
134,1987,1.69134676413482,1.12763625255165,4.48410400670492,2.80102999566398
134,1988,1.69134676413482,1.12763625255165,4.48410400670492,2.80102999566398
134,1989,1.69134676413482,1.12763625255165,4.48410400670492,2.80102999566398
134,1990,1.69134676413482,1.12763625255165,4.48410400670492,2.80102999566398
134,1991,1.69134676413482,1.12763625255165,4.48410400670492,2.80102999566398
134,1992,1.69134676413482,1.12763625255165,4.48410400670492,2.80102999566398
134,1993,1.69134676413482,1.12763625255165,4.48410400670492,2.80102999566398
134,1994,1.69134676413482,1.12763625255165,4.48410400670492,2.80102999566398
134,1995,1.69134676413482,1.12763625255165,4.48410400670492,2.80102999566398
134,1996,1.69134676413482,1.12763625255165,4.48410400670492,2.80102999566398
134,1997,1.69134676413482,1.12763625255165,4.48410400670492,2.80102999566398
134,1998,1.69134676413482,1.12763625255165,4.48410400670492,2.80102999566398
134,1999,1.69134676413482,1.12763625255165,4.48410400670492,2.80102999566398
134,2000,1.69134676413482,1.12763625255165,4.48410400670492,2.80102999566398
134,2001,1.69134676413482,1.12763625255165,4.48410400670492,2.80102999566398
134,2002,1.69134676413482,1.12763625255165,4.48410400670492,2.80102999566398
134,2003,1.69134676413482,1.12763625255165,4.48410400670492,2.80102999566398
134,2004,1.69134676413482,1.12763625255165,4.48410400670492,2.80102999566398
134,2005,1.69134676413482,1.12763625255165,4.48410400670492,2.80102999566398
134,2006,1.69134676413482,1.12763625255165,4.48410400670492,2.80102999566398
134,2007,1.69134676413482,1.12763625255165,4.48410400670492,2.80102999566398
134,2008,1.69134676413482,1.12763625255165,4.48410400670492,2.80102999566398
134,2009,1.69134676413482,1.12763625255165,4.48410400670492,2.80102999566398
134,2010,1.69134676413482,1.12763625255165,4.48410400670492,2.80102999566398
134,2011,1.69134676413482,1.12763625255165,4.48410400670492,2.80102999566398
134,2012,1.69134676413482,1.12763625255165,4.48410400670492,2.80102999566398
134,2013,1.69134676413482,1.12763625255165,4.48410400670492,2.80102999566398
134,2014,1.69134676413482,1.12763625255165,4.48410400670492,2.80102999566398
134,2015,1.69134676413482,1.12763625255165,4.48410400670492,2.80102999566398
134,2016,1.69134676413482,1.12763625255165,4.48410400670492,2.80102999566398
134,2017,1.69134676413482,1.12763625255165,4.48410400670492,2.80102999566398
141,1939,-0.193820026016113,NA,2.43136376415899,NA
141,1940,-0.193820026016113,NA,2.43136376415899,NA
141,1941,-0.193820026016113,NA,2.43136376415899,NA
141,1942,-0.193820026016113,NA,2.43136376415899,NA
141,1943,-0.193820026016113,NA,2.43136376415899,NA
141,1944,-0.193820026016113,NA,2.43136376415899,NA
141,1945,-0.193820026016113,NA,2.43136376415899,NA
141,1946,-0.193820026016113,NA,2.43136376415899,NA
141,1947,-0.193820026016113,NA,2.43136376415899,NA
141,1948,-0.193820026016113,NA,2.43136376415899,NA
141,1949,-0.193820026016113,NA,2.43136376415899,NA
141,1950,1.69134676413482,1.12763625255165,4.48410400670492,2.80102999566398
141,1951,1.69134676413482,1.12763625255165,4.48410400670492,2.80102999566398
141,1952,1.69134676413482,1.12763625255165,4.48410400670492,2.80102999566398
141,1953,1.69134676413482,1.12763625255165,4.48410400670492,2.80102999566398
141,1954,1.69134676413482,1.12763625255165,4.48410400670492,2.80102999566398
141,1955,1.69134676413482,1.12763625255165,4.48410400670492,2.80102999566398
141,1956,1.69134676413482,1.12763625255165,4.48410400670492,2.80102999566398
141,1957,1.69134676413482,1.12763625255165,4.48410400670492,2.80102999566398
141,1958,1.69134676413482,1.12763625255165,4.48410400670492,2.80102999566398
141,1959,1.69134676413482,1.12763625255165,4.48410400670492,2.80102999566398
141,1960,1.69134676413482,1.12763625255165,4.48410400670492,2.80102999566398
141,1961,1.69134676413482,1.12763625255165,4.48410400670492,2.80102999566398
141,1962,1.69134676413482,1.12763625255165,4.48410400670492,2.80102999566398
141,1963,1.69134676413482,1.12763625255165,4.48410400670492,2.80102999566398
141,1964,1.69134676413482,1.12763625255165,4.48410400670492,2.80102999566398
141,1965,1.69134676413482,1.12763625255165,4.48410400670492,2.80102999566398
141,1966,1.69134676413482,1.12763625255165,4.48410400670492,2.80102999566398
141,1967,1.69134676413482,1.12763625255165,4.48410400670492,2.80102999566398
141,1968,1.69134676413482,1.12763625255165,4.48410400670492,2.80102999566398
141,1969,1.69134676413482,1.12763625255165,4.48410400670492,2.80102999566398
141,1970,1.69134676413482,1.12763625255165,4.48410400670492,2.80102999566398
141,1971,1.69134676413482,1.12763625255165,4.48410400670492,2.80102999566398
141,1972,1.69134676413482,1.12763625255165,4.48410400670492,2.80102999566398
141,1973,1.69134676413482,1.12763625255165,4.48410400670492,2.80102999566398
141,1974,1.69134676413482,1.12763625255165,4.48410400670492,2.80102999566398
141,1975,1.69134676413482,1.12763625255165,4.48410400670492,2.80102999566398
141,1976,1.69134676413482,1.12763625255165,4.48410400670492,2.80102999566398
141,1977,1.69134676413482,1.12763625255165,4.48410400670492,2.80102999566398
141,1978,1.69134676413482,1.12763625255165,4.48410400670492,2.80102999566398
141,1979,1.69134676413482,1.12763625255165,4.48410400670492,2.80102999566398
141,1980,1.69134676413482,1.12763625255165,4.48410400670492,2.80102999566398
141,1981,1.69134676413482,1.12763625255165,4.48410400670492,2.80102999566398
141,1982,1.69134676413482,1.12763625255165,4.48410400670492,2.80102999566398
141,1983,1.69134676413482,1.12763625255165,4.48410400670492,2.80102999566398
141,1984,1.69134676413482,1.12763625255165,4.48410400670492,2.80102999566398
141,1985,1.69134676413482,1.12763625255165,4.48410400670492,2.80102999566398
141,1986,1.69134676413482,1.12763625255165,4.48410400670492,2.80102999566398
141,1987,1.69134676413482,1.12763625255165,4.48410400670492,2.80102999566398
141,1988,1.69134676413482,1.12763625255165,4.48410400670492,2.80102999566398
141,1989,1.69134676413482,1.12763625255165,4.48410400670492,2.80102999566398
141,1990,1.69134676413482,1.12763625255165,4.48410400670492,2.80102999566398
141,1991,1.69134676413482,1.12763625255165,4.48410400670492,2.80102999566398
141,1992,2.53959062302381,1.12763625255165,4.48410400670492,2.80102999566398
141,1993,1.69134676413482,1.12763625255165,4.48410400670492,2.80102999566398
141,1994,1.69134676413482,1.12763625255165,4.48410400670492,2.80102999566398
141,1995,1.69134676413482,1.12763625255165,4.48410400670492,2.80102999566398
141,1996,1.69134676413482,1.12763625255165,4.48410400670492,2.80102999566398
141,1997,1.69134676413482,1.12763625255165,4.48410400670492,2.80102999566398
141,1998,1.69134676413482,1.12763625255165,4.48410400670492,2.80102999566398
141,1999,1.69134676413482,1.12763625255165,4.48410400670492,2.80102999566398
141,2000,2.53959062302381,1.12763625255165,4.48410400670492,2.80102999566398
141,2001,2.53959062302381,1.12763625255165,4.48410400670492,2.80102999566398
141,2002,1.69134676413482,1.12763625255165,4.48410400670492,2.80102999566398
141,2003,1.69134676413482,1.12763625255165,4.48410400670492,2.80102999566398
141,2004,1.69134676413482,1.12763625255165,4.48410400670492,2.80102999566398
141,2005,1.69134676413482,1.5,4.48410400670492,2.80102999566398
141,2006,1.69134676413482,1.12763625255165,4.48410400670492,2.80102999566398
141,2007,1.69134676413482,1.12763625255165,4.48410400670492,2.80102999566398
141,2008,1.69134676413482,1.12763625255165,4.48410400670492,2.80102999566398
141,2009,1.69134676413482,1.5,4.48410400670492,2.80102999566398
141,2010,1.69134676413482,1.12763625255165,4.48410400670492,2.80102999566398
141,2011,1.69134676413482,1.12763625255165,4.48410400670492,2.80102999566398
141,2012,1.69134676413482,1.12763625255165,4.48410400670492,2.80102999566398
141,2013,1.69134676413482,1.12763625255165,4.48410400670492,2.80102999566398
141,2014,1.69134676413482,1.12763625255165,4.48410400670492,2.80102999566398
141,2015,1.69134676413482,1.12763625255165,4.48410400670492,2.80102999566398
141,2016,1.69134676413482,1.12763625255165,4.48410400670492,2.80102999566398
141,2017,1.69134676413482,1.12763625255165,4.48410400670492,2.80102999566398
147,1950,1.69134676413482,NA,4.48410400670492,NA
147,1951,1.69134676413482,NA,4.48410400670492,NA
147,1952,1.69134676413482,NA,4.48410400670492,NA
147,1953,1.69134676413482,0.477121254719662,4.48410400670492,1.77815125038364
147,1954,1.69134676413482,0.477121254719662,4.48410400670492,1.77815125038364
147,1955,1.69134676413482,0.477121254719662,4.48410400670492,1.77815125038364
147,1956,1.69134676413482,0.477121254719662,4.48410400670492,1.77815125038364
147,1957,1.69134676413482,0.477121254719662,4.48410400670492,1.77815125038364
147,1958,1.69134676413482,0.477121254719662,4.48410400670492,1.77815125038364
147,1959,1.69134676413482,0.477121254719662,4.48410400670492,1.77815125038364
147,1960,1.69134676413482,0.477121254719662,4.48410400670492,1.77815125038364
147,1961,1.69134676413482,0.477121254719662,4.48410400670492,1.77815125038364
147,1962,1.69134676413482,0.477121254719662,4.48410400670492,1.77815125038364
147,1963,1.69134676413482,2,4.48410400670492,3.60205999132796
147,1964,1.69134676413482,2,4.48410400670492,3.60205999132796
147,1965,1.69134676413482,2,4.48410400670492,3.60205999132796
147,1966,1.69134676413482,1.12763625255165,4.48410400670492,1.5
147,1967,1.69134676413482,1.5,4.48410400670492,2.80102999566398
147,1968,1.69134676413482,1.5,4.48410400670492,2.80102999566398
147,1969,1.69134676413482,1.5,4.48410400670492,2.80102999566398
147,1970,1.69134676413482,0.477121254719662,4.48410400670492,1.77815125038364
147,1971,1.69134676413482,1.12763625255165,4.48410400670492,2.80102999566398
147,1972,3.33445375115093,1.12763625255165,4.48410400670492,2.80102999566398
147,1973,1.69134676413482,1.12763625255165,4.48410400670492,2.80102999566398
147,1974,1.69134676413482,1.12763625255165,4.48410400670492,2.80102999566398
147,1975,1.69134676413482,2,4.48410400670492,3.60205999132796
147,1976,1.69134676413482,2,4.48410400670492,3.60205999132796
147,1977,1.69134676413482,2,4.48410400670492,3.60205999132796
147,1978,1.69134676413482,2,4.48410400670492,3.60205999132796
147,1979,1.69134676413482,2,4.48410400670492,3.60205999132796
147,1980,1.69134676413482,2,4.48410400670492,3.60205999132796
147,1981,1.69134676413482,1.12763625255165,4.48410400670492,2.80102999566398
147,1982,1.69134676413482,1.12763625255165,4.48410400670492,2.80102999566398
147,1983,1.69134676413482,2,4.48410400670492,3.60205999132796
147,1984,1.69134676413482,2,4.48410400670492,3.60205999132796
147,1985,1.69134676413482,2,4.48410400670492,3.60205999132796
147,1986,1.69134676413482,2,4.48410400670492,3.60205999132796
147,1987,1.69134676413482,1.12763625255165,4.48410400670492,2.80102999566398
147,1988,1.69134676413482,2,4.48410400670492,3.60205999132796
147,1989,1.69134676413482,1.12763625255165,4.48410400670492,2.80102999566398
147,1990,1.69134676413482,1.12763625255165,4.48410400670492,2.80102999566398
147,1991,1.69134676413482,2,4.48410400670492,3.60205999132796
147,1992,1.69134676413482,2,4.48410400670492,3.60205999132796
147,1993,3.33445375115093,2,4.48410400670492,3.60205999132796
147,1994,3.33445375115093,2,4.48410400670492,3.60205999132796
147,1995,1.69134676413482,2,4.48410400670492,3.60205999132796
147,1996,1.69134676413482,1.12763625255165,4.48410400670492,2.80102999566398
147,1997,1.69134676413482,2,4.48410400670492,3.60205999132796
147,1998,0.150514997831991,1.12763625255165,4.48410400670492,2.80102999566398
147,1999,1.69134676413482,1.12763625255165,4.48410400670492,2.80102999566398
147,2000,1.69134676413482,1.12763625255165,4.48410400670492,2.80102999566398
147,2001,3.33445375115093,1.12763625255165,4.48410400670492,2.80102999566398
147,2002,1.69134676413482,1.12763625255165,4.48410400670492,2.80102999566398
147,2003,3.33445375115093,1.12763625255165,4.48410400670492,2.80102999566398
147,2004,3.33445375115093,1.12763625255165,4.48410400670492,2.80102999566398
147,2005,1.69134676413482,2,4.48410400670492,3.60205999132796
147,2006,1.69134676413482,2,4.48410400670492,3.60205999132796
147,2007,1.69134676413482,1.12763625255165,4.48410400670492,2.80102999566398
147,2008,3.33445375115093,1.12763625255165,4.48410400670492,2.80102999566398
147,2009,1.69134676413482,2,4.48410400670492,3.60205999132796
147,2010,3.33445375115093,2,4.48410400670492,3.60205999132796
147,2011,1.69134676413482,2,4.48410400670492,3.60205999132796
147,2012,1.69134676413482,2,4.48410400670492,3.60205999132796
147,2013,1.69134676413482,2,4.48410400670492,3.60205999132796
147,2014,1.69134676413482,1.5,4.48410400670492,2.80102999566398
147,2015,3.33445375115093,2,4.48410400670492,3.60205999132796
147,2016,1.69134676413482,2,4.48410400670492,3.60205999132796
147,2017,1.69134676413482,2,4.48410400670492,3.60205999132796
148,1966,3.86272752831797,NA,4.90308998699194,NA
148,1967,3.86272752831797,NA,4.90308998699194,NA
148,1968,3.86272752831797,NA,4.90308998699194,NA
148,1969,3.86272752831797,NA,4.90308998699194,NA
148,1970,3.86272752831797,NA,4.90308998699194,NA
148,1971,3.33445375115093,NA,4.48410400670492,NA
148,1972,1.69134676413482,NA,4.48410400670492,NA
148,1973,0.150514997831991,NA,3.33445375115093,NA
148,1974,0.150514997831991,NA,3.33445375115093,NA
148,1975,0.150514997831991,NA,3.33445375115093,NA
148,1976,0.150514997831991,NA,4.48410400670492,NA
148,1977,0.150514997831991,NA,4.48410400670492,NA
148,1978,0.150514997831991,NA,4.48410400670492,NA
148,1979,0.150514997831991,NA,4.48410400670492,NA
148,1980,0.150514997831991,NA,4.48410400670492,NA
148,1981,0.150514997831991,NA,3.33445375115093,NA
148,1982,0.150514997831991,NA,3.33445375115093,NA
148,1983,0.150514997831991,NA,4.48410400670492,NA
148,1984,0.150514997831991,NA,4.48410400670492,NA
148,1985,0.150514997831991,NA,4.48410400670492,NA
148,1986,0.150514997831991,NA,4.48410400670492,NA
148,1987,0.150514997831991,NA,3.33445375115093,NA
148,1988,0.150514997831991,NA,3.33445375115093,NA
148,1989,0.150514997831991,NA,4.48410400670492,NA
148,1990,0.150514997831991,0.477121254719662,3.33445375115093,1.77815125038364
148,1991,0.150514997831991,0.477121254719662,3.33445375115093,1.77815125038364
148,1992,0.150514997831991,1.12763625255165,4.48410400670492,2.80102999566398
148,1993,0.150514997831991,NA,4.48410400670492,NA
148,1994,0,2,0.301029995663981,3.60205999132796
148,1995,0,2,0.301029995663981,3.60205999132796
148,1996,0,2,0.301029995663981,3.60205999132796
148,1997,0.150514997831991,2,4.48410400670492,3.60205999132796
148,1998,0.150514997831991,2,4.48410400670492,3.60205999132796
148,1999,0.150514997831991,1.5,4.48410400670492,2.80102999566398
148,2000,0.150514997831991,1.5,4.48410400670492,2.80102999566398
148,2001,0.150514997831991,1.5,4.48410400670492,2.80102999566398
148,2002,0.150514997831991,1.5,4.48410400670492,2.80102999566398
148,2003,0.150514997831991,1.5,4.48410400670492,2.80102999566398
148,2004,0.150514997831991,1.5,4.48410400670492,2.80102999566398
148,2005,0.150514997831991,2,4.48410400670492,3.60205999132796
148,2006,0.150514997831991,2,4.48410400670492,3.60205999132796
148,2007,0.150514997831991,1.5,4.48410400670492,2.80102999566398
148,2008,0.150514997831991,2,4.48410400670492,3.60205999132796
148,2009,0.150514997831991,2,4.48410400670492,3.60205999132796
148,2010,0,1.5,0.301029995663981,2.80102999566398
148,2011,0,2,0.301029995663981,3.60205999132796
148,2012,0.150514997831991,2,4.48410400670492,3.60205999132796
148,2013,0.150514997831991,1.5,4.48410400670492,2.80102999566398
148,2014,0.150514997831991,1.5,4.48410400670492,2.80102999566398
148,2015,0.150514997831991,1.5,4.48410400670492,2.80102999566398
148,2016,0.150514997831991,1.12763625255165,4.48410400670492,2.80102999566398
148,2017,0,1.12763625255165,0.301029995663981,2.80102999566398
151,1950,1.69134676413482,0.477121254719662,4.48410400670492,1.77815125038364
151,1951,1.69134676413482,0.477121254719662,4.48410400670492,1.77815125038364
151,1952,1.69134676413482,0.477121254719662,4.48410400670492,1.77815125038364
151,1953,1.69134676413482,0.477121254719662,4.48410400670492,1.77815125038364
151,1954,1.69134676413482,0.477121254719662,4.48410400670492,1.77815125038364
151,1955,1.69134676413482,0.477121254719662,4.48410400670492,1.77815125038364
151,1956,1.69134676413482,0.477121254719662,4.48410400670492,1.77815125038364
151,1957,1.69134676413482,0.477121254719662,4.48410400670492,1.77815125038364
151,1958,1.69134676413482,0.477121254719662,4.48410400670492,1.77815125038364
151,1959,1.69134676413482,0.477121254719662,4.48410400670492,1.77815125038364
151,1960,1.69134676413482,1.12763625255165,4.48410400670492,2.80102999566398
151,1961,1.69134676413482,1.12763625255165,4.48410400670492,2.80102999566398
151,1962,1.69134676413482,1.12763625255165,4.48410400670492,2.80102999566398
151,1963,1.69134676413482,1.12763625255165,4.48410400670492,2.80102999566398
151,1964,1.69134676413482,1.12763625255165,4.48410400670492,2.80102999566398
151,1965,1.69134676413482,1.12763625255165,4.48410400670492,2.80102999566398
151,1966,1.69134676413482,1.12763625255165,4.48410400670492,2.80102999566398
151,1967,1.69134676413482,1.12763625255165,4.48410400670492,2.80102999566398
151,1968,1.69134676413482,0.477121254719662,4.48410400670492,1.77815125038364
151,1969,1.69134676413482,0.477121254719662,4.48410400670492,1.77815125038364
151,1970,1.69134676413482,1.12763625255165,4.48410400670492,2.80102999566398
151,1971,1.69134676413482,0.477121254719662,4.48410400670492,1.77815125038364
151,1972,1.69134676413482,0.477121254719662,4.48410400670492,1.77815125038364
151,1973,1.69134676413482,1.12763625255165,4.48410400670492,2.80102999566398
151,1974,1.69134676413482,1.12763625255165,4.48410400670492,2.80102999566398
151,1975,1.69134676413482,1.12763625255165,4.48410400670492,2.80102999566398
151,1976,1.69134676413482,1.12763625255165,4.48410400670492,2.80102999566398
151,1977,1.69134676413482,1.12763625255165,4.48410400670492,2.80102999566398
151,1978,1.69134676413482,1.12763625255165,4.48410400670492,2.80102999566398
151,1979,1.69134676413482,1.12763625255165,4.48410400670492,2.80102999566398
151,1980,1.69134676413482,1.12763625255165,4.48410400670492,2.80102999566398
151,1981,1.69134676413482,1.12763625255165,4.48410400670492,2.80102999566398
151,1982,1.69134676413482,1.12763625255165,4.48410400670492,2.80102999566398
151,1983,1.69134676413482,1.12763625255165,4.48410400670492,2.80102999566398
151,1984,1.69134676413482,1.12763625255165,4.48410400670492,2.80102999566398
151,1985,1.69134676413482,1.12763625255165,4.48410400670492,2.80102999566398
151,1986,1.69134676413482,1.12763625255165,4.48410400670492,2.80102999566398
151,1987,1.69134676413482,1.12763625255165,4.48410400670492,2.80102999566398
151,1988,1.69134676413482,1.12763625255165,4.48410400670492,2.80102999566398
151,1989,1.69134676413482,1.12763625255165,4.48410400670492,2.80102999566398
151,1990,1.69134676413482,1.12763625255165,4.48410400670492,2.80102999566398
151,1991,1.69134676413482,1.12763625255165,4.48410400670492,2.80102999566398
151,1992,1.69134676413482,1.12763625255165,4.48410400670492,2.80102999566398
151,1993,1.69134676413482,1.12763625255165,4.48410400670492,2.80102999566398
151,1994,1.69134676413482,1.12763625255165,4.48410400670492,2.80102999566398
151,1995,1.69134676413482,1.12763625255165,4.48410400670492,2.80102999566398
151,1996,1.69134676413482,1.12763625255165,4.48410400670492,2.80102999566398
151,1997,1.69134676413482,1.12763625255165,4.48410400670492,2.80102999566398
151,1998,1.69134676413482,1.12763625255165,4.48410400670492,2.80102999566398
151,1999,1.69134676413482,1.12763625255165,4.48410400670492,2.80102999566398
151,2000,1.69134676413482,1.12763625255165,4.48410400670492,2.80102999566398
151,2001,1.69134676413482,1.12763625255165,4.48410400670492,2.80102999566398
151,2002,1.69134676413482,1.12763625255165,4.48410400670492,2.80102999566398
151,2003,1.69134676413482,1.12763625255165,4.48410400670492,2.80102999566398
151,2004,1.69134676413482,1.12763625255165,4.48410400670492,2.80102999566398
151,2005,1.69134676413482,1.12763625255165,4.48410400670492,2.80102999566398
151,2006,1.69134676413482,1.12763625255165,4.48410400670492,2.80102999566398
151,2007,1.69134676413482,1.12763625255165,4.48410400670492,2.80102999566398
151,2008,1.69134676413482,1.12763625255165,4.48410400670492,2.80102999566398
151,2009,1.69134676413482,1.12763625255165,4.48410400670492,2.80102999566398
151,2010,1.69134676413482,1.12763625255165,4.48410400670492,2.80102999566398
151,2011,1.69134676413482,1.12763625255165,4.48410400670492,2.80102999566398
151,2012,1.69134676413482,1.12763625255165,4.48410400670492,2.80102999566398
151,2013,1.69134676413482,1.12763625255165,4.48410400670492,2.80102999566398
151,2014,1.69134676413482,1.12763625255165,4.48410400670492,2.80102999566398
151,2015,0.150514997831991,1.12763625255165,4.48410400670492,2.80102999566398
151,2016,1.69134676413482,1.12763625255165,4.48410400670492,2.80102999566398
151,2017,1.69134676413482,1.12763625255165,4.48410400670492,2.80102999566398
157,1920,-0.193820026016113,NA,2.43136376415899,NA
157,1921,-0.193820026016113,NA,2.43136376415899,NA
157,1922,-0.193820026016113,NA,2.43136376415899,NA
157,1923,-0.193820026016113,NA,2.43136376415899,NA
157,1924,-0.193820026016113,NA,2.43136376415899,NA
157,1925,-0.193820026016113,NA,2.43136376415899,NA
157,1926,-0.193820026016113,NA,2.43136376415899,NA
157,1927,-0.193820026016113,NA,2.43136376415899,NA
157,1928,-0.193820026016113,NA,2.43136376415899,NA
157,1929,-0.193820026016113,NA,2.43136376415899,NA
157,1930,-0.193820026016113,NA,2.43136376415899,NA
157,1931,-0.193820026016113,NA,2.43136376415899,NA
157,1932,-0.193820026016113,NA,2.43136376415899,NA
157,1933,-0.193820026016113,NA,2.43136376415899,NA
157,1934,-0.193820026016113,NA,2.43136376415899,NA
157,1935,-0.193820026016113,NA,2.43136376415899,NA
157,1936,-0.193820026016113,NA,2.43136376415899,NA
157,1937,-0.193820026016113,NA,2.43136376415899,NA
157,1938,-0.193820026016113,NA,2.43136376415899,NA
157,1939,-0.193820026016113,NA,2.43136376415899,NA
157,1940,-0.193820026016113,NA,2.43136376415899,NA
157,1941,-0.193820026016113,NA,2.43136376415899,NA
157,1942,-0.193820026016113,NA,2.43136376415899,NA
157,1943,-0.193820026016113,NA,2.43136376415899,NA
157,1944,-0.193820026016113,NA,2.43136376415899,NA
157,1945,-0.193820026016113,NA,2.43136376415899,NA
157,1946,-0.193820026016113,NA,2.43136376415899,NA
157,1947,-0.193820026016113,NA,2.43136376415899,NA
157,1948,-0.193820026016113,NA,2.43136376415899,NA
157,1949,-0.193820026016113,NA,2.43136376415899,NA
157,1950,1.69134676413482,1.12763625255165,4.48410400670492,2.80102999566398
157,1951,1.69134676413482,1.12763625255165,4.48410400670492,2.80102999566398
157,1952,1.69134676413482,1.12763625255165,4.48410400670492,2.80102999566398
157,1953,1.69134676413482,1.12763625255165,4.48410400670492,2.80102999566398
157,1954,1.69134676413482,1.12763625255165,4.48410400670492,2.80102999566398
157,1955,1.69134676413482,1.12763625255165,4.48410400670492,2.80102999566398
157,1956,1.69134676413482,1.12763625255165,4.48410400670492,2.80102999566398
157,1957,1.69134676413482,1.12763625255165,4.48410400670492,2.80102999566398
157,1958,1.69134676413482,1.12763625255165,4.48410400670492,2.80102999566398
157,1959,1.69134676413482,1.12763625255165,4.48410400670492,2.80102999566398
157,1960,1.69134676413482,1.12763625255165,4.48410400670492,2.80102999566398
157,1961,1.69134676413482,1.12763625255165,4.48410400670492,2.80102999566398
157,1962,1.69134676413482,1.12763625255165,4.48410400670492,2.80102999566398
157,1963,1.69134676413482,1.12763625255165,4.48410400670492,2.80102999566398
157,1964,1.69134676413482,1.12763625255165,4.48410400670492,2.80102999566398
157,1965,1.69134676413482,1.12763625255165,4.48410400670492,2.80102999566398
157,1966,1.69134676413482,1.12763625255165,4.48410400670492,2.80102999566398
157,1967,1.69134676413482,1.12763625255165,4.48410400670492,2.80102999566398
157,1968,1.69134676413482,1.12763625255165,4.48410400670492,2.80102999566398
157,1969,1.69134676413482,1.12763625255165,4.48410400670492,2.80102999566398
157,1970,1.69134676413482,1.12763625255165,4.48410400670492,2.80102999566398
157,1971,1.69134676413482,1.12763625255165,4.48410400670492,2.80102999566398
157,1972,1.69134676413482,1.12763625255165,4.48410400670492,2.80102999566398
157,1973,1.69134676413482,1.12763625255165,4.48410400670492,2.80102999566398
157,1974,1.69134676413482,1.12763625255165,4.48410400670492,2.80102999566398
157,1975,1.69134676413482,1.12763625255165,4.48410400670492,2.80102999566398
157,1976,1.69134676413482,1.12763625255165,4.48410400670492,2.80102999566398
157,1977,1.69134676413482,1.12763625255165,4.48410400670492,2.80102999566398
157,1978,1.69134676413482,1.12763625255165,4.48410400670492,2.80102999566398
157,1979,1.69134676413482,1.12763625255165,4.48410400670492,2.80102999566398
157,1980,1.69134676413482,1.12763625255165,4.48410400670492,2.80102999566398
157,1981,1.69134676413482,1.12763625255165,4.48410400670492,2.80102999566398
157,1982,1.69134676413482,1.12763625255165,4.48410400670492,2.80102999566398
157,1983,1.69134676413482,1.12763625255165,4.48410400670492,2.80102999566398
157,1984,1.69134676413482,1.12763625255165,4.48410400670492,2.80102999566398
157,1985,1.69134676413482,1.12763625255165,4.48410400670492,2.80102999566398
157,1986,1.69134676413482,1.12763625255165,4.48410400670492,2.80102999566398
157,1987,1.69134676413482,1.12763625255165,4.48410400670492,2.80102999566398
157,1988,1.69134676413482,1.12763625255165,4.48410400670492,2.80102999566398
157,1989,1.69134676413482,1.12763625255165,4.48410400670492,2.80102999566398
157,1990,1.69134676413482,1.12763625255165,4.48410400670492,2.80102999566398
157,1991,1.69134676413482,1.12763625255165,4.48410400670492,2.80102999566398
157,1992,1.69134676413482,1.12763625255165,4.48410400670492,2.80102999566398
157,1993,1.69134676413482,1.12763625255165,4.48410400670492,2.80102999566398
157,1994,1.69134676413482,1.12763625255165,4.48410400670492,2.80102999566398
157,1995,1.69134676413482,1.12763625255165,4.48410400670492,2.80102999566398
157,1996,1.69134676413482,1.12763625255165,4.48410400670492,2.80102999566398
157,1997,1.69134676413482,1.12763625255165,4.48410400670492,2.80102999566398
157,1998,1.69134676413482,1.12763625255165,4.48410400670492,2.80102999566398
157,1999,1.69134676413482,1.12763625255165,4.48410400670492,2.80102999566398
157,2000,1.69134676413482,1.12763625255165,4.48410400670492,2.80102999566398
157,2001,1.69134676413482,1.12763625255165,4.48410400670492,2.80102999566398
157,2002,1.69134676413482,1.12763625255165,4.48410400670492,2.80102999566398
157,2003,1.69134676413482,1.12763625255165,4.48410400670492,2.80102999566398
157,2004,1.69134676413482,1.12763625255165,4.48410400670492,2.80102999566398
157,2005,1.69134676413482,1.12763625255165,4.48410400670492,2.80102999566398
157,2006,1.69134676413482,1.12763625255165,4.48410400670492,2.80102999566398
157,2007,1.69134676413482,1.12763625255165,4.48410400670492,2.80102999566398
157,2008,1.69134676413482,1.12763625255165,4.48410400670492,2.80102999566398
157,2009,1.69134676413482,1.12763625255165,4.48410400670492,2.80102999566398
157,2010,1.69134676413482,1.12763625255165,4.48410400670492,2.80102999566398
157,2011,1.69134676413482,1.12763625255165,4.48410400670492,2.80102999566398
157,2012,1.69134676413482,1.12763625255165,4.48410400670492,2.80102999566398
157,2013,1.69134676413482,1.12763625255165,4.48410400670492,2.80102999566398
157,2014,1.69134676413482,1.12763625255165,4.48410400670492,2.80102999566398
157,2015,1.69134676413482,1.12763625255165,4.48410400670492,2.80102999566398
157,2016,1.69134676413482,1.12763625255165,4.48410400670492,2.80102999566398
157,2017,1.69134676413482,1.12763625255165,4.48410400670492,2.80102999566398
158,1950,1.69134676413482,NA,3.01629357380715,NA
158,1951,1.69134676413482,NA,3.01629357380715,NA
158,1952,1.69134676413482,NA,3.01629357380715,NA
158,1953,-0.193820026016113,NA,2.43136376415899,NA
158,1954,-0.193820026016113,NA,2.43136376415899,NA
158,1955,1.69134676413482,NA,3.01629357380715,NA
158,1956,1.69134676413482,NA,3.01629357380715,NA
158,1957,1.69134676413482,NA,3.01629357380715,NA
158,1958,-0.193820026016113,NA,2.43136376415899,NA
158,1959,1.69134676413482,NA,3.01629357380715,NA
158,1960,1.69134676413482,NA,3.01629357380715,NA
158,1961,1.69134676413482,NA,3.01629357380715,NA
158,1962,1.69134676413482,NA,3.01629357380715,NA
158,1963,1.69134676413482,NA,4.48410400670492,NA
158,1964,1.69134676413482,NA,4.48410400670492,NA
158,1965,1.69134676413482,NA,3.01629357380715,NA
158,1966,-0.193820026016113,NA,2.43136376415899,NA
158,1967,1.69134676413482,NA,3.01629357380715,NA
158,1968,1.69134676413482,NA,3.01629357380715,NA
158,1969,1.69134676413482,NA,3.01629357380715,NA
158,1970,1.69134676413482,NA,3.33445375115093,NA
158,1971,1.69134676413482,NA,4.48410400670492,NA
158,1972,1.69134676413482,NA,4.48410400670492,NA
158,1973,1.69134676413482,NA,4.48410400670492,NA
158,1974,1.69134676413482,NA,4.48410400670492,NA
158,1975,0.150514997831991,NA,4.48410400670492,NA
158,1976,0.150514997831991,NA,4.48410400670492,NA
158,1977,0.150514997831991,NA,4.48410400670492,NA
158,1978,0.150514997831991,2,4.48410400670492,3.60205999132796
158,1979,0,NA,0.301029995663981,NA
158,1980,0.150514997831991,2,4.48410400670492,3.60205999132796
158,1981,0.150514997831991,2,4.48410400670492,3.60205999132796
158,1982,0.150514997831991,2,4.48410400670492,3.60205999132796
158,1983,0.150514997831991,2,4.48410400670492,3.60205999132796
158,1984,0.150514997831991,2,4.48410400670492,3.60205999132796
158,1985,0.150514997831991,2,4.48410400670492,3.60205999132796
158,1986,0.150514997831991,2,4.48410400670492,3.60205999132796
158,1987,0.150514997831991,2,4.48410400670492,3.60205999132796
158,1988,0.150514997831991,2,4.48410400670492,3.60205999132796
158,1989,0.150514997831991,2,4.48410400670492,3.60205999132796
158,1990,0.150514997831991,2,4.48410400670492,3.60205999132796
158,1991,3.01629357380715,2,4.48410400670492,3.60205999132796
158,1992,0.150514997831991,2,4.48410400670492,3.60205999132796
158,1993,0.150514997831991,2,4.48410400670492,3.60205999132796
158,1994,0.150514997831991,NA,4.48410400670492,NA
158,1995,0.150514997831991,NA,4.48410400670492,NA
158,1996,3.86272752831797,NA,4.90308998699194,NA
158,1997,3.01629357380715,2,4.48410400670492,3.60205999132796
158,1998,3.33445375115093,2,4.48410400670492,3.60205999132796
158,1999,3.33445375115093,2,4.48410400670492,3.60205999132796
158,2000,3.33445375115093,1.12763625255165,4.48410400670492,2.80102999566398
158,2001,3.33445375115093,1.12763625255165,4.48410400670492,2.80102999566398
158,2002,3.01629357380715,1.12763625255165,4.48410400670492,2.80102999566398
158,2003,2.53959062302381,1.12763625255165,4.48410400670492,2.80102999566398
158,2004,2.53959062302381,1.12763625255165,4.48410400670492,2.80102999566398
158,2005,3.01629357380715,2,4.48410400670492,3.60205999132796
158,2006,3.33445375115093,1.5,4.48410400670492,2.80102999566398
158,2007,1.69134676413482,0.301029995663981,4.48410400670492,2.69897000433602
158,2008,1.69134676413482,0.301029995663981,4.48410400670492,2.69897000433602
158,2009,3.33445375115093,2,4.48410400670492,3.60205999132796
158,2010,3.33445375115093,2,4.48410400670492,3.60205999132796
158,2011,3.33445375115093,2,4.48410400670492,3.60205999132796
158,2012,3.33445375115093,1.5,4.48410400670492,2.80102999566398
158,2013,1.69134676413482,1.5,4.48410400670492,2.80102999566398
158,2014,3.33445375115093,1.5,4.48410400670492,2.80102999566398
158,2015,1.69134676413482,0.301029995663981,4.48410400670492,2.69897000433602
158,2016,1.69134676413482,1.5,4.48410400670492,2.80102999566398
158,2017,0.150514997831991,0.301029995663981,4.48410400670492,2.69897000433602
161,1894,-0.193820026016113,NA,2.43136376415899,NA
161,1895,-0.193820026016113,NA,2.43136376415899,NA
161,1896,-0.193820026016113,NA,2.43136376415899,NA
161,1897,-0.193820026016113,NA,2.43136376415899,NA
161,1898,-0.193820026016113,NA,2.43136376415899,NA
161,1899,-0.193820026016113,NA,2.43136376415899,NA
161,1900,-0.193820026016113,NA,2.43136376415899,NA
161,1901,-0.193820026016113,NA,2.43136376415899,NA
161,1902,-0.193820026016113,NA,2.43136376415899,NA
161,1903,-0.193820026016113,NA,2.43136376415899,NA
161,1904,-0.193820026016113,NA,2.43136376415899,NA
161,1905,-0.193820026016113,NA,2.43136376415899,NA
161,1906,-0.193820026016113,NA,2.43136376415899,NA
161,1907,-0.193820026016113,NA,2.43136376415899,NA
161,1908,-0.193820026016113,NA,2.43136376415899,NA
161,1909,-0.193820026016113,NA,2.43136376415899,NA
161,1910,-0.193820026016113,NA,2.43136376415899,NA
161,1911,-0.193820026016113,NA,2.43136376415899,NA
161,1912,-0.193820026016113,NA,2.43136376415899,NA
161,1913,-0.193820026016113,NA,2.43136376415899,NA
161,1914,-0.193820026016113,NA,2.43136376415899,NA
161,1915,-0.193820026016113,NA,2.43136376415899,NA
161,1916,-0.193820026016113,NA,2.43136376415899,NA
161,1917,-0.193820026016113,NA,2.43136376415899,NA
161,1918,-0.193820026016113,NA,2.43136376415899,NA
161,1919,-0.193820026016113,NA,2.43136376415899,NA
161,1920,-0.193820026016113,NA,2.43136376415899,NA
161,1921,-0.193820026016113,NA,2.43136376415899,NA
161,1922,-0.193820026016113,NA,2.43136376415899,NA
161,1923,-0.193820026016113,NA,2.43136376415899,NA
161,1924,-0.193820026016113,NA,2.43136376415899,NA
161,1925,-0.193820026016113,NA,2.43136376415899,NA
161,1926,-0.193820026016113,NA,2.43136376415899,NA
161,1927,-0.193820026016113,NA,2.43136376415899,NA
161,1928,-0.193820026016113,NA,2.43136376415899,NA
161,1929,-0.193820026016113,NA,2.43136376415899,NA
161,1930,-0.193820026016113,NA,2.43136376415899,NA
161,1931,-0.193820026016113,NA,2.43136376415899,NA
161,1932,-0.193820026016113,NA,2.43136376415899,NA
161,1933,-0.193820026016113,NA,2.43136376415899,NA
161,1934,-0.193820026016113,NA,2.43136376415899,NA
161,1935,-0.193820026016113,NA,2.43136376415899,NA
161,1936,-0.193820026016113,NA,2.43136376415899,NA
161,1937,-0.193820026016113,NA,2.43136376415899,NA
161,1938,-0.193820026016113,NA,2.43136376415899,NA
161,1939,-0.193820026016113,NA,2.43136376415899,NA
161,1940,-0.193820026016113,NA,2.43136376415899,NA
161,1941,-0.193820026016113,NA,2.43136376415899,NA
161,1942,-0.193820026016113,NA,2.43136376415899,NA
161,1943,-0.193820026016113,NA,2.43136376415899,NA
161,1944,-0.193820026016113,NA,2.43136376415899,NA
161,1945,-0.193820026016113,NA,2.43136376415899,NA
161,1946,-0.193820026016113,NA,2.43136376415899,NA
161,1947,-0.193820026016113,NA,2.43136376415899,NA
161,1948,-0.193820026016113,NA,2.43136376415899,NA
161,1949,-0.193820026016113,NA,2.43136376415899,NA
161,1950,1.69134676413482,1.12763625255165,4.48410400670492,2.80102999566398
161,1951,1.69134676413482,1.12763625255165,4.48410400670492,2.80102999566398
161,1952,1.69134676413482,1.12763625255165,4.48410400670492,2.80102999566398
161,1953,1.69134676413482,1.12763625255165,4.48410400670492,2.80102999566398
161,1954,1.69134676413482,1.12763625255165,4.48410400670492,2.80102999566398
161,1955,1.69134676413482,1.12763625255165,4.48410400670492,2.80102999566398
161,1956,1.69134676413482,1.12763625255165,4.48410400670492,2.80102999566398
161,1957,1.69134676413482,1.12763625255165,4.48410400670492,2.80102999566398
161,1958,1.69134676413482,1.12763625255165,4.48410400670492,2.80102999566398
161,1959,1.69134676413482,1.12763625255165,4.48410400670492,2.80102999566398
161,1960,1.69134676413482,1.12763625255165,4.48410400670492,2.80102999566398
161,1961,1.69134676413482,1.12763625255165,4.48410400670492,2.80102999566398
161,1962,1.69134676413482,1.12763625255165,4.48410400670492,2.80102999566398
161,1963,1.69134676413482,1.12763625255165,4.48410400670492,2.80102999566398
161,1964,1.69134676413482,1.12763625255165,4.48410400670492,2.80102999566398
161,1965,1.69134676413482,1.12763625255165,4.48410400670492,2.80102999566398
161,1966,1.69134676413482,1.12763625255165,4.48410400670492,2.80102999566398
161,1967,1.69134676413482,1.12763625255165,4.48410400670492,2.80102999566398
161,1968,1.69134676413482,1.12763625255165,4.48410400670492,2.80102999566398
161,1969,1.69134676413482,1.12763625255165,4.48410400670492,2.80102999566398
161,1970,1.69134676413482,1.12763625255165,4.48410400670492,2.80102999566398
161,1971,1.69134676413482,1.12763625255165,4.48410400670492,2.80102999566398
161,1972,1.69134676413482,1.12763625255165,4.48410400670492,2.80102999566398
161,1973,1.69134676413482,1.12763625255165,4.48410400670492,2.80102999566398
161,1974,1.69134676413482,1.12763625255165,4.48410400670492,2.80102999566398
161,1975,1.69134676413482,1.12763625255165,4.48410400670492,2.80102999566398
161,1976,1.69134676413482,1.12763625255165,4.48410400670492,2.80102999566398
161,1977,1.69134676413482,1.12763625255165,4.48410400670492,2.80102999566398
161,1978,1.69134676413482,1.12763625255165,4.48410400670492,2.80102999566398
161,1979,1.69134676413482,1.12763625255165,4.48410400670492,2.80102999566398
161,1980,1.69134676413482,1.12763625255165,4.48410400670492,2.80102999566398
161,1981,1.69134676413482,1.12763625255165,4.48410400670492,2.80102999566398
161,1982,1.69134676413482,1.12763625255165,4.48410400670492,2.80102999566398
161,1983,1.69134676413482,1.12763625255165,4.48410400670492,2.80102999566398
161,1984,1.69134676413482,1.12763625255165,4.48410400670492,2.80102999566398
161,1985,1.69134676413482,1.12763625255165,4.48410400670492,2.80102999566398
161,1986,1.69134676413482,1.12763625255165,4.48410400670492,2.80102999566398
161,1987,1.69134676413482,1.12763625255165,4.48410400670492,2.80102999566398
161,1988,1.69134676413482,1.12763625255165,4.48410400670492,2.80102999566398
161,1989,1.69134676413482,1.12763625255165,4.48410400670492,2.80102999566398
161,1990,1.69134676413482,1.12763625255165,4.48410400670492,2.80102999566398
161,1991,1.69134676413482,1.12763625255165,4.48410400670492,2.80102999566398
161,1992,1.69134676413482,1.12763625255165,4.48410400670492,2.80102999566398
161,1993,1.69134676413482,1.12763625255165,4.48410400670492,2.80102999566398
161,1994,1.69134676413482,1.12763625255165,4.48410400670492,2.80102999566398
161,1995,1.69134676413482,1.12763625255165,4.48410400670492,2.80102999566398
161,1996,1.69134676413482,1.12763625255165,4.48410400670492,2.80102999566398
161,1997,1.69134676413482,1.12763625255165,4.48410400670492,2.80102999566398
161,1998,1.69134676413482,1.12763625255165,4.48410400670492,2.80102999566398
161,1999,1.69134676413482,1.12763625255165,4.48410400670492,2.80102999566398
161,2000,1.69134676413482,1.12763625255165,4.48410400670492,2.80102999566398
161,2001,1.69134676413482,1.12763625255165,4.48410400670492,2.80102999566398
161,2002,1.69134676413482,1.12763625255165,4.48410400670492,2.80102999566398
161,2003,1.69134676413482,1.12763625255165,4.48410400670492,2.80102999566398
161,2004,1.69134676413482,1.12763625255165,4.48410400670492,2.80102999566398
161,2005,1.69134676413482,1.12763625255165,4.48410400670492,2.80102999566398
161,2006,1.69134676413482,1.12763625255165,4.48410400670492,2.80102999566398
161,2007,1.69134676413482,1.12763625255165,4.48410400670492,2.80102999566398
161,2008,1.69134676413482,1.12763625255165,4.48410400670492,2.80102999566398
161,2009,1.69134676413482,1.12763625255165,4.48410400670492,2.80102999566398
161,2010,1.69134676413482,1.12763625255165,4.48410400670492,2.80102999566398
161,2011,1.69134676413482,1.12763625255165,4.48410400670492,2.80102999566398
161,2012,1.69134676413482,1.12763625255165,4.48410400670492,2.80102999566398
161,2013,1.69134676413482,1.12763625255165,4.48410400670492,2.80102999566398
161,2014,1.69134676413482,1.12763625255165,4.48410400670492,2.80102999566398
161,2015,1.69134676413482,1.12763625255165,4.48410400670492,2.80102999566398
161,2016,1.69134676413482,1.12763625255165,4.48410400670492,2.80102999566398
161,2017,1.69134676413482,1.12763625255165,4.48410400670492,2.80102999566398
167,1911,2.43136376415899,NA,3.86272752831797,NA
167,1912,2.43136376415899,NA,3.86272752831797,NA
167,1913,2.43136376415899,NA,3.86272752831797,NA
167,1914,2.43136376415899,NA,3.86272752831797,NA
167,1915,2.43136376415899,NA,3.86272752831797,NA
167,1916,2.43136376415899,NA,3.86272752831797,NA
167,1917,2.43136376415899,NA,3.86272752831797,NA
167,1918,2.43136376415899,NA,3.86272752831797,NA
167,1919,2.43136376415899,NA,3.86272752831797,NA
167,1920,2.43136376415899,NA,3.86272752831797,NA
167,1921,2.43136376415899,NA,3.86272752831797,NA
167,1922,2.43136376415899,NA,3.86272752831797,NA
167,1923,2.43136376415899,NA,3.86272752831797,NA
167,1924,2.43136376415899,NA,3.86272752831797,NA
167,1925,2.43136376415899,NA,3.86272752831797,NA
167,1926,2.43136376415899,NA,3.86272752831797,NA
167,1927,2.43136376415899,NA,3.86272752831797,NA
167,1928,2.43136376415899,NA,3.86272752831797,NA
167,1929,2.43136376415899,NA,3.86272752831797,NA
167,1930,2.43136376415899,NA,3.86272752831797,NA
167,1931,2.43136376415899,NA,3.86272752831797,NA
167,1932,2.43136376415899,NA,3.86272752831797,NA
167,1933,2.43136376415899,NA,3.86272752831797,NA
167,1934,2.43136376415899,NA,3.86272752831797,NA
167,1935,2.43136376415899,NA,3.86272752831797,NA
167,1936,2.43136376415899,NA,3.86272752831797,NA
167,1937,2.43136376415899,NA,3.86272752831797,NA
167,1938,2.43136376415899,NA,3.86272752831797,NA
167,1939,2.43136376415899,NA,3.86272752831797,NA
167,1940,2.43136376415899,NA,3.86272752831797,NA
167,1941,2.43136376415899,NA,3.86272752831797,NA
167,1942,2.43136376415899,NA,3.86272752831797,NA
167,1943,2.43136376415899,NA,3.86272752831797,NA
167,1944,2.43136376415899,NA,3.86272752831797,NA
167,1945,2.43136376415899,NA,3.86272752831797,NA
167,1946,2.43136376415899,NA,3.86272752831797,NA
167,1947,2.43136376415899,NA,3.86272752831797,NA
167,1948,2.43136376415899,NA,3.86272752831797,NA
167,1949,2.43136376415899,NA,3.86272752831797,NA
167,1950,3.01629357380715,1.12763625255165,4.48410400670492,2.80102999566398
167,1951,3.33445375115093,1.12763625255165,4.48410400670492,2.80102999566398
167,1952,3.01629357380715,1.12763625255165,4.48410400670492,2.80102999566398
167,1953,3.33445375115093,1.5,4.48410400670492,2.80102999566398
167,1954,1.69134676413482,1.12763625255165,4.48410400670492,2.80102999566398
167,1955,1.69134676413482,1.12763625255165,4.48410400670492,2.80102999566398
167,1956,1.69134676413482,1.12763625255165,4.48410400670492,2.80102999566398
167,1957,1.69134676413482,1.12763625255165,4.48410400670492,2.80102999566398
167,1958,1.69134676413482,1.12763625255165,4.48410400670492,2.80102999566398
167,1959,3.33445375115093,1.12763625255165,4.48410400670492,2.80102999566398
167,1960,3.01629357380715,1.12763625255165,4.48410400670492,2.80102999566398
167,1961,3.01629357380715,1.12763625255165,4.48410400670492,2.80102999566398
167,1962,3.01629357380715,1.12763625255165,4.48410400670492,2.80102999566398
167,1963,3.01629357380715,1.12763625255165,4.48410400670492,2.80102999566398
167,1964,3.01629357380715,1.12763625255165,4.48410400670492,2.80102999566398
167,1965,1.69134676413482,1.12763625255165,4.48410400670492,2.80102999566398
167,1966,1.69134676413482,1.12763625255165,4.48410400670492,2.80102999566398
167,1967,1.69134676413482,1.12763625255165,4.48410400670492,2.80102999566398
167,1968,1.69134676413482,1.12763625255165,4.48410400670492,2.80102999566398
167,1969,1.69134676413482,1.12763625255165,4.48410400670492,2.80102999566398
167,1970,1.69134676413482,1.12763625255165,4.48410400670492,2.80102999566398
167,1971,1.69134676413482,1.12763625255165,4.48410400670492,2.80102999566398
167,1972,1.69134676413482,1.12763625255165,4.48410400670492,2.80102999566398
167,1973,1.69134676413482,1.12763625255165,4.48410400670492,2.80102999566398
167,1974,1.69134676413482,1.12763625255165,4.48410400670492,2.80102999566398
167,1975,1.69134676413482,1.12763625255165,4.48410400670492,2.80102999566398
167,1976,1.69134676413482,1.12763625255165,4.48410400670492,2.80102999566398
167,1977,1.69134676413482,1.12763625255165,4.48410400670492,2.80102999566398
167,1978,1.69134676413482,1.12763625255165,4.48410400670492,2.80102999566398
167,1979,1.69134676413482,1.12763625255165,4.48410400670492,2.80102999566398
167,1980,1.69134676413482,1.12763625255165,4.48410400670492,2.80102999566398
167,1981,1.69134676413482,1.12763625255165,4.48410400670492,2.80102999566398
167,1982,1.69134676413482,1.12763625255165,4.48410400670492,2.80102999566398
167,1983,1.69134676413482,1.12763625255165,4.48410400670492,2.80102999566398
167,1984,1.69134676413482,1.12763625255165,4.48410400670492,2.80102999566398
167,1985,1.69134676413482,1.12763625255165,4.48410400670492,2.80102999566398
167,1986,1.69134676413482,1.12763625255165,4.48410400670492,2.80102999566398
167,1987,1.69134676413482,1.12763625255165,4.48410400670492,2.80102999566398
167,1988,2.53959062302381,1.12763625255165,4.48410400670492,2.80102999566398
167,1989,1.69134676413482,1.12763625255165,4.48410400670492,2.80102999566398
167,1990,3.01629357380715,1.12763625255165,4.48410400670492,2.80102999566398
167,1991,1.69134676413482,1.12763625255165,4.48410400670492,2.80102999566398
167,1992,1.69134676413482,1.12763625255165,4.48410400670492,2.80102999566398
167,1993,1.69134676413482,1.12763625255165,4.48410400670492,2.80102999566398
167,1994,3.01629357380715,1.12763625255165,4.48410400670492,2.80102999566398
167,1995,1.69134676413482,1.12763625255165,4.48410400670492,2.80102999566398
167,1996,1.69134676413482,1.12763625255165,4.48410400670492,2.80102999566398
167,1997,1.69134676413482,1.12763625255165,4.48410400670492,2.80102999566398
167,1998,1.69134676413482,1.12763625255165,4.48410400670492,2.80102999566398
167,1999,1.69134676413482,1.12763625255165,4.48410400670492,2.80102999566398
167,2000,3.01629357380715,1.12763625255165,4.48410400670492,2.80102999566398
167,2001,3.01629357380715,1.12763625255165,4.48410400670492,2.80102999566398
167,2002,3.01629357380715,1.12763625255165,4.48410400670492,2.80102999566398
167,2003,3.01629357380715,1.12763625255165,4.48410400670492,2.80102999566398
167,2004,3.01629357380715,1.12763625255165,4.48410400670492,2.80102999566398
167,2005,1.69134676413482,1.12763625255165,4.48410400670492,2.80102999566398
167,2006,1.69134676413482,1.12763625255165,4.48410400670492,2.80102999566398
167,2007,1.69134676413482,1.12763625255165,4.48410400670492,2.80102999566398
167,2008,1.69134676413482,1.12763625255165,4.48410400670492,2.80102999566398
167,2009,1.69134676413482,1.12763625255165,4.48410400670492,2.80102999566398
167,2010,3.01629357380715,1.12763625255165,4.48410400670492,2.80102999566398
167,2011,1.69134676413482,1.12763625255165,4.48410400670492,2.80102999566398
167,2012,3.01629357380715,1.12763625255165,4.48410400670492,2.80102999566398
167,2013,3.01629357380715,1.12763625255165,4.48410400670492,2.80102999566398
167,2014,3.01629357380715,1.12763625255165,4.48410400670492,2.80102999566398
167,2015,1.69134676413482,1.12763625255165,4.48410400670492,2.80102999566398
167,2016,1.69134676413482,1.12763625255165,4.48410400670492,2.80102999566398
167,2017,1.69134676413482,1.12763625255165,4.48410400670492,2.80102999566398
171,1920,-0.193820026016113,NA,2.43136376415899,NA
171,1921,-0.193820026016113,NA,2.43136376415899,NA
171,1922,-0.193820026016113,NA,2.43136376415899,NA
171,1923,-0.193820026016113,NA,2.43136376415899,NA
171,1924,-0.193820026016113,NA,2.43136376415899,NA
171,1925,-0.193820026016113,NA,2.43136376415899,NA
171,1926,-0.193820026016113,NA,2.43136376415899,NA
171,1927,-0.193820026016113,NA,2.43136376415899,NA
171,1928,-0.193820026016113,NA,2.43136376415899,NA
171,1929,-0.193820026016113,NA,2.43136376415899,NA
171,1930,-0.193820026016113,NA,2.43136376415899,NA
171,1931,-0.193820026016113,NA,2.43136376415899,NA
171,1932,-0.193820026016113,NA,2.43136376415899,NA
171,1933,-0.193820026016113,NA,2.43136376415899,NA
171,1934,-0.193820026016113,NA,2.43136376415899,NA
171,1935,-0.193820026016113,NA,2.43136376415899,NA
171,1936,-0.193820026016113,NA,2.43136376415899,NA
171,1937,-0.193820026016113,NA,2.43136376415899,NA
171,1938,-0.193820026016113,NA,2.43136376415899,NA
171,1939,-0.193820026016113,NA,2.43136376415899,NA
171,1940,-0.193820026016113,NA,2.43136376415899,NA
171,1941,-0.193820026016113,NA,2.43136376415899,NA
171,1942,-0.193820026016113,NA,2.43136376415899,NA
171,1943,-0.193820026016113,NA,2.43136376415899,NA
171,1944,-0.193820026016113,NA,2.43136376415899,NA
171,1945,-0.193820026016113,NA,2.43136376415899,NA
171,1946,-0.193820026016113,NA,2.43136376415899,NA
171,1947,-0.193820026016113,NA,2.43136376415899,NA
171,1948,-0.193820026016113,NA,2.43136376415899,NA
171,1949,-0.193820026016113,NA,2.43136376415899,NA
171,1950,1.69134676413482,1.12763625255165,4.48410400670492,2.80102999566398
171,1951,1.69134676413482,1.12763625255165,4.48410400670492,2.80102999566398
171,1952,1.69134676413482,1.12763625255165,4.48410400670492,2.80102999566398
171,1953,1.69134676413482,1.12763625255165,4.48410400670492,2.80102999566398
171,1954,1.69134676413482,1.12763625255165,4.48410400670492,2.80102999566398
171,1955,1.69134676413482,1.12763625255165,4.48410400670492,2.80102999566398
171,1956,1.69134676413482,1.12763625255165,4.48410400670492,2.80102999566398
171,1957,1.69134676413482,1.12763625255165,4.48410400670492,2.80102999566398
171,1958,1.69134676413482,1.12763625255165,4.48410400670492,2.80102999566398
171,1959,1.69134676413482,1.12763625255165,4.48410400670492,2.80102999566398
171,1960,1.69134676413482,1.12763625255165,4.48410400670492,2.80102999566398
171,1961,1.69134676413482,1.12763625255165,4.48410400670492,2.80102999566398
171,1962,1.69134676413482,1.12763625255165,4.48410400670492,2.80102999566398
171,1963,1.69134676413482,1.12763625255165,4.48410400670492,2.80102999566398
171,1964,1.69134676413482,1.12763625255165,4.48410400670492,2.80102999566398
171,1965,1.69134676413482,1.12763625255165,4.48410400670492,2.80102999566398
171,1966,1.69134676413482,1.12763625255165,4.48410400670492,2.80102999566398
171,1967,1.69134676413482,1.12763625255165,4.48410400670492,2.80102999566398
171,1968,1.69134676413482,1.12763625255165,4.48410400670492,2.80102999566398
171,1969,1.69134676413482,1.12763625255165,4.48410400670492,2.80102999566398
171,1970,1.69134676413482,1.12763625255165,4.48410400670492,2.80102999566398
171,1971,1.69134676413482,1.12763625255165,4.48410400670492,2.80102999566398
171,1972,1.69134676413482,1.12763625255165,4.48410400670492,2.80102999566398
171,1973,1.69134676413482,1.12763625255165,4.48410400670492,2.80102999566398
171,1974,1.69134676413482,1.12763625255165,4.48410400670492,2.80102999566398
171,1975,1.69134676413482,1.12763625255165,4.48410400670492,2.80102999566398
171,1976,1.69134676413482,1.12763625255165,4.48410400670492,2.80102999566398
171,1977,1.69134676413482,1.12763625255165,4.48410400670492,2.80102999566398
171,1978,1.69134676413482,1.12763625255165,4.48410400670492,2.80102999566398
171,1979,1.69134676413482,1.12763625255165,4.48410400670492,2.80102999566398
171,1980,1.69134676413482,1.12763625255165,4.48410400670492,2.80102999566398
171,1981,1.69134676413482,1.12763625255165,4.48410400670492,2.80102999566398
171,1982,1.69134676413482,1.12763625255165,4.48410400670492,2.80102999566398
171,1983,1.69134676413482,1.12763625255165,4.48410400670492,2.80102999566398
171,1984,1.69134676413482,1.12763625255165,4.48410400670492,2.80102999566398
171,1985,1.69134676413482,1.12763625255165,4.48410400670492,2.80102999566398
171,1986,1.69134676413482,1.12763625255165,4.48410400670492,2.80102999566398
171,1987,1.69134676413482,1.12763625255165,4.48410400670492,2.80102999566398
171,1988,1.69134676413482,1.12763625255165,4.48410400670492,2.80102999566398
171,1989,1.69134676413482,1.12763625255165,4.48410400670492,2.80102999566398
171,1990,1.69134676413482,1.12763625255165,4.48410400670492,2.80102999566398
171,1991,1.69134676413482,1.12763625255165,4.48410400670492,2.80102999566398
171,1992,1.69134676413482,1.12763625255165,4.48410400670492,2.80102999566398
171,1993,1.69134676413482,1.12763625255165,4.48410400670492,2.80102999566398
171,1994,1.69134676413482,1.12763625255165,4.48410400670492,2.80102999566398
171,1995,1.69134676413482,1.12763625255165,4.48410400670492,2.80102999566398
171,1996,1.69134676413482,1.12763625255165,4.48410400670492,2.80102999566398
171,1997,1.69134676413482,1.12763625255165,4.48410400670492,2.80102999566398
171,1998,1.69134676413482,1.12763625255165,4.48410400670492,2.80102999566398
171,1999,1.69134676413482,1.12763625255165,4.48410400670492,2.80102999566398
171,2000,1.69134676413482,1.12763625255165,4.48410400670492,2.80102999566398
171,2001,1.69134676413482,1.12763625255165,4.48410400670492,2.80102999566398
171,2002,1.69134676413482,1.12763625255165,4.48410400670492,2.80102999566398
171,2003,1.69134676413482,1.12763625255165,4.48410400670492,2.80102999566398
171,2004,1.69134676413482,1.12763625255165,4.48410400670492,2.80102999566398
171,2005,1.69134676413482,1.12763625255165,4.48410400670492,2.80102999566398
171,2006,1.69134676413482,1.12763625255165,4.48410400670492,2.80102999566398
171,2007,1.69134676413482,1.12763625255165,4.48410400670492,2.80102999566398
171,2008,1.69134676413482,1.12763625255165,4.48410400670492,2.80102999566398
171,2009,1.69134676413482,1.12763625255165,4.48410400670492,2.80102999566398
171,2010,1.69134676413482,1.12763625255165,4.48410400670492,2.80102999566398
171,2011,1.69134676413482,1.12763625255165,4.48410400670492,2.80102999566398
171,2012,1.69134676413482,1.12763625255165,4.48410400670492,2.80102999566398
171,2013,1.69134676413482,1.12763625255165,4.48410400670492,2.80102999566398
171,2014,1.69134676413482,1.12763625255165,4.48410400670492,2.80102999566398
171,2015,1.69134676413482,1.12763625255165,4.48410400670492,2.80102999566398
171,2016,1.69134676413482,1.12763625255165,4.48410400670492,2.80102999566398
171,2017,1.69134676413482,1.12763625255165,4.48410400670492,2.80102999566398
177,1922,-0.193820026016113,NA,2.43136376415899,NA
177,1923,-0.193820026016113,NA,2.43136376415899,NA
177,1924,-0.193820026016113,NA,2.43136376415899,NA
177,1925,-0.193820026016113,NA,2.43136376415899,NA
177,1926,-0.193820026016113,NA,2.43136376415899,NA
177,1927,-0.193820026016113,NA,2.43136376415899,NA
177,1928,-0.193820026016113,NA,2.43136376415899,NA
177,1929,-0.193820026016113,NA,2.43136376415899,NA
177,1930,-0.193820026016113,NA,2.43136376415899,NA
177,1931,-0.193820026016113,NA,2.43136376415899,NA
177,1932,-0.193820026016113,NA,2.43136376415899,NA
177,1933,-0.193820026016113,NA,2.43136376415899,NA
177,1934,-0.193820026016113,NA,2.43136376415899,NA
177,1935,-0.193820026016113,NA,2.43136376415899,NA
177,1936,-0.193820026016113,NA,2.43136376415899,NA
177,1937,-0.193820026016113,NA,2.43136376415899,NA
177,1938,-0.193820026016113,NA,2.43136376415899,NA
177,1939,-0.193820026016113,NA,2.43136376415899,NA
177,1940,-0.193820026016113,NA,2.43136376415899,NA
177,1941,-0.193820026016113,NA,2.43136376415899,NA
177,1942,-0.193820026016113,NA,2.43136376415899,NA
177,1943,-0.193820026016113,NA,2.43136376415899,NA
177,1947,-0.193820026016113,NA,2.43136376415899,NA
177,1948,-0.193820026016113,NA,2.43136376415899,NA
177,1949,-0.193820026016113,NA,2.43136376415899,NA
177,1950,1.69134676413482,1.12763625255165,4.48410400670492,2.80102999566398
177,1951,1.69134676413482,1.12763625255165,4.48410400670492,2.80102999566398
177,1952,1.69134676413482,1.12763625255165,4.48410400670492,2.80102999566398
177,1953,1.69134676413482,1.12763625255165,4.48410400670492,2.80102999566398
177,1954,1.69134676413482,1.12763625255165,4.48410400670492,2.80102999566398
177,1955,1.69134676413482,1.12763625255165,4.48410400670492,2.80102999566398
177,1956,1.69134676413482,1.12763625255165,4.48410400670492,2.80102999566398
177,1957,1.69134676413482,1.12763625255165,4.48410400670492,2.80102999566398
177,1958,1.69134676413482,1.12763625255165,4.48410400670492,2.80102999566398
177,1959,1.69134676413482,1.12763625255165,4.48410400670492,2.80102999566398
177,1960,1.69134676413482,1.12763625255165,4.48410400670492,2.80102999566398
177,1961,1.69134676413482,1.12763625255165,4.48410400670492,2.80102999566398
177,1962,1.69134676413482,1.12763625255165,4.48410400670492,2.80102999566398
177,1963,1.69134676413482,1.12763625255165,4.48410400670492,2.80102999566398
177,1964,1.69134676413482,1.12763625255165,4.48410400670492,2.80102999566398
177,1965,1.69134676413482,1.12763625255165,4.48410400670492,2.80102999566398
177,1966,1.69134676413482,1.12763625255165,4.48410400670492,2.80102999566398
177,1967,1.69134676413482,1.12763625255165,4.48410400670492,2.80102999566398
177,1968,1.69134676413482,1.12763625255165,4.48410400670492,1.5
177,1969,1.69134676413482,1.12763625255165,4.48410400670492,2.80102999566398
177,1970,1.69134676413482,1.12763625255165,4.48410400670492,2.80102999566398
177,1971,1.69134676413482,1.12763625255165,4.48410400670492,2.80102999566398
177,1972,1.69134676413482,1.12763625255165,4.48410400670492,2.80102999566398
177,1973,1.69134676413482,1.12763625255165,4.48410400670492,2.80102999566398
177,1974,1.69134676413482,1.12763625255165,4.48410400670492,2.80102999566398
177,1975,1.69134676413482,1.12763625255165,4.48410400670492,2.80102999566398
177,1976,1.69134676413482,1.12763625255165,4.48410400670492,2.80102999566398
177,1977,1.69134676413482,1.12763625255165,4.48410400670492,2.80102999566398
177,1978,1.69134676413482,1.12763625255165,4.48410400670492,2.80102999566398
177,1979,1.69134676413482,1.12763625255165,4.48410400670492,2.80102999566398
177,1980,1.69134676413482,1.12763625255165,4.48410400670492,2.80102999566398
177,1981,3.33445375115093,1.12763625255165,4.48410400670492,2.80102999566398
177,1982,1.69134676413482,1.12763625255165,4.48410400670492,2.80102999566398
177,1983,1.69134676413482,1.12763625255165,4.48410400670492,2.80102999566398
177,1984,3.33445375115093,1.12763625255165,4.48410400670492,2.80102999566398
177,1985,3.33445375115093,1.12763625255165,4.48410400670492,2.80102999566398
177,1986,1.69134676413482,1.12763625255165,4.48410400670492,2.80102999566398
177,1987,1.69134676413482,1.12763625255165,4.48410400670492,2.80102999566398
177,1988,1.69134676413482,1.12763625255165,4.48410400670492,2.80102999566398
177,1989,1.69134676413482,1.12763625255165,4.48410400670492,2.80102999566398
177,1990,3.33445375115093,1.12763625255165,4.48410400670492,2.80102999566398
177,1991,1.69134676413482,1.12763625255165,4.48410400670492,2.80102999566398
177,1992,3.33445375115093,1.12763625255165,4.48410400670492,2.80102999566398
177,1993,1.69134676413482,1.12763625255165,4.48410400670492,2.80102999566398
177,1994,1.69134676413482,1.12763625255165,4.48410400670492,2.80102999566398
177,1995,1.69134676413482,1.12763625255165,4.48410400670492,2.80102999566398
177,1996,1.69134676413482,1.12763625255165,4.48410400670492,2.80102999566398
177,1997,1.69134676413482,1.12763625255165,4.48410400670492,2.80102999566398
177,1998,1.69134676413482,1.12763625255165,4.48410400670492,2.80102999566398
177,1999,1.69134676413482,1.12763625255165,4.48410400670492,2.80102999566398
177,2000,2.53959062302381,1.12763625255165,4.48410400670492,2.80102999566398
177,2001,2.53959062302381,1.12763625255165,4.48410400670492,2.80102999566398
177,2002,1.69134676413482,1.12763625255165,4.48410400670492,2.80102999566398
177,2003,1.69134676413482,1.12763625255165,4.48410400670492,2.80102999566398
177,2004,1.69134676413482,1.12763625255165,4.48410400670492,2.80102999566398
177,2005,1.69134676413482,1.12763625255165,4.48410400670492,2.80102999566398
177,2006,1.69134676413482,1.12763625255165,4.48410400670492,2.80102999566398
177,2007,1.69134676413482,1.12763625255165,4.48410400670492,2.80102999566398
177,2008,1.69134676413482,1.12763625255165,4.48410400670492,2.80102999566398
177,2009,1.69134676413482,1.12763625255165,4.48410400670492,2.80102999566398
177,2010,1.69134676413482,1.12763625255165,4.48410400670492,2.80102999566398
177,2011,1.69134676413482,1.12763625255165,4.48410400670492,2.80102999566398
177,2012,1.69134676413482,1.12763625255165,4.48410400670492,2.80102999566398
177,2013,1.69134676413482,1.12763625255165,4.48410400670492,2.80102999566398
177,2014,1.69134676413482,1.12763625255165,4.48410400670492,2.80102999566398
177,2015,1.69134676413482,1.12763625255165,4.48410400670492,2.80102999566398
177,2016,1.69134676413482,1.12763625255165,4.48410400670492,2.80102999566398
177,2017,1.69134676413482,1.12763625255165,4.48410400670492,2.80102999566398
181,1921,-0.193820026016113,NA,2.43136376415899,NA
181,1922,-0.193820026016113,NA,2.43136376415899,NA
181,1923,-0.193820026016113,NA,2.43136376415899,NA
181,1924,-0.193820026016113,NA,2.43136376415899,NA
181,1925,-0.193820026016113,NA,2.43136376415899,NA
181,1926,-0.193820026016113,NA,2.43136376415899,NA
181,1927,-0.193820026016113,NA,2.43136376415899,NA
181,1928,-0.193820026016113,NA,2.43136376415899,NA
181,1929,-0.193820026016113,NA,2.43136376415899,NA
181,1930,-0.193820026016113,NA,2.43136376415899,NA
181,1931,-0.193820026016113,NA,2.43136376415899,NA
181,1932,-0.193820026016113,NA,2.43136376415899,NA
181,1933,-0.193820026016113,NA,2.43136376415899,NA
181,1934,-0.193820026016113,NA,2.43136376415899,NA
181,1935,-0.193820026016113,NA,2.43136376415899,NA
181,1936,-0.193820026016113,NA,2.43136376415899,NA
181,1937,-0.193820026016113,NA,2.43136376415899,NA
181,1938,-0.193820026016113,NA,2.43136376415899,NA
181,1939,-0.193820026016113,NA,2.43136376415899,NA
181,1940,-0.193820026016113,NA,2.43136376415899,NA
181,1941,-0.193820026016113,NA,2.43136376415899,NA
181,1942,-0.193820026016113,NA,2.43136376415899,NA
181,1943,-0.193820026016113,NA,2.43136376415899,NA
181,1944,-0.193820026016113,NA,2.43136376415899,NA
181,1945,-0.193820026016113,NA,2.43136376415899,NA
181,1946,-0.193820026016113,NA,2.43136376415899,NA
181,1947,-0.193820026016113,NA,2.43136376415899,NA
181,1948,-0.193820026016113,NA,2.43136376415899,NA
181,1949,-0.193820026016113,NA,2.43136376415899,NA
181,1950,1.69134676413482,2,4.48410400670492,3.60205999132796
181,1951,1.69134676413482,2,4.48410400670492,3.60205999132796
181,1952,1.69134676413482,2,4.48410400670492,3.60205999132796
181,1953,1.69134676413482,1.12763625255165,4.48410400670492,2.80102999566398
181,1954,1.69134676413482,1.12763625255165,4.48410400670492,2.80102999566398
181,1955,1.69134676413482,1.12763625255165,4.48410400670492,2.80102999566398
181,1956,1.69134676413482,2,4.48410400670492,3.60205999132796
181,1957,1.69134676413482,1.12763625255165,4.48410400670492,2.80102999566398
181,1958,1.69134676413482,2,4.48410400670492,3.60205999132796
181,1959,1.69134676413482,1.12763625255165,4.48410400670492,2.80102999566398
181,1960,1.69134676413482,1.12763625255165,4.48410400670492,2.80102999566398
181,1961,1.69134676413482,1.12763625255165,4.48410400670492,2.80102999566398
181,1962,1.69134676413482,1.12763625255165,4.48410400670492,2.80102999566398
181,1963,1.69134676413482,1.12763625255165,4.48410400670492,2.80102999566398
181,1964,1.69134676413482,1.5,4.48410400670492,2.80102999566398
181,1965,1.69134676413482,1.12763625255165,4.48410400670492,2.80102999566398
181,1966,1.69134676413482,1.12763625255165,4.48410400670492,2.80102999566398
181,1967,1.69134676413482,1.12763625255165,4.48410400670492,2.80102999566398
181,1968,1.69134676413482,1.12763625255165,4.48410400670492,2.80102999566398
181,1969,1.69134676413482,1.12763625255165,4.48410400670492,2.80102999566398
181,1970,1.69134676413482,1.12763625255165,4.48410400670492,2.80102999566398
181,1971,1.69134676413482,1.12763625255165,4.48410400670492,2.80102999566398
181,1972,1.69134676413482,1.12763625255165,4.48410400670492,2.80102999566398
181,1973,1.69134676413482,1.12763625255165,4.48410400670492,2.80102999566398
181,1974,1.69134676413482,1.12763625255165,4.48410400670492,2.80102999566398
181,1975,1.69134676413482,1.12763625255165,4.48410400670492,2.80102999566398
181,1976,1.69134676413482,1.12763625255165,4.48410400670492,2.80102999566398
181,1977,1.69134676413482,1.12763625255165,4.48410400670492,2.80102999566398
181,1978,1.69134676413482,1.12763625255165,4.48410400670492,2.80102999566398
181,1979,1.69134676413482,1.12763625255165,4.48410400670492,2.80102999566398
181,1980,1.69134676413482,1.12763625255165,4.48410400670492,2.80102999566398
181,1981,1.69134676413482,1.12763625255165,4.48410400670492,2.80102999566398
181,1982,1.69134676413482,1.12763625255165,4.48410400670492,2.80102999566398
181,1983,1.69134676413482,1.12763625255165,4.48410400670492,2.80102999566398
181,1984,1.69134676413482,1.12763625255165,4.48410400670492,2.80102999566398
181,1985,1.69134676413482,1.12763625255165,4.48410400670492,2.80102999566398
181,1986,1.69134676413482,1.12763625255165,4.48410400670492,2.80102999566398
181,1987,1.69134676413482,1.12763625255165,4.48410400670492,2.80102999566398
181,1988,1.69134676413482,1.12763625255165,4.48410400670492,2.80102999566398
181,1989,1.69134676413482,1.12763625255165,4.48410400670492,2.80102999566398
181,1990,1.69134676413482,1.12763625255165,4.48410400670492,2.80102999566398
181,1991,1.69134676413482,1.12763625255165,4.48410400670492,2.80102999566398
181,1992,1.69134676413482,1.12763625255165,4.48410400670492,2.80102999566398
181,1993,1.69134676413482,1.12763625255165,4.48410400670492,2.80102999566398
181,1994,1.69134676413482,1.12763625255165,4.48410400670492,2.80102999566398
181,1995,1.69134676413482,1.12763625255165,4.48410400670492,2.80102999566398
181,1996,1.69134676413482,1.12763625255165,4.48410400670492,2.80102999566398
181,1997,1.69134676413482,1.12763625255165,4.48410400670492,2.80102999566398
181,1998,1.69134676413482,1.12763625255165,4.48410400670492,2.80102999566398
181,1999,1.69134676413482,1.12763625255165,4.48410400670492,2.80102999566398
181,2000,1.69134676413482,1.12763625255165,4.48410400670492,2.80102999566398
181,2001,1.69134676413482,1.12763625255165,4.48410400670492,2.80102999566398
181,2002,1.69134676413482,1.12763625255165,4.48410400670492,2.80102999566398
181,2003,1.69134676413482,1.12763625255165,4.48410400670492,2.80102999566398
181,2004,1.69134676413482,1.12763625255165,4.48410400670492,2.80102999566398
181,2005,1.69134676413482,1.12763625255165,4.48410400670492,2.80102999566398
181,2006,1.69134676413482,1.12763625255165,4.48410400670492,2.80102999566398
181,2007,1.69134676413482,1.12763625255165,4.48410400670492,2.80102999566398
181,2008,1.69134676413482,1.12763625255165,4.48410400670492,2.80102999566398
181,2009,1.69134676413482,1.12763625255165,4.48410400670492,2.80102999566398
181,2010,1.69134676413482,1.12763625255165,4.48410400670492,2.80102999566398
181,2011,1.69134676413482,1.12763625255165,4.48410400670492,2.80102999566398
181,2012,1.69134676413482,1.12763625255165,4.48410400670492,2.80102999566398
181,2013,1.69134676413482,1.12763625255165,4.48410400670492,2.80102999566398
181,2014,1.69134676413482,1.12763625255165,4.48410400670492,2.80102999566398
181,2015,1.69134676413482,1.12763625255165,4.48410400670492,2.80102999566398
181,2016,1.69134676413482,1.12763625255165,4.48410400670492,2.80102999566398
181,2017,1.69134676413482,1.12763625255165,4.48410400670492,2.80102999566398
187,1931,-0.193820026016113,NA,2.43136376415899,NA
187,1932,-0.193820026016113,NA,2.43136376415899,NA
187,1933,-0.193820026016113,NA,2.43136376415899,NA
187,1934,-0.193820026016113,NA,2.43136376415899,NA
187,1935,-0.193820026016113,NA,2.43136376415899,NA
187,1936,-0.193820026016113,NA,2.43136376415899,NA
187,1937,-0.193820026016113,NA,2.43136376415899,NA
187,1938,-0.193820026016113,NA,2.43136376415899,NA
187,1939,-0.193820026016113,NA,2.43136376415899,NA
187,1940,-0.193820026016113,NA,2.43136376415899,NA
187,1941,-0.193820026016113,NA,2.43136376415899,NA
187,1942,-0.193820026016113,NA,2.43136376415899,NA
187,1943,-0.193820026016113,NA,2.43136376415899,NA
187,1944,-0.193820026016113,NA,2.43136376415899,NA
187,1945,-0.193820026016113,NA,2.43136376415899,NA
187,1946,-0.193820026016113,NA,2.43136376415899,NA
187,1947,-0.193820026016113,NA,2.43136376415899,NA
187,1948,-0.193820026016113,NA,2.43136376415899,NA
187,1949,-0.193820026016113,NA,2.43136376415899,NA
187,1950,1.69134676413482,1.5,4.48410400670492,2.80102999566398
187,1951,1.69134676413482,1.5,4.48410400670492,2.80102999566398
187,1952,1.69134676413482,1.5,4.48410400670492,2.80102999566398
187,1953,1.69134676413482,1.5,4.48410400670492,2.80102999566398
187,1954,1.69134676413482,1.5,4.48410400670492,2.80102999566398
187,1955,1.69134676413482,1.5,4.48410400670492,2.80102999566398
187,1956,1.69134676413482,1.5,4.48410400670492,2.80102999566398
187,1957,1.69134676413482,1.5,4.48410400670492,2.80102999566398
187,1958,1.69134676413482,1.5,4.48410400670492,2.80102999566398
187,1959,1.69134676413482,1.5,4.48410400670492,2.80102999566398
187,1960,1.69134676413482,1.5,4.48410400670492,2.80102999566398
187,1961,1.69134676413482,1.5,4.48410400670492,2.80102999566398
187,1962,1.69134676413482,1.5,4.48410400670492,2.80102999566398
187,1963,1.69134676413482,1.5,4.48410400670492,2.80102999566398
187,1964,1.69134676413482,1.5,4.48410400670492,2.80102999566398
187,1965,1.69134676413482,1.5,4.48410400670492,2.80102999566398
187,1966,1.69134676413482,1.5,4.48410400670492,2.80102999566398
187,1967,1.69134676413482,1.5,4.48410400670492,2.80102999566398
187,1968,1.69134676413482,1.5,4.48410400670492,2.80102999566398
187,1969,1.69134676413482,1.5,4.48410400670492,2.80102999566398
187,1970,1.69134676413482,1.5,4.48410400670492,2.80102999566398
187,1971,1.69134676413482,1.5,4.48410400670492,2.80102999566398
187,1972,1.69134676413482,1.5,4.48410400670492,2.80102999566398
187,1973,1.69134676413482,1.5,4.48410400670492,2.80102999566398
187,1974,1.69134676413482,1.5,4.48410400670492,2.80102999566398
187,1975,1.69134676413482,1.5,4.48410400670492,2.80102999566398
187,1976,1.69134676413482,1.5,4.48410400670492,2.80102999566398
187,1977,1.69134676413482,1.5,4.48410400670492,2.80102999566398
187,1978,1.69134676413482,1.5,4.48410400670492,2.80102999566398
187,1979,1.69134676413482,1.5,4.48410400670492,2.80102999566398
187,1980,1.69134676413482,1.5,4.48410400670492,2.80102999566398
187,1981,1.69134676413482,1.5,4.48410400670492,2.80102999566398
187,1982,1.69134676413482,1.5,4.48410400670492,2.80102999566398
187,1983,1.69134676413482,1.5,4.48410400670492,2.80102999566398
187,1984,1.69134676413482,1.5,4.48410400670492,2.80102999566398
187,1985,1.69134676413482,1.5,4.48410400670492,2.80102999566398
187,1986,1.69134676413482,1.5,4.48410400670492,2.80102999566398
187,1987,1.69134676413482,1.5,4.48410400670492,2.80102999566398
187,1988,1.69134676413482,1.5,4.48410400670492,2.80102999566398
187,1989,1.69134676413482,1.5,4.48410400670492,2.80102999566398
187,1990,1.69134676413482,1.12763625255165,4.48410400670492,2.80102999566398
187,1991,1.69134676413482,1.12763625255165,4.48410400670492,2.80102999566398
187,1992,1.69134676413482,1.12763625255165,4.48410400670492,2.80102999566398
187,1993,1.69134676413482,1.12763625255165,4.48410400670492,2.80102999566398
187,1994,1.69134676413482,1.12763625255165,4.48410400670492,2.80102999566398
187,1995,1.69134676413482,1.12763625255165,4.48410400670492,2.80102999566398
187,1996,1.69134676413482,1.12763625255165,4.48410400670492,2.80102999566398
187,1997,2.53959062302381,1.12763625255165,4.48410400670492,2.80102999566398
187,1998,3.33445375115093,1.12763625255165,4.48410400670492,2.80102999566398
187,1999,1.69134676413482,1.12763625255165,4.48410400670492,2.80102999566398
187,2000,1.69134676413482,1.12763625255165,4.48410400670492,2.80102999566398
187,2001,1.69134676413482,1.12763625255165,4.48410400670492,2.80102999566398
187,2002,1.69134676413482,1.12763625255165,4.48410400670492,2.80102999566398
187,2003,1.69134676413482,1.12763625255165,4.48410400670492,2.80102999566398
187,2004,1.69134676413482,1.12763625255165,4.48410400670492,2.80102999566398
187,2005,1.69134676413482,1.12763625255165,4.48410400670492,2.80102999566398
187,2006,1.69134676413482,1.12763625255165,4.48410400670492,2.80102999566398
187,2007,1.69134676413482,1.12763625255165,4.48410400670492,2.80102999566398
187,2008,1.69134676413482,1.12763625255165,4.48410400670492,1.5
187,2009,1.69134676413482,1.12763625255165,4.48410400670492,2.80102999566398
187,2010,1.69134676413482,1.12763625255165,4.48410400670492,2.80102999566398
187,2011,1.69134676413482,1.12763625255165,4.48410400670492,2.80102999566398
187,2012,2.53959062302381,1.12763625255165,4.48410400670492,2.80102999566398
187,2013,1.69134676413482,1.12763625255165,4.48410400670492,2.80102999566398
187,2014,2.53959062302381,1.12763625255165,4.48410400670492,2.80102999566398
187,2015,2.53959062302381,1.12763625255165,4.48410400670492,2.80102999566398
187,2016,2.53959062302381,1.12763625255165,4.48410400670492,2.80102999566398
187,2017,2.53959062302381,1.12763625255165,4.48410400670492,2.80102999566398
188,1976,0.150514997831991,NA,1.69134676413482,NA
188,1977,0,NA,0.301029995663981,NA
188,1978,0,NA,0.301029995663981,NA
188,1979,0,NA,0.301029995663981,NA
188,1980,0,NA,0.301029995663981,NA
188,1981,0.150514997831991,NA,1.69134676413482,NA
188,1982,0,NA,0.301029995663981,NA
188,1983,0,NA,0.301029995663981,NA
188,1984,0.150514997831991,NA,1.69134676413482,NA
188,1985,0,NA,0.301029995663981,NA
188,1986,0,NA,0.301029995663981,NA
188,1987,0,NA,0.301029995663981,NA
188,1988,-0.193820026016113,NA,2.43136376415899,NA
188,1990,0,NA,0.301029995663981,NA
188,1991,0,NA,0.301029995663981,NA
188,1995,-0.193820026016113,NA,2.43136376415899,NA
188,1996,3.86272752831797,NA,4.90308998699194,NA
188,1997,3.86272752831797,NA,4.90308998699194,NA
188,1998,1.69134676413482,NA,4.48410400670492,NA
188,1999,1.69134676413482,NA,4.48410400670492,NA
188,2000,1.30102999566398,NA,3.77815125038364,NA
188,2001,2.53959062302381,NA,4.48410400670492,NA
188,2002,1.69134676413482,NA,4.48410400670492,NA
188,2003,1.69134676413482,NA,4.48410400670492,NA
188,2004,3.01629357380715,0.301029995663981,4.48410400670492,2.69897000433602
188,2005,1.69134676413482,NA,4.48410400670492,NA
188,2006,3.33445375115093,NA,4.48410400670492,NA
188,2007,1.69134676413482,2,4.48410400670492,3.60205999132796
188,2008,1.69134676413482,0.301029995663981,4.48410400670492,2.69897000433602
188,2009,1.69134676413482,1.5,4.48410400670492,2.80102999566398
188,2010,1.69134676413482,2,4.48410400670492,3.60205999132796
188,2011,1.69134676413482,2,4.48410400670492,3.60205999132796
188,2012,1.69134676413482,NA,4.48410400670492,NA
188,2013,1.69134676413482,2,4.48410400670492,3.60205999132796
188,2014,1.69134676413482,2,4.48410400670492,3.60205999132796
188,2015,1.69134676413482,NA,4.48410400670492,NA
188,2016,1.69134676413482,1.5,4.48410400670492,2.80102999566398
188,2017,1.69134676413482,0.301029995663981,4.48410400670492,2.69897000433602
